aaliis	p
aardvarks	p
aas	p
abacas	p
abacs	p
abactinally	v
abacuses	p
abalones	p
abamperes	p
abamps	p
abandoned	tA
abandonees	p
abandoners	p
abandoning	NtA
abandonments	p
abandons	pt
abas	p
abasedly	v
abasers	p
abases	t
abashed	tA
abashes	t
abashing	NtA
abashments	p
abasias	p
abasing	NtA
abated	VtiA
abatements	p
abaters	p
abates	Vti
abating	NVtiA
abatises	p
abators	p
abattoirs	p
abbas	p
abbesses	p
abbotcies	p
abbots	p
abbotships	p
abbreviated	tA
abbreviates	t
abbreviating	NtA
abbreviations	p
abbreviators	p
abbs	p
abcoulombs	p
abdicated	VA
abdicates	V
abdicating	NVA
abdications	p
abdicators	p
abdomens	p
abdominally	v
abduced	tA
abduces	t
abducing	NtA
abducted	tA
abducting	NtA
abductions	p
abductors	p
abducts	t
abecedarians	p
abeles	p
abelmosks	p
aberrances	p
aberrancies	p
aberrantly	v
aberrations	p
abessives	p
abetments	p
abets	V
abettals	p
abetted	VA
abetting	NVA
abettors	p
abeyances	p
abfarads	p
abhorred	VA
abhorrences	p
abhorrers	p
abhorring	NVA
abhors	V
abidances	p
abiders	p
abides	Vti
abiding	NVtiA
abies	V
abigails	p
abiogenists	p
abjections	p
abjectnesses	p
abjunctions	p
abjurations	p
abjured	tA
abjurers	p
abjures	t
abjuring	NtA
ablated	tA
ablates	t
ablating	NtA
ablations	p
ablatively	v
ablatives	p
ablators	p
ablauts	p
ablegates	p
ables	p
abluents	p
ablutions	p
abnegated	tA
abnegates	t
abnegating	NtA
abnegations	p
abnegators	p
aboded	VA
abodes	pV
aboding	NVA
abohms	p
aboideaus	p
abolished	tA
abolishers	p
abolishes	t
abolishing	NtA
abolishments	p
abolitionisms	p
abolitionists	p
abolitions	p
abollas	p
abomasuses	p
abominated	tA
abominates	t
abominating	NtA
abominations	p
abominators	p
abondances	p
aborally	v
aboriginalities	p
aborigines	p
aborted	VtiA
aborticides	p
abortifacients	p
aborting	NVtiA
abortionists	p
abortions	p
abortivenesses	p
aborts	Vti
abortuses	p
abos	p
aboulias	p
abounded	iA
abounding	NiA
abounds	i
aboves	p
abracadabras	p
abradants	p
abraded	tA
abraders	p
abrades	t
abrading	NtA
abrasions	p
abrasively	v
abrasives	p
abraxases	p
abreacted	tA
abreacting	NtA
abreactions	p
abreacts	t
abridgers	p
abridges	t
abridging	NtA
abridgments	p
abrogated	tA
abrogates	t
abrogating	NtA
abrogations	p
abrogators	p
abrupter	A
abruptest	A
abruptions	p
abruptnesses	p
abscessed	iA
abscesses	pi
abscessing	NiA
abscinded	tA
abscinding	NtA
abscinds	t
abscised	VA
abscises	V
abscising	NVA
abscissions	p
absconded	iA
absconders	p
absconding	NiA
absconds	i
abseiled	iA
abseiling	NiA
abseils	pi
absences	p
absented	VtA
absenteeisms	p
absentees	p
absenter	A
absenters	p
absenting	NVtA
absents	Vt
absinthes	p
absolutenesses	p
absoluter	A
absolutes	p
absolutest	A
absolutions	p
absolutisms	p
absolutists	p
absolved	tA
absolvents	p
absolvers	p
absolves	t
absolving	NtA
absorbabilities	p
absorbances	p
absorbed	tA
absorbednesses	p
absorbefacients	p
absorbencies	p
absorbents	p
absorbers	p
absorbing	NtA
absorbs	t
absorptances	p
absorptiometers	p
absorptions	p
absorptivities	p
absquatulated	iA
absquatulates	i
absquatulating	NiA
abstained	iA
abstainers	p
abstaining	NiA
abstains	i
abstemiousnesses	p
abstentions	p
absterged	tA
absterges	t
absterging	NtA
abstersions	p
abstinences	p
abstracted	VtA
abstractednesses	p
abstracter	A
abstracters	p
abstractest	A
abstracting	NVtA
abstractionisms	p
abstractionists	p
abstractions	p
abstractnesses	p
abstracts	pVt
abstrictions	p
abstrusenesses	p
abstruser	A
abstrusest	A
abstrusities	p
absurder	A
absurdest	A
absurdnesses	p
abulias	p
abundances	p
abusages	p
abused	VtA
abusers	p
abuses	pVt
abusing	NVtA
abusivenesses	p
abutilons	p
abutments	p
abuts	V
abutted	VA
abutters	p
abutting	NVA
abvolts	p
abwatts	p
abyeing	NtiA
abyes	ti
abying	NVA
abysms	p
abysses	p
acacias	p
academes	p
academias	p
academicians	p
academicisms	p
academics	p
academisms	p
acajous	p
acalephs	p
acanthocephalans	p
acanthopterygians	p
acapnias	p
acaricides	p
acaridans	p
acarids	p
acarines	p
acarologies	p
acarologists	p
acarophobias	p
acatalectics	p
acaulescences	p
acceded	iA
accedences	p
acceders	p
accedes	i
acceding	NiA
accelerandos	p
accelerants	p
accelerated	VtA
accelerates	Vt
accelerating	NVtA
accelerations	p
accelerators	p
accelerometers	p
accented	VtA
accenting	NVtA
accentors	p
accents	pVt
accentuated	tA
accentuates	t
accentuating	NtA
accentuations	p
acceptabilities	p
acceptablenesses	p
acceptances	p
acceptations	p
accepted	ViA
acceptees	p
accepters	p
accepting	NViA
acceptors	p
accepts	Vi
accessed	tA
accesses	pt
accessibilities	p
accessing	NtA
accessioned	tA
accessioning	NtA
accessions	pt
accessorinesses	p
accessorized	tA
accessorizes	t
accessorizing	NtA
accidences	p
accidentalnesses	p
accidentals	p
accidents	p
accidies	p
accipiters	p
acclaimed	tA
acclaimers	p
acclaiming	NtA
acclaims	pt
acclamations	p
acclimated	tiA
acclimates	ti
acclimating	NtiA
acclimations	p
acclimatisations	p
acclimatised	tiA
acclimatisers	p
acclimatises	ti
acclimatising	NtiA
acclimatizations	p
acclimatized	VA
acclimatizes	V
acclimatizing	NVA
accolades	p
accommodated	tA
accommodates	t
accommodating	NtA
accommodations	p
accommodativenesses	p
accommodators	p
accompanied	VtA
accompaniers	p
accompanies	Vt
accompaniments	p
accompanists	p
accompanying	NVtA
accompanyists	p
accomplices	p
accomplished	tA
accomplishers	p
accomplishes	t
accomplishing	NtA
accomplishments	p
accompted	tiA
accompting	NtiA
accompts	pti
accordances	p
accorded	VtA
accorders	p
according	NVtA
accordionists	p
accordions	p
accords	pVt
accosted	tA
accosting	NtA
accosts	pt
accountabilities	p
accountablenesses	p
accountancies	p
accountants	p
accountantships	p
accounted	tA
accounting	NtA
accountings	p
accounts	pt
accoutered	tA
accoutering	NtA
accouterments	p
accouters	t
accoutred	tA
accoutreing	NtA
accoutrements	p
accoutres	t
accoutring	NtA
accras	p
accreditations	p
accredited	tA
accrediting	NtA
accredits	t
accreted	VtA
accretes	Vt
accreting	NVtA
accretions	p
accruals	p
accrued	VA
accruements	p
accrues	V
accruing	NVA
acculturated	tA
acculturates	t
acculturating	NtA
acculturations	p
accumbencies	p
accumulated	VA
accumulates	V
accumulating	NVA
accumulations	p
accumulativenesses	p
accumulators	p
accuratenesses	p
accursednesses	p
accusals	p
accusants	p
accusations	p
accusatives	p
accused	VA
accusers	p
accuses	V
accusing	NVA
accustomed	tA
accustomednesses	p
accustoming	NtA
accustoms	t
aced	tA
acedias	p
acer	A
acerbated	tA
acerbates	t
acerbating	NtA
acerber	A
acerbest	A
acerbically	v
acerbities	p
aces	pt
acetabulums	p
acetaldehydes	p
acetals	p
acetamides	p
acetanilides	p
acetates	p
acetazolamides	p
acetifications	p
acetified	VA
acetifiers	p
acetifies	V
acetifying	NVA
acetins	p
acetones	p
acetonitriles	p
acetophenetidins	p
acetums	p
acetylated	tiA
acetylates	ti
acetylating	NtiA
acetylations	p
acetylcholines	p
acetylenes	p
acetyls	p
achalasias	p
ached	iA
achenes	p
aches	pi
achieved	VtA
achievements	p
achievers	p
achieves	Vt
achieving	NVtA
aching	NiA
achings	V
achkans	p
achlorhydrias	p
acholias	p
achondrites	p
achondroplasias	p
achromaticities	p
achromatins	p
achromatised	tA
achromatises	t
achromatising	NtA
achromatisms	p
achromatized	tA
achromatizes	t
achromatizing	NtA
achromats	p
aciculas	p
acidemias	p
acidifications	p
acidified	VA
acidifiers	p
acidifies	V
acidifying	NVA
acidimeters	p
acidimetries	p
acidities	p
acidnesses	p
acidophils	p
acids	p
acidulated	VA
acidulates	V
acidulating	NVA
acidulations	p
acierated	tA
acierates	t
acierating	NtA
acing	NtA
ackees	p
acknowledgeably	v
acknowledged	tA
acknowledgers	p
acknowledges	t
acknowledging	NtA
acknowledgments	p
acmes	p
acmites	p
acnes	p
acnodes	p
acolytes	p
aconites	p
acorns	p
acosmists	p
acotyledons	p
acouchis	p
acousticians	p
acquaintances	p
acquainted	tA
acquainting	NtA
acquaints	t
acquests	p
acquiesced	iA
acquiescences	p
acquiesces	i
acquiescing	NiA
acquired	tA
acquirements	p
acquirers	p
acquires	t
acquiring	NtA
acquisitions	p
acquisitivenesses	p
acquited	VA
acquiting	NVA
acquits	V
acquittals	p
acquittances	p
acquitters	p
acreages	p
acres	p
acrider	A
acridest	A
acridines	p
acridities	p
acridnesses	p
acriflavines	p
acrimonies	p
acrimoniousnesses	p
acrobats	p
acrocephalies	p
acrogens	p
acroleins	p
acroliths	p
acromegalics	p
acromegalies	p
acromions	p
acrons	p
acronychally	v
acronymically	v
acronyms	p
acrophobias	p
acropolises	p
acrospires	p
acrostics	p
acroteriums	p
acroters	p
acrotisms	p
acrylates	p
acrylics	p
acrylonitriles	p
actabilities	p
acted	tiA
acting	NtiA
actings	p
actinians	p
actinias	p
actinides	p
actinisms	p
actiniums	p
actinolites	p
actinomeres	p
actinometers	p
actinometries	p
actinomorphies	p
actinomycetes	p
actinomycins	p
actinons	p
actinouraniums	p
actins	p
actions	p
activated	tA
activates	t
activating	NtA
activations	p
activators	p
activenesses	p
actives	p
activisms	p
activists	p
activized	tA
activizes	t
activizing	NtA
actomyosins	p
actons	p
actors	p
actresses	p
acts	pti
actualisations	p
actualised	tA
actualises	t
actualising	NtA
actualists	p
actualizations	p
actualized	tA
actualizes	t
actualizing	NtA
actuated	tA
actuates	t
actuating	NtA
actuations	p
actuators	p
acuities	p
acumens	p
acuminated	VtA
acuminates	Vt
acuminating	NVtA
acuminations	p
acupunctures	p
acutances	p
acutenesses	p
acuter	A
acutes	p
acutest	A
acylated	tA
acylates	t
acylating	NtA
acylations	p
acyloins	p
acyls	p
adages	p
adagios	p
adamantly	v
adamants	p
adamsites	p
adaptabilities	p
adaptablenesses	p
adaptations	p
adapted	VtA
adaptednesses	p
adapters	p
adapting	NVtA
adaptivenesses	p
adapts	Vt
addaxes	p
added	VtiA
addends	p
adders	p
addicted	VtA
addicting	NVtA
addictions	p
addicts	pVt
adding	NVtiA
additaments	p
additions	p
additives	p
addled	VA
addles	V
addling	NVA
addressed	VtA
addressees	p
addressers	p
addresses	pVt
addressing	NVtA
addressors	p
adds	Vti
adduced	tA
adducers	p
adduces	t
adducing	NtA
adducted	tA
adducting	NtA
adductions	p
adductors	p
adducts	t
ademptions	p
adenines	p
adenitises	p
adenosines	p
adepter	A
adeptest	A
adeptnesses	p
adepts	p
adequacies	p
adequatenesses	p
adessives	p
adhered	iA
adherences	p
adherends	p
adherents	p
adherers	p
adheres	i
adhering	NiA
adhesions	p
adhesivenesses	p
adhesives	p
adhibited	tA
adhibiting	NtA
adhibitions	p
adhibits	t
adiaphorists	p
adieus	p
adipoceres	p
adiposenesses	p
adiposes	p
adiposities	p
adits	p
adjectivally	v
adjectives	p
adjoined	VtA
adjoining	NVtA
adjoins	Vt
adjoints	p
adjourned	tiA
adjourning	NtiA
adjournments	p
adjourns	ti
adjudged	tA
adjudges	t
adjudging	NtA
adjudicated	VtiA
adjudicates	Vti
adjudicating	NVtiA
adjudications	p
adjudicators	p
adjunctions	p
adjuncts	p
adjurations	p
adjured	tA
adjurers	p
adjures	t
adjuring	NtA
adjurors	p
adjusted	tA
adjusters	p
adjusting	NtA
adjustments	p
adjusts	t
adjutancies	p
adjutants	p
adjuvants	p
admasses	p
admeasured	VtA
admeasurements	p
admeasurers	p
admeasures	Vt
admeasuring	NVtA
adminicles	p
administered	VA
administering	NVA
administers	V
administrated	VA
administrates	V
administrating	NVA
administrations	p
administrators	p
administratrixes	p
admins	p
admirabilities	p
admirablenesses	p
admirals	p
admiralships	p
admirations	p
admired	tA
admirers	p
admires	t
admiring	NtA
admissibilities	p
admissiblenesses	p
admissions	p
admits	Vi
admittances	p
admitted	ViA
admitters	p
admitting	NViA
admixed	tA
admixes	t
admixing	NtA
admixtures	p
admonished	tA
admonishers	p
admonishes	t
admonishing	NtA
admonishments	p
admonitions	p
admonitors	p
adnations	p
adnouns	p
adobes	p
adolescences	p
adolescents	p
adoptabilities	p
adopted	tA
adopters	p
adopting	NtA
adoptions	p
adopts	t
adorabilities	p
adorablenesses	p
adorations	p
adored	tA
adorers	p
adores	t
adoring	NtA
adorned	tA
adorners	p
adorning	NtA
adornments	p
adorns	t
ados	p
adrenalectomized	tA
adrenalines	p
adrenally	v
adrenals	p
adrenergically	v
adroiter	A
adroitest	A
adroitnesses	p
ads	p
adscriptions	p
adscripts	p
adsorbabilities	p
adsorbates	p
adsorbed	VA
adsorbents	p
adsorbing	NVA
adsorbs	V
adsorptions	p
adularias	p
adulated	tA
adulates	t
adulating	NtA
adulations	p
adulators	p
adulterants	p
adulterated	VtA
adulterates	Vt
adulterating	NVtA
adulterations	p
adulterators	p
adulterers	p
adulteresses	p
adulthoods	p
adultly	v
adultnesses	p
adults	p
adumbrated	tA
adumbrates	t
adumbrating	NtA
adumbrations	p
advanced	VtiA
advancements	p
advancers	p
advances	Vti
advancing	NVtiA
advantaged	tA
advantageousnesses	p
advantages	pt
advantaging	NtA
advections	p
adventitias	p
adventitiousnesses	p
adventives	p
advents	p
adventured	ViA
adventurers	p
adventures	pVi
adventuresomenesses	p
adventuresses	p
adventuring	NViA
adventurisms	p
adventurousnesses	p
adverbials	p
adverbs	p
adversatives	p
adversenesses	p
adverser	A
adversest	A
adverted	iA
advertences	p
advertencies	p
adverting	NiA
advertised	ViA
advertisements	p
advertisers	p
advertises	Vi
advertising	NViA
advertisings	p
adverts	pi
advices	p
advisabilities	p
advisablenesses	p
advised	VtiA
advisees	p
advisements	p
advisers	p
advises	Vti
advising	NVtiA
advocaats	p
advocated	VtA
advocates	pVt
advocating	NVtA
advocations	p
advowsons	p
adynamias	p
adzes	p
aeciospores	p
aediles	p
aedileships	p
aegises	p
aegrotats	p
aeolipiles	p
aeons	p
aepyornises	p
aerated	tA
aerates	t
aerating	NtA
aerations	p
aerators	p
aerenchymas	p
aerialists	p
aerials	p
aerier	A
aeriest	A
aerified	VA
aerifies	V
aerifying	NVA
aerily	v
aerobes	p
aerobiologies	p
aerobiologists	p
aerodromes	p
aerodynamicists	p
aerodynes	p
aeroelasticities	p
aeroembolisms	p
aerofoils	p
aerogels	p
aerograms	p
aerographers	p
aerographies	p
aerographs	p
aerolites	p
aerologies	p
aerologists	p
aeromechanically	v
aeromechanics	p
aeromedicines	p
aerometeorographs	p
aerometers	p
aerometries	p
aeronauts	p
aeronomies	p
aeropauses	p
aerophagias	p
aerophobias	p
aerophones	p
aerophores	p
aerophytes	p
aeroplanes	p
aeros	p
aerosols	p
aerospaces	p
aerospheres	p
aerostats	p
aerugos	p
aesthesias	p
aesthetes	p
aestheticians	p
aestheticisms	p
aestivated	iA
aestivates	i
aestivating	NiA
aestivations	p
aethers	p
afars	p
affabilities	p
affabler	A
affablest	A
affectations	p
affected	VtA
affectednesses	p
affecters	p
affecting	NVtA
affectionatenesses	p
affections	p
affectively	v
affectivities	p
affects	pVt
affenpinschers	p
afferently	v
affianced	tA
affiances	pt
affiancing	NtA
affiants	p
affidavits	p
affiliated	VtA
affiliates	pVt
affiliating	NVtA
affiliations	p
affirmants	p
affirmations	p
affirmatives	p
affirmed	ViA
affirmers	p
affirming	NViA
affirms	Vi
affixations	p
affixed	VtA
affixers	p
affixes	pVt
affixing	NVtA
afflatuses	p
afflicted	tA
afflicters	p
afflicting	NtA
afflictions	p
afflicts	t
affluences	p
affluents	p
affluxes	p
affordably	v
afforded	VA
affording	NVA
affords	V
afforestations	p
afforested	tA
afforesting	NtA
afforests	t
affranchised	tA
affranchises	t
affranchising	NtA
affrayed	tA
affrayers	p
affraying	NtA
affrays	pt
affreightments	p
affricates	p
affrications	p
affricatives	p
affrighted	tA
affrighting	NtA
affrights	pt
affronted	tA
affronting	NtA
affronts	pt
affusions	p
afghanis	p
afghans	p
afikomens	p
aflatoxins	p
afreets	p
afrits	p
afrormosias	p
afterbirths	p
afterburners	p
aftercares	p
afterclaps	p
afterdamps	p
afterdecks	p
aftereffects	p
afterglows	p
aftergrowths	p
afterimages	p
aftermaths	p
afternoons	p
afterpieces	p
aftersensations	p
aftershafts	p
aftershocks	p
aftertastes	p
afterthoughts	p
aftertimes	p
afterwords	p
afterworlds	p
agalwoods	p
agamas	p
agametes	p
agamids	p
agamies	p
agammaglobulinemias	p
agapes	p
agarics	p
agars	p
agas	p
agates	p
agatewares	p
agatized	tA
agatizes	t
agatizing	NtA
agaves	p
aged	VA
agednesses	p
ageing	NVA
ageings	V
agelessly	v
agelessnesses	p
agendas	p
agendums	p
agentives	p
agents	p
ages	pV
aggers	p
aggies	p
aggiornamentos	p
agglomerated	VA
agglomerates	pV
agglomerating	NVA
agglomerations	p
agglomerators	p
agglutinabilities	p
agglutinants	p
agglutinated	VtA
agglutinates	Vt
agglutinating	NVtA
agglutinations	p
agglutinins	p
agglutinogens	p
aggradations	p
aggraded	tA
aggrades	t
aggrading	NtA
aggrandised	tA
aggrandisements	p
aggrandisers	p
aggrandises	t
aggrandising	NtA
aggrandized	tA
aggrandizements	p
aggrandizers	p
aggrandizes	t
aggrandizing	NtA
aggravated	tA
aggravates	t
aggravating	NtA
aggravations	p
aggravators	p
aggregated	VtA
aggregately	v
aggregatenesses	p
aggregates	pVt
aggregating	NVtA
aggregations	p
aggregatively	v
aggressed	iA
aggresses	i
aggressing	NiA
aggressions	p
aggressors	p
aggrieved	tA
aggrievednesses	p
aggrieves	t
aggrieving	NtA
aggros	p
aghas	p
agilenesses	p
agiler	A
agilest	A
agilities	p
aging	NVA
agings	V
agiotages	p
agisted	tA
agisters	p
agisting	NtA
agistments	p
agists	t
agitated	tiA
agitates	ti
agitating	NtiA
agitations	p
agitators	p
agitprops	p
aglets	p
aglossias	p
aglycons	p
agmas	p
agnails	p
agnates	p
agnations	p
agnized	tA
agnizes	t
agnizing	NtA
agnomens	p
agnosias	p
agnosticisms	p
agnostics	p
agonised	tiA
agonises	ti
agonising	NtiA
agonists	p
agonized	ViA
agonizes	Vi
agonizing	NViA
agons	p
agoraphobias	p
agoras	p
agoutas	p
agraffes	p
agraphias	p
agrarianisms	p
agrarians	p
agreeabilities	p
agreeablenesses	p
agreed	VtA
agreeing	NVtA
agreements	p
agrees	Vt
agribusinesses	p
agricultures	p
agriculturists	p
agrobiologies	p
agrobiologists	p
agrologies	p
agronomically	v
agronomies	p
agronomists	p
agrostologies	p
agrostologists	p
ags	p
aguardientes	p
agues	p
agueweeds	p
ahimsas	p
aholds	p
aided	VtA
aiders	p
aides	p
aiding	NVtA
aids	pVt
aiglets	p
aigrettes	p
aiguilles	p
aiguillettes	p
aikidos	p
ailed	tiA
ailerons	p
ailettes	p
ailing	NtiA
ailments	p
ails	ti
ailurophiles	p
ailurophobes	p
ailurophobias	p
aimed	VtiA
aimers	p
aiming	NVtiA
aimlessnesses	p
aims	pVti
ains	p
airboats	p
airbrushes	p
airbursts	p
airbuses	p
aircrews	p
airdromes	p
airdropped	VA
airdropping	NVA
airdrops	pV
aired	VtA
airfields	p
airflows	p
airfoils	p
airframes	p
airglows	p
airgraphs	pt
airheads	p
airinesses	p
airing	NVtA
airings	p
airlifted	tA
airlifting	NtA
airlifts	pt
airliners	p
airlines	p
airlocks	p
airmanships	p
airplanes	p
airports	p
airproofed	tA
airproofing	NtA
airproofs	t
airs	Vt
airscrews	p
airships	p
airsicknesses	p
airspaces	p
airspeeds	p
airstreams	p
airstrips	p
airtightnesses	p
airts	p
airways	p
airworthier	A
airworthiest	A
airworthinesses	p
aisles	p
aitchbones	p
aitches	p
aits	p
ajivas	p
aked	iA
akees	p
akelas	p
akenes	p
akes	pi
akinesias	p
aking	NiA
alabasters	p
alacrities	p
alamedas	p
alanines	p
alarmed	tA
alarming	NtA
alarmisms	p
alarmists	p
alarms	pt
alas	p
albas	p
albatas	p
albatrosses	p
albertites	p
alberts	p
albescences	p
albinisms	p
albites	p
albs	p
albumenised	tA
albumenises	t
albumenising	NtA
albumenized	tA
albumenizes	t
albumenizing	NtA
albumens	p
albuminates	p
albuminised	tA
albuminises	t
albuminising	NtA
albuminized	tA
albuminizes	t
albuminizing	NtA
albuminoids	p
albumins	p
albuminurias	p
albumoses	p
albums	p
alburnums	p
alcahests	p
alchemised	tA
alchemises	t
alchemising	NtA
alchemists	p
alchemized	tA
alchemizes	t
alchemizing	NtA
alcids	p
alcoholicities	p
alcoholics	p
alcoholised	tA
alcoholises	t
alcoholising	NtA
alcoholisms	p
alcoholized	tA
alcoholizes	t
alcoholizing	NtA
alcoholometers	p
alcoholometries	p
alcohols	p
alcoves	p
alcyonarians	p
aldehydes	p
aldermancies	p
aldermanships	p
alders	p
aldols	p
aldoses	p
aldosterones	p
aldrins	p
alecosts	p
alecs	p
alegars	p
alembics	p
alephs	p
alerces	p
alerions	p
alerted	tA
alerter	A
alertest	A
alerting	NtA
alertnesses	p
alerts	pt
ales	p
aleurones	p
alevins	p
alexanders	p
alexandrites	p
alexias	p
alexins	p
alexipharmics	p
alfalfas	p
alfas	p
alfilarias	p
algarrobas	p
algas	p
algebraists	p
algebras	p
algerines	p
algicides	p
algidities	p
alginates	p
algins	p
algolagnias	p
algolagnists	p
algologically	v
algologies	p
algologists	p
algometers	p
algometries	p
algophobias	p
algorisms	p
algorithmically	v
algorithms	p
algors	p
alibied	tA
alibiing	NtA
alibis	t
alidades	p
alienabilities	p
alienages	p
alienated	tA
alienates	t
alienating	NtA
alienations	p
alienators	p
aliened	tA
alienees	p
aliener	A
aliening	NtA
alienisms	p
alienists	p
alienly	v
alienors	p
aliens	pt
alifs	p
alighted	iA
alighting	NiA
alights	i
aligned	VtA
aligners	p
aligning	NVtA
alignments	p
aligns	Vt
alikenesses	p
alimentations	p
alimented	VtA
alimenting	NVtA
aliments	pVt
alimonies	p
aliners	p
alipeds	p
aliquots	p
alivenesses	p
aliyahs	p
alizarins	p
alkahests	p
alkalescences	p
alkalescencies	p
alkalified	VA
alkalifies	V
alkalifying	NVA
alkalimeters	p
alkalimetries	p
alkalinisations	p
alkalinised	tA
alkalinises	t
alkalinising	NtA
alkalinities	p
alkalinizations	p
alkalinized	tA
alkalinizes	t
alkalinizing	NtA
alkalisations	p
alkalised	tA
alkalises	t
alkalising	NtA
alkalizations	p
alkalized	tA
alkalizes	t
alkalizing	NtA
alkaloids	p
alkanes	p
alkanets	p
alkenes	p
alkies	p
alkines	p
alkoxides	p
alkylations	p
alkyls	p
alkynes	p
allanites	p
allantoids	p
allantoises	p
allatives	p
allayed	VtA
allayers	p
allaying	NVtA
allayings	t
allays	Vt
allegations	p
alleged	tA
allegers	p
alleges	t
allegiances	p
alleging	NtA
allegoricalnesses	p
allegorisations	p
allegorised	tiA
allegorisers	p
allegorises	ti
allegorising	NtiA
allegorists	p
allegorizations	p
allegorized	VtA
allegorizers	p
allegorizes	Vt
allegorizing	NVtA
alleles	p
allelisms	p
allelomorphisms	p
allelomorphs	p
alleluias	p
allergenicities	p
allergens	p
allergically	v
allergists	p
allethrins	p
alleviated	tA
alleviates	t
alleviating	NtA
alleviations	p
alleviators	p
alleyways	p
allheals	p
alliances	p
allied	VtA
allies	pVt
alligated	tA
alligates	t
alligating	NtA
alligators	p
alliterated	ViA
alliterates	Vi
alliterating	NViA
alliterations	p
alliterativenesses	p
alliums	p
allocated	tA
allocates	t
allocating	NtA
allocations	p
allocutions	p
allodiums	p
allogamies	p
allographs	p
allomerisms	p
allometries	p
allomorphisms	p
allomorphs	p
allonyms	p
allopathies	p
allopaths	p
allophanes	p
allophones	p
alloplasms	p
allopolyploidies	p
allopolyploids	p
allopurinols	p
allosaurs	p
allotments	p
allotropes	p
allotropies	p
allots	V
allotted	VA
allottees	p
allotters	p
allotting	NVA
allotypes	p
allotypically	v
allovers	p
allowanced	tA
allowances	pt
allowancing	NtA
allowed	tiA
allowing	NtiA
allows	ti
alloyed	VtA
alloying	NVtA
alloys	pVt
alls	p
allseeds	p
allspices	p
alluded	iA
alludes	i
alluding	NiA
allured	tA
allurements	p
allurers	p
allures	pt
alluring	NtA
allusions	p
allusivenesses	p
alluvials	p
alluvions	p
allying	NVtA
allyls	p
almahs	p
almanacs	p
almandines	p
almandites	p
almemars	p
almightinesses	p
almirahs	p
almonds	p
almoners	p
almsgivers	p
almsgivings	p
almucantars	p
almuces	p
almugs	p
alodiums	p
aloes	p
aloeswoods	p
alohas	p
aloins	p
alonenesses	p
aloofnesses	p
alopecias	p
alpacas	p
alpenglows	p
alpenhorns	p
alpenstocks	p
alphabetisations	p
alphabetised	tA
alphabetisers	p
alphabetises	t
alphabetising	NtA
alphabetizations	p
alphabetized	tA
alphabetizers	p
alphabetizes	t
alphabetizing	NtA
alphabets	p
alphas	p
alphorns	p
alphosises	p
alpinisms	p
alpinists	p
alps	p
als	p
alsikes	p
altarpieces	p
altars	p
altazimuths	p
alter	A
alterabilities	p
alterants	p
alterations	p
altercated	iA
altercates	i
altercating	NiA
altercations	p
altered	VtA
altering	NVtA
alternated	VtiA
alternatenesses	p
alternates	pVti
alternating	NVtiA
alternations	p
alternativenesses	p
alternatives	p
alternators	p
alters	Vt
althaeas	p
altheas	p
althorns	p
altimeters	p
altimetrically	v
altimetries	p
altitudes	p
altogethers	p
altruisms	p
altruists	p
alts	p
aludels	p
alulas	p
aluminas	p
aluminates	p
aluminised	tA
aluminises	t
aluminising	NtA
aluminiums	p
aluminized	tA
aluminizes	t
aluminizing	NtA
aluminosilicates	p
aluminothermies	p
aluminums	p
alumroots	p
alums	p
alunites	p
alveolars	p
alveolations	p
alyssums	p
amadavats	p
amadous	p
amahs	p
amalgamated	VA
amalgamates	V
amalgamating	NVA
amalgamations	p
amalgamators	p
amalgams	p
amanitas	p
amaranths	p
amarelles	p
amaryllises	p
amassed	tA
amassers	p
amasses	t
amassing	NtA
amassments	p
amated	tA
amates	t
amateurishnesses	p
amateurisms	p
amateurs	p
amating	NtA
amativenesses	p
amatols	p
amazed	tA
amazednesses	p
amazements	p
amazes	pt
amazing	NtA
amazonites	p
amazons	p
ambages	p
ambaries	p
ambassadors	p
ambassadorships	p
ambassadresses	p
ambatches	p
ambergrises	p
amberinas	p
amberjacks	p
amberoids	p
ambers	p
ambidexterities	p
ambidexters	p
ambiguousnesses	p
ambisexuals	p
ambitions	p
ambitiousnesses	p
ambits	p
ambivalences	p
ambivalently	v
ambiversions	p
ambiverts	p
ambled	iA
amblers	p
ambles	pi
ambling	NiA
amblings	V
amblygonites	p
amblyopias	p
amboceptors	p
amboynas	p
ambroids	p
ambrosias	p
ambrotypes	p
ambsaces	p
ambulances	p
ambulated	iA
ambulates	i
ambulating	NiA
ambulations	p
ambulatories	p
ambulatorily	v
ambulators	p
ambuscaded	VA
ambuscaders	p
ambuscades	pV
ambuscading	NVA
ambushed	VtA
ambushers	p
ambushes	pVt
ambushing	NVtA
amebocytes	p
ameerates	p
ameliorants	p
ameliorated	VA
ameliorates	V
ameliorating	NVA
ameliorations	p
ameliorators	p
ameloblasts	p
amenabilities	p
amenablenesses	p
amended	tA
amenders	p
amending	NtA
amendments	p
amends	t
amenorrheas	p
amenorrhoeas	p
amens	p
amentias	p
aments	p
amerced	tA
amercements	p
amercers	p
amerces	t
amercing	NtA
americiums	p
amesaces	p
amethysts	p
ametropias	p
amiabilities	p
amiablenesses	p
amianthuses	p
amicabilities	p
amicablenesses	p
amices	p
amidases	p
amides	p
amidines	p
amidins	p
amidogens	p
amidols	p
amines	p
aminities	p
aminophenols	p
aminophyllines	p
aminopyrines	p
amirates	p
amities	p
ammeters	p
ammines	p
ammocetes	p
ammocoetes	p
ammonals	p
ammonates	p
ammoniacs	p
ammonias	p
ammoniated	VA
ammoniates	pV
ammoniating	NVA
ammoniations	p
ammonifications	p
ammonified	VA
ammonifies	V
ammonifying	NVA
ammonites	p
ammoniums	p
ammonoids	p
ammos	p
ammunitions	p
amnesiacs	p
amnesias	p
amnestied	VA
amnesties	V
amnestying	NVA
amniotes	p
amobarbitals	p
amoebas	p
amoebocytes	p
amoks	p
amontillados	p
amoralities	p
amorettos	p
amorists	p
amorosos	p
amorousnesses	p
amorphisms	p
amorphousnesses	p
amortised	tA
amortises	t
amortising	NtA
amortizations	p
amortized	tA
amortizements	p
amortizes	t
amortizing	NtA
amosites	p
amounted	iA
amounting	NiA
amounts	pi
amours	p
amperages	p
amperes	p
ampersands	p
amphetamines	p
amphibians	p
amphibiousnesses	p
amphiboles	p
amphibolites	p
amphictyons	p
amphidiploids	p
amphimacers	p
amphioxuses	p
amphipods	p
amphisbaenas	p
amphitheaters	p
amphitheatres	p
ampholytes	p
amplenesses	p
ampliations	p
amplidynes	p
amplifications	p
amplified	VtiA
amplifiers	p
amplifies	Vti
amplifying	NVtiA
amplitudes	p
amps	p
ampules	p
amputated	VA
amputates	V
amputating	NVA
amputations	p
amputators	p
amputees	p
amritas	p
amtracs	p
amulets	p
amus	p
amusements	p
amusers	p
amuses	t
amusias	p
amusing	NtA
amusingnesses	p
amygdalas	p
amygdales	p
amygdalins	p
amygdaloids	p
amygdules	p
amylases	p
amylenes	p
amylogens	p
amyloids	p
amylopectins	p
amyloplasts	p
amylopsins	p
amyloses	p
amyls	p
amylums	p
amyotonias	p
anabaenas	p
anablepses	p
anabolisms	p
anabolites	p
anabranches	p
anachronisms	p
anacoluthias	p
anacoluthons	p
anacondas	p
anadems	p
anaemias	p
anaemically	v
anaerobes	p
anaesthesias	p
anaesthesiologies	p
anaesthesiologists	p
anaesthetically	v
anaesthetics	p
anaesthetists	p
anaesthetized	tA
anaesthetizes	t
anaesthetizing	NtA
anaglyphs	p
anaglyptas	p
anagoges	p
anagrammatised	tA
anagrammatises	t
anagrammatising	NtA
anagrammatists	p
anagrammatized	VA
anagrammatizes	V
anagrammatizing	NVA
anagrams	p
analcites	p
analeptics	p
analgesias	p
analgesics	p
analogised	tiA
analogises	ti
analogising	NtiA
analogists	p
analogized	tiA
analogizes	ti
analogizing	NtiA
analogousnesses	p
analogs	p
analogues	p
analphabetics	p
analysands	p
analysations	p
analysed	tA
analysers	p
analyses	t
analysing	NtA
analysts	p
analyzabilities	p
analyzations	p
analyzed	tA
analyzers	p
analyzes	t
analyzing	NtA
anapests	p
anaphases	p
anaphoras	p
anaphrodisiacs	p
anaplasias	p
anarchies	p
anarchisms	p
anarchists	p
anarthrias	p
anas	p
anasarcas	p
anastigmats	p
anastomosed	VA
anastomoses	V
anastomosing	NVA
anastrophes	p
anatases	p
anathematisations	p
anathematised	tiA
anathematises	ti
anathematising	NtiA
anathematizations	p
anathematized	VA
anathematizes	V
anathematizing	NVA
anatomised	tA
anatomises	t
anatomising	NtA
anatomists	p
anatomizations	p
anatomized	tA
anatomizes	t
anatomizing	NtA
anattas	p
anburies	p
ancestors	p
ancestresses	p
anchorages	p
anchored	VA
anchoresses	p
anchorets	p
anchoring	NVA
anchorites	p
anchoritically	v
anchors	pV
anchovetas	p
anchusas	p
anchusins	p
anchylosed	VA
anchyloses	V
anchylosing	NVA
ancienter	A
ancientest	A
ancientnesses	p
ancientries	p
ancients	p
ancillaries	p
andalusites	p
andantes	p
andantinos	p
andesines	p
andesites	p
andirons	p
andradites	p
androgens	p
androgynes	p
androgynies	p
androgynously	v
androids	p
andromedas	p
androphores	p
androsterones	p
ands	p
anecdotages	p
anecdotalisms	p
anecdotalists	p
anecdotes	p
anecdotists	p
anelaces	p
anelasticities	p
aneled	tA
aneles	t
aneling	NtA
anemias	p
anemically	v
anemograms	p
anemographies	p
anemographs	p
anemometers	p
anemometries	p
anemones	p
anemophilies	p
anergies	p
aneroids	p
anes	p
anesthesias	p
anesthesiologies	p
anesthesiologists	p
anesthetics	p
anesthetists	p
anesthetizations	p
anesthetized	tA
anesthetizes	t
anesthetizing	NtA
anestruses	p
anetholes	p
aneuploids	p
aneurins	p
aneurysms	p
anfractuosities	p
angakoks	p
angaries	p
angas	p
angelfishes	p
angelhoods	p
angelicas	p
angelologies	p
angels	p
angered	tA
angering	NtA
angers	pt
anginas	p
angiologies	p
angiosperms	p
angled	VtiA
anglepods	p
anglers	p
angles	pVti
anglesites	p
angleworms	p
anglicisations	p
anglicizations	p
anglicized	VA
anglicizes	V
anglicizing	NVA
angling	NVtiA
anglings	p
angoras	p
angrinesses	p
angstroms	p
angsts	p
anguished	VA
anguishes	pV
anguishing	NVA
angularnesses	p
angulated	VA
angulatenesses	p
angulates	V
angulating	NVA
angulations	p
angwantibos	p
anhedonias	p
anhingas	p
anhydrides	p
anhydrites	p
aniccas	p
aniconisms	p
aniler	A
anilest	A
anilines	p
anilinguses	p
anils	p
animadversions	p
animadverted	iA
animadverters	p
animadverting	NiA
animadverts	i
animalcules	p
animalisations	p
animalised	tA
animalises	t
animalising	NtA
animalisms	p
animalists	p
animalities	p
animalizations	p
animalized	tA
animalizes	t
animalizing	NtA
animals	p
animas	p
animated	VtA
animatenesses	p
animater	A
animates	Vt
animating	NVtA
animations	p
animatisms	p
animators	p
animes	p
animisms	p
animuses	p
anionically	v
anions	p
aniseeds	p
aniseikonias	p
anises	p
anisettes	p
anisogametes	p
anisogamies	p
anisoles	p
anisometropias	p
anisotropically	v
anisotropies	p
ankerites	p
ankhs	p
anklebones	p
ankles	p
anklets	p
anklungs	p
ankylosaurs	p
ankylosed	VA
ankyloses	V
ankylosing	NVA
anlaces	p
anlages	p
annalists	p
annas	p
annealed	VtA
annealers	p
annealing	NVtA
anneals	pVt
annelids	p
annexationisms	p
annexationists	p
annexations	p
annexed	VtA
annexes	pVt
annexing	NVtA
annexments	p
annihilated	tA
annihilates	t
annihilating	NtA
annihilations	p
annihilators	p
annotated	VA
annotates	V
annotating	NVA
annotations	p
annotators	p
announced	tiA
announcements	pt
announcers	p
announces	ti
announcing	NtiA
annoyances	p
annoyed	VA
annoyers	p
annoying	NVA
annoys	V
anns	p
annuals	p
annuitants	p
annularities	p
annulations	p
annulets	p
annulled	VA
annulling	NVA
annulments	p
annuls	V
annuluses	p
annunciated	tA
annunciates	t
annunciating	NtA
annunciations	p
annunciators	p
anoas	p
anodes	p
anodized	VA
anodizes	V
anodizing	NVA
anodynes	p
anoestruses	p
anointed	tA
anointers	p
anointing	NtA
anointments	p
anoints	t
anoles	p
anolytes	p
anomalousnesses	p
anomias	p
anonymities	p
anonymousnesses	p
anonyms	p
anoopsias	p
anopheleses	p
anopias	p
anoraks	p
anorectics	p
anorexias	p
anorthites	p
anorthosites	p
anosmias	p
anoxemias	p
anoxias	p
answerabilities	p
answerablenesses	p
answered	VtiA
answerers	p
answering	NVtiA
answers	pVti
antacids	p
antagonisations	p
antagonised	tiA
antagonises	ti
antagonising	NtiA
antagonisms	p
antagonists	p
antagonizations	p
antagonized	tA
antagonizes	t
antagonizing	NtA
antas	p
antbirds	p
anteaters	p
anteceded	tA
antecedences	p
antecedencies	p
antecedes	t
anteceding	NtA
antecessors	p
antechambers	p
antechapels	p
antechoirs	p
anted	tiA
antedated	VtA
antedates	pVt
antedating	NVtA
antediluvians	p
anteing	NtiA
antenatally	v
antennas	p
antennules	p
antepasts	p
antependiums	p
antepenultimates	p
antepenults	p
anteriorities	p
anterooms	p
antes	pti
antetypes	p
anteversions	p
anteverted	tA
anteverting	NtA
anteverts	t
anthelions	p
anthelmintics	p
anthems	p
antheridiums	p
antherozoids	p
anthers	p
anthocyanins	p
anthologised	tiA
anthologises	ti
anthologising	NtiA
anthologists	p
anthologized	tA
anthologizes	t
anthologizing	NtA
anthophores	p
anthophyllites	p
anthozoans	p
anthracenes	p
anthracites	p
anthracnoses	p
anthraquinones	p
anthropocentrically	v
anthropocentrisms	p
anthropogenically	v
anthropographies	p
anthropoids	p
anthropologies	p
anthropologists	p
anthropometries	p
anthropometrists	p
anthropomorphisations	p
anthropomorphised	tiA
anthropomorphises	ti
anthropomorphising	NtiA
anthropomorphisms	p
anthropomorphists	p
anthropomorphizations	p
anthropomorphized	VA
anthropomorphizes	V
anthropomorphizing	NVA
anthropopathically	v
anthropopathies	p
anthropophagies	p
anthropophagites	p
anthroposophies	p
anthuriums	p
antiaircrafts	p
antialcoholisms	p
antiaphrodisiacs	p
antiars	p
antiauxins	p
antibacchiuses	p
antibaryons	p
antibiotics	p
antically	v
anticapitalisms	p
anticapitalists	p
anticatalysts	p
anticathodes	p
antichlors	p
anticholinergics	p
anticholinesterases	p
anticipants	p
anticipated	VA
anticipates	V
anticipating	NVA
anticipations	p
anticipators	p
anticlericalisms	p
anticlericalists	p
anticlericals	p
anticlimaxes	p
anticlines	p
anticlinoriums	p
anticoagulants	p
anticommercialisms	p
anticommunisms	p
anticommunists	p
anticonvulsants	p
anticorrosives	p
anticyclones	p
antidepressants	p
antiderivatives	p
antidisestablishmentarianisms	p
antidiuretics	p
antidotes	p
antievolutionists	p
antifascisms	p
antifascists	p
antifebriles	p
antifeminisms	p
antifeminists	p
antiferromagnetically	v
antiferromagnetisms	p
antiferromagnets	p
antifreezes	p
antifrictions	p
antigenically	v
antigenicities	p
antigens	p
antigravities	p
antihalations	p
antihistamines	p
antihistaminics	p
antihumanisms	p
antihuntings	p
antihysterics	p
antiknocks	p
antileptons	p
antiliberalisms	p
antiliberals	p
antilogarithms	p
antilogs	p
antimacassars	p
antimalarials	p
antimasques	p
antimaterialisms	p
antimaterialists	p
antimatters	p
antimechanists	p
antimeres	p
antimicrobials	p
antimilitarisms	p
antimilitarists	p
antimissiles	p
antimodernists	p
antimoderns	p
antimonarchists	p
antimonates	p
antimonials	p
antimonides	p
antimonies	p
antimonopolists	p
antinationalists	p
antineutrons	p
anting	NtiA
antings	p
antinodes	p
antinomianisms	p
antinomians	p
antinovels	p
antinucleons	p
antioxidants	p
antiozonants	p
antiparticles	p
antipathists	p
antiperiodics	p
antiperspirants	p
antiphlogistics	p
antiphonals	p
antiphons	p
antipodeans	p
antipoles	p
antipollutions	p
antipopes	p
antiprotons	p
antipruritics	p
antipyretics	p
antipyrines	p
antiquarianisms	p
antiquarians	p
antiquated	tA
antiquatednesses	p
antiquates	t
antiquating	NtA
antiquations	p
antiqued	tA
antiquenesses	p
antiquer	A
antiquers	p
antiques	pt
antiquing	NtA
antirachitics	p
antiradicalisms	p
antirationalisms	p
antirationalists	p
antirationalities	p
antirealisms	p
antirealists	p
antirheumatics	p
antiritualisms	p
antiromanticisms	p
antiromantics	p
antiroyalists	p
antirrhinums	p
antirusts	p
antiscorbutics	p
antisepticised	tA
antisepticises	t
antisepticising	NtA
antisepticized	tA
antisepticizes	t
antisepticizing	NtA
antiseptics	p
antisocialities	p
antispasmodics	p
antistrophes	p
antisyphilitics	p
antitoxins	p
antitussives	p
antitypes	p
antivaccinationists	p
antivenins	p
antlers	p
antlions	p
antoninianuses	p
antonomasias	p
antonyms	p
antres	p
antrums	p
ants	p
anurans	p
anurias	p
anvils	p
anxiousnesses	p
anybodies	p
anythings	p
aorists	p
aoudads	p
apagoges	p
apartheids	p
apartments	p
apartnesses	p
apatites	p
aped	tA
aperients	p
aperiodicities	p
apertures	p
apes	pt
apetalies	p
apexes	p
aphagias	p
aphakias	p
aphanites	p
aphasiacs	p
aphasias	p
aphasics	p
aphelions	p
apheliotropisms	p
aphidians	p
aphids	p
aphonias	p
aphorised	iA
aphorisers	p
aphorises	i
aphorising	NiA
aphorisms	p
aphorists	p
aphorized	iA
aphorizers	p
aphorizes	i
aphorizing	NiA
aphrodisiacs	p
aphyllies	p
apiarists	p
apicultures	p
apiculturists	p
aping	NtA
apiologies	p
apishnesses	p
aplanogametes	p
aplanospores	p
aplasias	p
aplites	p
aplombs	p
aplustres	p
apneas	p
apnoeas	p
apocalypses	p
apocalypticisms	p
apocarpies	p
apocarps	p
apochromatisms	p
apochromats	p
apocopated	tA
apocopates	t
apocopating	NtA
apocopations	p
apocopes	p
apocryphalnesses	p
apoenzymes	p
apogamies	p
apogees	p
apographs	p
apollos	p
apologias	p
apologised	iA
apologisers	p
apologises	i
apologising	NiA
apologists	p
apologized	iA
apologizers	p
apologizes	i
apologizing	NiA
apologues	p
apolunes	p
apomicts	p
apomixises	p
apomorphines	p
apophthegmatically	v
apophthegms	p
apophyges	p
apophyllites	p
apoplectics	p
apoplexies	p
aporias	p
apospories	p
apostates	p
apostatised	iA
apostatises	i
apostatising	NiA
apostatized	iA
apostatizes	i
apostatizing	NiA
apostils	p
apostlehoods	p
apostles	p
apostleships	p
apostolates	p
apostolicities	p
apostrophes	p
apostrophised	tiA
apostrophises	ti
apostrophising	NtiA
apostrophized	VA
apostrophizes	V
apostrophizing	NVA
apothegms	p
apothems	p
apotheosised	tA
apotheosises	pt
apotheosising	NtA
apotheosized	tA
apotheosizes	t
apotheosizing	NtA
apotropaically	v
appalled	VtA
appalling	NVtA
appalls	t
appals	V
appanages	p
apparatchiks	p
appareled	VtA
appareling	NVtA
apparelled	VtA
apparelling	NVtA
apparels	pVt
apparentnesses	p
apparitions	p
apparitors	p
appealabilities	p
appealed	iA
appealers	p
appealing	NiA
appeals	pi
appearances	p
appeared	iA
appearing	NiA
appears	i
appeased	tA
appeasements	p
appeasers	p
appeases	t
appeasing	NtA
appellants	p
appellations	p
appellatives	p
appellees	p
appellors	p
appendages	p
appendants	p
appended	tA
appendicitises	p
appendicles	p
appending	NtA
appends	t
apperceived	tA
apperceives	t
apperceiving	NtA
apperceptions	p
appertained	iA
appertaining	NiA
appertains	i
appestats	p
appetences	p
appetites	p
appetizers	p
applauded	VA
applauders	p
applauding	NVA
applauds	V
applauses	p
applausively	v
applecarts	p
applejacks	p
apples	p
applesauces	p
appliances	p
applicabilities	p
applicants	p
applications	p
applicators	p
applied	VtiA
appliers	p
applies	Vti
applying	NVtiA
appoggiaturas	p
appointed	VA
appointees	p
appointing	NVA
appointments	p
appointors	p
appoints	V
apportioned	tA
apportioning	NtA
apportionments	p
apportions	t
apposed	tA
apposers	p
apposes	t
apposing	NtA
appositely	v
appositenesses	p
appositions	p
appositively	v
appositives	p
appraisals	p
appraised	tA
appraisers	p
appraises	t
appraising	NtA
appraisively	v
appreciated	VA
appreciates	V
appreciating	NVA
appreciations	p
appreciativenesses	p
appreciators	p
apprehended	tA
apprehending	NtA
apprehends	t
apprehensibilities	p
apprehensions	p
apprehensivenesses	p
apprenticed	tA
apprentices	pt
apprenticeships	p
apprenticing	NtA
apprised	tA
apprises	t
apprising	NtA
apprisings	t
apprized	tA
apprizers	p
apprizes	t
apprizing	NtA
apprizings	t
approachabilities	p
approachablenesses	p
approached	VtA
approaches	pVt
approaching	NVtA
approbated	tA
approbates	t
approbating	NtA
approbations	p
appropriated	VtA
appropriatenesses	p
appropriates	Vt
appropriating	NVtA
appropriations	p
appropriators	p
approvals	p
approved	VtA
approvers	p
approves	Vt
approving	NVtA
approximated	VA
approximates	V
approximating	NVA
approximations	p
apps	p
appulses	p
appurtenances	p
appurtenants	p
apraxias	p
apricots	p
apriorisms	p
apriorists	p
apriorities	p
aproned	tA
aproning	NtA
aprons	pt
apses	p
apsidioles	p
apter	A
apteryxes	p
aptest	A
aptitudes	p
aptnesses	p
aquacades	p
aquacultures	p
aqualungs	p
aquamanales	p
aquamaniles	p
aquamarines	p
aquanauts	p
aquaplaned	iA
aquaplaners	p
aquaplanes	pi
aquaplaning	NiA
aquarellists	p
aquarists	p
aquariums	p
aquas	p
aquatinted	tA
aquatinters	p
aquatinting	NtA
aquatints	pt
aquatones	p
aquavits	p
aqueducts	p
aquiculturists	p
aquifers	p
aquilegias	p
arabesques	p
arabilities	p
arabinoses	p
arables	p
arachnidans	p
arachnids	p
arachnoids	p
aragonites	p
araks	p
araneids	p
arapaimas	p
ararobas	p
araucarias	p
arbalesters	p
arbalests	p
arbalisters	p
arbiters	p
arbitragers	p
arbitrages	p
arbitraments	p
arbitrarinesses	p
arbitrated	VA
arbitrates	V
arbitrating	NVA
arbitrations	p
arbitrators	p
arbitrements	p
arbitresses	p
arborescences	p
arboricultures	p
arboriculturists	p
arborists	p
arborizations	p
arbors	p
arborvitaes	p
arbours	p
arbutuses	p
arcades	p
arcadings	V
arcanas	p
arcanely	v
arcanists	p
arcanums	p
arcatures	p
arced	VA
archaeologies	p
archaeologists	p
archaeopteryxes	p
archaised	tiA
archaisers	p
archaises	ti
archaising	NtiA
archaisms	p
archaists	p
archaized	tA
archaizers	p
archaizes	t
archaizing	NtA
archangels	p
archbishoprics	p
archbishops	p
archdeaconates	p
archdeacons	p
archdeaconships	p
archdioceses	p
archduchesses	p
archdukes	p
arched	tA
archenterons	p
archer	A
archerfishes	p
archeries	p
archers	p
arches	pt
archespores	p
archest	A
archetypes	p
archfiends	p
archicarps	p
archidiaconates	p
archiepiscopates	p
archils	p
archimages	p
archimandrites	p
archines	p
arching	NtA
archings	p
architects	p
architectures	p
architraves	p
archivists	p
archivolts	p
archlutes	p
archnesses	p
archons	p
archonships	p
archpriests	p
archways	p
arcing	NVA
arcs	pV
arctics	p
arcuations	p
arcuses	p
ardebs	p
ardencies	p
ardors	p
ardours	p
arduousnesses	p
areally	v
areas	p
areaways	p
arecas	p
ared	VA
arenas	p
arenites	p
areographies	p
areolas	p
areolations	p
areoles	p
areologies	p
ares	pV
arethusas	p
argalis	p
argals	p
argentines	p
argentites	p
argents	p
argentums	p
argillites	p
argils	p
arginines	p
argols	p
argons	p
argots	p
arguably	v
argued	VtiA
arguers	p
argues	Vti
argufied	VA
argufiers	p
argufies	V
argufying	NVA
arguing	NVtiA
argumentations	p
argumentativenesses	p
arguments	p
argyles	p
arias	p
arider	A
aridest	A
aridities	p
aridnesses	p
ariels	p
arillodes	p
arils	p
ariosos	p
arises	V
arising	NVA
arisings	i
aristas	p
aristocrats	p
arithmeticians	p
arithmetics	p
arkoses	p
arks	p
armadas	p
armamentariums	p
armaments	p
armatures	p
armbands	p
armchairs	p
armed	VtA
armers	p
armets	p
armguards	p
armholes	p
armigers	p
armillas	p
arming	NVtA
armings	p
armistices	p
armlets	p
armloads	p
armoires	p
armorers	p
armorially	v
armorials	p
armorists	p
armors	p
armoured	tA
armourers	p
armouring	NtA
armours	pt
armpits	p
armrests	p
arms	Vt
armures	p
armyworms	p
arnicas	p
aroids	p
aromas	p
aromaticities	p
aromaticnesses	p
aromatics	p
aromatised	tA
aromatises	t
aromatising	NtA
aromatizations	p
aromatized	tA
aromatizes	t
aromatizing	NtA
arousals	p
aroused	tA
arousers	p
arouses	t
arousing	NtA
arpeggiations	p
arquebusiers	p
arracks	p
arraigned	tA
arraigners	p
arraigning	NtA
arraignments	p
arraigns	t
arranged	tiA
arrangements	p
arrangers	p
arranges	ti
arranging	NtiA
arrases	p
arrayals	p
arrayed	tA
arraying	NtA
arrays	pt
arrearages	p
arrears	p
arrested	tA
arresters	p
arresting	NtA
arrestments	p
arrests	pt
arrhythmias	p
arris	p
arrises	p
arrivals	p
arrived	iA
arrivers	p
arrives	i
arriving	NiA
arrogances	p
arrogated	tA
arrogates	t
arrogating	NtA
arrogations	p
arrogators	p
arrowheads	p
arrowroots	p
arrowwoods	p
arrowworms	p
ars	p
arsed	iA
arsenals	p
arsenates	p
arsenicals	p
arsenics	p
arsenides	p
arsenites	p
arsenopyrites	p
arses	i
arshins	p
arsines	p
arsing	NiA
arsonists	p
arsons	p
arsphenamines	p
artefacts	p
artels	p
artemisias	p
arterialisations	p
arterialised	tA
arterialises	t
arterialising	NtA
arterializations	p
arterialized	tA
arterializes	t
arterializing	NtA
arterioles	p
arteritises	p
artfulnesses	p
arthralgias	p
arthritically	v
arthromeres	p
arthropods	p
arthrospores	p
artichokes	p
articled	tA
articles	pt
articling	NtA
artics	p
articulacies	p
articulated	VtiA
articulatenesses	p
articulates	Vti
articulating	NVtiA
articulations	p
articulators	p
artifacts	p
artificers	p
artifices	p
artificialized	tA
artificializes	t
artificializing	NtA
artificialnesses	p
artilleries	p
artily	v
artinesses	p
artiodactyls	p
artisans	p
artisanships	p
artistries	p
artists	p
artlessnesses	p
arts	V
artworks	p
arums	p
arvos	p
aryballoses	p
aryls	p
arytenoids	p
arythmias	p
as	pV
asafetidas	p
asafoetidas	p
asanas	p
asarabaccas	p
asarums	p
asbestoses	p
ascarids	p
ascendancies	p
ascendantly	v
ascendants	p
ascended	ViA
ascenders	p
ascending	NViA
ascends	Vi
ascensions	p
ascents	p
ascertained	tA
ascertaining	NtA
ascertainments	p
ascertains	t
asceticisms	p
ascetics	p
ascidians	p
ascocarps	p
ascomycetes	p
ascospores	p
ascots	p
ascribed	tA
ascribes	t
ascribing	NtA
ascriptions	p
asdics	p
asepticisms	p
asexualities	p
ashcans	p
ashets	p
ashlarings	p
ashlars	p
ashplants	p
ashrams	p
ashtrays	p
asides	p
asininities	p
askaris	p
asked	VtA
askers	p
asking	NVtA
asks	Vt
asparagines	p
asparaguses	p
aspects	p
aspens	p
aspergillums	p
aspers	p
aspersed	tA
aspersers	p
asperses	t
aspersing	NtA
aspersions	p
aspersoriums	p
asphalted	tA
asphalting	NtA
asphaltites	p
asphalts	pt
asphaltums	p
asphodels	p
asphyxiants	p
asphyxias	p
asphyxiated	VA
asphyxiates	V
asphyxiating	NVA
asphyxiations	p
asphyxiators	p
aspics	p
aspidistras	p
aspirants	p
aspirated	VtA
aspirates	pVt
aspirating	NVtA
aspirations	p
aspirators	p
aspired	iA
aspirers	p
aspires	i
aspiring	NiA
asps	p
assailablenesses	p
assailants	p
assailed	tA
assailers	p
assailing	NtA
assailments	p
assails	t
assais	p
assassinated	tA
assassinates	t
assassinating	NtA
assassinations	p
assassinators	p
assassins	p
assaulted	tA
assaulters	p
assaulting	NtA
assaults	pt
assayed	VtA
assayers	p
assaying	NVtA
assays	pVt
assemblages	p
assembled	VA
assemblers	p
assembles	V
assembling	NVA
assentations	p
assented	iA
assenting	NiA
assentors	p
assents	pi
asserted	tA
asserters	p
asserting	NtA
assertions	p
assertivenesses	p
asserts	t
assessed	tA
assesses	t
assessing	NtA
assessments	p
assessors	p
assessorships	p
asseverated	tA
asseverates	t
asseverating	NtA
asseverations	p
assibilated	VtiA
assibilates	Vti
assibilating	NVtiA
assibilations	p
assiduousnesses	p
assignabilities	p
assignations	p
assigned	VA
assignees	p
assigners	p
assigning	NVA
assignments	p
assignors	p
assigns	pV
assimilabilities	p
assimilated	tiA
assimilates	ti
assimilating	NtiA
assimilationists	p
assimilations	p
assimilators	p
assistances	p
assistants	p
assistantships	p
assisted	ViA
assisters	p
assisting	NViA
assistors	p
assists	pVi
associabilities	p
associated	VtiA
associates	pVti
associating	NVtiA
associationisms	p
associationists	p
associations	p
assoiled	tA
assoiling	NtA
assoils	t
assonances	p
assonants	p
assorted	tiA
assorters	p
assorting	NtiA
assortments	p
assorts	ti
assuaged	tA
assuagements	p
assuagers	p
assuages	t
assuaging	NtA
assumed	tA
assumers	p
assumes	t
assuming	NtA
assumpsits	p
assumptions	p
assurances	p
assured	tA
assurednesses	p
assureds	p
assurers	p
assures	t
assurgencies	p
assuring	NtA
astasias	p
astaticisms	p
astatines	p
asterisked	tA
asterisking	NtA
asterisks	pt
asterisms	p
asteroids	p
asters	p
asthenias	p
asthenics	p
asthenopias	p
asthenospheres	p
asthmas	p
asthmatics	p
astigmatics	p
astigmatisms	p
astigmias	p
astilbes	p
astonished	tA
astonishes	t
astonishing	NtA
astonishments	p
astounded	tA
astounding	NtA
astounds	t
astragals	p
astragaluses	p
astrakhans	p
astricted	VA
astricting	NVA
astrictions	p
astricts	V
astringed	tA
astringencies	p
astringents	p
astringers	p
astringes	t
astringing	NtA
astrobiologies	p
astrocompasses	p
astrocytes	p
astrodomes	p
astrogeologies	p
astroids	p
astrolabes	p
astrologers	p
astrologies	p
astrologists	p
astrometries	p
astronauts	p
astronavigations	p
astronavigators	p
astronomers	p
astronomies	p
astrophotographies	p
astrophysically	v
astrophysicists	p
astrospheres	p
astutenesses	p
astuter	A
astutest	A
asylums	p
asymmetries	p
asymptotes	p
asynchronisms	p
asyndetons	p
asynergies	p
atabals	p
ataghans	p
ataractics	p
ataraxias	p
ataraxics	p
atars	p
atavisms	p
atavists	p
ataxias	p
ates	V
atheisms	p
atheists	p
athelings	p
athematically	v
athenaeums	p
atherines	p
athermancies	p
atherosclerotically	v
athletes	p
athleticisms	p
athodyds	p
athrocytes	p
atmans	p
atmometers	p
atmospheres	p
atolls	p
atomicities	p
atomisations	p
atomised	tA
atomises	t
atomising	NtA
atomisms	p
atomists	p
atomizations	p
atomized	VA
atomizers	p
atomizes	V
atomizing	NVA
atoms	p
atonalisms	p
atonalities	p
atoned	tiA
atonements	p
atoners	p
atones	ti
atonicities	p
atonics	p
atonies	p
atoning	NtiA
atrabiliousnesses	p
atresias	p
atrociousnesses	p
atrophied	VA
atrophies	pV
atrophying	NVA
atropines	p
atropisms	p
attached	ViA
attachers	p
attaching	NViA
attachments	p
attacked	VtiA
attackers	p
attacking	NVtiA
attacks	pVti
attainabilities	p
attainablenesses	p
attainders	p
attained	tiA
attainers	p
attaining	NtiA
attainments	p
attains	ti
attainted	tA
attainting	NtA
attaints	pt
attaintures	p
attars	p
attempered	tA
attempering	NtA
attempers	t
attempted	tA
attempters	p
attempting	NtA
attempts	pt
attendances	p
attendants	p
attended	VtiA
attenders	p
attending	NVtiA
attends	Vti
attentions	p
attentivenesses	p
attenuants	p
attenuated	VtA
attenuates	Vt
attenuating	NVtA
attenuations	p
attenuators	p
attestants	p
attestations	p
attested	tA
attesters	p
attesting	NtA
attestors	p
attests	t
atticists	p
attics	p
attired	tA
attirements	p
attires	pt
attiring	NtA
attirings	V
attitudes	p
attitudinally	v
attitudinarians	p
attitudinised	iA
attitudinisers	p
attitudinises	i
attitudinising	NiA
attitudinisings	i
attitudinized	iA
attitudinizers	p
attitudinizes	i
attitudinizing	NiA
attitudinizings	i
attorned	tiA
attorneyships	p
attorning	NtiA
attornments	p
attorns	ti
attractants	p
attracted	VA
attracters	p
attracting	NVA
attractions	p
attractivenesses	p
attractors	p
attracts	V
attributed	VtA
attributers	p
attributes	pVt
attributing	NVtA
attributions	p
attributivenesses	p
attributives	p
attributors	p
attrited	tA
attrites	t
attriting	NtA
attritions	p
attuned	tA
attunes	t
attuning	NtA
aubergines	p
aubrietias	p
auburns	p
auctioned	tA
auctioneered	tA
auctioneering	NtA
auctioneers	pt
auctioning	NtA
auctions	pt
audaciousnesses	p
audibilities	p
audiblenesses	p
audiences	p
audiles	p
audiograms	p
audiologies	p
audiometers	p
audiometries	p
audiophiles	p
audios	p
audiotypists	p
audiovisually	v
audiphones	p
audited	VA
auditing	NVA
auditioned	VA
auditioning	NVA
auditions	pV
auditors	p
auditorships	p
auditresses	p
audits	pV
augends	p
augers	p
aughts	p
augites	p
augmentations	p
augmentatives	p
augmented	VtA
augmenters	p
augmenting	NVtA
augments	pVt
augured	VtiA
auguring	NVtiA
augurs	pVti
auguster	A
augustest	A
augustnesses	p
auklets	p
auks	p
aunes	p
aunts	p
aurelias	p
aureoles	p
auricles	p
auriculas	p
aurified	tA
aurifies	t
aurifying	NtA
auriscopes	p
aurists	p
aurochses	p
auroras	p
aurums	p
auscultated	VA
auscultates	V
auscultating	NVA
auscultations	p
auscultators	p
auspicated	tA
auspicates	t
auspicating	NtA
auspiciousnesses	p
austenites	p
austerenesses	p
austerer	A
austerest	A
australopithecines	p
austringers	p
autacoids	p
autarchists	p
autarkists	p
autecisms	p
autecologies	p
auteurs	p
authenticated	tA
authenticates	t
authenticating	NtA
authentications	p
authenticators	p
authenticities	p
authored	VA
authoring	NVA
authorisations	p
authorised	tA
authorisers	p
authorises	t
authorising	NtA
authoritarianisms	p
authoritarians	p
authoritativenesses	p
authorizations	p
authorized	tA
authorizers	p
authorizes	t
authorizing	NtA
authors	pV
authorships	p
autisms	p
autistically	v
autists	p
autoantibodies	p
autobiographers	p
autocades	p
autocephalies	p
autochangers	p
autochthonies	p
autochthonisms	p
autoclaved	tA
autoclaves	pt
autoclaving	NtA
autocoids	p
autocorrelations	p
autocrats	p
autocrosses	p
autocues	p
autocycles	p
autodidacts	p
autodynes	p
autoecisms	p
autoeroticisms	p
autoerotisms	p
autogamies	p
autografts	p
autographed	tA
autographies	p
autographing	NtA
autographs	pt
autoharps	p
autoinfections	p
autoinoculations	p
autointoxications	p
autolysed	VA
autolyses	V
autolysing	NVA
autolysins	p
autolyzed	tiA
autolyzes	ti
autolyzing	NtiA
automated	VA
automates	V
automaticities	p
automatics	p
automating	NVA
automations	p
automatisms	p
automatists	p
automatized	VA
automatizes	V
automatizing	NVA
automats	p
automobiles	p
automobilists	p
automorphisms	p
autonomists	p
autonyms	p
autophytes	p
autopilots	p
autopistas	p
autoplastically	v
autoplasties	p
autopolyploidies	p
autopolyploids	p
autopsists	p
autoradiographies	p
autoradiographs	p
autorotations	p
autoroutes	p
autosomes	p
autostradas	p
autosuggestibilities	p
autosuggestions	p
autotelisms	p
autotimers	p
autotomised	tA
autotomises	t
autotomising	NtA
autotomized	VA
autotomizes	V
autotomizing	NVA
autotoxaemias	p
autotoxemias	p
autotoxins	p
autotransformers	p
autotrophies	p
autotrophs	p
autotypes	p
autotypies	p
autoxidations	p
autumns	p
autunites	p
auxanometers	p
auxetically	v
auxetics	p
auxins	p
avadavats	p
availablenesses	p
availed	VA
availing	NVA
avails	pV
avalanched	VA
avalanches	pV
avalanching	NVA
avarices	p
avariciousnesses	p
avatars	p
avenged	VA
avengers	p
avenges	V
avenging	NVA
avenses	p
aventails	p
aventurines	p
avenues	p
averaged	tiA
averages	pti
averaging	NtiA
averments	p
averred	VA
averring	NVA
avers	V
aversenesses	p
aversions	p
aversively	v
averted	tA
averters	p
averting	NtA
averts	t
aviated	VA
aviates	V
aviating	NVA
aviations	p
aviators	p
aviatrixes	p
avicultures	p
aviculturists	p
avider	A
avidest	A
avidins	p
avidities	p
avifaunas	p
avigators	p
avirulences	p
avizandums	p
avocations	p
avocets	p
avodires	p
avoidances	p
avoided	tA
avoiders	p
avoiding	NtA
avoids	t
avoirdupoises	p
avosets	p
avouched	tA
avouchers	p
avouches	t
avouching	NtA
avouchments	p
avowably	v
avowals	p
avowed	tA
avowers	p
avowing	NtA
avows	t
avulsions	p
avuncularly	v
awaited	tiA
awaiters	p
awaiting	NtiA
awaits	ti
awakened	tiA
awakeners	p
awakening	NtiA
awakenings	p
awakens	ti
awakes	Vt
awaking	NVtA
awakings	V
awarded	tA
awarders	p
awarding	NtA
awards	pt
awarenesses	p
awarer	A
awarest	A
aways	p
awed	tA
aweing	NtA
awes	pt
awesomenesses	p
awfuller	A
awfullest	A
awfulnesses	p
awing	NtA
awkwarder	A
awkwardest	A
awkwardnesses	p
awls	p
awlworts	p
awners	p
awnings	p
awns	p
axed	tA
axels	p
axenically	v
axes	pt
axialities	p
axillars	p
axillas	p
axils	p
axing	NtA
axinites	p
axiologies	p
axiologists	p
axioms	p
axises	p
axles	p
axletrees	p
axolotls	p
axons	p
axoplasms	p
axseeds	p
ayahs	p
ayahuascas	p
ayes	p
ayins	p
ayres	p
azaleas	p
azans	p
azathioprines	p
azeotropes	p
azeotropies	p
azides	p
azimuths	p
azines	p
azlons	p
azobenzenes	p
azoles	p
azotemias	p
azotes	p
azoths	p
azotised	tA
azotises	t
azotising	NtA
azotized	VA
azotizes	V
azotizing	NVA
azotobacters	p
azures	p
azurites	p
baaed	VA
baaing	NVA
baaings	V
baas	pV
baases	p
baaskaps	p
babassus	p
babbitted	tA
babbitting	NtA
babbitts	t
babbled	VtiA
babblements	p
babblers	p
babbles	pVti
babbling	NVtiA
babblings	V
babes	p
babesias	p
babiches	p
babied	VA
babier	A
babies	pV
babiest	A
babirusas	p
babkas	p
babooneries	p
baboons	p
babuls	p
babushkas	p
babyhoods	p
babying	NVA
baccalaureates	p
baccarats	p
baccas	p
bacchanals	p
bacchantes	p
bacchants	p
bached	VA
bachelordoms	p
bachelorhoods	p
bachelors	p
baches	pV
baching	NVA
bacitracins	p
backaches	p
backbands	p
backbends	p
backbiters	p
backbites	V
backbiting	NVA
backbitings	V
backboards	p
backbones	p
backbreakers	p
backchats	p
backcloths	p
backcombed	VA
backcombing	NVA
backcombs	V
backcourts	p
backcrossed	VA
backcrosses	pV
backcrossing	NVA
backdated	tA
backdates	t
backdating	NtA
backdowns	p
backdrops	p
backer	A
backers	p
backfalls	p
backfields	p
backfilled	tA
backfilling	NtA
backfills	pt
backfired	iA
backfires	pi
backfiring	NiA
backflows	p
backgammons	p
backgrounds	p
backhanded	tA
backhandednesses	p
backhanders	p
backhanding	NtA
backhands	pt
backhauls	p
backings	p
backlashes	p
backlightings	p
backlogs	p
backpacked	tiA
backpackers	p
backpacking	NtiA
backpacks	pti
backplates	p
backrests	p
backs	p
backsaws	p
backscatters	p
backscratchers	p
backsets	p
backsheeshes	p
backsides	p
backsights	p
backslappers	p
backsliders	p
backslides	V
backsliding	NVA
backspaced	VA
backspaces	pV
backspacing	NVA
backspins	p
backstabbed	tA
backstabbers	p
backstabbing	NtA
backstabbings	t
backstabs	t
backstays	p
backstitched	VA
backstitches	pV
backstitching	NVA
backstopped	tiA
backstopping	NtiA
backstops	pti
backstreets	p
backstretches	p
backstroked	iA
backstrokes	pi
backstroking	NiA
backswimmers	p
backswings	p
backswords	p
backtracked	iA
backtracking	NiA
backtracks	i
backups	p
backwardnesses	p
backwashed	tA
backwashes	pt
backwashing	NtA
backwaters	pV
backyards	p
baclavas	p
baconers	p
bacons	p
bacteraemias	p
bacteremias	p
bactericidally	v
bactericides	p
bacterins	p
bacterioids	p
bacteriologies	p
bacteriologists	p
bacteriophages	p
bacteriophagies	p
bacteriostats	p
bacterizations	p
bacterized	tA
bacterizes	t
bacterizing	NtA
bacteroids	p
baculites	p
baculums	p
badder	A
baddest	A
baddies	p
badgered	tA
badgering	NtA
badgers	pt
badges	p
badinages	p
badmintons	p
badnesses	p
bads	pV
baels	p
baetyls	p
baffed	iA
baffing	NiA
baffled	tA
bafflements	p
bafflers	p
baffles	pt
baffling	NtA
baffs	pi
bagasses	p
bagatelles	p
bagels	p
baggages	p
bagged	VA
baggies	p
bagginesses	p
bagging	NVA
baggings	p
bagpipers	p
bags	V
baguettes	p
bagwashes	p
bagwigs	p
bagworms	p
bahadurs	p
bahts	p
baidarkas	p
bailed	VtA
bailees	p
bailies	p
bailiffs	p
bailiffships	p
bailing	NVtA
bailiwicks	p
bailments	p
bailors	p
bailouts	p
bails	pVt
bairnlier	A
bairnliest	A
bairns	p
baited	tiA
baiters	p
baiting	NtiA
baits	pti
baized	tA
baizes	pt
baizing	NtA
bajadas	p
bakeapples	p
baked	tiA
bakemeats	p
bakers	p
bakes	pti
baking	NtiA
bakings	pV
baklavas	p
bakras	p
baksheeshes	pV
balaclavas	p
balalaikas	p
balanced	tiA
balancers	p
balances	pti
balancing	NtiA
balases	p
balatas	p
balboas	p
balbriggans	p
balconets	p
baldachins	p
balder	A
balderdashes	p
baldest	A
baldheads	p
baldmoneys	p
baldnesses	p
baldpates	p
baldrics	p
baled	VA
baleens	p
balefires	p
balefuller	A
balefullest	A
balefulnesses	p
balers	p
bales	pV
balibuntals	p
baling	NVA
balked	tiA
balkers	p
balkinesses	p
balking	NtiA
balklines	p
balks	pti
balladeers	p
balladists	p
balladmongers	p
balladries	p
ballads	p
ballasted	tA
ballasting	NtA
ballasts	pt
balled	VtA
ballerinas	p
ballers	p
balletomanes	p
balletomanias	p
ballflowers	p
ballier	A
balliest	A
balling	NVtA
ballistas	p
ballisticians	p
ballistocardiograms	p
ballistocardiographies	p
ballistocardiographs	p
ballocksed	VA
ballockses	V
ballocksing	NVA
ballonets	p
ballons	p
ballooned	tiA
ballooning	NtiA
balloons	pti
balloted	VA
balloters	p
balloting	NVA
ballots	pV
ballottements	p
ballparks	p
ballplayers	p
ballpoints	p
ballrooms	p
balls	Vt
ballyhooed	VA
ballyhooing	NVA
ballyhoos	V
ballyragged	VA
ballyragging	NVA
ballyrags	V
balmacaans	p
balminesses	p
balms	p
balneologies	p
balneologists	p
baloneys	p
bals	p
balsams	p
balsas	p
balusters	p
balustrades	p
bambinos	p
bamboozled	tA
bamboozlements	p
bamboozlers	p
bamboozles	t
bamboozling	NtA
banaler	A
banalest	A
banalities	p
bananas	p
bancs	p
bandaged	VA
bandagers	p
bandages	pV
bandaging	NVA
bandannas	p
bandboxes	p
bandeaus	p
banded	VtA
bandelets	p
banderoles	p
banders	p
bandersnatches	p
bandicoots	pV
bandied	VtA
bandier	A
bandies	pVt
bandiest	A
banding	NVtA
bandings	p
banditries	p
bandits	p
bandleaders	p
bandmasters	p
bandogs	p
bandoleers	p
bandolines	p
bandores	p
bands	pVt
bandsaws	t
bandstands	p
banduras	p
bandwagons	p
bandwidths	p
bandying	NVtA
bandyings	V
baned	VtA
banefuller	A
banefullest	A
banefulnesses	p
banes	p
banged	VtiA
banging	NVtiA
bangles	p
bangs	pVti
bangtails	p
banians	p
banias	p
baning	NVtA
banished	tA
banishers	p
banishes	t
banishing	NtA
banishments	p
banjoists	p
bankbooks	p
banked	VtiA
bankers	p
banking	NVtiA
bankings	p
bankrolled	tA
bankrollers	p
bankrolling	NtA
bankrolls	pt
bankrupted	tA
bankrupting	NtA
bankrupts	pt
banks	pVti
banksias	p
banned	VtA
bannerets	p
bannerettes	p
bannerols	p
banners	p
banning	NVtA
bannocks	p
banqueted	VA
banqueters	p
banqueting	NVA
banquets	pV
banquettes	p
bans	Vt
banshees	p
bantams	p
bantamweights	p
bantered	VA
banterers	p
bantering	NVA
banters	pV
bantlings	p
bants	p
banyans	p
baobabs	p
baps	p
baptised	tiA
baptises	ti
baptising	NtiA
baptisms	p
baptized	VtA
baptizers	p
baptizes	Vt
baptizing	NVtA
baratheas	p
barazas	p
barbarianisms	p
barbarians	p
barbarisations	p
barbarised	tiA
barbarises	ti
barbarising	NtiA
barbarisms	p
barbarizations	p
barbarized	VA
barbarizes	V
barbarizing	NVA
barbarousnesses	p
barbecued	VtA
barbecues	pVt
barbecuing	NVtA
barbed	tA
barbells	p
barbels	p
barbered	tA
barbering	NtA
barbers	pt
barbershops	p
barbes	p
barbets	p
barbettes	p
barbicans	p
barbicels	p
barbing	NtA
barbitals	p
barbitones	p
barbiturates	p
barbs	pt
barbules	p
barbuts	p
barbwires	p
barcaroles	p
barchans	p
barded	tA
bardes	pt
barding	NtA
bardolatries	p
bards	pt
bared	VtA
barefacednesses	p
bareges	p
bareheadednesses	p
barenesses	p
bares	Vt
baresarks	p
bargained	VA
bargainers	p
bargaining	NVA
bargains	pV
bargeboards	p
barged	tiA
bargees	p
bargellos	p
bargepoles	p
barges	pti
barghests	p
barging	NtiA
barhopped	iA
barhopping	NiA
barhops	i
barillas	p
baring	NVtA
barites	p
baritones	p
bariums	p
barked	tiA
barkeepers	p
barkentines	p
barkers	p
barkhans	p
barking	NtiA
barks	pti
barleycorns	p
barmaids	p
barms	p
barnacles	p
barndoors	p
barneys	i
barns	p
barnstormed	iA
barnstormers	p
barnstorming	NiA
barnstorms	i
barnyards	p
barograms	p
barographs	p
barometers	p
barometries	p
baronages	p
baronesses	p
baronetages	p
baronets	p
barongs	p
barons	p
baroquely	v
baroques	p
baroscopes	p
barostats	p
barouches	p
barquentines	p
barques	p
barquettes	p
barracked	ViA
barrackers	p
barracking	NViA
barracks	Vi
barracoons	p
barracoutas	p
barracudas	p
barraged	tA
barrages	pt
barraging	NtA
barrators	p
barratries	p
barred	VtA
barreled	VA
barrelheads	p
barreling	NVA
barrelled	VA
barrelling	NVA
barrels	pV
barrener	A
barrenest	A
barrennesses	p
barrenworts	p
barres	p
barretors	p
barretries	p
barrets	p
barretters	p
barrettes	p
barricaded	tA
barricades	pt
barricading	NtA
barricadoed	tA
barricadoing	NtA
barricados	t
barrier	A
barriers	p
barring	NVtA
barristers	p
barrooms	p
barrows	p
barrulets	p
bars	pVt
barstools	p
bartended	iA
bartenders	p
bartending	NiA
bartends	i
bartered	ViA
barterers	p
bartering	NViA
barters	pVi
bartizans	p
bartons	p
baryes	p
baryons	p
baryspheres	p
barytas	p
barytones	p
bas	p
basalts	p
basaltwares	p
basanites	p
bascules	p
baseballs	p
baseboards	p
baseburners	p
based	tA
baseliners	p
baselines	p
basements	p
basenesses	p
basenjis	p
baseplates	p
bases	pt
bashaws	p
bashed	tiA
bashes	pti
bashfulnesses	p
bashing	NtiA
basicities	p
basics	p
basidiomycetes	p
basidiospores	p
basified	VA
basifies	V
basifying	NVA
basilicas	p
basilisks	p
basils	p
basinets	p
basing	NtA
basins	p
basions	p
basipetally	v
basked	iA
basketballs	p
basketries	p
baskets	p
basketworks	p
basking	NiA
basks	i
basnets	p
basons	p
basophils	p
basses	p
basseted	VA
basseting	NVA
bassets	pV
bassetted	VA
bassetting	NVA
bassinets	p
bassists	p
bassnesses	p
bassoonists	p
bassoons	p
bassos	p
basswoods	p
bastardies	p
bastardisations	p
bastardised	tiA
bastardises	ti
bastardising	NtiA
bastardizations	p
bastardized	tA
bastardizes	t
bastardizing	NtA
bastardly	v
bastards	p
basted	VtA
basters	p
bastes	Vt
bastides	p
bastinaded	tA
bastinades	pt
bastinading	NtA
bastinadoed	VA
bastinadoing	NVA
bastinados	pV
basting	NVtA
bastings	p
bastions	p
bastnaesites	p
basts	p
batatas	p
batched	VA
batches	pV
batching	NVA
bated	VtiA
bateleurs	p
bates	pVti
batfishes	p
batfowled	iA
batfowlers	p
batfowling	NiA
batfowls	i
bathed	VtiA
bathes	pti
bathetically	v
bathing	NVtiA
bathings	V
batholiths	p
bathometers	p
bathoses	p
bathrobes	p
bathrooms	p
baths	V
bathtubs	p
bathymeters	p
bathymetries	p
bathyscaphes	p
bathyspheres	p
bathythermographs	p
batiks	p
bating	NVtiA
batistes	p
batons	p
batrachians	p
bats	pV
batswings	p
battalias	p
battalions	p
battas	p
batted	VA
batteled	iA
battelers	p
batteling	NiA
battels	i
battened	tiA
batteners	p
battening	NtiA
battens	pti
battered	VtiA
battering	NVtiA
batters	pVti
battiks	p
batting	NVA
battings	p
battled	iA
battledores	pV
battlefields	p
battlefronts	p
battlements	p
battlers	p
battles	pi
battleships	p
battling	NiA
battologies	p
batts	p
baubles	p
baudekins	p
baudronses	p
bauhinias	p
baulked	VA
baulkier	A
baulkiest	A
baulking	NVA
baulks	pV
bauxites	p
bavardages	p
bawbees	p
bawcocks	p
bawdies	p
bawdinesses	p
bawdries	p
bawds	p
bawled	iA
bawlers	p
bawling	NiA
bawls	pi
bayards	p
bayed	tiA
baying	NtiA
bayoneted	VA
bayoneting	NVA
bayonets	pV
bays	pti
baywoods	p
bazaars	p
bazookas	p
bazoos	p
bdelliums	p
beachboys	p
beachcombers	p
beached	VA
beaches	pV
beachheads	p
beachier	A
beachiest	A
beaching	NVA
beaconed	ViA
beaconing	NViA
beacons	pVi
beaded	tA
beadinesses	p
beading	NtA
beadings	p
beadledoms	p
beadles	p
beadrolls	p
beads	pt
beadworks	p
beagled	iA
beagles	pi
beagling	NiA
beaglings	p
beakers	p
beakier	A
beakiest	A
beaks	p
beamed	VtiA
beaming	NVtiA
beamishly	v
beams	pVti
beanbags	p
beaned	VtA
beanfeasts	p
beanies	p
beaning	NVtA
beanpoles	p
beans	pVt
beanshooters	p
beanstalks	p
bearbaitings	p
bearcats	p
bearded	tA
bearding	NtA
beards	pt
beardtongues	p
bearers	p
bearing	NViA
bearings	p
bearishnesses	p
bears	pVi
bearskins	p
bearwoods	p
beasties	p
beastlinesses	p
beasts	p
beaters	p
beatifications	p
beatified	VtA
beatifies	Vt
beatifying	NVtA
beating	NVtiA
beatings	p
beatitudes	p
beatniks	p
beats	pVti
beaus	p
beauteousnesses	p
beauticians	p
beautifications	p
beautified	VA
beautifiers	p
beautifies	V
beautifuler	A
beautifulest	A
beautifulnesses	p
beautifying	NVA
beauts	p
beavered	iA
beavering	NiA
beavers	pi
bebeerines	p
bebeerus	p
beboppers	p
bebops	p
becalmed	tA
becalming	NtA
becalms	t
bechanced	iA
bechances	i
bechancing	NiA
becharmed	tA
becharming	NtA
becharms	t
beckets	p
beckoned	VA
beckoners	p
beckoning	NVA
beckons	pV
becks	p
beclasped	tA
beclasping	NtA
beclasps	t
beclouded	tA
beclouding	NtA
beclouds	t
becomes	V
becoming	NVA
becomingnesses	p
becomings	p
becrawled	tA
becrawling	NtA
becrawls	t
bed	ViA
bedabbled	tA
bedabbles	t
bedabbling	NtA
bedashed	tA
bedashes	t
bedashing	NtA
bedaubed	tA
bedaubing	NtA
bedaubs	t
bedazzled	tA
bedazzlements	p
bedazzles	t
bedazzling	NtA
bedbugs	p
bedchambers	p
bedcovers	p
bedded	VA
bedders	p
bedding	NVA
beddings	p
bedecked	tA
bedecking	NtA
bedecks	t
bedeguars	p
bedels	p
bedeviled	VA
bedeviling	NVA
bedevilled	VA
bedevilling	NVA
bedevilments	p
bedevils	V
bedewed	tA
bedewing	NtA
bedews	t
bedfellows	p
bedframes	p
bedighted	VA
bedighting	NVA
bedights	V
bedimmed	VA
bedimming	NVA
bedims	V
bedizened	tA
bedizening	NtA
bedizenments	p
bedizens	t
bedlamites	p
bedlamps	p
bedlams	p
bedmakers	p
bedmates	p
bedpans	p
bedplates	p
bedposts	p
bedquilts	p
bedraggled	tA
bedraggles	t
bedraggling	NtA
bedrails	p
bedrenched	tA
bedrenches	t
bedrenching	NtA
bedrocks	p
bedrolls	p
bedrooms	p
beds	pV
bedsides	p
bedsitters	p
bedsocks	p
bedsores	p
bedspreads	p
bedsprings	p
bedstands	p
bedsteads	p
bedstraws	p
bedticks	p
bedtimes	p
bedwarmers	p
beebreads	p
beeches	p
beechier	A
beechiest	A
beechnuts	p
beedis	p
beefburgers	p
beefcakes	p
beefeaters	p
beefed	tiA
beefinesses	p
beefing	NtiA
beefs	pti
beefsteaks	p
beefwoods	p
beehives	p
beekeepers	p
beekeepings	p
beelines	p
beeped	VA
beepers	p
beeping	NVA
beeps	pV
beerily	v
beerinesses	p
beers	p
bees	p
beeswaxed	tA
beeswaxes	pt
beeswaxing	NtA
beeswings	p
beetled	tiA
beetleheads	p
beetler	A
beetlers	p
beetles	pti
beetling	NtiA
beetlings	V
beetroots	p
beets	p
beezers	p
befalling	NVtiA
befalls	Vti
befits	V
befitted	VA
befitting	NVA
beflagged	tA
beflagging	NtA
beflags	t
befogged	VA
befogging	NVA
befogs	V
befooled	tA
befooling	NtA
befools	t
befouled	tA
befoulers	p
befouling	NtA
befoulments	p
befouls	t
befriended	tA
befriending	NtA
befriends	t
befuddled	tA
befuddlements	p
befuddles	t
befuddling	NtA
begemmed	tA
begemming	NtA
begems	t
begets	Vt
begetting	NVtA
beggardoms	p
beggared	tA
beggaring	NtA
beggarlinesses	p
beggars	pt
beggarweeds	p
begged	ViA
begging	NViA
beggings	V
beginners	p
beginning	NVA
beginnings	p
begins	V
begirded	VA
begirding	NVA
begirds	V
begonias	p
begrimed	tA
begrimes	t
begriming	NtA
begrudged	tA
begrudges	t
begrudging	NtA
begs	pVi
beguiled	VA
beguilements	p
beguilers	p
beguiles	V
beguiling	NVA
beguines	p
begums	p
behaved	iA
behaves	i
behaving	NiA
behaviorisms	p
behaviorists	p
behaviors	p
behaviours	p
beheadals	p
beheaded	tA
beheaders	p
beheading	NtA
beheads	t
behemoths	p
behests	p
behinds	p
beholders	p
beholding	NVA
beholds	V
behoofs	p
behooved	tiA
behooves	ti
behooving	NtiA
behoved	tA
behoves	t
behoving	NtA
beigels	p
beiges	p
being	NViA
beings	p
bejels	p
bejeweled	VA
bejeweling	NVA
bejewelled	VA
bejewelling	NVA
bejewels	V
belabored	tA
belaboring	NtA
belabors	t
belaboured	tA
belabouring	NtA
belabours	t
belahs	p
belatednesses	p
belauded	tA
belauding	NtA
belauds	t
belayed	VA
belaying	NVA
belays	pV
belched	VA
belchers	p
belches	pV
belching	NVA
beldams	p
beleaguered	tA
beleaguering	NtA
beleaguers	t
belemnites	p
belgas	p
belied	VA
beliefs	p
beliers	p
belies	V
believabilities	p
believed	tiA
believers	p
believes	ti
believing	NtiA
belittled	tA
belittlements	p
belittlers	p
belittles	t
belittling	NtA
belladonnas	p
bellarmines	p
bellbirds	p
bellboys	p
belled	VtA
belles	p
belletrists	p
bellflowers	p
bellhops	p
bellicosenesses	p
bellicosities	p
bellied	VA
bellies	V
belligerences	p
belligerencies	p
belligerents	p
belling	NVtA
bellowed	iA
bellowers	p
bellowing	NiA
bellows	pi
bellpulls	p
bells	pVt
bellwethers	p
bellworts	p
bellyached	iA
bellyachers	p
bellyaches	pi
bellyaching	NiA
bellybands	p
bellybuttons	p
bellying	NVA
bellyings	V
belomancies	p
belonged	iA
belonging	NiA
belongs	i
beloved	tA
beloveds	p
beloves	t
beloving	NtA
bels	p
belted	tiA
belting	NtiA
beltings	p
beltlines	p
belts	pti
beltways	p
belugas	p
belvederes	p
belying	NVA
bemas	p
bemeaned	VA
bemeaning	NVA
bemeans	V
bemired	tA
bemires	t
bemiring	NtA
bemoaned	VA
bemoaning	NVA
bemoans	V
bemocked	tA
bemocking	NtA
bemocks	t
bemuddled	tA
bemuddles	t
bemuddling	NtA
bemused	tA
bemusements	p
bemuses	t
bemusing	NtA
benamed	VA
benames	V
benaming	NVA
benched	tA
benchers	p
benches	pt
benching	NtA
benchmarked	tA
benchmarking	NtA
benchmarks	pt
benchwarmers	p
bended	VtiA
benders	p
bendier	A
bendiest	A
bending	NVtiA
bendlets	p
bends	Vti
benedicites	p
benedictions	p
benedicts	p
benefactions	p
benefactors	p
beneficed	tA
beneficences	p
benefices	pt
beneficialnesses	p
beneficiated	tA
beneficiates	t
beneficiating	NtA
beneficing	NtA
benefiters	p
benefits	p
benempted	VA
benes	p
benevolences	p
benevolentnesses	p
bengalines	p
benightedly	v
benightednesses	p
benignancies	p
benisons	p
benjamins	p
bennes	p
bennets	p
bens	p
benthoses	p
bentonites	p
bents	p
bentwoods	p
benumbed	tA
benumbing	NtA
benumbments	p
benumbs	t
benzaldehydes	p
benzenes	p
benzidines	p
benzines	p
benzoates	p
benzocaines	p
benzofurans	p
benzoins	p
benzols	p
benzophenones	p
benzoyls	p
benzyls	p
bepainted	tA
bepainting	NtA
bepaints	t
bequeathals	p
bequeathed	tA
bequeathers	p
bequeathing	NtA
bequeathments	p
bequeaths	t
bequests	p
berascaled	tA
berascaling	NtA
berascals	t
berated	tA
berates	t
berating	NtA
berberines	p
berberises	p
berdaches	p
bereaved	tA
bereavements	p
bereavers	p
bereaves	t
bereaving	NtA
berettas	p
bergamots	p
bergs	p
bergschrunds	p
berhymed	tA
berhymes	t
berhyming	NtA
beriberis	p
berimed	tA
berimes	t
beriming	NtA
berkeliums	p
berks	p
berlins	p
berms	p
berrettas	p
berried	ViA
berries	Vi
berrying	NViA
berryings	V
berseems	p
berserker	A
berserkers	p
berserkly	v
berserks	p
berthas	p
berthed	tiA
berthing	NtiA
berths	pti
berylliums	p
beryls	p
bes	Vi
bescreened	tA
bescreening	NtA
bescreens	t
beseechers	p
beseeches	V
beseeching	NVA
beseechings	V
beseemed	VA
beseeming	NVA
beseems	V
besetments	p
besets	V
besetters	p
besetting	NVA
beshrewed	tA
beshrewing	NtA
beshrews	t
besieged	tA
besiegements	p
besiegers	p
besieges	t
besieging	NtA
besiegings	t
besmeared	tA
besmearing	NtA
besmears	t
besmirched	tA
besmirchers	p
besmirches	t
besmirching	NtA
besomed	tA
besoming	NtA
besoms	pt
besots	t
besotted	tA
besotting	NtA
bespangled	tA
bespangles	t
bespangling	NtA
bespattered	tA
bespattering	NtA
bespatters	t
bespeaking	NVA
bespeaks	V
bespreading	NVA
bespreads	V
besprinkled	tA
besprinkles	t
besprinkling	NtA
besteaded	VA
besteading	NVA
besteads	V
bested	tA
bestialised	tA
bestialises	t
bestialising	NtA
bestialized	tA
bestializes	t
bestializing	NtA
besting	NtA
bestirred	VA
bestirring	NVA
bestirs	V
bestowals	p
bestowed	tA
bestowing	NtA
bestowments	p
bestows	t
bestraddled	tA
bestraddles	t
bestraddling	NtA
bestrewed	VA
bestrewing	NVA
bestrews	V
bestrides	t
bestriding	NtA
bestrowed	tA
bestrowing	NtA
bestrows	t
bests	pt
bestsellerdoms	p
bestudded	tA
bestudding	NtA
bestuds	t
betaines	p
betakes	V
betaking	NVA
betas	p
betatrons	p
betels	p
betes	t
bethels	p
bethinking	NVtA
bethinks	Vt
beths	p
betided	VA
betides	V
betiding	NVA
betokened	tA
betokening	NtA
betokens	t
betrayals	p
betrayed	tA
betrayers	p
betraying	NtA
betrays	t
betrothals	p
betrothed	tA
betrotheds	p
betrothing	NtA
betroths	t
bets	pV
bettas	p
bettered	VtA
bettering	NVtA
betterments	p
betters	pVt
betting	NVA
bettings	V
bettors	p
betweenbrains	p
betweennesses	p
bevatrons	p
beveled	VA
bevelers	p
beveling	NVA
bevelings	V
bevelled	VA
bevelling	NVA
bevellings	V
bevels	pV
beverages	p
bevers	pi
bevvies	p
bewailed	VA
bewailing	NVA
bewailments	p
bewails	V
bewared	VA
bewares	V
bewaring	NVA
beweeping	NtA
beweeps	t
bewildered	tA
bewildering	NtA
bewilderments	p
bewilders	t
bewitched	tA
bewitcheries	p
bewitchers	p
bewitches	t
bewitching	NtA
bewitchments	p
bewrayed	tA
bewrayers	p
bewraying	NtA
bewrays	t
beyonds	p
bezants	p
bezels	p
beziques	p
bezoars	p
bezzants	p
bhaktas	p
bhaktis	p
bhangs	p
bharals	p
bhuts	p
biacetyls	p
bialies	p
biased	VtA
biases	pVt
biasing	NVtA
biathlons	p
biaxialities	p
bibbed	VA
bibbers	p
bibbing	NVA
bibbs	p
bibcocks	p
bibliographers	p
bibliolaters	p
bibliolatries	p
bibliolatrists	p
bibliologists	p
bibliomancies	p
bibliomaniacs	p
bibliomanias	p
bibliopegies	p
bibliopegists	p
bibliophiles	p
bibliophilies	p
bibliophilisms	p
bibliopoles	p
bibliotherapies	p
bibliotists	p
bibs	pV
bibulousnesses	p
bicameralisms	p
bicameralists	p
bicarbonates	p
bicarbs	p
bicentennials	p
bices	p
bichlorides	p
bichromates	p
bickered	iA
bickerers	p
bickering	NiA
bickers	pi
biconcavities	p
biconditionals	p
bicornes	p
bicorns	p
bicrons	p
bicuspids	p
bicycled	iA
bicyclers	p
bicycles	pi
bicycling	NiA
bicyclists	p
bidarkas	p
biddabilities	p
biddablenesses	p
bidding	NVA
biddings	p
biders	p
bides	Vt
bidets	p
biding	NVtA
bidirectionally	v
bidis	p
bids	pV
bields	p
biennials	p
bierkellers	p
biers	p
bifacially	v
biffed	tA
biffing	NtA
biffins	p
biffs	pt
bifidities	p
bifurcated	VA
bifurcates	V
bifurcating	NVA
bifurcations	p
bigamists	p
bigarreaus	p
bigeners	p
bigeyes	p
bigged	tA
bigging	NtA
biggings	pt
biggins	p
biggs	pt
bigheads	p
bighted	tA
bighting	NtA
bights	pt
bignesses	p
bignonias	p
bigots	p
bigwigs	p
bijections	p
bijous	p
bijouteries	p
biked	VA
bikes	pV
bikies	p
biking	NVA
bikinis	p
bilabially	v
bilabials	p
bilanders	p
bilateralisms	p
bilateralnesses	p
bilbos	p
bilections	p
biles	p
bilged	tiA
bilges	pti
bilging	NtiA
bilharzias	p
bilingualisms	p
bilinguals	p
bilinguists	p
biliousnesses	p
bilirubins	p
biliverdins	p
bilked	tA
bilkers	p
bilking	NtA
bilks	pt
billabongs	p
billboards	p
billbugs	p
billed	tiA
billers	p
billeted	tA
billeters	p
billeting	NtA
billets	pt
billfishes	p
billfolds	p
billheads	p
billhooks	p
billiards	p
billing	NtiA
billings	p
billingsgates	p
billionaires	p
billions	p
billionths	p
billons	p
billowed	VA
billowinesses	p
billowing	NVA
billows	pV
billposters	p
billpostings	p
bills	pti
billyboys	p
billycocks	p
bilocations	p
bilsteds	p
biltongs	p
bimahs	p
bimesters	p
bimetallisms	p
bimetallists	p
bimethyls	p
bimillenaries	p
bimodalities	p
bimonthlies	p
bimorphs	p
binaurally	v
binders	p
binding	NVtiA
bindingnesses	p
bindings	p
bindles	p
binds	pVti
bindweeds	p
bines	p
bing	NViA
binged	iA
binges	p
binghis	p
bingles	p
bingos	p
bings	pi
binnacles	p
binned	VA
binning	NVA
binocles	p
binocularities	p
binomials	p
bins	pV
bints	p
binturongs	p
bioassayed	tA
bioassaying	NtA
bioassays	pt
biocatalysts	p
biochemicals	p
biochemistries	p
biochemists	p
biocides	p
bioclimatologies	p
biocycles	p
bioelectricities	p
bioengineerings	p
biofeedbacks	p
bioflavonoids	p
biogens	p
biogeochemistries	p
biogeographies	p
biographees	p
biographers	p
biogs	p
bioherms	p
biologicals	p
biologies	p
biologisms	p
biologists	p
bioluminescences	p
biomasses	p
biomedicines	p
biomes	p
biometers	p
biometricians	p
biometries	p
bionically	v
bionomies	p
biophysicists	p
bioplasms	p
bioscopes	p
biosocially	v
biospheres	p
biostromes	p
biotas	p
biotechnologies	p
biotically	v
biotins	p
biotites	p
biotopes	p
biotypes	p
bipacks	p
bipartisanisms	p
bipartisanships	p
bipartitions	p
bipedally	v
bipeds	p
biphenyls	p
bipinnarias	p
biplanes	p
bipods	p
bipolarities	p
bipropellants	p
bipyramids	p
biquadratics	p
biracialisms	p
biracially	v
birched	tA
birches	pt
birching	NtA
birdbrains	p
birdcages	p
birders	p
birdies	p
birdlimed	tA
birdlimes	pt
birdliming	NtA
birds	p
birdseeds	p
birefringences	p
biremes	p
birettas	p
birianis	p
birks	pt
birled	VtiA
birles	ti
birling	NVtiA
birlings	pV
birls	pV
birred	VA
birring	NVA
birrs	pV
birses	p
birthdays	p
birthed	tA
birthing	NtA
birthmarks	p
birthnights	p
birthplaces	p
birthrights	p
birthroots	p
births	pt
birthstones	p
birthworts	p
bis	p
biscuits	p
bisected	tA
bisecting	NtA
bisections	p
bisectors	p
bisects	t
bises	p
bisexualisms	p
bisexualities	p
bisexuals	p
bishes	p
bishoprics	p
bishops	p
bisks	p
bismuths	p
bisnagas	p
bisques	p
bissextiles	p
bisters	p
bistorts	p
bistres	p
bisulfates	p
bisulfides	p
bisulfites	p
bitartrates	p
bitched	VtiA
bitcheries	p
bitches	pVti
bitchily	v
bitchinesses	p
bitching	NVtiA
biters	p
bites	pVti
bitewings	p
biting	NVtiA
bits	pVt
bitstocks	p
bitted	VtA
bittered	VA
bitterenders	p
bitterer	A
bitterest	A
bittering	NVA
bitterlings	p
bitternesses	p
bitterns	p
bitternuts	p
bitterroots	p
bitters	V
bittersweetly	v
bittersweets	p
bitterweeds	p
bitterwoods	p
bittier	A
bittiest	A
bitting	NVtA
bittings	pV
bittocks	p
bitts	pt
bitumens	p
bituminisations	p
bituminised	tA
bituminises	t
bituminising	NtA
bituminized	tA
bituminizes	t
bituminizing	NtA
biuniquenesses	p
bivalences	p
bivalencies	p
bivalents	p
bivalves	p
bivinyls	p
bivouacs	pV
bivvies	p
biweeklies	p
bizarrenesses	p
bizes	p
biznagas	p
bizones	p
blabbed	ViA
blabbered	iA
blabbering	NiA
blabbers	pi
blabbing	NViA
blabbings	V
blabs	pVi
blackamoors	p
blackballed	tA
blackballers	p
blackballing	NtA
blackballs	pt
blackberries	V
blackberrying	NVA
blackbirded	tA
blackbirders	p
blackbirding	NtA
blackbirdings	p
blackbirds	pt
blackboards	p
blackboys	p
blackbucks	p
blackcaps	p
blackcocks	p
blackcurrants	p
blackdamps	p
blacked	VtA
blackened	VtA
blackeners	p
blackening	NVtA
blackens	Vt
blacker	A
blackest	A
blackfaces	p
blackfellows	p
blackfins	p
blackfishes	p
blackflies	p
blackguarded	tiA
blackguarding	NtiA
blackguardisms	p
blackguards	pti
blackheads	p
blackhearts	p
blacking	NVtA
blackings	p
blackjacked	tA
blackjacking	NtA
blackjacks	pt
blacklegged	VA
blacklegging	NVA
blacklegs	pV
blacklisted	tA
blacklisting	NtA
blacklists	pt
blackmailed	tA
blackmailers	p
blackmailing	NtA
blackmails	pt
blacknesses	p
blackouts	pVti
blackpolls	p
blacks	pVt
blacksmiths	p
blacksnakes	p
blacktails	p
blackthorns	p
blacktops	p
blackwoods	p
bladdernoses	p
bladdernuts	p
bladders	p
bladderworts	p
blades	p
blagues	p
blahed	iA
blahing	NiA
blahs	pi
blains	p
blamed	tA
blamefulnesses	p
blamelessnesses	p
blamers	p
blames	pt
blameworthinesses	p
blaming	NtA
blanched	VtA
blanchers	p
blanches	Vt
blanching	NVtA
blancmanges	p
blander	A
blandest	A
blandished	tA
blandishers	p
blandishes	t
blandishing	NtA
blandnesses	p
blanked	tA
blanker	A
blankest	A
blanketed	tA
blanketing	NtA
blanketings	p
blankets	pt
blanking	NtA
blanknesses	p
blanks	pt
blanquettes	p
blared	VA
blares	pV
blaring	NVA
blarneyed	VA
blarneying	NVA
blarneys	pV
blasphemed	tiA
blasphemers	p
blasphemes	ti
blaspheming	NtiA
blasphemousnesses	p
blasted	VtA
blasters	p
blastier	A
blasties	p
blastiest	A
blasting	NVtA
blastings	p
blastments	p
blastocoels	p
blastocysts	p
blastoderms	p
blastodisks	p
blastoffs	pV
blastomas	p
blastomeres	p
blastopores	p
blastospheres	p
blasts	pVt
blatancies	p
blathered	iA
blathering	NiA
blathers	pi
blatherskites	p
blats	Vti
blatted	VtiA
blatting	NVtiA
blazed	VtiA
blazers	p
blazes	Vti
blazing	NVtiA
blazoned	tA
blazoners	p
blazoning	NtA
blazonments	p
blazonries	p
blazons	pt
bleached	VA
bleaches	pV
bleaching	NVA
bleaker	A
bleakest	A
bleaknesses	p
bleaks	p
bleared	tA
blearinesses	p
blearing	NtA
blears	t
bleated	iA
bleaters	p
bleating	NiA
bleats	pi
blebs	p
bleeders	p
bleeding	NVtiA
bleeds	pVti
bleeped	tiA
bleeping	NtiA
bleeps	pti
blellums	p
blemished	tA
blemishers	p
blemishes	pt
blemishing	NtA
blenched	ViA
blenchers	p
blenches	Vi
blenching	NViA
blended	VtiA
blenders	p
blendes	p
blending	NVtiA
blendings	V
blends	pVti
blepharospasms	p
blessed	VA
blesseder	A
blessedest	A
blessednesses	p
blessers	p
blesses	V
blessing	NVA
blessings	p
blets	p
blewitses	p
blighted	VtA
blighters	p
blighting	NVtA
blights	pVt
blimps	p
blindages	p
blinded	ViA
blinder	A
blindest	A
blindfolded	tA
blindfolding	NtA
blindfolds	pt
blinding	NViA
blindings	p
blindnesses	p
blinds	pVi
blindworms	p
blinkards	p
blinked	VtiA
blinking	NVtiA
blinks	pVti
blinkses	p
blintzes	p
blipped	VA
blipping	NVA
blips	pV
blisses	p
blissfulnesses	p
blistered	VtA
blistering	NVtA
blisters	pVt
blithenesses	p
blither	A
blithered	iA
blithering	NiA
blithers	i
blithesomenesses	p
blithest	A
blitzed	tA
blitzes	pt
blitzing	NtA
blitzkriegs	p
blizzards	p
bloated	VtA
bloaters	p
bloating	NVtA
bloats	pVt
blobbed	VA
blobbing	NVA
blobs	pV
blockaded	VA
blockaders	p
blockades	pV
blockading	NVA
blockages	p
blockbusters	p
blockbustings	p
blocked	ViA
blockers	p
blockheads	p
blocking	NViA
blockishnesses	p
blocks	pVi
blocs	p
blokes	p
blonder	A
blondes	p
blondest	A
blondnesses	p
blonds	p
bloodcurdlingly	v
blooded	tA
bloodfins	p
bloodguiltinesses	p
bloodhounds	p
bloodied	VA
bloodies	V
bloodinesses	p
blooding	NtA
bloodings	p
bloodlessnesses	p
bloodletters	p
bloodlettings	p
bloodlines	p
bloodmobiles	p
bloodroots	p
bloods	pt
bloodsheds	p
bloodstains	p
bloodstocks	p
bloodstones	p
bloodstreams	p
bloodsuckers	p
bloodthirstier	A
bloodthirstiest	A
bloodthirstinesses	p
bloodworms	p
bloodworts	p
bloodying	NVA
bloomed	tiA
blooming	NtiA
blooms	pti
bloopers	p
blossomed	iA
blossoming	NiA
blossoms	pi
blotched	ViA
blotches	pVi
blotchily	v
blotching	NViA
blots	pV
blotted	VA
blotters	p
blottier	A
blottiest	A
blotting	NVA
blottings	V
bloused	VA
blouses	pV
blousing	NVA
blousons	p
blowballs	p
blowed	VtiA
blowers	p
blowfishes	p
blowguns	p
blowhards	p
blowholes	p
blowies	p
blowing	NVtiA
blowlamps	p
blowoffs	p
blowouts	p
blowpipes	p
blows	pVti
blowtorches	p
blowtubes	p
blowups	p
blubbered	VA
blubberer	A
blubberers	p
blubbering	NVA
blubbers	pV
bluchers	p
bludged	ViA
bludgeoned	tA
bludgeoners	p
bludgeoning	NtA
bludgeons	pt
bludges	pVi
bludging	NViA
bluebells	p
bluebills	p
bluebirds	p
bluebonnets	p
bluebooks	p
bluebottles	p
bluecoats	p
bluefishes	p
bluegills	p
bluegrasses	p
blueheads	p
bluejackets	p
bluejacks	p
bluenesses	p
bluenoses	p
bluepoints	p
blueprinted	tA
blueprinting	NtA
blueprints	pt
bluestems	p
bluestockings	p
bluestones	p
bluethroats	p
blueticks	p
bluetits	p
bluetongues	p
bluets	p
blueweeds	p
bluewoods	p
blueys	p
bluffed	VA
bluffer	A
bluffers	p
bluffest	A
bluffing	NVA
bluffnesses	p
bluffs	pV
bluings	pV
bluishnesses	p
blunderbusses	p
blundered	VtA
blunderers	p
blundering	NVtA
blunders	pVt
blunged	tA
blungers	p
blunges	t
blunging	NtA
blunted	tA
blunter	A
bluntest	A
blunting	NtA
bluntnesses	p
blunts	t
blurbists	p
blurbs	p
blurred	VtA
blurrier	A
blurriest	A
blurrily	v
blurring	NVtA
blurs	pVt
blurted	tA
blurting	NtA
blurts	t
blushed	iA
blushers	p
blushes	pi
blushing	NiA
blushlessly	v
blustered	VtiA
blusterers	p
blustering	NVtiA
blusters	pVti
blypes	p
boarded	VtiA
boarders	p
boarding	NVtiA
boardings	p
boardrooms	p
boards	pVti
boardwalks	p
boarfishes	p
boarhounds	p
boarishnesses	p
boars	p
boarts	p
boas	p
boasted	tiA
boasters	p
boastfulnesses	p
boasting	NtiA
boasts	pti
boatbills	p
boatbuilders	p
boated	tiA
boatels	p
boaters	p
boathooks	p
boating	NtiA
boatings	p
boatloads	p
boatmanships	p
boats	pti
boatswains	p
boattails	p
boatyards	p
bobbed	ViA
bobbers	p
bobbinets	p
bobbing	NViA
bobbins	p
bobbled	VA
bobbles	pV
bobbling	NVA
bobbysoxers	p
bobolinks	p
bobs	pVi
bobsledded	iA
bobsledders	p
bobsledding	NiA
bobsleddings	p
bobsleds	pi
bobsleighs	pi
bobstays	p
bobtailed	tA
bobtailing	NtA
bobtails	pt
bobwhites	p
bocages	p
boccies	p
boded	VtA
bodements	p
bodes	Vt
bodged	VA
bodges	V
bodgies	p
bodging	NVA
bodices	p
bodied	VtA
bodies	Vt
boding	NVtA
bodings	pV
bodkins	p
bods	p
bodychecked	tA
bodychecking	NtA
bodychecks	pt
bodyguards	p
bodying	NVtA
bodyworks	p
boffins	p
boffs	p
bogans	p
bogbeans	p
bogeyed	VA
bogeying	NVA
bogeys	V
boggarts	p
boggier	A
boggiest	A
bogginesses	p
boggled	iA
bogglers	p
boggles	i
boggling	NiA
bogles	p
bogongs	p
bogs	p
bogtrotters	p
bogued	iA
bogues	i
boguing	NiA
bogusly	v
bogwoods	p
boheas	p
bohunks	p
boiled	ViA
boilermakers	p
boilerplates	p
boilers	p
boiling	NViA
boils	pVi
boiseries	p
boisterousnesses	p
bolases	p
bolder	A
boldest	A
boldfaced	tA
boldfaces	pt
boldfacing	NtA
boldnesses	p
bolds	p
bolections	p
boles	p
bolides	p
bolivars	p
bollards	p
bollixed	tA
bollixes	t
bollixing	NtA
bollocks	p
bolls	p
bollworms	p
bolognas	p
bolometers	p
bolsons	p
bolstered	tA
bolsterers	p
bolstering	NtA
bolsters	pt
bolted	tiA
bolters	p
boltheads	p
bolting	NtiA
boltonias	p
boltropes	p
bolts	pti
bomas	p
bombarded	VtA
bombarders	p
bombardiers	p
bombarding	NVtA
bombardments	p
bombardons	p
bombards	pVt
bombasts	p
bombazines	p
bombed	ViA
bomber	A
bombers	p
bombing	NViA
bombloads	p
bomboras	p
bombs	pVi
bombshells	p
bombsights	p
bombycids	p
bonanzas	p
bonces	p
bondages	p
bonded	VA
bonders	p
bondholders	p
bonding	NVA
bondmaids	p
bonds	pV
bondservants	p
bondstones	p
boneblacks	p
boneheadednesses	p
boneheads	p
boners	p
bones	pV
bonesets	p
bonesetters	p
boneshakers	p
boneyards	p
bonfires	p
bonged	VA
bonging	NVA
bongraces	p
bongs	pV
bonhomies	p
boninesses	p
boning	NVA
bonings	V
bonitos	p
bonnets	p
bonninesses	p
bonnyclabbers	p
bonsais	p
bonspiels	p
bonzes	p
boobed	iA
boobing	NiA
boobooks	p
boobs	pi
boodled	VA
boodlers	p
boodles	pV
boodling	NVA
booed	VA
boogied	VA
boogies	pV
boogying	NVA
boohooed	VA
boohooing	NVA
boohoos	p
booing	NVA
bookbinders	p
bookbindings	p
bookcases	p
booked	VtA
bookies	p
booking	NVtA
bookings	p
bookishnesses	p
bookkeepers	p
bookkeepings	p
booklets	p
bookmakers	p
bookmakings	p
bookmarks	p
bookmobiles	p
bookplates	p
bookracks	p
bookrests	p
books	pVt
booksellers	p
bookstalls	p
bookstands	p
bookstores	p
bookworks	p
bookworms	p
boomed	VA
boomeranged	iA
boomeranging	NiA
boomerangs	pi
boomers	p
booming	NVA
boomkins	p
boomlets	p
booms	pV
boondoggled	iA
boondogglers	p
boondoggles	pi
boondoggling	NiA
boongs	p
boons	p
boorishnesses	p
boors	p
boos	V
boosted	tA
boosters	p
boosting	NtA
boosts	pt
bootblacks	p
booted	VtA
bootees	p
booths	p
booting	NVtA
bootjacks	p
bootlaces	p
bootlegged	VA
bootlegger	A
bootleggers	p
bootlegging	NVA
bootlegs	pV
bootlessnesses	p
bootlicked	VA
bootlickers	p
bootlicking	NVA
bootlicks	V
boots	pVt
bootses	p
bootstraps	p
boozed	VA
boozers	p
boozes	pV
boozing	NVA
bopped	VA
boppers	p
bopping	NVA
bops	pV
boracites	p
borages	p
borals	p
boranes	p
boras	p
borated	VtA
borates	pVt
borating	NVtA
boraxes	p
bordels	p
bordered	tA
borderers	p
bordering	NtA
borderlands	p
borderlines	p
borders	pt
bordures	p
borecoles	p
bored	VtiA
boredoms	p
boreholes	p
borers	p
bores	pVti
borides	p
boring	NVtiA
boringly	v
borings	p
borneols	p
bornites	p
borohydrides	p
boronias	p
borons	p
borosilicates	p
boroughs	p
borrelias	p
borrowed	ViA
borrowers	p
borrowing	NViA
borrowings	p
borrows	pVi
bors	p
borschts	p
borstals	p
borts	p
boscages	p
boshes	p
boskages	p
boskets	p
boskinesses	p
bosks	p
bosomed	tA
bosomier	A
bosomiest	A
bosoming	NtA
bosoms	pt
bosons	p
bosquets	p
bossed	VtA
bosser	A
bosses	pVt
bossily	v
bossinesses	p
bossing	NVtA
bossisms	p
bostons	p
botanicals	p
botanised	tiA
botanises	ti
botanising	NtiA
botanists	p
botanized	tiA
botanizers	p
botanizes	ti
botanizing	NtiA
botargos	p
botched	tA
botcheries	p
botchers	p
botches	pt
botchinesses	p
botching	NtA
botels	p
botherations	p
bothered	tA
bothering	NtA
bothers	pt
bothies	p
bothriums	p
botrytises	p
bots	pVi
bottes	p
bottlebrushes	p
bottled	tA
bottlenecked	tA
bottlenecking	NtA
bottlenecks	pt
bottlenoses	p
bottlers	p
bottles	pt
bottling	NtA
bottlings	V
bottomed	tiA
bottomer	A
bottoming	NtiA
bottomlessnesses	p
bottoms	pti
botts	p
botulins	p
botulisms	p
boudoirs	p
bouffants	p
bouffes	p
bougainvilleas	p
boughpots	p
boughs	p
bougies	p
bouillabaisses	p
bouillons	p
bouks	p
boulderings	p
boulders	p
boulevards	p
bouleversements	p
boulles	p
boulted	VA
boulting	NVA
boults	V
bounced	tiA
bouncers	p
bounces	pti
bouncier	A
bounciest	A
bouncily	v
bouncing	NtiA
bounded	VtA
boundednesses	p
bounder	A
bounders	p
bounding	NVtA
boundlessnesses	p
bounds	Vt
bounteousnesses	p
bountifulnesses	p
bouquets	p
bourbons	p
bourdons	p
bourgeoisies	p
bourgeoned	VA
bourgeoning	NVA
bourgeons	pV
bourtrees	p
boused	tA
bouses	t
bousing	NtA
boutiques	p
bouts	p
bouvardias	p
bouzoukis	p
bovates	p
bovids	p
bovines	p
bovinities	p
bowdlerisations	p
bowdlerised	tA
bowdlerises	t
bowdlerising	NtA
bowdlerisms	p
bowdlerizations	p
bowdlerized	tA
bowdlerizes	t
bowdlerizing	NtA
bowed	VtiA
bowels	p
bowerbirds	p
bowers	p
bowfins	p
bowheads	p
bowing	NVtiA
bowings	p
bowknots	p
bowled	VtiA
bowlegs	p
bowlers	p
bowlines	p
bowling	NVtiA
bowlings	p
bowls	Vti
bowpots	p
bows	pVti
bowsed	VA
bowsers	p
bowses	V
bowshots	p
bowsing	NVA
bowsprits	p
bowstrings	p
bowwows	p
bowyers	p
boxballs	p
boxboards	p
boxcars	p
boxed	tiA
boxers	p
boxes	pti
boxhauled	VA
boxhauling	NVA
boxhauls	V
boxing	NtiA
boxings	p
boxrooms	p
boxthorns	p
boxwoods	p
boyarisms	p
boyars	p
boycotted	tA
boycotters	p
boycotting	NtA
boycotts	pt
boyfriends	p
boyhoods	p
boyishnesses	p
boylas	p
boys	p
brabbled	VA
brabblers	p
brabbles	pV
brabbling	NVA
braced	VA
bracers	p
braces	V
braches	p
brachiated	ViA
brachiates	Vi
brachiating	NViA
brachiations	p
brachiators	p
brachiopods	p
brachiosauruses	p
brachycephalies	p
brachycephalisms	p
brachydactylias	p
brachydomes	p
brachyurans	p
bracing	NVA
bracings	p
brackens	p
bracketed	tA
bracketing	NtA
brackets	pt
brackishnesses	p
braconids	p
bracteates	p
bracteoles	p
bracts	p
bradawls	p
bradoons	p
brads	p
bradycardias	p
bradykinins	p
braes	p
braggarts	p
bragged	VA
braggers	p
bragging	NVA
braggings	V
brags	pV
braided	tA
braiders	p
braiding	NtA
braidings	p
braids	pt
brailed	tA
brailing	NtA
brails	pt
brained	tA
brainily	v
braininesses	p
braining	NtA
brainlessnesses	p
brainpans	p
brainpowers	p
brains	pt
brainsicknesses	p
brainstormings	p
brainstorms	p
brainwashed	tA
brainwashers	p
brainwashes	t
brainwashing	NtA
brainwashings	p
brainworks	p
braised	VA
braises	V
braising	NVA
brakeages	p
braked	VtA
brakes	pVt
braking	NVtA
brambled	iA
brambles	pi
brambling	NiA
bramblings	p
branched	iA
branches	pi
branching	NiA
branchings	p
branchiopods	p
branded	tA
brandered	tA
brandering	NtA
branders	pt
branding	NtA
brandished	tA
brandishers	p
brandishes	pt
brandishing	NtA
brandlings	p
brandreths	p
brands	pt
brangled	iA
brangles	pi
brangling	NiA
branglings	V
branners	p
brannigans	p
brans	p
brants	p
bras	p
brasher	A
brashes	p
brashest	A
brashnesses	p
brasiers	p
brasilins	p
brasils	p
brassages	p
brassards	p
brassbounder	A
brasses	p
brassicas	p
brassieres	p
brassinesses	p
brasswares	p
brats	p
bratticed	tA
brattices	pt
bratticing	NtA
bratticings	V
brattishings	p
brattled	iA
brattles	pi
brattling	NiA
brattlings	V
bratwursts	p
braunites	p
bravas	p
braved	tA
bravenesses	p
braves	pt
braving	NtA
bravos	p
bravuras	p
brawer	A
brawest	A
brawled	iA
brawlers	p
brawling	NiA
brawls	pi
brawnier	A
brawniest	A
brawninesses	p
brawns	p
braxies	p
brayed	tiA
brayers	p
braying	NtiA
brays	pti
brazed	tA
brazened	tA
brazening	NtA
brazennesses	p
brazens	t
brazers	p
brazes	t
braziers	p
brazileins	p
brazilins	p
brazils	p
brazilwoods	p
brazing	NtA
breached	tiA
breachers	p
breaches	pti
breaching	NtiA
breadbaskets	p
breadboards	p
breaded	tA
breadfruits	p
breading	NtA
breadlines	p
breadnuts	p
breadroots	p
breads	pt
breadstuffs	p
breadths	p
breadwinners	p
breadwinnings	p
breakablenesses	p
breakables	p
breakages	p
breakaways	pVi
breakdowns	p
breakers	p
breakfasted	VA
breakfasters	p
breakfasting	NVA
breakfasts	pV
breaking	NVtiA
breakings	p
breakouts	p
breakpoints	p
breaks	pVti
breakthroughs	p
breakups	p
breakwaters	pV
breamed	VA
breaming	NVA
breams	V
breastbones	p
breasted	tA
breasting	NtA
breastpins	p
breastplates	p
breasts	pt
breaststrokes	p
breastsummers	p
breastworks	p
breathalysed	tA
breathalyses	t
breathalysing	NtA
breathed	VtiA
breathers	p
breathes	Vti
breathily	v
breathinesses	p
breathing	NVtiA
breathings	p
breathlessnesses	p
breaths	p
breathtakingly	v
breccias	p
brecciated	tA
brecciates	t
brecciating	NtA
brecciations	p
breded	VA
bredes	pV
breding	NVA
breechblocks	p
breeched	VtA
breeches	Vt
breeching	NVtA
breechings	p
breechloaders	p
breeders	p
breeding	NVtA
breedings	p
breeds	pVt
brees	p
breezed	iA
breezes	pi
breezeways	p
breezinesses	p
breezing	NiA
breis	V
breloques	p
bremsstrahlungs	p
brents	p
bressummers	p
breves	p
breveted	VA
breveting	NVA
brevets	pV
brevetted	VA
brevetting	NVA
breviates	p
breviers	p
brevities	p
brewages	p
brewed	VtiA
brewers	p
brewing	NVtiA
brewings	p
brewises	p
brews	pVti
briarroots	p
briars	p
briarwoods	p
bribed	VA
bribers	p
bribes	pV
bribing	NVA
brickbats	p
bricked	tA
brickfields	p
bricking	NtA
brickkilns	p
bricklayers	p
bricklayings	p
brickmakers	p
bricks	pt
brickworks	p
brickyards	p
bricoles	p
bridals	p
bridegrooms	p
brides	p
bridesmaids	p
bridewells	p
bridgeboards	p
bridged	VtA
bridgeheads	p
bridges	pVt
bridgeworks	p
bridging	NVtA
bridgings	p
bridies	p
bridled	tiA
bridlers	p
bridles	pti
bridling	NtiA
bridoons	p
briefcases	p
briefed	tA
briefer	A
briefest	A
briefing	NtA
briefings	p
briefnesses	p
briefs	t
brierroots	p
briers	p
brierwoods	p
bries	p
brigaded	tA
brigades	pt
brigadiers	p
brigading	NtA
brigalows	p
brigandages	p
brigandines	p
brigands	p
brigantines	p
brightened	VA
brighteners	p
brightening	NVA
brightens	V
brighter	A
brightest	A
brightnesses	p
brightworks	p
brigs	p
brilliances	p
brilliantines	p
brilliantnesses	p
brilliants	p
brills	p
briming	NVA
brimmed	VA
brimmers	p
brimming	NVA
brims	pV
brimstones	p
brindles	p
brined	tA
briners	p
brines	pt
bringers	p
bringing	NVA
bringings	t
brings	V
brinies	p
brininesses	p
brining	NtA
brinjals	p
brinkmanships	p
brinks	p
brios	p
briquetted	tA
briquettes	pt
briquetting	NtA
brisances	p
brisker	A
briskest	A
briskets	p
brisknesses	p
brislings	p
bristled	VtiA
bristles	pVti
bristletails	p
bristlier	A
bristliest	A
bristlinesses	p
bristling	NVtiA
brisures	p
brits	p
britskas	p
brittlebushes	p
brittlenesses	p
brittler	A
brittles	p
brittlest	A
brittly	v
britzkas	p
broached	tiA
broachers	p
broaches	pti
broaching	NtiA
broadbills	p
broadcaster	A
broadcasters	p
broadcasting	NVtiA
broadcastings	V
broadcasts	pVti
broadcloths	p
broadened	VA
broadening	NVA
broadens	V
broader	A
broadest	A
broadlooms	p
broads	p
broadsheets	p
broadsides	p
broadswords	p
broadtails	p
brocaded	tA
brocades	pt
brocading	NtA
brocatelles	p
brocatels	p
broccolis	p
brochures	p
brockages	p
brockets	p
brocks	p
brogans	p
broghs	p
brogueries	p
brogues	p
broidered	tA
broiderers	p
broideries	p
broidering	NtA
broiders	t
broiled	ViA
broilers	p
broiling	NViA
broils	pVi
brokages	p
brokenheartedly	v
brokennesses	p
broker	A
brokerages	p
brokers	p
broking	NVA
brolgas	p
bromals	p
bromated	VA
bromates	pV
bromating	NVA
bromeliads	p
bromides	p
brominated	VA
brominates	pV
brominating	NVA
brominations	p
bromines	p
bromised	tA
bromising	NtA
bromisms	p
bromized	tA
bromizes	t
bromizing	NtA
bronchioles	p
bronchitises	p
bronchopneumonias	p
bronchoscopes	p
bronchoscopies	p
bronchoscopists	p
bronchospasms	p
broncobusters	p
brontosaurs	p
brontosauruses	p
bronzed	VtA
bronzer	A
bronzes	pVt
bronzier	A
bronziest	A
bronzing	NVtA
bronzings	pV
bronzites	p
brooches	p
brooded	VA
brooders	p
broodily	v
broodinesses	p
brooding	NVA
broodmares	p
broods	pV
brooked	tA
brookies	p
brooking	NtA
brookites	p
brooklets	p
brooklimes	p
brooks	pt
brookweeds	p
broomcorns	p
broomed	tA
broomier	A
broomiest	A
brooming	NtA
broomrapes	p
brooms	pt
broomsticks	p
broos	p
broses	p
brothels	p
brotherhoods	p
brotherlinesses	p
brothers	p
broths	p
broughams	p
broughs	p
brouhahas	p
browbands	p
browbeaters	p
browbeating	NVA
browbeats	V
browned	VA
browner	A
brownest	A
brownier	A
brownies	p
browniest	A
browning	NVA
brownings	p
brownnesses	p
brownouts	p
browns	pV
brownstones	p
brows	p
browsed	VA
browsers	p
browses	pV
browsing	NVA
browsings	V
brucellas	p
brucines	p
brucites	p
brughs	p
bruins	p
bruised	VA
bruisers	p
bruises	pV
bruising	NVA
bruisings	V
bruited	VA
bruiters	p
bruiting	NVA
bruits	pV
brulyies	p
brumes	p
brummagems	p
brunches	p
brunets	p
brunettes	p
brunts	p
brushed	tiA
brushers	p
brushes	pti
brushier	A
brushiest	A
brushinesses	p
brushing	NtiA
brushups	p
brushwoods	p
brushworks	p
brusquenesses	p
brusquer	A
brusqueries	p
brusquest	A
brutalisations	p
brutalised	tiA
brutalises	ti
brutalising	NtiA
brutalizations	p
brutalized	VtA
brutalizes	Vt
brutalizing	NVtA
bruter	A
brutes	p
brutified	VA
brutifies	V
brutifying	NVA
brutishnesses	p
bruxisms	p
bryologies	p
bryologists	p
bryophytes	p
bryozoans	p
bs	p
bubals	p
bubbled	ViA
bubblers	p
bubbles	pVi
bubblies	p
bubbling	NViA
bubonoceles	p
bubs	p
buccaneered	iA
buccaneering	NiA
buccaneers	pi
buccinators	p
buchus	p
buckbeans	p
buckboards	p
bucked	tiA
buckeens	p
buckers	p
bucketed	tiA
bucketing	NtiA
buckets	pti
buckhorns	p
buckhounds	p
bucking	NtiA
buckjumped	iA
buckjumping	NiA
buckjumps	i
buckled	VA
bucklered	tA
bucklering	NtA
bucklers	pt
buckles	pV
buckling	NVA
bucklings	p
buckos	p
buckramed	VA
buckraming	NVA
buckrams	pV
buckras	p
bucks	pti
bucksaws	p
buckshots	p
bucktails	p
buckthorns	p
buckwheats	p
bucolics	p
budded	VA
budders	p
buddhas	p
budding	NVA
buddings	V
buddled	tA
buddleias	p
buddles	pt
buddling	NtA
budged	VA
budgerigars	p
budgers	p
budges	pV
budgeted	tiA
budgeters	p
budgeting	NtiA
budgets	pti
budgies	p
budging	NVA
buds	pV
buffaloed	tA
buffalofishes	p
buffaloing	NtA
buffed	VtA
buffered	tA
buffering	NtA
buffers	pt
buffeted	VtiA
buffeters	p
buffeting	NVtiA
buffetings	V
buffets	pVti
buffing	NVtA
buffleheads	p
buffooneries	p
buffoons	p
buffos	p
buffs	pVt
bufotenines	p
bugbanes	p
bugbears	p
bugged	VA
buggered	VtA
buggeries	p
buggering	NVtA
buggers	pVt
bugginesses	p
bugging	NVA
buggings	V
bughouses	p
bugled	iA
buglers	p
bugles	pi
bugleweeds	p
bugling	NiA
buglosses	p
bugongs	p
bugs	pV
bugseeds	p
buhls	p
buhrs	p
buhrstones	p
builded	VtiA
builders	p
building	NVtiA
buildings	p
builds	pVti
bulbils	p
bulbously	v
bulbs	p
bulbuls	p
bulged	VA
bulges	pV
bulgier	A
bulgiest	A
bulginesses	p
bulging	NVA
bulimias	p
bulked	VA
bulkheads	p
bulkinesses	p
bulking	NVA
bulks	pV
bullaces	p
bullas	p
bullbaitings	p
bullbats	p
bulldoggings	V
bulldogs	p
bulldozed	tA
bulldozers	p
bulldozes	t
bulldozing	NtA
bulled	tiA
bulletined	tA
bulletining	NtA
bulletins	pt
bulletproofed	tA
bulletproofing	NtA
bulletproofs	t
bullets	p
bullfighters	p
bullfightings	p
bullfights	p
bullfinches	p
bullfrogs	p
bullheadednesses	p
bullheads	p
bullhorns	p
bullied	VA
bullier	A
bullies	V
bulliest	A
bulling	NtiA
bullionists	p
bullions	p
bullishnesses	p
bullnoses	p
bullocks	pi
bullpens	p
bullpouts	p
bullrings	p
bullroarers	p
bulls	pti
bullshits	pV
bullshitted	VA
bullshitting	NVA
bullsnakes	p
bullterriers	p
bullwhipped	VA
bullwhipping	NVA
bullwhips	pV
bullyboys	p
bullying	NVA
bullyragged	VA
bullyragging	NVA
bullyrags	V
bulnbulns	p
bulrushes	p
bulwarked	tA
bulwarking	NtA
bulwarks	pt
bumbailiffs	p
bumbershoots	p
bumblebees	p
bumbled	ViA
bumblers	p
bumbles	pVi
bumbling	NViA
bumblings	p
bumboats	p
bumfs	p
bumkins	p
bummarees	p
bummed	VA
bummer	A
bummers	p
bummest	A
bumming	NVA
bumped	VtiA
bumpered	tiA
bumpering	NtiA
bumpers	pti
bumphs	p
bumpinesses	p
bumping	NVtiA
bumpkins	p
bumps	pVti
bumptiousnesses	p
bums	pV
bunched	VA
bunches	V
bunchflowers	p
bunchinesses	p
bunching	NVA
buncoed	VA
buncoing	NVA
buncos	V
bundled	tiA
bundlers	p
bundles	pti
bundling	NtiA
bundlings	V
bundobusts	p
bunds	p
bungalows	p
bunged	tA
bungees	p
bungholes	p
bunging	NtA
bungled	tA
bunglers	p
bungles	pt
bungling	NtA
bunglings	V
bungs	pt
bunions	p
bunked	tiA
bunkered	tA
bunkering	NtA
bunkers	pt
bunking	NtiA
bunkmates	p
bunks	pti
bunkums	p
bunns	p
bunrakus	p
buns	p
buntals	p
bunted	VA
bunting	NVA
buntings	p
buntlines	p
bunts	pV
bunyips	p
buoyages	p
buoyancies	p
buoyed	tiA
buoying	NtiA
buoys	pti
buprestids	p
burans	p
burbled	ViA
burblers	p
burbles	pVi
burbling	NViA
burblings	V
burdened	tA
burdeners	p
burdening	NtA
burdens	pt
burdocks	p
burds	p
bureaucratisms	p
bureaucratizations	p
bureaucratized	tA
bureaucratizes	t
bureaucratizing	NtA
bureaucrats	p
bureaus	p
burettes	p
burgages	p
burgees	p
burgeoned	ViA
burgeoning	NViA
burgeons	pVi
burgers	p
burgesses	p
burghers	p
burghs	p
burglarised	tiA
burglarises	ti
burglarising	NtiA
burglarized	tA
burglarizes	t
burglarizing	NtA
burglars	p
burgled	VA
burgles	V
burgling	NVA
burgomasters	p
burgonets	p
burgraves	p
burgs	p
burhels	p
burials	p
buried	VA
buriers	p
burins	p
burkas	p
burkers	p
burkes	t
burkites	p
burlaps	p
burled	tA
burlers	p
burlesqued	VA
burlesquer	A
burlesquers	p
burlesques	pV
burlesquing	NVA
burlettas	p
burlinesses	p
burling	NtA
burls	pt
burned	VtiA
burners	p
burnets	p
burning	NVtiA
burnings	p
burnished	VA
burnishers	p
burnishes	pV
burnishing	NVA
burnooses	p
burnouts	p
burns	pVti
buroos	p
burped	tiA
burping	NtiA
burps	pti
burrawangs	p
burred	VtA
burrhels	p
burring	NVtA
burrowed	ViA
burrowers	p
burrowing	NViA
burrows	pVi
burrs	pVt
burrstones	p
burs	pV
bursars	p
burseeds	p
burses	p
bursitises	p
bursters	p
bursting	NViA
burstones	p
bursts	pVi
burthened	VA
burthening	NVA
burthens	pV
burtons	p
burweeds	p
burying	NVA
bus	p
busbars	p
busboys	p
bused	VA
buses	V
bushbabies	p
bushcrafts	p
bushed	VtiA
bushelbaskets	p
busheled	VA
bushelers	p
busheling	NVA
bushelings	t
bushelled	VA
bushellers	p
bushelling	NVA
bushellings	t
bushels	pV
busher	A
bushers	p
bushes	pVti
bushfires	p
bushhammers	p
bushinesses	p
bushing	NVtiA
bushings	p
bushmasters	p
bushpigs	p
bushrangers	p
bushrangings	p
bushtits	p
bushwas	p
bushwhacked	VtiA
bushwhackers	p
bushwhacking	NVtiA
bushwhacks	Vti
busied	VA
busies	V
businesses	p
busing	NVA
busked	tiA
buskers	p
busking	NtiA
buskins	p
busks	pti
busloads	p
bussed	VA
busses	V
bussing	NVA
bustards	p
busted	VtA
bustees	p
buster	A
busters	p
bustics	p
busting	NVtA
bustled	VA
bustlers	p
bustles	pV
bustling	NVA
busts	pVt
busying	NVA
busynesses	p
busyworks	p
butadienes	p
butanes	p
butanols	p
butanones	p
butcher	A
butcherbirds	p
butchered	tA
butcherers	p
butchering	NtA
butchers	pt
butches	p
butenes	p
butlerages	p
butlers	p
butlerships	p
buts	p
butted	ViA
butterballs	p
butterburs	p
buttercups	p
buttered	tA
butterfats	p
butterfishes	p
butterflyfishes	p
butterier	A
butteriest	A
butterines	p
butterinesses	p
buttering	NtA
buttermilks	p
butternuts	p
butters	pt
butterscotches	p
butterweeds	p
butterworts	p
buttes	p
butties	p
butting	NViA
buttled	iA
buttles	i
buttling	NiA
buttocks	p
buttonballs	p
buttonbushes	p
buttoned	VtA
buttoners	p
buttonholed	tA
buttonholers	p
buttonholes	pt
buttonholing	NtA
buttonhooks	p
buttoning	NVtA
buttonmolds	p
buttons	pVt
buttonses	p
buttonwoods	p
buttressed	tA
buttresses	pt
buttressing	NtA
butts	pVi
buttstocks	p
butylenes	p
butyls	p
butyraldehydes	p
butyrals	p
butyrates	p
butyrins	p
buxomer	A
buxomest	A
buxomnesses	p
buyers	p
buying	NVtiA
buys	pVti
buzzards	p
buzzed	tiA
buzzers	p
buzzes	pti
buzzing	NtiA
buzzwigs	p
bwanas	p
bygones	p
bylaws	p
byliners	p
bypassed	VtA
bypassers	p
bypasses	pVt
bypassing	NVtA
bypaths	p
byres	p
byrnies	p
byroads	p
byssuses	p
bystanders	p
bystreets	p
bytes	p
byways	p
bywoners	p
bywords	p
byzants	p
cabalas	p
cabalisms	p
cabalists	p
caballed	VA
caballers	p
caballing	NVA
cabals	pV
cabanas	p
cabarets	p
cabbaged	VA
cabbages	pV
cabbageworms	p
cabbaging	NVA
cabbalas	p
cabbalists	p
cabdrivers	p
cabers	p
cabezons	p
cabined	VA
cabinetmakers	p
cabinetmakings	p
cabinetries	p
cabinets	p
cabinetworks	p
cabining	NVA
cabins	pV
cabled	VtA
cablegrams	p
cables	pVt
cablets	p
cableways	p
cabling	NVtA
cablings	V
cabobs	p
cabochons	p
caboodles	p
cabooses	p
cabotages	p
cabrettas	p
cabrillas	p
cabrioles	p
cabriolets	p
cabs	p
cabstands	p
cachalots	p
cached	tA
cachepots	p
caches	pt
cachexias	p
caching	NtA
cachinnated	iA
cachinnates	i
cachinnating	NiA
cachinnations	p
cachinnators	p
cachous	p
caciques	p
caciquisms	p
cackled	tiA
cacklers	p
cackles	pti
cackling	NtiA
cacodemons	p
cacodyls	p
cacoepies	p
cacographers	p
cacographies	p
cacologies	p
cacomistles	p
cacuminals	p
cadasters	p
cadastrally	v
cadastres	p
cadaverines	p
cadaverousnesses	p
cadavers	p
caddices	p
caddied	VA
caddies	V
caddises	p
caddishnesses	p
caddisworms	p
caddying	NVA
cadelles	p
cadences	p
cadenzas	p
cades	p
cadets	p
cadetships	p
cadged	VA
cadgers	p
cadges	pV
cadging	NVA
cadmiums	p
cadres	p
cads	p
caducities	p
caecilians	p
caeomas	p
caesiums	p
caesuras	p
cafards	p
cafeterias	p
caffeines	p
caffeinisms	p
caffs	p
caftans	p
caged	tA
cagelings	p
cagers	p
cages	pt
caginesses	p
caging	NtA
cagoules	p
cahows	p
caids	p
cains	p
caiques	p
cairds	p
cairngorms	p
cairns	p
caissons	p
caitiffs	p
cajeputs	p
cajoled	VA
cajolements	p
cajolers	p
cajoles	V
cajoling	NVA
cajuputs	p
caked	tA
cakes	pt
cakewalked	iA
cakewalkers	p
cakewalking	NiA
cakewalks	pi
caking	NtA
cakings	V
cakras	p
calabashes	p
calabooses	p
caladiums	p
calalus	p
calamanders	p
calamaries	p
calamines	p
calamints	p
calamites	p
calamitousnesses	p
calamondins	p
calamuses	p
calandrias	p
calashes	p
calaverites	p
calcaneums	p
calcareousnesses	p
calcars	p
calceolarias	p
calcicoles	p
calciferols	p
calcifications	p
calcified	VA
calcifies	V
calcifuges	p
calcifying	NVA
calcimined	tA
calcimines	pt
calcimining	NtA
calcinations	p
calcined	tiA
calcines	ti
calcining	NtiA
calcites	p
calcitonins	p
calciums	p
calcspars	p
calculabilities	p
calculated	VtiA
calculates	Vti
calculating	NVtiA
calculations	p
calculators	p
calderas	p
calefacients	p
calefactions	p
calendared	tA
calendaring	NtA
calendars	pt
calendered	tA
calenderers	p
calendering	NtA
calenders	pt
calendulas	p
calentures	p
calesas	p
calfskins	p
calibers	p
calibrated	tA
calibrates	t
calibrating	NtA
calibrations	p
calibrators	p
calibres	p
caliches	p
calicles	p
calicobacks	p
califates	p
californites	p
californiums	p
calipashes	p
calipees	p
calipers	p
caliphates	p
caliphs	p
calisayas	p
calked	VtA
calking	NVtA
calkins	p
calks	pVt
callaises	p
callants	p
callas	p
callboys	p
called	VtiA
callers	p
callets	p
calligraphers	p
calligraphies	p
calligraphists	p
calling	NVtiA
callings	p
calliopes	p
calliopsises	p
callithumps	p
calloused	VA
callouses	V
callousing	NVA
callousnesses	p
callower	A
callowest	A
callowly	v
callownesses	p
calls	pVti
callused	VA
calluses	V
callusing	NVA
calmatives	p
calmed	VA
calmer	A
calmest	A
calming	NVA
calmnesses	p
calms	pV
calomels	p
calorically	v
calorics	p
calorimeters	p
calorimetries	p
calorized	tA
calorizes	t
calorizing	NtA
calottes	p
caloyers	p
calpacs	p
calqued	VA
calques	pV
calquing	NVA
caltrops	p
calumets	p
calumniated	tA
calumniates	t
calumniating	NtA
calumniations	p
calumniators	p
calutrons	p
calvarias	p
calvaries	p
calved	VA
calves	V
calving	NVA
calxes	p
calycles	p
calypsos	p
calyptras	p
calyptrogens	p
calyxes	p
camails	p
camaraderies	p
camasses	p
cambered	VA
cambering	NVA
cambers	pV
cambistries	p
cambists	p
cambogias	p
cambrels	p
cambrics	p
cameleers	p
camellias	p
camelopards	p
camels	p
cameras	p
cames	pV
camises	p
camisoles	p
camlets	p
camoodis	p
camouflaged	tA
camouflagers	p
camouflages	pt
camouflaging	NtA
camouflets	p
campaigned	iA
campaigners	p
campaigning	NiA
campaigns	pi
campanologies	p
campanologists	p
campanulas	p
campcrafts	p
camped	tiA
camper	A
campers	p
campest	A
campfires	p
campgrounds	p
camphenes	p
camphires	p
camphols	p
camphorated	tA
camphorates	t
camphorating	NtA
camphors	p
camphorweeds	p
campier	A
campiest	A
campily	v
camping	NtiA
campions	p
camply	v
campongs	p
camporees	p
camps	pti
campshedding	NtA
campsites	p
campstools	p
cams	p
camshafts	p
camwoods	p
canaigres	p
canailles	p
canakins	p
canaled	VtA
canaling	NVtA
canalisations	p
canalised	tA
canalises	pt
canalising	NtA
canalizations	p
canalized	tA
canalizes	t
canalizing	NtA
canalled	VtA
canallers	p
canalling	NVtA
canals	pVt
canastas	p
canceled	VA
cancelers	p
canceling	NVA
cancellations	p
cancelled	VA
cancellers	p
cancelling	NVA
cancels	pV
cancers	p
canchas	p
cancroids	p
candelas	p
candescences	p
candidacies	p
candidates	p
candidateships	p
candider	A
candidest	A
candidnesses	p
candied	VA
candies	V
candled	tA
candlefishes	p
candleholders	p
candlelights	p
candlenuts	p
candlepins	p
candlepowers	p
candlers	p
candles	pt
candlesticks	p
candlewicks	p
candlewoods	p
candling	NtA
candors	p
candours	p
candyflosses	p
candying	NVA
candytufts	p
canebrakes	p
caned	VtA
canellas	p
canephoras	p
caners	p
canes	pt
canescences	p
caneworks	p
canfields	p
cangues	p
canikins	p
canines	p
caning	NVtA
canings	pV
caninities	p
canisters	p
cankered	VA
cankering	NVA
cankers	pV
cankerworms	p
cannabins	p
cannabises	p
cannas	p
canned	VA
cannelures	p
canners	p
cannibalisms	p
cannibalizations	p
cannibalized	tA
cannibalizes	t
cannibalizing	NtA
cannibals	p
cannikins	p
cannily	v
canninesses	p
canning	NVA
cannings	p
cannonaded	VA
cannonades	pV
cannonading	NVA
cannonballed	iA
cannonballing	NiA
cannonballs	pi
cannoned	ViA
cannoneers	p
cannoning	NViA
cannons	pVi
cannulations	p
canoed	VA
canoeing	NVA
canoeings	V
canoeists	p
canoes	pV
canonesses	p
canonicities	p
canonisations	p
canonised	tA
canonisers	p
canonises	t
canonising	NtA
canonists	p
canonizations	p
canonized	tA
canonizers	p
canonizes	t
canonizing	NtA
canons	p
canoodled	iA
canoodles	i
canoodling	NiA
canopied	VA
canopies	V
canopying	NVA
canorousnesses	p
cans	V
cantabiles	p
cantalas	p
cantaloupes	p
cantankerousnesses	p
cantatas	p
cantatrices	p
canted	tiA
canteens	p
canter	A
cantered	VA
cantering	NVA
canters	pV
canticles	p
cantier	A
cantiest	A
cantilenas	p
cantilevered	tiA
cantilevering	NtiA
cantilevers	pti
cantillated	VA
cantillates	V
cantillating	NVA
cantillations	p
cantinas	p
cantinesses	p
canting	NtiA
cantles	p
cantoned	VtA
cantoning	NVtA
cantonments	p
cantons	pVt
cantors	p
cantrips	p
cants	pti
canvases	p
canvassed	VA
canvassers	p
canvasses	pV
canvassing	NVA
canyons	p
canzonas	p
canzones	p
canzonets	p
caoutchoucs	p
capablenesses	p
capabler	A
capablest	A
capaciousnesses	p
capacitances	p
capacitated	tA
capacitates	t
capacitating	NtA
capacitations	p
capacitors	p
caparisoned	tA
caparisoning	NtA
caparisons	pt
capas	p
caped	VtA
capelines	p
capelins	p
capercaillies	p
capered	iA
caperers	p
capering	NiA
capers	i
capes	p
capeskins	p
caphs	p
capiases	p
capillarities	p
caping	NVtA
capitalised	tA
capitalises	t
capitalising	NtA
capitalisms	p
capitalists	p
capitalizations	p
capitalized	VA
capitalizes	V
capitalizing	NVA
capitals	p
capitations	p
capitulants	p
capitulated	iA
capitulates	i
capitulating	NiA
capitulations	p
capitulators	p
caplins	p
caponised	tA
caponises	t
caponising	NtA
caponized	tA
caponizes	t
caponizing	NtA
capons	p
caporals	p
capotastos	p
capots	p
capped	VtA
cappers	p
capping	NVtA
cappings	pV
cappuccinos	p
capriccios	p
caprices	p
capriciousnesses	p
caprifications	p
caprifigs	p
caprioled	iA
caprioles	pi
caprioling	NiA
caps	pVt
capsaicins	p
capsicums	p
capsids	p
capsized	VA
capsizes	V
capsizing	NVA
capstans	p
capstones	p
capsulations	p
capsules	p
capsulized	tA
capsulizes	t
capsulizing	NtA
captained	tA
captaining	NtA
captains	pt
captainships	p
captioned	VA
captioning	NVA
captions	pV
captiousnesses	p
captivated	tA
captivates	t
captivating	NtA
captivations	p
captivators	p
captives	p
captors	p
captured	tA
capturers	p
captures	pt
capturing	NtA
capuches	p
capuchins	p
capybaras	p
carabids	p
carabineers	p
carabiners	p
carabins	p
caracals	p
caracaras	p
caracks	p
caracoled	iA
caracoles	pi
caracoling	NiA
caracolled	iA
caracolling	NiA
caracols	pi
carafes	p
carageens	p
carambolas	p
caramelisations	p
caramelised	tiA
caramelises	ti
caramelising	NtiA
caramelizations	p
caramelized	VA
caramelizes	V
caramelizing	NVA
caramels	p
carangids	p
carapaces	p
carats	p
caravaned	VA
caravaners	p
caravaning	NVA
caravans	pV
caravels	p
caraways	p
carbamates	p
carbamides	p
carbanions	p
carbarns	p
carbazoles	p
carbenes	p
carbides	p
carbies	p
carbineers	p
carbines	p
carbinols	p
carbohydrates	p
carbonades	p
carbonadoed	VtA
carbonadoing	NVtA
carbonados	Vt
carbonated	VtA
carbonates	pVt
carbonating	NVtA
carbonations	p
carbonators	p
carbonisations	p
carbonised	tA
carbonisers	p
carbonises	t
carbonising	NtA
carbonizations	p
carbonized	VtiA
carbonizers	p
carbonizes	Vti
carbonizing	NVtiA
carbons	p
carbonylated	tA
carbonylates	t
carbonylating	NtA
carbonylations	p
carbonyls	p
carboxylases	p
carboxylates	p
carboxylations	p
carboys	p
carbuncles	p
carbureted	VA
carbureting	NVA
carburetions	p
carburetors	p
carburets	V
carburetted	VA
carburetting	NVA
carburettors	p
carburisations	p
carburised	tA
carburises	t
carburising	NtA
carburizations	p
carburized	VA
carburizes	V
carburizing	NVA
carcajous	p
carcanets	p
carcased	tA
carcasing	NtA
carcasses	p
carcinogenicities	p
carcinogens	p
cardamoms	p
cardboards	p
carded	tA
carders	p
cardholders	p
cardiacs	p
cardialgias	p
cardigans	p
cardinalates	p
cardinals	p
cardinalships	p
carding	NtA
cardings	p
cardiograms	p
cardiographies	p
cardiographs	p
cardioids	p
cardiologies	p
cardiologists	p
cardiotonics	p
carditises	p
cardons	p
cardoons	p
cards	pt
cardsharpings	p
cardsharps	p
cared	VtiA
careenages	p
careened	VtiA
careeners	p
careening	NVtiA
careens	Vti
careered	iA
careering	NiA
careerisms	p
careerists	p
careers	pi
carefuller	A
carefullest	A
carefulnesses	p
carelessnesses	p
carers	p
cares	pVti
caressed	tA
caressers	p
caresses	pt
caressing	NtA
caretakers	p
caretakings	p
carets	p
carfares	p
carfaxes	p
carfuffles	p
carhops	p
cariamas	p
caricatured	tA
caricatures	pt
caricaturing	NtA
caricaturists	p
carillonned	VA
carillonneurs	p
carillonning	NVA
carillons	pV
caring	NVtiA
carings	V
cariocas	p
carioles	p
cariosities	p
cariousnesses	p
caritases	p
carked	VA
carking	NVA
carks	pV
carlines	p
carlings	p
carlins	p
carloads	p
carls	p
carminatives	p
carmines	p
carnages	p
carnalisms	p
carnalities	p
carnallites	p
carnassials	p
carnations	p
carnaubas	p
carnelians	p
carnied	VA
carnies	V
carnified	VA
carnifies	V
carnifying	NVA
carnivals	p
carnivores	p
carnivorousnesses	p
carnosities	p
carnotites	p
carns	p
carnying	NVA
carobs	p
caroches	p
caroled	VA
carolers	p
caroling	NVA
carolled	VA
carollers	p
carolling	NVA
carols	pV
caroms	p
carotenes	p
carotenoids	p
carotids	p
carotins	p
carousals	p
caroused	iA
carousels	p
carousers	p
carouses	pi
carousing	NiA
carpals	p
carped	iA
carpels	p
carpentered	tiA
carpentering	NtiA
carpenters	pti
carpentries	p
carpers	p
carpetbaggeries	p
carpetbaggers	p
carpetbags	p
carpeted	tA
carpeting	NtA
carpetings	p
carpets	pt
carpetweeds	p
carping	NiA
carpings	p
carpogoniums	p
carpologies	p
carpophores	p
carports	p
carpospores	p
carps	pi
carpuses	p
carracks	p
carrageens	p
carrefours	p
carrels	p
carriages	p
carriageways	p
carried	ViA
carriers	p
carries	pVi
carrioles	p
carrions	p
carritches	p
carromed	iA
carroming	NiA
carroms	pi
carronades	p
carrotier	A
carrotiest	A
carrots	p
carryalls	p
carrycots	p
carrying	NViA
cars	p
carses	p
carsicknesses	p
cartages	p
carted	VtA
cartelists	p
cartelizations	p
cartelized	VA
cartelizes	V
cartelizing	NVA
cartels	p
carters	p
carthorses	p
cartilages	p
carting	NVtA
cartloads	p
cartograms	p
cartographers	p
cartographies	p
cartons	p
cartoonists	p
cartoons	p
cartoppers	p
cartouches	p
cartridges	p
carts	pVt
cartwheels	p
cartwrights	p
carucates	p
caruncles	p
carvacrols	p
carved	tA
carvels	p
carvers	p
carves	t
carving	NtA
carvings	p
casabas	p
casas	p
casbahs	p
cascabels	p
cascaded	iA
cascades	pi
cascading	NiA
cascaras	p
cascarillas	p
caschroms	p
caseases	p
caseated	iA
caseates	i
caseating	NiA
caseations	p
casebooks	p
cased	tA
casefied	VA
casefies	V
casefying	NVA
casehardened	tA
casehardening	NtA
casehardens	t
caseinogens	p
caseins	p
caseloads	p
casemakers	p
casemates	p
casements	p
caseoses	p
caserns	p
cases	pt
caseworkers	p
caseworks	p
caseworms	p
cashaws	p
cashbooks	p
cashboxes	p
cashed	tA
cashes	pt
cashews	p
cashiered	tA
cashiering	NtA
cashiers	pt
cashing	NtA
cashmeres	p
cashoos	p
casimeres	p
casimires	p
casing	NtA
casings	p
caskets	p
casks	p
casques	p
cassareeps	p
cassatas	p
cassations	p
cassavas	p
casseroled	VA
casseroles	pV
casseroling	NVA
cassettes	p
cassias	p
cassimeres	p
cassises	p
cassiterites	p
cassocks	p
cassolettes	p
cassones	p
cassoulets	p
castaways	pV
casted	ViA
castellans	p
castellations	p
castellums	p
casters	p
castes	p
castigated	tA
castigates	t
castigating	NtA
castigations	p
castigators	p
casting	NViA
castings	p
castled	VA
castles	pV
castling	NVA
castoffs	p
castoreums	p
castors	p
castrated	tA
castrates	t
castrating	NtA
castrations	p
castrators	p
castratos	p
casts	pVi
casualisms	p
casualnesses	p
casuals	p
casuarinas	p
casuists	p
catabolisms	p
catabolites	p
catacaustics	p
cataclysms	p
catacombs	p
catafalques	p
catalases	p
catalepsies	p
cataleptically	v
cataleptics	p
cataloged	tiA
catalogers	p
cataloging	NtiA
catalogists	p
catalogs	pti
catalogued	VA
cataloguers	p
catalogues	pV
cataloguing	NVA
catalpas	p
catalysed	tA
catalyses	t
catalysing	NtA
catalysts	p
catalyzed	tA
catalyzers	p
catalyzes	t
catalyzing	NtA
catamarans	p
catamites	p
catamountains	p
catamounts	p
cataphoretically	v
cataphracts	p
cataphylls	p
cataplasias	p
cataplasms	p
cataplexies	p
catapulted	tA
catapulting	NtA
catapults	pt
cataracts	p
catarrhines	p
catarrhs	p
catastrophes	p
catastrophisms	p
catastrophists	p
catatonias	p
catatonically	v
catatonics	p
catbirds	p
catboats	p
catcalled	VA
catcalling	NVA
catcalls	pV
catchalls	p
catched	VtiA
catchers	p
catches	pVti
catchinesses	p
catching	NVtiA
catchlines	p
catchments	p
catchpoles	p
catchwords	p
catechins	p
catechisations	p
catechised	tA
catechisers	p
catechises	t
catechising	NtA
catechisms	p
catechists	p
catechizations	p
catechized	tA
catechizers	p
catechizes	t
catechizing	NtA
catecholamines	p
catechols	p
catechumenates	p
catechumens	p
catechus	p
categoricalnesses	p
categorisations	p
categorised	tA
categorises	t
categorising	NtA
categorists	p
categorizations	p
categorized	tA
categorizes	t
categorizing	NtA
catenanes	p
catenas	p
catenated	VA
catenates	V
catenating	NVA
catenations	p
catenoids	p
caterans	p
catered	iA
caterers	p
catering	NiA
caterings	p
caterpillars	p
caters	i
caterwauled	iA
caterwauling	NiA
caterwauls	pi
catfaces	p
catfalls	p
catfights	p
catfishes	p
catguts	p
cathartics	p
catheads	p
cathedrals	p
cathedras	p
cathepsins	p
catheterisations	p
catheterised	tA
catheterises	t
catheterising	NtA
catheterizations	p
catheterized	tA
catheterizes	t
catheterizing	NtA
catheters	p
cathetuses	p
cathismas	p
cathodes	p
catholicates	p
catholicised	tiA
catholicises	ti
catholicising	NtiA
catholicities	p
catholicized	VA
catholicizes	V
catholicizing	NVA
catholicons	p
cationically	v
cations	p
catjangs	p
catkins	p
catlings	p
catmints	p
catnapped	VA
catnapping	NVA
catnaps	pV
catnips	p
cats	pV
cattails	p
catted	VA
cattier	A
cattiest	A
cattinesses	p
catting	NVA
cattishnesses	p
cattleyas	p
catwalks	p
caucused	iA
caucuses	i
caucusing	NiA
caudations	p
caudexes	p
caudles	p
cauldrons	p
caulds	p
caulicles	p
cauliculuses	p
cauliflowers	p
caulked	VA
caulkers	p
caulking	NVA
caulks	V
caulomes	p
cauls	p
causabilities	p
causalgias	p
causationists	p
causations	p
causativenesses	p
causatives	p
caused	tA
causers	p
causes	pt
causeways	p
causing	NtA
causticities	p
caustics	p
cauterants	p
cauterisations	p
cauterised	tA
cauterises	t
cauterising	NtA
cauterizations	p
cauterized	tA
cauterizes	t
cauterizing	NtA
cautioned	tiA
cautioners	p
cautioning	NtiA
cautions	pti
cautiousnesses	p
cavalcades	p
cavalierisms	p
cavaliernesses	p
cavaliers	p
cavallas	p
cavatinas	p
caveators	p
caveats	p
caved	tA
cavefishes	p
cavels	p
cavendishes	p
caverned	tA
caverning	NtA
caverns	pt
cavers	p
caves	pt
cavessons	p
cavettos	p
caviars	p
caviled	VA
cavilers	p
caviling	NVA
cavilings	V
cavilled	VA
cavillers	p
cavilling	NVA
cavils	pV
caving	NtA
cavings	p
cavitations	p
cavorted	iA
cavorters	p
cavorting	NiA
cavorts	i
cawed	iA
cawing	NiA
caws	pi
cayennes	p
cays	p
cayuses	p
ceanothuses	p
ceased	VA
ceaselessnesses	p
ceases	pV
ceasing	NVA
ceasings	V
cecally	v
cecities	p
cedars	p
ceded	VtA
ceders	p
cedes	Vt
cedillas	p
ceding	NVtA
cedis	p
cedulas	p
ceiled	tA
ceilers	p
ceilidhs	p
ceiling	NtA
ceilings	p
ceilometers	p
ceils	t
celadons	p
celandines	p
celebrants	p
celebrated	VtA
celebratednesses	p
celebrates	Vt
celebrating	NVtA
celebrations	p
celebrators	p
celebrities	p
celebs	p
celeriacs	p
celeries	p
celerities	p
celestas	p
celestites	p
celibacies	p
celibates	p
cellarages	p
cellared	tA
cellarers	p
cellaring	NtA
cellars	pt
cellblocks	p
cellists	p
cellobioses	p
celloidins	p
cellophanes	p
cells	p
cellularities	p
cellulases	p
cellulated	tA
cellules	p
cellulitises	p
celluloids	p
celluloses	p
cellulosics	p
celoms	p
celts	p
cembalists	p
cembalos	p
cementations	p
cemented	tA
cementers	p
cementing	NtA
cementites	p
cements	pt
cementums	p
cenacles	p
cenobites	p
cenotaphs	p
cenotes	p
cens	p
censed	tA
censers	p
censes	t
censing	NtA
censored	tA
censoring	NtA
censoriousnesses	p
censors	pt
censorships	p
censurabilities	p
censurablenesses	p
censured	VA
censurers	p
censures	pV
censuring	NVA
centals	p
centaurs	p
centenarians	p
centennials	p
centerboards	p
centered	VA
centering	NVA
centerings	p
centerlines	p
centerpieces	p
centers	pV
centesimos	p
centigrams	p
centiliters	p
centilitres	p
centillions	p
centillionths	p
centimeters	p
centimetres	p
centipedes	p
centipoises	p
centners	p
centraler	A
centralest	A
centralisations	p
centralised	tA
centralisers	p
centralises	t
centralising	NtA
centralisms	p
centralists	p
centralizations	p
centralized	VA
centralizers	p
centralizes	V
centralizing	NVA
centreboards	p
centred	VtiA
centrefolds	p
centreing	NVtiA
centrepieces	p
centres	pVti
centricities	p
centrifugalisations	p
centrifugalised	tA
centrifugalises	t
centrifugalising	NtA
centrifugalizations	p
centrifugalized	tA
centrifugalizes	t
centrifugalizing	NtA
centrifugals	p
centrifugations	p
centrifuged	tA
centrifuges	pt
centrifuging	NtA
centring	NVtiA
centrings	p
centrioles	p
centrists	p
centroids	p
centromeres	p
centrosomes	p
centrospheres	p
cents	p
centupled	tA
centuples	t
centuplicates	pVt
centuplications	p
centupling	NtA
centurions	p
ceorls	p
cephalically	v
cephalins	p
cephalizations	p
cephalochordates	p
cephalometers	p
cephalometries	p
cephalopods	p
ceps	p
ceramals	p
ceramics	p
ceramists	p
cerargyrites	p
cerates	p
ceratins	p
ceratopsians	p
cercarias	p
cercises	p
cercuses	p
cereals	p
cerebrals	p
cerebrated	iA
cerebrates	i
cerebrating	NiA
cerebrations	p
cerebrosides	p
cerements	p
ceremonialisms	p
ceremonialists	p
ceremonials	p
ceremoniousnesses	p
ceres	pt
cerias	p
cering	NtA
cerises	p
cerites	p
ceriums	p
cermets	p
cerographists	p
cerographs	p
ceros	p
cerotypes	p
certificated	VtA
certificates	pVt
certificating	NVtA
certifications	p
certified	VtA
certifiers	p
certifies	Vt
certifying	NVtA
certioraris	p
certitudes	p
certs	p
ceruleans	p
cerumens	p
ceruses	p
cerussites	p
cervelats	p
cervicitises	p
cervids	p
cesiums	p
cessations	p
cessed	tA
cesses	pt
cessing	NtA
cessions	p
cesspits	p
cesspools	p
cestas	p
cestodes	p
cetaceans	p
cetanes	p
cetes	p
cetologies	p
cetologists	p
chabazites	p
chabouks	p
chacmas	p
chads	p
chaetodons	p
chaetognaths	p
chaetopods	p
chafed	VtiA
chafers	p
chafes	pVti
chaffed	VA
chaffered	tiA
chafferers	p
chaffering	NtiA
chaffers	pti
chaffinches	p
chaffing	NVA
chaffs	pV
chafing	NVtiA
chagrined	VA
chagrining	NVA
chagrins	pV
chained	VtA
chaining	NVtA
chainplates	p
chains	pVt
chainworks	p
chaired	tA
chairing	NtA
chairlifts	p
chairmans	p
chairmanships	p
chairs	pt
chaises	p
chakras	p
chalcids	p
chalcocites	p
chalcographers	p
chalcographies	p
chalcographists	p
chalcopyrites	p
chaldrons	p
chalices	p
chalicotheres	p
chalkboards	p
chalked	VtiA
chalking	NVtiA
chalkpits	p
chalks	pVti
chalkstones	p
challahs	p
challenged	ViA
challengers	p
challenges	pVi
challenging	NViA
challises	p
chalones	p
chalybeates	p
chamades	p
chamaephytes	p
chambered	tA
chamberers	p
chambering	NtA
chamberlains	p
chambermaids	p
chambers	t
chambrays	p
chameleons	p
chametzes	p
chamfered	tA
chamfering	NtA
chamfers	pt
chamfrons	p
chamoised	tA
chamoises	pt
chamoising	NtA
chamomiles	p
champacs	p
champagnes	p
champaigns	p
champed	VA
champers	p
champerses	p
champerties	p
champing	NVA
championed	tA
championing	NtA
champions	pt
championships	p
champs	pV
chams	p
chanced	tA
chancellors	p
chancellorships	p
chancels	p
chances	pt
chancily	v
chancing	NtA
chancres	p
chancroids	p
chandeliers	p
chandelled	iA
chandelles	pi
chandelling	NiA
chandleries	p
chandlers	p
chanfrons	p
changeabilities	p
changeablenesses	p
changed	VtiA
changefulnesses	p
changelessnesses	p
changelings	p
changeovers	pV
changers	p
changes	pVti
changing	NVtiA
channeled	VA
channelers	p
channeling	NVA
channelings	p
channelizations	p
channelized	tA
channelizes	t
channelizing	NtA
channelled	VA
channellers	p
channelling	NVA
channels	pV
chanoyus	p
chantages	p
chanted	VA
chanterelles	p
chanters	p
chanticleers	p
chanting	NVA
chantresses	p
chants	pV
chaoses	p
chaparrals	p
chapbooks	p
chapeaus	p
chapels	p
chaperonages	p
chaperoned	VtA
chaperones	pt
chaperoning	NVtA
chaperons	pV
chapes	p
chapiters	p
chaplaincies	p
chaplainries	p
chaplains	p
chaplainships	p
chaplets	p
chapped	VA
chappies	p
chapping	NVA
chaps	V
chaptalizations	p
chaptalized	tA
chaptalizes	t
chaptalizing	NtA
chaptered	tA
chapterhouses	p
chaptering	NtA
chapters	pt
chaptrels	p
charabancs	p
characins	p
charactered	tA
characteries	p
charactering	NtA
characterisations	p
characterised	tA
characterisers	p
characterises	t
characterising	NtA
characteristics	p
characterizations	p
characterized	tA
characterizers	p
characterizes	t
characterizing	NtA
characters	pt
charades	p
charangos	p
charas	p
charases	p
charcoaled	tA
charcoaling	NtA
charcoals	pt
chards	p
chared	VtA
chargeabilities	p
chargeablenesses	p
charged	VtiA
chargers	p
charges	pVti
charging	NVtiA
charinesses	p
charing	NVtA
charioteers	p
chariots	p
charismatically	v
charitablenesses	p
charked	tA
charkhas	p
charking	NtA
charks	pt
charlatanisms	p
charlatans	p
charlies	p
charlocks	p
charlottes	p
charmed	VtA
charmers	p
charmeuses	p
charming	NVtA
charminger	A
charmingest	A
charms	pVt
charnels	p
charpoys	p
charquis	p
charred	VtA
charring	NVtA
charrs	p
chars	pVt
chartas	p
charted	tA
chartered	tA
charterers	p
chartering	NtA
charters	pt
charting	NtA
chartists	p
chartreuses	p
charts	pt
chased	VtiA
chasers	p
chases	pVti
chasing	NVtiA
chasings	pVt
chasms	p
chassed	VA
chastened	tA
chasteners	p
chastenesses	p
chastening	NtA
chastenments	p
chastens	t
chastised	tA
chastisements	p
chastisers	p
chastises	t
chastising	NtA
chastities	p
chasubles	p
chateaubriands	p
chateaus	p
chatoyancies	p
chatoyants	p
chats	pV
chatted	VA
chattels	p
chatterboxes	p
chattered	ViA
chatterers	p
chattering	NViA
chatters	pVi
chattinesses	p
chatting	NVA
chaudfroids	p
chauffers	p
chauffeured	VA
chauffeuring	NVA
chauffeurs	pV
chaulmoogras	p
chaunters	p
chautauquas	p
chauvinisms	p
chauvinists	p
chawed	VA
chawers	p
chawing	NVA
chaws	pV
chayotes	p
chays	p
chazans	p
cheapened	VA
cheapeners	p
cheapening	NVA
cheapens	V
cheaper	A
cheapest	A
cheapnesses	p
cheaps	p
cheapskates	p
cheated	VtiA
cheaters	p
cheating	NVtiA
cheats	pVti
chebecs	p
checkbooks	p
checked	VtiA
checkerblooms	p
checkerboards	p
checkered	VA
checkering	NVA
checkers	pV
checking	NVtiA
checkmated	tA
checkmates	pt
checkmating	NtA
checkoffs	p
checkpoints	p
checkreins	p
checkrooms	p
checkrowed	tA
checkrowing	NtA
checkrows	pt
checks	pVti
checksums	pV
checkups	p
cheddites	p
cheders	p
cheekbones	p
cheeked	tA
cheekinesses	p
cheeking	NtA
cheekpieces	p
cheeks	pt
cheeped	iA
cheepers	p
cheeping	NiA
cheeps	pi
cheered	VA
cheerers	p
cheerfuller	A
cheerfullest	A
cheerfulnesses	p
cheerinesses	p
cheering	NVA
cheerleaders	p
cheerlessnesses	p
cheeros	p
cheers	pV
cheeseboards	p
cheeseburgers	p
cheesecakes	p
cheesecloths	p
cheeseparers	p
cheeseparings	p
cheeses	pVt
cheesier	A
cheesiest	A
cheesinesses	p
cheesing	NVtA
cheetahs	p
chefs	p
chelas	p
chelated	iA
chelates	pi
chelating	NiA
chelations	p
chelipeds	p
cheloids	p
chelonians	p
chemicals	p
chemiluminescences	p
chemises	p
chemisettes	p
chemisms	p
chemisorbed	tA
chemisorbing	NtA
chemisorbs	t
chemisorptions	p
chemists	p
chemoreceptions	p
chemoreceptors	p
chemospheres	p
chemostats	p
chemosurgeries	p
chemotherapeutically	v
chemotherapies	p
chemotherapists	p
chemotropisms	p
chemurgies	p
chenilles	p
chenopods	p
cheongsams	p
chequebooks	p
chequerboards	p
chequered	tA
chequering	NtA
chequers	pt
cheques	p
cherems	p
cherimoyas	p
cherished	tA
cherishers	p
cherishes	t
cherishing	NtA
chernozems	p
cheroots	p
cherrystones	p
chersoneses	p
chertier	A
chertiest	A
cherts	p
chervils	p
chessboards	p
chessels	p
chesses	p
chesterfields	p
chestinesses	p
chestnuts	p
chests	p
chetahs	p
cheths	p
chevaliers	p
chevets	p
chevied	VA
chevies	p
chevilles	p
chevrets	p
chevrettes	p
chevrons	p
chevrotains	p
chevying	NVA
chewed	ViA
chewers	p
chewing	NViA
chewinks	p
chews	pVi
chiacked	tA
chiacking	NtA
chiacks	t
chiantis	p
chiasmatypies	p
chiasms	p
chiasmuses	p
chiastolites	p
chibouks	p
chicaned	tiA
chicaners	p
chicanes	pti
chicaning	NtiA
chicanings	V
chicanos	p
chicer	A
chicest	A
chichas	p
chichier	A
chichiest	A
chichis	p
chickadees	p
chickarees	p
chickenpoxes	p
chickens	p
chickenshits	p
chickpeas	p
chicks	p
chickweeds	p
chicles	p
chics	p
chided	VA
chiders	p
chides	V
chiding	NVA
chiefdoms	p
chiefer	A
chiefest	A
chiefs	p
chieftaincies	p
chieftains	p
chieftainships	p
chields	p
chiffchaffs	p
chiffoniers	p
chiffons	p
chifforobes	p
chigetais	p
chiggers	p
chigoes	p
chilblains	p
childbearings	p
childbeds	p
childbirths	p
childes	p
childhoods	p
childishnesses	p
childlessnesses	p
childlier	A
childliest	A
childlikenesses	p
childminders	p
chiliads	p
chiliasms	p
chiliasts	p
chilled	tA
chiller	A
chillers	p
chillest	A
chillily	v
chillinesses	p
chilling	NtA
chillis	p
chillnesses	p
chills	pt
chillums	p
chilopods	p
chimars	p
chimbs	p
chimed	VtiA
chimeres	p
chimers	p
chimes	pVti
chiming	NVtiA
chimneypieces	p
chimpanzees	p
chimps	p
chinars	p
chinas	p
chinawares	p
chincapins	p
chincherinchees	p
chinches	p
chinchillas	p
chined	VtA
chines	pt
chining	NVtA
chinkapins	p
chinked	VtA
chinking	NVtA
chinks	pVt
chinned	VA
chinning	NVA
chinoiseries	p
chinones	p
chinooks	p
chinquapins	p
chins	pV
chintzes	p
chintzily	v
chinwags	p
chionodoxas	p
chipboards	p
chipmunks	p
chipolatas	p
chipped	VA
chippier	A
chippiest	A
chipping	NVA
chippings	p
chips	pV
chirimoyas	p
chirked	tiA
chirker	A
chirkest	A
chirking	NtiA
chirks	ti
chirmed	iA
chirming	NiA
chirms	pi
chirographers	p
chirographies	p
chiromancers	p
chiromancies	p
chiropodies	p
chiropodists	p
chiropractics	p
chiropractors	p
chiropterans	p
chiropters	p
chirped	iA
chirpers	p
chirpinesses	p
chirping	NiA
chirps	pi
chirred	iA
chirres	pi
chirring	NiA
chirrs	pi
chirruped	iA
chirruping	NiA
chirrups	pi
chirurgeons	p
chirurgeries	p
chis	p
chiseled	VA
chiselers	p
chiseling	NVA
chiselled	VA
chiselling	NVA
chisellings	V
chisels	pV
chitals	p
chitchats	pV
chitchatted	VA
chitchatting	NVA
chitins	p
chitons	p
chits	p
chittered	iA
chittering	NiA
chitterlings	p
chitters	i
chivalrousnesses	p
chivarees	p
chives	p
chivied	VtiA
chivies	pVti
chivs	p
chivying	NVtiA
chlamydospores	p
chloasmas	p
chloracnes	p
chlorals	p
chloramines	p
chloramphenicols	p
chlorates	p
chlordanes	p
chlordiazepoxides	p
chlorellas	p
chlorenchymas	p
chlorides	p
chloridized	tA
chloridizes	t
chloridizing	NtA
chlorinated	tA
chlorinates	t
chlorinating	NtA
chlorinations	p
chlorinators	p
chlorines	p
chlorinities	p
chlorites	p
chlorobenzenes	p
chlorocarbons	p
chloroforms	p
chlorohydrins	p
chlorophylls	p
chloropicrins	p
chloroplasts	p
chloroprenes	p
chloroquines	p
chlorothiazides	p
chlorotically	v
chlorpicrins	p
chlorpromazines	p
chlorpropamides	p
chlortetracyclines	p
choanocytes	p
chochos	p
chocked	tA
chocking	NtA
chocks	pt
chockstones	p
chocolates	p
chocolatier	A
chocos	p
choctaws	p
choicenesses	p
choices	p
choirboys	p
choirgirls	p
choirmasters	p
choirs	p
chokebores	p
choked	tiA
chokedamps	p
chokers	p
chokes	pti
choking	NtiA
chokos	p
cholagogues	p
cholecalciferols	p
cholecysts	p
choleliths	p
cholents	p
choleras	p
cholers	p
cholesterols	p
cholinergically	v
cholines	p
cholinesterases	p
cholis	p
chomped	VA
chomping	NVA
chomps	pV
chondrified	VA
chondrifies	V
chondrifying	NVA
chondriosomes	p
chondrites	p
chondrules	p
chookies	p
chooks	pV
chooms	p
choosers	p
chooses	Vti
choosing	NVtiA
chopines	p
chopins	p
choplogics	p
chopped	VtiA
choppinesses	p
chopping	NVtiA
choppings	V
chops	Vti
choraguses	p
chorales	p
chorals	p
chordamesoderms	p
chordates	p
chorded	tA
chording	NtA
chordophones	p
chords	pt
choreas	p
choreguses	p
choreographed	tA
choreographers	p
choreographies	p
choreographing	NtA
choreographs	t
chores	p
choriambs	p
choriambuses	p
chorines	p
chorioids	p
chorions	p
choristers	p
chorographers	p
chorographies	p
choroids	p
chortled	iA
chortlers	p
chortles	pi
chortling	NiA
chorused	VA
choruses	V
chorusing	NVA
chorusmasters	p
choses	pV
chotts	p
choughs	p
choused	tA
chousers	p
chouses	pt
chousing	NtA
chowders	p
chowhounds	p
chows	p
chresards	p
chrismons	p
chrisms	p
chrisoms	p
christened	tA
christeners	p
christening	NtA
christenings	p
christens	t
chromas	p
chromates	p
chromaticisms	p
chromaticities	p
chromatids	p
chromatins	p
chromatisms	p
chromatists	p
chromatograms	p
chromatographed	tA
chromatographies	p
chromatographing	NtA
chromatographs	t
chromatophores	p
chromed	VA
chromes	pV
chrominances	p
chroming	NVA
chromings	V
chromites	p
chromiums	p
chromogens	p
chromolithographers	p
chromolithographies	p
chromolithographs	p
chromomeres	p
chromophils	p
chromophores	p
chromoplasts	p
chromoproteins	p
chromosomes	p
chromospheres	p
chromyls	p
chronaxies	p
chronicities	p
chronicled	tA
chroniclers	p
chronicles	pt
chronicling	NtA
chronobiologies	p
chronograms	p
chronographers	p
chronographs	p
chronologists	p
chronometers	p
chronometries	p
chronons	p
chronoscopes	p
chrysalids	p
chrysalises	p
chrysanthemums	p
chrysarobins	p
chrysoberyls	p
chrysolites	p
chrysomelids	p
chrysoprases	p
chrysotiles	p
chubbinesses	p
chubs	p
chucked	ViA
chuckholes	p
chucking	NViA
chuckled	iA
chuckleheads	p
chucklers	p
chuckles	pi
chuckling	NiA
chucklings	V
chucks	pVi
chuckwallas	p
chuddars	p
chufas	p
chuffed	tiA
chuffing	NtiA
chuffs	pti
chugged	VA
chuggers	p
chugging	NVA
chugs	pV
chukars	p
chukkers	p
chummed	VA
chumminesses	p
chumming	NVA
chumped	VA
chumping	NVA
chumps	pV
chums	pV
chundered	iA
chundering	NiA
chunders	pi
chunkinesses	p
chunks	p
chuntered	iA
chuntering	NiA
chunters	i
chupattis	p
chuppahs	p
churched	tA
churches	pt
churchgoers	p
churchgoings	p
churching	NtA
churchlier	A
churchliest	A
churchlinesses	p
churchmanships	p
churchwardens	p
churchyards	p
churlishnesses	p
churls	p
churned	VA
churners	p
churning	NVA
churnings	p
churns	pV
churred	VA
churring	NVA
churrs	pV
chuted	VA
chutes	pV
chuting	NVA
chutists	p
chutneys	p
chutzpahs	p
chyacked	VA
chyacking	NVA
chyacks	V
chyles	p
chymes	p
chymists	p
chymosins	p
chymotrypsinogens	p
chymotrypsins	p
chypres	p
cicalas	p
cicatricles	p
cicatrisations	p
cicatrised	tiA
cicatrises	ti
cicatrising	NtiA
cicatrizations	p
cicatrized	VA
cicatrizes	V
cicatrizing	NVA
cicerones	p
cichlids	p
cicisbeisms	p
cicisbeos	p
ciders	p
cigarettes	p
cigars	p
cigs	p
ciliates	p
ciliations	p
cilices	p
cimbaloms	p
cinched	VtA
cinches	pVt
cinching	NVtA
cinchonas	p
cinchonines	p
cinchonisations	p
cinchonised	tA
cinchonises	t
cinchonising	NtA
cinchonisms	p
cinchonizations	p
cinchonized	tA
cinchonizes	t
cinchonizing	NtA
cinctures	p
cindered	tA
cindering	NtA
cinders	pt
cineastes	p
cinemas	p
cinematheques	p
cinematized	tiA
cinematizes	ti
cinematizing	NtiA
cinematographers	p
cinematographies	p
cinematographs	pV
cineoles	p
cineols	p
cinerarias	p
cinerations	p
cinerators	p
cinerins	p
cines	p
cinnabars	p
cinnamons	p
cinquains	p
cinquecentists	p
cinquecentos	p
cinquefoils	p
cinques	p
cions	p
ciphered	ViA
cipherers	p
ciphering	NViA
ciphers	pVi
cipolins	p
circadianly	v
circlers	p
circles	p
circlets	p
circlings	V
circs	p
circuited	VA
circuiting	NVA
circuitousnesses	p
circuitries	p
circuits	pV
circularisations	p
circularised	tA
circularisers	p
circularises	t
circularising	NtA
circularities	p
circularizations	p
circularized	tA
circularizers	p
circularizes	t
circularizing	NtA
circularnesses	p
circulars	p
circulated	VA
circulates	V
circulating	NVA
circulations	p
circulators	p
circumambiences	p
circumambiencies	p
circumambiently	v
circumambulated	ViA
circumambulates	Vi
circumambulating	NViA
circumambulations	p
circumcenters	p
circumcised	tA
circumcisers	p
circumcises	t
circumcising	NtA
circumcisions	p
circumferences	p
circumferentially	v
circumferentors	p
circumflexes	p
circumfluences	p
circumfused	tA
circumfuses	t
circumfusing	NtA
circumfusions	p
circumgyrations	p
circumlocutions	p
circumnavigated	tA
circumnavigates	t
circumnavigating	NtA
circumnavigations	p
circumnavigators	p
circumnutated	iA
circumnutates	i
circumnutating	NiA
circumnutations	p
circumrotated	iA
circumrotates	i
circumrotating	NiA
circumrotations	p
circumscribed	tA
circumscribers	p
circumscribes	t
circumscribing	NtA
circumscriptions	p
circumspections	p
circumstanced	tA
circumstances	pt
circumstancing	NtA
circumstantiated	tA
circumstantiates	t
circumstantiating	NtA
circumstantiations	p
circumvallated	tA
circumvallates	t
circumvallating	NtA
circumvallations	p
circumvented	tA
circumventers	p
circumventing	NtA
circumventions	p
circumvents	t
circumvolutions	p
circumvolved	tiA
circumvolves	ti
circumvolving	NtiA
cirques	p
cirripedes	p
cirripeds	p
cissings	p
cissoids	p
cisterns	p
cistrons	p
cists	p
cistuses	p
cistvaens	p
citadels	p
citations	p
cited	tA
citers	p
cites	t
citharas	p
citharists	p
cithers	p
citifications	p
citified	VA
citifies	V
citifying	NVA
citing	NtA
citizens	p
citizenships	p
citoles	p
citrals	p
citranges	p
citrates	p
citricultures	p
citriculturists	p
citrines	p
citrins	p
citronellals	p
citronellas	p
citronellols	p
citrons	p
citrullines	p
cits	p
citterns	p
cityscapes	p
civets	p
civilians	p
civilisations	p
civilised	tA
civilisers	p
civilises	t
civilising	NtA
civilizations	p
civilized	tA
civilizers	p
civilizes	t
civilizing	NtA
civisms	p
civs	p
clabbered	iA
clabbering	NiA
clabbers	pi
clachans	p
clacked	VA
clackers	p
clacking	NVA
clacks	pV
cladded	VA
cladding	NVA
claddings	p
cladocerans	p
cladodes	p
cladophylls	p
clads	V
claimants	p
claimed	VA
claimers	p
claiming	NVA
claims	pV
clairaudiences	p
clairvoyances	p
clairvoyants	p
clambakes	p
clambered	VA
clamberers	p
clambering	NVA
clambers	pV
clammed	VA
clammier	A
clammiest	A
clamminesses	p
clamming	NVA
clamored	tiA
clamorers	p
clamoring	NtiA
clamorousnesses	p
clamors	pti
clamoured	tiA
clamourers	p
clamouring	NtiA
clamours	pti
clampdowns	p
clamped	tA
clampers	p
clamping	NtA
clamps	pt
clams	pV
clamshells	p
clamworms	p
clandestinenesses	p
clandestinities	p
clanged	ViA
clangers	p
clanging	NViA
clangored	iA
clangoring	NiA
clangors	pi
clangs	pVi
clanked	ViA
clanking	NViA
clanks	pVi
clannishnesses	p
clans	p
clapboarded	tA
clapboarding	NtA
clapboards	pt
clapped	VtiA
clapperboards	p
clapperclawed	tA
clapperclawers	p
clapperclawing	NtA
clapperclaws	t
clappered	VA
clappering	NVA
clappers	pV
clapping	NVtiA
clappings	V
claps	pVti
claptraps	p
claques	p
claqueurs	p
clarabellas	p
clarences	p
clarets	p
clarifications	p
clarified	VA
clarifiers	p
clarifies	V
clarifying	NVA
clarinetists	p
clarinets	p
clarinettists	p
clarinos	p
clarioned	VA
clarioning	NVA
clarions	pV
clarities	p
clarkias	p
claros	p
clarted	tA
clarting	NtA
clarts	t
clashed	ViA
clashers	p
clashes	pVi
clashing	NViA
clasped	tA
claspers	p
clasping	NtA
clasps	pt
classed	VA
classers	p
classes	V
classicalities	p
classicalnesses	p
classicised	tiA
classicises	ti
classicising	NtiA
classicisms	p
classicists	p
classicized	tiA
classicizes	ti
classicizing	NtiA
classics	p
classifications	p
classificatorily	v
classified	VA
classifiers	p
classifies	V
classifying	NVA
classinesses	p
classing	NVA
classmates	p
classrooms	p
clathrates	p
clattered	VtiA
clatterers	p
clattering	NVtiA
clatters	pVti
clauchted	VA
clauchting	NVA
clauchts	V
claudications	p
claughted	VA
claughting	NVA
claughts	V
clauses	p
claustrophobes	p
claustrophobias	p
claustrophobically	v
clavered	iA
clavering	NiA
clavers	i
claves	pV
clavicembalos	p
clavichordists	p
clavichords	p
clavicles	p
clavicorns	p
clavicytheriums	p
clavierists	p
claviers	p
clawed	VtA
clawers	p
clawing	NVtA
claws	pVt
claybanks	p
clayed	tA
claying	NtA
claymores	p
claypans	p
clays	pt
claystones	p
claytonias	p
cleaned	VtA
cleaner	A
cleaners	p
cleanest	A
cleaning	NVtA
cleanings	p
cleanlinesses	p
cleannesses	p
cleans	pVt
cleansed	tA
cleansers	p
cleanses	t
cleansing	NtA
cleansings	V
cleanskins	p
cleanups	p
clearances	p
clearcoles	pt
cleared	VtiA
clearer	A
clearers	p
clearest	A
clearheadednesses	p
clearing	NVtiA
clearings	p
clearnesses	p
clears	pVti
clearways	p
clearwings	p
cleated	tA
cleating	NtA
cleats	pt
cleavages	p
cleaved	ViA
cleavers	p
cleaves	Vi
cleaving	NViA
clecked	tiA
clecking	NtiA
clecks	pti
cleeks	p
clefs	p
clefted	VA
clefting	NVA
clefts	pV
clegs	p
cleistogamies	p
clematises	p
clementines	p
clemmed	VA
clemming	NVA
clems	V
clenched	VtA
clenches	pVt
clenching	NVtA
cleomes	p
cleped	VA
clepes	V
cleping	NVA
clericalisms	p
clericalists	p
clerics	p
clerihews	p
clerisies	p
clerked	iA
clerkesses	p
clerking	NiA
clerklinesses	p
clerks	pi
clerkships	p
cleveites	p
cleverer	A
cleverest	A
clevernesses	p
clevises	p
clewed	tA
clewing	NtA
clews	pt
clianthuses	p
clicked	ViA
clickers	p
clicking	NViA
clicks	pVi
clientages	p
clients	p
cliffhangers	p
cliffs	p
clifts	p
climacterics	p
climates	p
climatologies	p
climatologists	p
climaxed	VA
climaxes	pV
climaxing	NVA
climbed	VA
climbers	p
climbing	NVA
climbs	pV
climes	p
clinched	tiA
clinchers	p
clinches	pti
clinching	NtiA
clines	p
clinged	VA
clingers	p
clingfishes	p
clinginesses	p
clinging	NVA
clings	pV
clingstones	p
clinicians	p
clinics	p
clinked	ViA
clinkered	iA
clinkering	NiA
clinkers	pi
clinking	NViA
clinks	pVi
clinkstones	p
clinometers	p
clinometries	p
clinquants	p
clintonias	p
clipboards	p
clipped	VtiA
clippies	p
clipping	NVtiA
clippings	p
clips	pVti
clipsheets	p
cliques	p
cliquishnesses	p
cliquisms	p
clitics	p
clitorises	p
cloaked	tA
cloaking	NtA
cloakrooms	p
cloaks	pt
clobbered	tA
clobbering	NtA
clobbers	pt
cloches	p
clocked	tA
clockers	p
clocking	NtA
clockmakers	p
clocks	pt
clockworks	p
cloddier	A
cloddiest	A
cloddishnesses	p
clodhoppers	p
clodpolls	p
clods	p
clogged	VtiA
cloggier	A
cloggiest	A
clogginesses	p
clogging	NVtiA
clogs	pVti
cloisons	p
cloistered	tA
cloistering	NtA
cloisters	pt
cloistresses	p
clokes	pV
clomped	VA
clomping	NVA
clomps	pV
clones	p
clonicities	p
clonisms	p
clonked	tiA
clonking	NtiA
clonks	pti
cloots	p
clopped	VA
clopping	NVA
clops	pV
closed	VtiA
closedowns	p
closefistednesses	p
closenesses	p
closeouts	p
closer	A
closers	pV
closes	pVti
closest	A
closeted	tA
closeting	NtA
closets	pt
closing	NVtiA
closings	pV
clostridiums	p
closured	tA
closures	pt
closuring	NtA
clothed	VA
clothes	V
clotheshorses	p
clotheslines	p
clothespins	p
clothespresses	p
clothiers	p
clothing	NVA
clothings	p
cloths	p
clots	pV
clotted	VA
clotting	NVA
clottings	V
clotured	tA
clotures	pt
cloturing	NtA
cloudbursts	p
clouded	VtA
cloudinesses	p
clouding	NVtA
cloudlands	p
cloudlessnesses	p
cloudlets	p
clouds	pVt
cloudscapes	p
cloughs	p
clous	p
clouted	tA
clouters	p
clouting	NtA
clouts	pt
cloverleafs	p
cloves	pV
clowders	p
clowned	iA
clowning	NiA
clownishnesses	p
clowns	pi
cloyed	VA
cloying	NVA
cloyingnesses	p
cloys	V
clubbabilities	p
clubbed	VA
clubbers	p
clubbing	NVA
clubbings	pV
clubhands	p
clubhauled	VA
clubhauling	NVA
clubhauls	V
clubrooms	p
clubroots	p
clubs	pV
clucked	tiA
clucking	NtiA
clucks	pti
clued	VA
cluelessly	v
clues	pV
cluing	NVA
clumped	tiA
clumpier	A
clumpiest	A
clumpily	v
clumping	NtiA
clumps	pti
clumsinesses	p
clunked	VA
clunking	NVA
clunks	pV
clupeids	p
clupeoids	p
clustered	VA
clustering	NVA
clusters	pV
clutched	tiA
clutches	pti
clutching	NtiA
cluttered	ViA
cluttering	NViA
clutters	pVi
clyped	iA
clypes	i
clypeuses	p
clyping	NiA
clysters	p
cnidarians	p
cnidoblasts	p
cnidocils	p
coacervates	p
coacervations	p
coachbuilders	p
coached	VtA
coachers	p
coaches	pVt
coaching	NVtA
coachwhips	p
coachworks	p
coacted	tiA
coacting	NtiA
coactions	p
coactivities	p
coactors	p
coacts	ti
coadjutants	p
coadjutors	p
coadjutresses	p
coadjutrixes	p
coadunations	p
coagulabilities	p
coagulants	p
coagulases	p
coagulated	VA
coagulates	pV
coagulating	NVA
coagulations	p
coagulums	p
coalbins	p
coaled	VA
coalers	p
coalesced	iA
coalescences	p
coalesces	i
coalescing	NiA
coalfaces	p
coalfields	p
coaling	NVA
coalitioners	p
coalitionists	p
coalitions	p
coals	pV
coamings	p
coaptations	p
coarctations	p
coarsened	VA
coarsenesses	p
coarsening	NVA
coarsens	V
coasted	ViA
coasters	p
coastguards	p
coasting	NViA
coastlands	p
coastlines	p
coasts	pVi
coatdresses	p
coated	tA
coatees	p
coating	NtA
coatings	p
coatracks	p
coatrooms	p
coats	pt
coauthored	tA
coauthoring	NtA
coauthors	pt
coaxed	VtA
coaxers	p
coaxes	pVt
coaxially	v
coaxing	NVtA
cobaltites	p
cobalts	p
cobbed	VA
cobbers	p
cobbing	NVA
cobbled	tA
cobbles	t
cobblestones	p
cobbling	NtA
cobblings	Vt
cobbs	p
cobelligerents	p
cobias	p
cobles	p
cobnuts	p
cobras	p
cobs	pV
coburgs	p
cobwebbier	A
cobwebbiest	A
cocaines	p
cocainisations	p
cocainised	tA
cocainises	t
cocainising	NtA
cocainisms	p
cocainizations	p
cocainized	tA
cocainizes	t
cocainizing	NtA
cocas	p
coccids	p
coccis	p
coccoids	p
coccoliths	p
cochineals	p
cochins	p
cochleas	p
cockades	p
cockalorums	p
cockateels	p
cockatiels	p
cockatrices	p
cockbilled	tA
cockbilling	NtA
cockbills	t
cockboats	p
cockchafers	p
cockcrows	p
cocked	tiA
cockered	tA
cockerels	p
cockering	NtA
cockers	pt
cockeyedly	v
cockfightings	p
cockfights	p
cockhorses	p
cockinesses	p
cocking	NtiA
cockleboats	p
cockleburs	p
cockled	VA
cockles	pV
cockleshells	p
cockling	NVA
cocklofts	p
cockneyfied	VA
cockneyfies	V
cockneyfying	NVA
cockneyisms	p
cockpits	p
cockroaches	p
cocks	pti
cockscombs	p
cocksfoots	p
cockshuts	p
cockspurs	p
cocksurenesses	p
cockswains	p
cocktails	p
cockups	pV
cocoas	p
cocobolos	p
cocomats	p
coconuts	p
cocooned	tA
cocooning	NtA
cocoons	pt
cocopans	p
cocoyams	p
codas	p
codded	VA
codders	p
codding	NVA
coddled	tA
coddlers	p
coddles	pt
coddling	NtA
codeclinations	p
coded	VtA
codefendants	p
codeines	p
coders	p
codes	pt
codettas	p
codfishes	p
codgers	p
codicils	p
codicologies	p
codifications	p
codified	VA
codifiers	p
codifies	V
codifying	NVA
coding	NVtA
codlings	p
codons	p
codpieces	p
cods	pV
codswallops	p
coedited	tA
coediting	NtA
coeditors	p
coedits	t
coeds	p
coeducations	p
coefficients	p
coehorns	p
coelacanths	p
coelenterates	p
coelomates	p
coeloms	p
coelostats	p
coemptions	p
coenobites	p
coenocytes	p
coenosarcs	p
coenzymes	p
coequalities	p
coequals	p
coerced	tA
coercers	p
coerces	t
coercibly	v
coercing	NtA
coercionists	p
coercions	p
coercivenesses	p
coercivities	p
coesites	p
coessentialities	p
coessentialnesses	p
coetaneousnesses	p
coeternities	p
coevalities	p
coevals	p
coexecutors	p
coexisted	iA
coexistences	p
coexisting	NiA
coexists	i
coextended	VA
coextending	NVA
coextends	V
coextensions	p
cofactors	p
coffed	VA
coffeecakes	p
coffeehouses	pi
coffeepots	p
coffees	p
cofferdams	p
coffered	tA
coffering	NtA
coffers	pt
coffined	tA
coffing	NVA
coffining	NtA
coffins	pt
coffles	p
coffrets	p
coffs	V
cofunctions	p
cogencies	p
cogged	VA
cogging	NVA
cogitated	VA
cogitates	V
cogitating	NVA
cogitations	p
cogitativenesses	p
cogitators	p
cognacs	p
cognately	v
cognates	p
cognations	p
cognisances	p
cognised	tA
cognisers	p
cognises	t
cognising	NtA
cognitions	p
cognizances	p
cognized	tA
cognizers	p
cognizes	t
cognizing	NtA
cognovits	p
cogons	p
cogs	pV
cogwheels	p
cohabitants	p
cohabitations	p
cohabited	iA
cohabiters	p
cohabiting	NiA
cohabits	i
coheirs	p
cohered	iA
coherences	p
coherers	p
coheres	i
cohering	NiA
cohesions	p
cohesivenesses	p
cohobated	tA
cohobates	t
cohobating	NtA
cohorts	p
cohos	p
cohoshes	p
cohunes	p
coiffured	tA
coiffures	pt
coiffuring	NtA
coifs	pVt
coigned	tA
coignes	pt
coigning	NtA
coigns	p
coiled	ViA
coiling	NViA
coils	pVi
coinages	p
coincided	iA
coincidences	p
coincidently	v
coincides	i
coinciding	NiA
coined	tA
coiners	p
coining	NtA
coins	pt
coinsurances	p
coinsured	VA
coinsurers	p
coinsures	V
coinsuring	NVA
coirs	p
coistrels	p
coitally	v
coitions	p
coituses	p
coked	VA
cokernuts	p
cokes	pV
coking	NVA
colanders	p
colas	p
colatitudes	p
colcannons	p
colchicines	p
colchicums	p
colcothars	p
colder	A
coldest	A
coldnesses	p
colds	p
colemanites	p
coleopterans	p
coleoptiles	p
coleorhizas	p
coles	p
coleseeds	p
coleslaws	p
coleworts	p
coleys	p
colicroots	p
colics	p
coliforms	p
colins	p
coliseums	p
colitises	p
collaborated	iA
collaborates	i
collaborating	NiA
collaborationisms	p
collaborationists	p
collaborations	p
collaborators	p
collagenases	p
collagens	p
collagists	p
collapsars	p
collapsed	iA
collapses	pi
collapsibilities	p
collapsing	NiA
collarbones	p
collards	p
collared	tA
collarets	p
collarettes	p
collaring	NtA
collars	pt
collated	tA
collateralities	p
collaterals	p
collates	t
collating	NtA
collations	p
collators	p
colleagues	p
colleagueships	p
collected	VtiA
collectednesses	p
collecting	NVtiA
collections	p
collectives	p
collectivisms	p
collectivists	p
collectivizations	p
collectivized	tA
collectivizes	t
collectivizing	NtA
collectorates	p
collectors	p
collectorships	p
collects	pVti
colleens	p
collegers	p
colleges	p
collegians	p
collegiums	p
collembolans	p
collenchymas	p
colleted	tA
colleting	NtA
collets	pt
collided	iA
collides	i
colliding	NiA
collier	A
collieries	p
colliers	p
collies	p
collieshangies	p
colligated	tA
colligates	t
colligating	NtA
colligations	p
collimated	tA
collimates	t
collimating	NtA
collimations	p
collimators	p
collinearities	p
collinses	p
collinsias	p
collisionally	v
collisions	p
collocated	tA
collocates	t
collocating	NtA
collocations	p
collocutors	p
collodions	p
collogued	VA
collogues	V
colloguing	NVA
colloidally	v
colloids	p
collops	p
colloquialisms	p
colloquialists	p
colloquialnesses	p
colloquists	p
collotypes	p
colluded	iA
colluders	p
colludes	i
colluding	NiA
collusions	p
collusivenesses	p
colluviums	p
collyriums	p
colobuses	p
colocynths	p
cologarithms	p
colognes	p
cologs	p
colonelcies	p
colonels	p
colonialised	tA
colonialises	t
colonialising	NtA
colonialisms	p
colonialists	p
colonializations	p
colonialized	tA
colonializes	t
colonializing	NtA
colonials	p
colonics	p
colonisationists	p
colonisations	p
colonised	tA
colonisers	p
colonises	t
colonising	NtA
colonists	p
colonitises	p
colonizationists	p
colonizations	p
colonized	VtA
colonizers	p
colonizes	Vt
colonizing	NVtA
colonnades	p
colophonies	p
colophons	p
coloquintidas	p
colorabilities	p
colorablenesses	p
colorants	p
colorations	p
coloraturas	p
colorcasted	tiA
colorcasting	NtiA
colorcasts	pti
colored	VtiA
colorers	p
colorfastnesses	p
colorfulnesses	p
colorimeters	p
coloring	NVtiA
colorings	p
coloristically	v
colorists	p
colorlessnesses	p
colors	Vti
colostrums	p
colourabilities	p
colourablenesses	p
colourations	p
coloured	tiA
colourers	p
colourfulnesses	p
colouring	NtiA
colourings	p
colouristically	v
colourists	p
colourlessnesses	p
colours	pti
colpitises	p
colportages	p
colters	p
coltishnesses	p
colts	p
colubrids	p
columbines	p
columbites	p
columbiums	p
columellas	p
columniations	p
columnists	p
columns	p
colures	p
colzas	p
comakers	p
comals	p
comatulids	p
combatants	p
combated	VtiA
combaters	p
combating	NVtiA
combativenesses	p
combats	pVti
combed	VA
combers	p
combes	p
combinatorially	v
combined	VA
combiners	p
combines	pV
combing	NVA
combining	NVA
combs	pV
combusted	VA
combustibilities	p
combustibles	p
combusting	NVA
combustions	p
combustors	p
combusts	V
comebacks	pV
comedians	p
comediennes	p
comediettas	p
comedos	p
comedowns	pVi
comelinesses	p
comers	p
comes	Vt
comestibles	p
comethers	p
comets	p
comeuppances	p
comfits	p
comfortablenesses	p
comforted	tA
comforters	p
comforting	NtA
comforts	pt
comicalities	p
comicalnesses	p
comics	p
coming	NVtA
comings	p
comitatives	p
commandants	p
commanded	VtA
commandeered	tA
commandeering	NtA
commandeers	t
commanders	p
commanderships	p
commanding	NVtA
commandments	p
commands	pVt
commas	p
commeasured	tA
commeasures	t
commeasuring	NtA
commemorated	tA
commemorates	t
commemorating	NtA
commemorations	p
commemoratives	p
commenced	VA
commencements	p
commencers	p
commences	V
commencing	NVA
commendablenesses	p
commendams	p
commendations	p
commended	VA
commenders	p
commending	NVA
commends	V
commensalisms	p
commensalities	p
commensals	p
commensurabilities	p
commensuratenesses	p
commensurations	p
commentated	VtA
commentates	Vt
commentating	NVtA
commentators	p
commented	ViA
commenters	p
commenting	NViA
comments	pVi
commerces	p
commercialisations	p
commercialised	tA
commercialises	t
commercialising	NtA
commercialisms	p
commercialists	p
commercializations	p
commercialized	tA
commercializes	t
commercializing	NtA
commercials	p
comminated	tiA
comminates	ti
comminating	NtiA
comminations	p
commingled	VA
commingles	V
commingling	NVA
comminuted	VA
comminutes	V
comminuting	NVA
comminutions	p
commiserated	VA
commiserates	V
commiserating	NVA
commiserations	p
commiserators	p
commissariats	p
commissars	p
commissionaires	p
commissioned	tA
commissioners	p
commissionerships	p
commissioning	NtA
commissions	pt
commissures	p
commitments	p
commits	V
committals	p
committed	VA
committees	p
committeeships	p
committers	p
committing	NVA
commixed	VA
commixes	V
commixing	NVA
commixtures	p
commodes	p
commodiousnesses	p
commodores	p
commonages	p
commonalities	p
commoner	A
commoners	p
commonest	A
commonnesses	p
commonplacenesses	p
commonplaces	p
commons	p
commonweals	p
commonwealths	p
commos	p
commotions	p
commoved	tA
commoves	t
commoving	NtA
communalisations	p
communalised	tA
communalises	t
communalising	NtA
communalisms	p
communalists	p
communalities	p
communalizations	p
communalized	tA
communalizes	t
communalizing	NtA
communards	p
communed	ViA
communers	p
communes	pVi
communicabilities	p
communicablenesses	p
communicants	p
communicated	VtiA
communicates	Vti
communicating	NVtiA
communications	p
communicativenesses	p
communicators	p
communing	NViA
communings	Vi
communions	p
communisations	p
communised	tA
communises	pt
communising	NtA
communisms	p
communists	p
communitarians	p
communizations	p
communized	tA
communizes	t
communizing	NtA
commutabilities	p
commutated	tA
commutates	t
commutating	NtA
commutations	p
commutators	p
commuted	tiA
commuters	p
commutes	ti
commuting	NtiA
compacted	VtA
compacter	A
compactest	A
compacting	NVtA
compactions	p
compactnesses	p
compacts	pVt
compadres	p
companders	p
companied	VA
companies	V
companionabilities	p
companionablenesses	p
companioned	tA
companioning	NtA
companions	pt
companionships	p
companionways	p
companying	NVA
comparabilities	p
comparablenesses	p
comparatists	p
comparativenesses	p
comparatives	p
comparators	p
compared	tiA
comparers	p
compares	pti
comparing	NtiA
comparisons	p
comparted	tA
comparting	NtA
compartmentalizations	p
compartmentalized	VA
compartmentalizes	V
compartmentalizing	NVA
compartmentations	p
compartments	p
comparts	t
compassed	tA
compasses	pt
compassing	NtA
compassionatenesses	p
compassions	p
compatibilities	p
compatiblenesses	p
compatriotisms	p
compatriots	p
comped	iA
compeers	p
compellations	p
compelled	VA
compellers	p
compelling	NVA
compels	V
compendiousnesses	p
compensated	VtiA
compensates	Vti
compensating	NVtiA
compensations	p
compensators	p
competed	iA
competences	p
competers	p
competes	i
competing	NiA
competitions	p
competitivenesses	p
competitors	p
compilations	p
compiled	tA
compilers	p
compiles	t
compiling	NtA
comping	NiA
complainants	p
complained	iA
complainers	p
complaining	NiA
complains	i
complaints	p
complaisances	p
complanations	p
compleated	tA
compleating	NtA
compleats	t
complected	tA
complecting	NtA
complects	t
complementarily	v
complementarinesses	p
complementations	p
complemented	VtA
complementing	NVtA
complementizers	p
complements	pVt
completed	tA
completenesses	p
completer	A
completers	p
completes	t
completest	A
completing	NtA
completions	p
complexer	A
complexes	p
complexest	A
complexions	p
complexnesses	p
compliances	p
complicated	VA
complicatednesses	p
complicates	V
complicating	NVA
complications	p
complices	p
complied	VA
compliers	p
complies	V
complimented	VtA
complimenters	p
complimenting	NVtA
compliments	pVt
complines	p
complins	p
complots	pV
complotted	VA
complotting	NVA
compluviums	p
complying	NVA
compoer	A
components	p
comported	tiA
comporting	NtiA
comportments	p
comports	ti
composed	ViA
composednesses	p
composers	p
composes	Vi
composing	NViA
compositenesses	p
composites	p
compositions	p
compositors	p
composted	tA
composting	NtA
composts	pt
composures	p
compotations	p
compotators	p
compounded	VA
compounder	A
compounders	p
compounding	NVA
compounds	pV
compradors	p
comprehended	VtA
comprehending	NVtA
comprehends	Vt
comprehensibilities	p
comprehensiblenesses	p
comprehensions	p
comprehensivenesses	p
comprehensives	p
compressed	VtA
compresses	pVt
compressing	NVtA
compressions	p
compressors	p
comprisals	p
comprised	tA
comprises	t
comprising	NtA
comprized	tA
comprizes	t
comprizing	NtA
compromised	VtA
compromisers	p
compromises	Vt
compromising	NVtA
comps	pi
compted	tiA
compting	NtiA
comptrollers	p
comptrollerships	p
compts	pti
compulsions	p
compulsivenesses	p
compulsives	p
compulsorinesses	p
compunctions	p
compurgations	p
compurgators	p
computabilities	p
computationally	v
computations	p
computed	VA
computerizations	p
computerized	tiA
computerizes	ti
computerizing	NtiA
computers	p
computes	pV
computing	NVA
computists	p
comraderies	p
comrades	p
comradeships	p
coms	p
comstockeries	p
conations	p
concatenated	tA
concatenates	t
concatenating	NtA
concatenations	p
concaved	tA
concavenesses	p
concaver	A
concaves	t
concaving	NtA
concealed	tA
concealers	p
concealing	NtA
concealments	p
conceals	t
conceded	VtA
conceders	p
concedes	Vt
conceding	NVtA
conceited	tA
conceitednesses	p
conceiting	NtA
conceits	pt
conceivabilities	p
conceivablenesses	p
conceived	VtA
conceivers	p
conceives	Vt
conceiving	NVtA
concelebrated	VA
concelebrates	V
concelebrating	NVA
concelebrations	p
concentered	tiA
concentering	NtiA
concenters	ti
concentrated	tiA
concentrates	pti
concentrating	NtiA
concentrations	p
concentratively	v
concentrators	p
concentred	VA
concentres	V
concentricities	p
concentring	NVA
concents	p
conceptacles	p
conceptions	p
conceptively	v
concepts	p
conceptualisations	p
conceptualised	tiA
conceptualises	ti
conceptualising	NtiA
conceptualisms	p
conceptualistically	v
conceptualists	p
conceptualities	p
conceptualizations	p
conceptualized	VA
conceptualizes	V
conceptualizing	NVA
concerned	tA
concerning	NtA
concernments	p
concerns	pt
concertantes	p
concerted	VA
concertgoers	p
concertinaed	VA
concertinaing	NVA
concertinas	pV
concerting	NVA
concertinists	p
concertinos	p
concertised	iA
concertises	i
concertising	NiA
concertized	iA
concertizes	i
concertizing	NiA
concertmasters	p
concertos	p
concerts	pV
concessionaires	p
concessions	p
conchas	p
conchiolins	p
conchoids	p
conchologies	p
conchologists	p
conciliated	tA
conciliates	t
conciliating	NtA
conciliations	p
conciliatorinesses	p
conciliators	p
concisenesses	p
conciser	A
concisest	A
concisions	p
conclaves	p
conclavists	p
concluded	VA
concluders	p
concludes	V
concluding	NVA
conclusions	p
conclusivenesses	p
concocted	tA
concocters	p
concocting	NtA
concoctions	p
concocts	t
concomitances	p
concomitants	p
concordances	p
concordats	p
concords	p
concourses	p
concrescences	p
concreted	tA
concretenesses	p
concreter	A
concretes	pt
concreting	NtA
concretions	p
concretizations	p
concretized	tA
concretizes	t
concretizing	NtA
concubinages	p
concubines	p
concupiscences	p
concurred	VA
concurrences	p
concurrents	p
concurring	NVA
concurs	V
concussed	tA
concusses	t
concussing	NtA
concussions	p
concyclically	v
condemnations	p
condemned	tA
condemners	p
condemning	NtA
condemns	t
condensabilities	p
condensates	p
condensations	p
condensed	tA
condensers	p
condenses	t
condensing	NtA
condescended	iA
condescendences	p
condescenders	p
condescending	NiA
condescends	i
condescensions	p
condiments	p
condisciples	p
conditionalities	p
conditioned	ViA
conditioners	p
conditioning	NViA
conditionings	p
conditions	pVi
condoled	iA
condolences	p
condolers	p
condoles	i
condoling	NiA
condoms	p
condonations	p
condoned	tA
condoners	p
condones	t
condoning	NtA
condors	p
conduced	iA
conducers	p
conduces	i
conducing	NiA
conducivenesses	p
conductances	p
conducted	VtA
conductibilities	p
conducting	NVtA
conductions	p
conductors	p
conductorships	p
conductresses	p
conducts	pVt
conduits	p
conduplications	p
condyles	p
coned	VA
coneflowers	p
conenoses	p
cones	pV
confabbed	VA
confabbing	NVA
confabs	pV
confabulated	iA
confabulates	i
confabulating	NiA
confabulations	p
confabulators	p
confarreations	p
confected	tA
confecting	NtA
confectioners	p
confections	p
confects	t
confederalists	p
confederated	VA
confederates	pV
confederating	NVA
confederationisms	p
confederationists	p
confederations	p
conferees	p
conferences	p
conferments	p
conferrals	p
conferred	VtiA
conferrers	p
conferring	NVtiA
confers	Vti
confervas	p
confessed	VtA
confesses	Vt
confessing	NVtA
confessionalisms	p
confessionally	v
confessionals	p
confessions	p
confessors	p
confidantes	p
confidants	p
confided	VtiA
confidences	p
confidentialities	p
confidentialnesses	p
confiders	p
confides	Vti
confiding	NVtiA
configurationisms	p
configurations	p
configured	tA
configures	t
configuring	NtA
confined	VtA
confinednesses	p
confinements	p
confiners	p
confines	pVt
confining	NVtA
confirmands	p
confirmations	p
confirmed	tA
confirmednesses	p
confirmers	p
confirming	NtA
confirmors	p
confirms	t
confiscated	tA
confiscates	t
confiscating	NtA
confiscations	p
confiscators	p
confitures	p
conflagrations	p
conflated	tA
conflates	t
conflating	NtA
conflations	p
conflicted	ViA
conflicting	NViA
conflictions	p
conflicts	pVi
confluences	p
confluently	v
confluents	p
confocally	v
conformabilities	p
conformablenesses	p
conformances	p
conformations	p
conformed	tiA
conformers	p
conforming	NtiA
conformisms	p
conformists	p
conforms	ti
confounded	tA
confoundednesses	p
confounders	p
confounding	NtA
confounds	t
confrontations	p
confronted	tA
confronters	p
confronting	NtA
confrontments	p
confronts	t
confusabilities	p
confused	tA
confusednesses	p
confuses	t
confusing	NtA
confusions	p
confutations	p
confuted	tA
confuters	p
confutes	t
confuting	NtA
congaed	VA
congaing	NVA
congas	V
congealed	ViA
congealers	p
congealing	NViA
congealments	p
congeals	Vi
congeed	iA
congeeing	NiA
congees	pi
congelations	p
congeners	p
congenialities	p
congenialnesses	p
congenitalnesses	p
congers	p
congested	VtA
congesting	NVtA
congestions	p
congests	Vt
conglobated	VA
conglobates	V
conglobating	NVA
conglobations	p
conglobed	tiA
conglobes	ti
conglobing	NtiA
conglomerated	VA
conglomerates	pV
conglomerating	NVA
conglomerations	p
conglutinated	VA
conglutinates	V
conglutinating	NVA
conglutinations	p
congos	p
congous	p
congratulants	p
congratulated	tA
congratulates	t
congratulating	NtA
congratulators	p
congregants	p
congregated	VA
congregates	V
congregating	NVA
congregationalisms	p
congregationalists	p
congregations	p
congregativenesses	p
congregators	p
congresses	p
congressionalists	p
congruences	p
congruousnesses	p
conicities	p
conics	p
conidiophores	p
conifers	p
coniines	p
coning	NVA
coniums	p
conjectured	VA
conjecturers	p
conjectures	pV
conjecturing	NVA
conjoined	VA
conjoiners	p
conjoining	NVA
conjoins	V
conjugalities	p
conjugants	p
conjugated	VtiA
conjugately	v
conjugates	pVti
conjugating	NVtiA
conjugatings	V
conjugations	p
conjugators	p
conjunctions	p
conjunctives	p
conjunctivitises	p
conjuncts	p
conjunctures	p
conjurations	p
conjurators	p
conjured	tiA
conjurers	p
conjures	ti
conjuring	NtiA
conjurings	p
conked	VA
conkers	p
conking	NVA
conks	pV
connatenesses	p
connaturalnesses	p
connected	VtiA
connectednesses	p
connecting	NVtiA
connections	p
connectives	p
connectivities	p
connectors	p
connects	Vti
conned	VA
conning	NVA
connings	Vt
conniptions	p
connivances	p
connived	iA
connivers	p
connives	i
conniving	NiA
connoisseurs	p
connoisseurships	p
connotations	p
connoted	tA
connotes	t
connoting	NtA
conns	pV
connubialities	p
conodonts	p
conoids	p
conquered	VtA
conquering	NVtA
conquerors	p
conquers	Vt
conquests	p
conquians	p
conquistadors	p
cons	p
consanguinities	p
consciences	p
conscientiousnesses	p
conscionablenesses	p
consciousnesses	p
conscripted	VtA
conscripting	NVtA
conscriptions	p
conscripts	pVt
consecrated	tA
consecrates	t
consecrating	NtA
consecrations	p
consecrators	p
consecutions	p
consecutivenesses	p
consented	ViA
consenters	p
consenting	NViA
consents	pVi
consequentialities	p
consequentialnesses	p
consequents	p
conservationists	p
conservations	p
conservatisms	p
conservativenesses	p
conservatives	p
conservatoriums	p
conservators	p
conserved	VtA
conservers	p
conserves	pVt
conserving	NVtA
consideratenesses	p
considerations	p
considered	VA
considerers	p
considering	NVA
considers	V
consignations	p
consigned	ViA
consignees	p
consigning	NViA
consignments	p
consignors	p
consigns	Vi
consisted	iA
consisting	NiA
consists	i
consociated	VA
consociates	pV
consociating	NVA
consociations	p
consolations	p
consoled	VA
consolers	p
consoles	pV
consolidated	VA
consolidates	V
consolidating	NVA
consolidations	p
consolidators	p
consoling	NVA
consonances	p
consonants	p
consorted	VtiA
consorters	p
consorting	NVtiA
consorts	pVti
conspicuities	p
conspicuousnesses	p
conspirators	p
conspiratresses	p
conspired	ViA
conspires	Vi
conspiring	NViA
constables	p
constableships	p
constancies	p
constantans	p
constants	p
constatations	p
constellated	VA
constellates	V
constellating	NVA
constellations	p
consternated	tA
consternates	t
consternating	NtA
consternations	p
constipated	tA
constipates	t
constipating	NtA
constipations	p
constituents	p
constituted	tA
constituters	p
constitutes	t
constituting	NtA
constitutionalisms	p
constitutionalists	p
constitutionalities	p
constitutionals	p
constitutions	p
constrained	tA
constrainers	p
constraining	NtA
constrains	t
constraints	p
constricted	tA
constricting	NtA
constrictions	p
constrictively	v
constrictors	p
constricts	t
constringed	tA
constringencies	p
constringes	t
constringing	NtA
construabilities	p
constructed	VA
constructing	NVA
constructionists	p
constructions	p
constructivenesses	p
constructivisms	p
constructors	p
constructs	pV
construed	VA
construers	p
construes	pV
construing	NVA
consubstantialities	p
consubstantiated	iA
consubstantiates	i
consubstantiating	NiA
consubstantiations	p
consuetudes	p
consulates	p
consuls	p
consulships	p
consultants	p
consultations	p
consulted	VtiA
consulters	p
consulting	NVtiA
consults	Vti
consumables	p
consumed	tiA
consumerisms	p
consumers	p
consumes	ti
consuming	NtiA
consumings	V
consummated	VtA
consummates	Vt
consummating	NVtA
consummations	p
consummators	p
consumptions	p
consumptivenesses	p
consumptives	p
contacted	VA
contacting	NVA
contactors	p
contacts	pV
contagions	p
contagiousnesses	p
contagiums	p
contained	tA
containerboards	p
containerizations	p
containerized	tA
containerizes	t
containerizing	NtA
containers	p
containing	NtA
containments	p
contains	t
contaminants	p
contaminated	VtA
contaminates	Vt
contaminating	NVtA
contaminations	p
contaminators	p
contangos	V
contemned	tA
contemners	p
contemning	NtA
contemns	t
contemplated	ViA
contemplates	Vi
contemplating	NViA
contemplations	p
contemplativenesses	p
contemplatives	p
contemplators	p
contemporaneities	p
contemporaneousnesses	p
contemporarinesses	p
contemporised	tiA
contemporises	ti
contemporising	NtiA
contemporized	VA
contemporizes	V
contemporizing	NVA
contemptibilities	p
contemptiblenesses	p
contempts	p
contemptuousnesses	p
contended	tiA
contending	NtiA
contends	ti
contented	tA
contentednesses	p
contenting	NtA
contentions	p
contentiousnesses	p
contentments	p
contents	pt
conterminousnesses	p
contestants	p
contestations	p
contested	VtA
contesters	p
contesting	NVtA
contests	pVt
contexts	p
contextualized	tA
contextualizes	t
contextualizing	NtA
contextures	p
contiguousnesses	p
continences	p
continentalisms	p
continentalists	p
continentals	p
continents	p
contingences	p
contingents	p
continualnesses	p
continuances	p
continuants	p
continuations	p
continuatives	p
continuators	p
continued	VtA
continuers	p
continues	Vt
continuing	NVtA
continuousnesses	p
contorted	VA
contortednesses	p
contorting	NVA
contortionists	p
contortions	p
contorts	V
contoured	tA
contouring	NtA
contours	pt
contrabandists	p
contrabands	p
contrabasses	p
contrabassists	p
contrabassoonists	p
contrabassoons	p
contraceptions	p
contraceptives	p
contracted	VtA
contractibilities	p
contractiblenesses	p
contractilities	p
contracting	NVtA
contractions	p
contractors	p
contracts	pVt
contractures	p
contradances	p
contradicted	tiA
contradicters	p
contradicting	NtiA
contradictions	p
contradictivenesses	p
contradictorinesses	p
contradictors	p
contradicts	ti
contradistinctions	p
contradistinguished	tA
contradistinguishes	t
contradistinguishing	NtA
contrails	p
contraindicants	p
contraindicated	tA
contraindicates	t
contraindicating	NtA
contraindications	p
contraoctaves	p
contrapositions	p
contrapositives	p
contraprops	p
contraptions	p
contrapuntists	p
contraries	p
contrarinesses	p
contrariousnesses	p
contrasted	VA
contrasting	NVA
contrasts	pV
contravened	tA
contraveners	p
contravenes	t
contravening	NtA
contraventions	p
contrayervas	p
contrecoups	p
contributed	ViA
contributes	Vi
contributing	NViA
contributions	p
contributivenesses	p
contributors	p
contritenesses	p
contritions	p
contrivances	p
contrived	tA
contrivedly	v
contrivers	p
contrives	t
contriving	NtA
controllabilities	p
controlled	VA
controllers	p
controllerships	p
controlling	NVA
controls	pV
controversialisms	p
controversialists	p
controverted	tA
controverters	p
controverting	NtA
controvertists	p
controverts	t
contumaciousnesses	p
contumacities	p
contumeliousnesses	p
contused	tA
contuses	t
contusing	NtA
contusions	p
conundrums	p
conurbations	p
convalesced	iA
convalescences	p
convalescents	p
convalesces	i
convalescing	NiA
convected	tiA
convecting	NtiA
convections	p
convectors	p
convects	ti
convened	VtA
conveners	p
convenes	Vt
conveniences	p
convening	NVtA
conventiclers	p
conventicles	p
conventionalisations	p
conventionalised	tA
conventionalises	t
conventionalising	NtA
conventionalisms	p
conventionalists	p
conventionalizations	p
conventionalized	tA
conventionalizes	t
conventionalizing	NtA
conventioneers	p
conventioners	p
conventions	p
convents	p
conventually	v
conventuals	p
converged	ViA
convergences	p
converges	Vi
converging	NViA
conversances	p
conversancies	p
conversationalists	p
conversations	p
conversaziones	p
conversed	ViA
converser	A
conversers	p
converses	pVi
conversing	NViA
conversions	p
converted	ViA
converters	p
convertibilities	p
convertiblenesses	p
convertibles	p
converting	NViA
convertiplanes	p
convertites	p
converts	pVi
convexed	tA
convexes	t
convexing	NtA
conveyancers	p
conveyances	p
conveyancings	p
conveyed	tA
conveying	NtA
conveyorizations	p
conveyorized	tA
conveyorizes	t
conveyorizing	NtA
conveyors	p
conveys	t
convicted	VtA
convicting	NVtA
convictions	p
convicts	pVt
convinced	tA
convincers	p
convinces	t
convincing	NtA
convincingnesses	p
convivialists	p
convivialities	p
convocations	p
convoked	tA
convokers	p
convokes	t
convoking	NtA
convoluted	tA
convolutedly	v
convolutednesses	p
convolutes	t
convoluting	NtA
convolutions	p
convolved	VA
convolves	V
convolving	NVA
convoyed	tA
convoying	NtA
convoys	pt
convulsants	p
convulsed	tiA
convulses	ti
convulsing	NtiA
convulsions	p
convulsivenesses	p
cooches	p
cooed	VtiA
cooeed	VA
cooeeing	NVA
cooees	V
cooers	p
coofs	p
cooing	NVtiA
cooings	V
cookbooks	p
cooked	VtiA
cookers	p
cooking	NVtiA
cookings	p
cookouts	p
cooks	pVti
cookshops	p
cookstoves	p
cookwares	p
coolabahs	p
coolamons	p
coolants	p
cooled	VA
cooler	A
coolers	p
coolest	A
cooling	NVA
coolnesses	p
cools	pV
coolths	p
coombs	p
cooms	p
cooncans	p
coonhounds	p
coons	p
coonskins	p
coonties	p
cooped	tA
cooperages	p
cooperated	iA
cooperates	i
cooperating	NiA
cooperationists	p
cooperations	p
cooperativenesses	p
cooperatives	p
cooperators	p
coopered	tiA
coopering	NtiA
coopers	pti
cooping	NtA
coops	pt
coopted	tA
coopting	NtA
cooptions	p
coopts	t
coordinated	VtiA
coordinatenesses	p
coordinates	Vti
coordinating	NVtiA
coordinations	p
coordinators	p
coos	pVti
cooters	p
coots	p
copaibas	p
copalms	p
copals	p
coparcenaries	p
coparceners	p
copartners	p
copartnerships	p
coped	VtiA
copemates	p
copepods	p
copers	p
copes	pti
copestones	p
copied	VA
copiers	p
copies	V
copilots	p
coping	NVtiA
copings	p
copiousnesses	p
copitas	p
coplanarities	p
copolymerizations	p
copolymerized	VA
copolymerizes	V
copolymerizing	NVA
copolymers	p
copped	VtA
copperahs	p
copperases	p
coppered	tA
copperheads	p
coppering	NtA
copperplates	p
coppers	pt
coppersmiths	p
copping	NVtA
copras	p
copremias	p
coprolalias	p
coprolites	p
coprologies	p
coprophagies	p
coprophagists	p
coprophilias	p
coprosmas	p
cops	pVt
copses	p
copters	p
copulated	iA
copulates	i
copulating	NiA
copulations	p
copybooks	p
copyboys	p
copycats	p
copyholders	p
copyholds	p
copying	NVA
copyists	p
copyreaders	p
copyreading	NVA
copyreads	V
copyrighted	tA
copyrighter	A
copyrighters	p
copyrighting	NtA
copyrights	pt
copywriters	p
copywritings	p
coquets	V
coquettes	p
coquettishnesses	p
coquinas	p
coracles	p
coracoids	p
corallines	p
corallites	p
coralroots	p
corals	p
corbans	p
corbeils	p
corbeled	VA
corbeling	NVA
corbelings	p
corbelled	VA
corbelling	NVA
corbellings	p
corbels	pV
corbiculas	p
corbiesteps	p
corbinas	p
cordages	p
corded	tA
cordelled	tA
cordelles	pt
cordelling	NtA
corders	p
cordialnesses	p
cordials	p
cordierites	p
cordilleras	p
cording	NtA
cordings	p
cordites	p
cordoned	tA
cordoning	NtA
cordons	pt
cordovans	p
cords	t
cordwaineries	p
cordwainers	p
cordwains	p
cordwoods	p
cored	tA
coreligionists	p
corellas	p
coreopsises	p
corers	p
cores	pt
corespondents	p
corgis	p
corianders	p
coring	NtA
coriums	p
corkages	p
corkboards	p
corked	tA
corkers	p
corkinesses	p
corking	NtA
corks	pt
corkscrewed	VA
corkscrewing	NVA
corkscrews	pV
corkwoods	p
cormels	p
cormophytes	p
cormorants	p
corms	p
cornballs	p
corncobs	p
corncockles	p
corncrakes	p
corncribs	p
corneas	p
corned	tA
cornelians	p
cornels	p
cornemuses	p
cornered	tiA
cornering	NtiA
corners	pti
cornerstones	p
cornetists	p
cornets	p
cornetts	p
cornfields	p
cornflowers	p
cornhuskers	p
cornhuskings	p
cornhusks	p
corniced	tA
cornices	pt
corniches	p
cornicing	NtA
cornicles	p
cornily	v
corning	NtA
corns	pt
cornstalks	p
cornstarches	p
cornstones	p
cornucopias	p
cornus	p
corollas	p
coronagraphs	p
coronals	p
coronations	p
coronels	p
coroners	p
coronerships	p
coronets	p
coronographs	p
corozos	p
corporalcies	p
corporalities	p
corporals	p
corporalships	p
corporas	p
corporations	p
corporatisms	p
corporators	p
corporealities	p
corporealnesses	p
corporeities	p
corposants	p
corps	p
corpses	p
corpulences	p
corpuscles	p
corraded	VA
corrades	V
corrading	NVA
corralled	VtA
corralling	NVtA
corrals	pVt
corrasions	p
corrected	tA
correcter	A
correctest	A
correcting	NtA
corrections	p
correctitudes	p
correctives	p
correctnesses	p
correctors	p
corrects	t
correlated	VtA
correlates	pVt
correlating	NVtA
correlations	p
correlatives	p
correlativities	p
corresponded	iA
correspondences	p
correspondents	p
corresponding	NiA
corresponds	i
corridas	p
corridors	p
corries	p
corrigibilities	p
corrivalries	p
corrivals	pV
corroborants	p
corroborated	VtA
corroborates	Vt
corroborating	NVtA
corroborations	p
corroborators	p
corroborees	p
corroded	VtA
corroders	p
corrodes	Vt
corrodibilities	p
corroding	NVtA
corrosions	p
corrosivenesses	p
corrosives	p
corrugated	VA
corrugates	V
corrugating	NVA
corrugations	p
corrugators	p
corrupted	VtA
corrupter	A
corrupters	p
corruptest	A
corruptibilities	p
corruptiblenesses	p
corrupting	NVtA
corruptionists	p
corruptions	p
corruptnesses	p
corrupts	Vt
cors	p
corsacs	p
corsages	p
corsairs	p
corselets	p
corses	p
corseted	tA
corseting	NtA
corsetries	p
corsets	pt
corticosteroids	p
corticosterones	p
corticotrophins	p
cortins	p
cortisols	p
cortisones	p
corundums	p
coruscated	iA
coruscates	i
coruscating	NiA
coruscations	p
corvettes	p
corvinas	p
corydalises	p
corymbs	p
coryzas	p
cosecants	p
cosecs	p
cosed	iA
coseismals	p
coses	pi
cosets	p
coshed	VA
coshered	ViA
coshering	NViA
coshers	Vi
coshes	pV
coshing	NVA
cosies	p
cosines	p
cosing	NiA
cosmeticians	p
cosmetics	p
cosmetologies	p
cosmetologists	p
cosmisms	p
cosmists	p
cosmochemistries	p
cosmodromes	p
cosmogonically	v
cosmogonists	p
cosmographers	p
cosmologies	p
cosmologists	p
cosmonauts	p
cosmopolises	p
cosmopolitanisms	p
cosmopolitans	p
cosmopolites	p
cosmopolitisms	p
cosmoramas	p
cosses	p
cosseted	tA
cosseting	NtA
cossets	pt
cossetted	tA
cossetting	NtA
cossies	p
costards	p
costed	VA
costermongers	p
costers	pi
costing	NVA
costings	V
costivenesses	p
costlessly	v
costlessnesses	p
costlinesses	p
costrels	p
costs	pV
costumed	tA
costumers	p
costumes	pt
costuming	NtA
cotangents	p
coteaus	p
coted	tA
cotenancies	p
cotenants	p
cotenures	p
coteries	p
coterminously	v
cotes	pt
coths	p
cothurnuses	p
cotillions	p
coting	NtA
cotingas	p
cotised	tA
cotises	pt
cotising	NtA
cotoneasters	p
cotqueans	p
cots	p
cottagers	p
cottages	p
cottars	p
cottas	p
cottered	tA
cotters	pt
cottiers	p
cottonades	p
cottonmouths	p
cottons	p
cottontails	p
cottonweeds	p
cottonwoods	p
cotwals	p
cotyledons	p
cotypes	p
coucals	p
couched	tiA
couchers	p
couches	pti
couchettes	p
couching	NtiA
couchings	p
coughed	tiA
coughers	p
coughing	NtiA
coughs	pti
coulisses	p
coulombs	p
coulometers	p
coulters	p
coumarins	p
coumarones	p
councillors	p
councillorships	p
councilors	p
councilorships	p
councils	p
counseled	VA
counseling	NVA
counselings	V
counselled	VA
counselling	NVA
counsellings	V
counsellors	p
counsellorships	p
counselors	p
counselorships	p
counsels	pV
countdowns	pV
counted	VtiA
countenanced	tA
countenancers	p
countenances	pt
countenancing	NtA
counteraccusations	p
counteracted	tA
counteracting	NtA
counteractions	p
counteracts	t
counterarguments	p
counterattacked	VA
counterattacking	NVA
counterattacks	pV
counterbalanced	VtA
counterbalances	pVt
counterbalancing	NVtA
counterblasts	p
counterblows	p
counterchanged	tA
counterchanges	t
counterchanging	NtA
countercharged	tA
countercharges	pt
countercharging	NtA
counterchecked	VA
counterchecking	NVA
counterchecks	pV
counterclaimants	p
counterclaimed	VA
counterclaiming	NVA
counterclaims	pV
countercultures	p
countercurrents	p
counterdemonstrations	p
countered	VtA
counterespionages	p
counterfactuals	p
counterfeited	tiA
counterfeiter	A
counterfeiters	p
counterfeiting	NtiA
counterfeits	pti
counterfoils	p
counterforces	p
counterglows	p
countering	NVtA
counterinsurgencies	p
counterinsurgents	p
counterintelligences	p
counterirritants	p
counterlights	pt
countermanded	VtA
countermanding	NVtA
countermands	pVt
countermarched	VA
countermarches	pV
countermarching	NVA
countermarks	pt
countermeasures	p
countermined	VA
countermines	pV
countermining	NVA
countermoved	VA
countermovements	p
countermoves	pV
countermoving	NVA
counteroffensives	p
counteroffers	p
counterpanes	p
counterparts	p
counterplots	pV
counterplotted	VA
counterplotting	NVA
counterpointed	tA
counterpointing	NtA
counterpoints	pt
counterpoised	VA
counterpoises	pV
counterpoising	NVA
counterpressures	p
counterproductively	v
counterproofs	p
counterpropagandas	p
counterproposals	p
counterpunched	iA
counterpunches	pi
counterpunching	NiA
counterreformations	p
counterrevolutions	p
counters	pVt
counterscarps	p
countershadings	p
countershafts	p
countersignatures	p
countersigned	VtA
countersigning	NVtA
countersigns	pVt
countersinking	NVA
countersinks	pV
counterstained	tiA
counterstaining	NtiA
counterstains	pti
counterstatements	p
counterstrokes	p
countersubjects	p
countertenors	p
counterthrusts	p
countertransferences	p
countertypes	p
countervailed	VtA
countervailing	NVtA
countervails	Vt
counterviews	p
counterweighed	VA
counterweighing	NVA
counterweighs	V
counterweights	p
counterworks	p
countesses	p
counting	NVtiA
countlessly	v
countryseats	p
countrysides	p
counts	pVti
countships	p
couped	VA
coupes	p
couping	NVA
coupled	tiA
couplements	p
couplers	p
couples	pti
couplets	p
coupling	NtiA
couplings	p
coupons	p
coups	V
courageousnesses	p
courages	p
courants	p
courgettes	p
couriers	p
courlans	p
coursed	tiA
coursers	p
courses	ti
coursing	NtiA
coursings	p
courted	VtA
courteousnesses	p
courtesans	p
courtiers	p
courting	NVtA
courtlinesses	p
courtrooms	p
courts	pVt
courtships	p
courtyards	p
couscouses	p
cousinages	p
cousinhoods	p
cousins	p
cousinships	p
couters	p
couther	A
couthest	A
couthier	A
couthiest	A
coutils	p
coutures	p
couvades	p
covalences	p
covalencies	p
covariances	p
coved	tA
covellites	p
covenantally	v
covenanted	VA
covenantees	p
covenanters	p
covenanting	NVA
covenantors	p
covenants	pV
covens	p
coverages	p
coveralls	p
covered	VtiA
coverers	p
covering	NVtiA
coverings	p
coverlets	p
covers	pVti
covertnesses	p
coverts	p
covertures	p
coves	pt
coveted	tA
coveters	p
coveting	NtA
covetousnesses	p
covets	t
coving	NtA
covings	V
covins	p
cowages	p
cowardices	p
cowardlinesses	p
cowards	p
cowbanes	p
cowbells	p
cowbinds	p
cowbirds	p
cowboys	p
cowcatchers	p
cowed	tA
cowered	iA
cowering	NiA
cowers	i
cowfishes	p
cowgirls	p
cowhages	p
cowherbs	p
cowherds	p
cowhides	p
cowing	NtA
cowitches	p
cowled	tA
cowlicks	p
cowling	NtA
cowlings	p
cowls	pt
cowlstaffs	p
cowpats	p
cowpeas	p
cowpokes	p
cowpoxes	p
cowpunchers	p
cows	pt
cowsheds	p
cowskins	p
cowslips	p
coxalgias	p
coxcombs	p
coxed	VA
coxes	pV
coxing	NVA
coxswains	p
coyer	A
coyest	A
coynesses	p
cozed	iA
cozenages	p
cozened	VA
cozeners	p
cozening	NVA
cozens	V
cozes	pi
cozies	p
cozinesses	p
cozing	NiA
craals	p
crabbed	VtA
crabbednesses	p
crabbers	p
crabbily	v
crabbing	NVtA
crabbings	pV
crabs	Vt
crabsticks	p
crackajacks	p
crackbrains	p
crackdowns	p
cracked	VtiA
cracker	A
crackerjacks	p
crackers	p
cracking	NVtiA
crackings	p
crackled	VtiA
crackles	pVti
cracklewares	p
crackling	NVtiA
cracklings	p
crackly	v
cracknels	p
crackpots	p
cracks	pVti
cracoviennes	p
cradled	tiA
cradlers	p
cradles	pti
cradlesongs	p
cradling	NtiA
cradlings	p
crafted	tA
craftinesses	p
crafting	NtA
crafts	pt
craftsmanships	p
cragginesses	p
crags	p
crakes	p
crambos	p
crammed	VA
crammers	p
cramming	NVA
cramoisies	p
cramped	tA
cramping	NtA
crampons	p
cramps	pt
crams	pV
cranages	p
craned	tiA
cranes	pti
cranesbills	p
craniates	p
craning	NtiA
craniologies	p
craniologists	p
craniometers	p
craniometries	p
craniometrists	p
cranioscopists	p
crankcases	p
cranked	tiA
cranker	A
crankest	A
crankinesses	p
cranking	NtiA
crankled	tiA
crankles	pti
crankling	NtiA
crankpins	p
cranks	pti
crankshafts	p
crannogs	p
crans	p
crapauds	p
craped	VA
crapehangers	p
crapes	p
craping	NVA
crapped	VA
crappies	p
crapping	NVA
craps	pV
crapshooters	p
crapulences	p
crapulousnesses	p
crares	p
crashed	ViA
crashers	p
crashes	pVi
crashing	NViA
crasser	A
crassest	A
crassitudes	p
crassnesses	p
cratches	p
crated	tA
cratered	VA
cratering	NVA
craters	pV
crates	pt
crating	NtA
cratons	p
craunched	VA
craunches	V
craunching	NVA
cravats	p
craved	VtA
cravennesses	p
cravens	p
cravers	p
craves	Vt
craving	NVtA
cravings	pV
crawled	iA
crawlers	p
crawling	NiA
crawls	pi
craws	pV
crayers	p
crayfishes	p
crayoned	VA
crayoning	NVA
crayonists	p
crayons	pV
crays	p
crazed	VtA
crazes	pVt
crazinesses	p
crazing	NVtA
crazings	V
crazyweeds	p
creaked	ViA
creakinesses	p
creaking	NViA
creaks	pVi
creamed	tiA
creamers	p
creaminesses	p
creaming	NtiA
creams	pti
creamwares	p
creances	p
creased	VtA
creases	pVt
creasier	A
creasiest	A
creasing	NVtA
created	tiA
creates	ti
creatines	p
creating	NtiA
creatinines	p
creationisms	p
creationists	p
creations	p
creativenesses	p
creativities	p
creators	p
creatorships	p
creaturelinesses	p
creatures	p
credences	p
credentials	p
credenzas	p
credibilities	p
crediblenesses	p
creditabilities	p
creditablenesses	p
credited	tA
crediting	NtA
creditors	p
credits	t
credulities	p
credulousnesses	p
creeds	p
creeks	p
creels	p
creeped	VA
creepers	p
creepies	p
creepinesses	p
creeping	NVA
creeps	V
crees	p
creeses	p
creeshed	tA
creeshes	pt
creeshing	NtA
cremasters	p
cremated	tA
cremates	t
cremating	NtA
cremationists	p
cremations	p
cremators	p
crenations	p
crenatures	p
crenelated	tA
crenelates	t
crenelating	NtA
crenelations	p
crenellated	tA
crenellates	t
crenellating	NtA
crenelled	tA
crenelles	pt
crenelling	NtA
crenels	p
crenulations	p
creodonts	p
creoles	p
creolizations	p
creolized	tA
creolizes	t
creolizing	NtA
creosols	p
creosoted	VA
creosotes	pV
creosoting	NVA
creped	tA
crepehangers	p
crepes	t
creping	NtA
crepitated	iA
crepitates	i
crepitating	NiA
crepitations	p
crepituses	p
crepons	p
crepuscles	p
crepuscules	p
crescendoed	iA
crescendoing	NiA
crescendos	pi
crescents	p
crescively	v
cresols	p
cresses	p
cressets	p
crest	A
crested	tiA
crestfallennesses	p
cresting	NtiA
crestings	p
crests	pti
cretics	p
cretinisms	p
cretins	p
cretonnes	p
crevassed	tA
crevasses	pt
crevassing	NtA
crevices	p
crewed	VA
crewelists	p
crewels	p
crewelworks	p
crewing	NVA
crews	pV
cribbages	p
cribbed	VA
cribbers	p
cribbing	NVA
cribbings	pV
cribbled	tA
cribbles	t
cribbling	NtA
cribellums	p
cribs	pV
cribworks	p
cricked	tA
cricketed	iA
cricketers	p
cricketing	NiA
crickets	pi
cricking	NtA
cricks	pt
cricoids	p
cried	VtiA
criers	p
cries	pVti
crimes	p
criminalists	p
criminals	p
criminated	tA
criminates	t
criminating	NtA
criminations	p
criminators	p
criminologies	p
criminologists	p
crimmer	A
crimmers	p
crimped	VtA
crimpers	p
crimping	NVtA
crimpled	VA
crimples	V
crimpling	NVA
crimps	pVt
crimsoned	ViA
crimsoning	NViA
crimsons	pVi
crines	p
cringed	iA
cringers	p
cringes	pi
cringing	NiA
cringings	V
cringles	p
crinites	p
crinkled	VA
crinkleroots	p
crinkles	pV
crinkling	NVA
crinoids	p
crinolines	p
crinums	p
criollos	p
crippled	tA
cripplers	p
cripples	pt
crippling	NtA
crispations	p
crispbreads	p
crisped	VA
crispened	tiA
crispening	NtiA
crispens	ti
crisper	A
crispers	p
crispest	A
crispinesses	p
crisping	NVA
crispnesses	p
crisps	pV
crisscrossed	VA
crisscrosses	pV
crisscrossing	NVA
cristas	p
cristobalites	p
criticalnesses	p
criticasters	p
criticised	tiA
criticisers	p
criticises	ti
criticising	NtiA
criticisms	p
criticized	VA
criticizers	p
criticizes	V
criticizing	NVA
critics	p
critiques	p
crits	p
critters	p
croaked	iA
croakers	p
croaking	NiA
croaks	pi
croceins	p
crocheted	VA
crocheters	p
crocheting	NVA
crochets	pV
crocidolites	p
crocked	VtiA
crockeries	p
crockets	p
crocking	NVtiA
crocks	pVti
crocodiles	p
crocodilians	p
crocoites	p
crofters	p
crofts	p
cromornes	p
crones	p
cronyisms	p
crookbacks	p
crooked	VA
crookeder	A
crookedest	A
crookednesses	p
crooking	NVA
crooknecks	p
crooks	pV
crooned	VA
crooners	p
crooning	NVA
croons	pV
croplands	p
cropped	VA
croppers	p
cropping	NVA
crops	pV
croqueted	VA
croqueting	NVA
croquets	pV
croquettes	p
croquignoles	p
crores	p
crosiers	p
crossabilities	p
crossbanded	tA
crossbanding	NtA
crossbandings	p
crossbars	p
crossbeams	p
crossbenchers	p
crossbills	p
crossbows	p
crossbreds	p
crossbreeding	NVA
crossbreeds	pV
crosschecked	VA
crosschecking	NVA
crosschecks	pV
crosscurrents	p
crosscuts	pV
crosscutting	NVA
crosscuttings	V
crossed	VtiA
crosser	A
crosses	pVti
crossest	A
crossettes	p
crossfires	p
crosshatched	VA
crosshatches	V
crosshatching	NVA
crossheads	p
crossing	NVtiA
crossings	p
crossjacks	p
crosslets	p
crosslights	p
crossnesses	p
crossopterygians	p
crossovers	p
crosspatches	p
crosspieces	p
crossroads	p
crossruffed	iA
crossruffing	NiA
crossruffs	pi
crosstalks	p
crossties	p
crosstrees	p
crosswalks	p
crosswinds	p
crossworts	p
crotalarias	p
crotches	p
crotchetinesses	p
crotchets	p
crotons	p
crouched	tiA
crouchers	p
crouches	pti
crouching	NtiA
croupades	p
crouped	iA
croupier	A
crouping	NiA
croups	pi
crowbars	p
crowboots	p
crowded	tiA
crowdednesses	p
crowding	NtiA
crowds	pti
crowed	iA
crowers	p
crowfoots	p
crowing	NiA
crowkeepers	p
crowned	tA
crowners	p
crownets	p
crowning	NtA
crowns	pt
crownworks	p
crows	pi
crowsteps	p
crozes	p
croziers	p
crucians	p
crucibles	p
crucifers	p
crucified	VA
crucifiers	p
crucifies	V
crucifixes	p
crucifixions	p
cruciforms	p
crucifying	NVA
crucks	p
crudenesses	p
crudes	p
cruds	p
crueler	A
cruelest	A
cruelnesses	p
cruets	p
cruised	iA
cruisers	p
cruiserweights	p
cruises	pi
cruiseways	p
cruising	NiA
crullers	p
crumbed	tA
crumber	A
crumbers	p
crumbing	NtA
crumbled	ViA
crumbles	pVi
crumblinesses	p
crumbling	NViA
crumblings	V
crumbly	v
crumbs	pt
crumbums	p
crumhorns	p
crumped	iA
crumpets	p
crumping	NiA
crumpled	ViA
crumples	pVi
crumplier	A
crumpliest	A
crumpling	NViA
crumps	pi
crunched	VA
crunches	pV
crunchinesses	p
crunching	NVA
crunodes	p
cruors	p
cruppers	p
crus	p
crusaded	iA
crusaders	p
crusades	pi
crusading	NiA
cruses	p
crushed	ViA
crushers	p
crushes	pVi
crushing	NViA
crustaceans	p
crusted	VA
crustinesses	p
crusting	NVA
crusts	pV
crutched	tA
crutches	pt
crutching	NtA
cruxes	p
crwths	p
crying	NVtiA
cryobiologies	p
cryogenically	v
cryogens	p
cryolites	p
cryometers	p
cryophytes	p
cryoscopes	p
cryostats	p
cryosurgeries	p
cryotherapies	p
cryotrons	p
cryptaesthesias	p
cryptanalysts	p
cryptanalyzed	tA
cryptanalyzes	t
cryptanalyzing	NtA
cryptogamists	p
cryptogams	p
cryptograms	p
cryptographers	p
cryptographies	p
cryptographists	p
cryptographs	p
cryptologies	p
cryptologists	p
cryptomerias	p
cryptonyms	p
cryptorchidisms	p
cryptorchids	p
cryptozoites	p
crypts	p
crystallinities	p
crystallisabilities	p
crystallisations	p
crystallised	tiA
crystallises	ti
crystallising	NtiA
crystallites	p
crystallizabilities	p
crystallizations	p
crystallized	VA
crystallizes	V
crystallizing	NVA
crystallographers	p
crystallographically	v
crystallographies	p
crystalloids	p
crystals	p
cs	p
ctenophorans	p
ctenophores	p
cubages	p
cubatures	p
cubbed	VA
cubbing	NVA
cubbings	p
cubbyholes	p
cubebs	p
cubed	VtA
cubers	p
cubes	pVt
cubicalnesses	p
cubicities	p
cubicles	p
cubicly	v
cubics	p
cubing	NVtA
cubisms	p
cubists	p
cubits	p
cubituses	p
cuboids	p
cubs	pV
cuckolded	tA
cuckolding	NtA
cuckoldries	p
cuckolds	pt
cuckooed	VA
cuckooflowers	p
cuckooing	NVA
cuckoopints	p
cuckoos	V
cucumbers	p
cucurbits	p
cudbears	p
cuddled	ViA
cuddles	pVi
cuddlier	A
cuddliest	A
cuddling	NViA
cudgeled	tA
cudgelers	p
cudgeling	NtA
cudgelings	V
cudgelled	tA
cudgellers	p
cudgelling	NtA
cudgellings	V
cudgels	pt
cuds	p
cudweeds	p
cued	VA
cueists	p
cues	pV
cuestas	p
cuffed	tA
cuffing	NtA
cuffs	t
cuifs	p
cuing	NVA
cuirassed	tA
cuirasses	pt
cuirassiers	p
cuirassing	NtA
cuisines	p
cuisses	p
cuittled	tA
cuittles	t
cuittling	NtA
culches	p
culets	p
culexes	p
culicids	p
culinarians	p
culled	tA
cullers	p
cullets	p
culling	NtA
cullions	p
cullises	p
culls	pt
culminated	ViA
culminates	Vi
culminating	NViA
culminations	p
culms	p
culpabilities	p
culpablenesses	p
culprits	p
cultches	p
cultigens	p
cultishly	v
cultisms	p
cultists	p
cultivabilities	p
cultivars	p
cultivated	tA
cultivates	t
cultivating	NtA
cultivations	p
cultivators	p
cults	p
cultured	tA
cultures	pt
culturing	NtA
culturists	p
culverins	p
culvers	p
culverts	p
cumarins	p
cumbered	tA
cumberers	p
cumbering	NtA
cumberments	p
cumbers	pt
cumbersomenesses	p
cumbrances	p
cumbrousnesses	p
cumins	p
cummerbunds	p
cummers	p
cumshaws	p
cumulated	VA
cumulates	V
cumulating	NVA
cumulations	p
cumulativenesses	p
cunctations	p
cunctators	p
cuneiforms	p
cuniforms	p
cunners	p
cunnilinguses	p
cunninger	A
cunningest	A
cunningnesses	p
cunnings	p
cunts	p
cupbearers	p
cupboards	p
cupcakes	p
cupeled	VA
cupelers	p
cupeling	NVA
cupellations	p
cupelled	VA
cupelling	NVA
cupels	pV
cupidities	p
cupolas	p
cuppas	p
cupped	VtA
cuppers	p
cuppier	A
cuppiest	A
cupping	NVtA
cuppings	p
cuprites	p
cupronickels	p
cuprums	p
cups	pVt
cupules	p
curabilities	p
curablenesses	p
curaghs	p
curares	p
curarines	p
curarizations	p
curarized	tA
curarizes	t
curarizing	NtA
curassows	p
curates	p
curateships	p
curativenesses	p
curatives	p
curators	p
curatorships	p
curatrixes	p
curbed	tA
curbing	NtA
curbings	p
curbs	pt
curbstones	p
curches	p
curcumas	p
curded	VA
curding	NVA
curdled	VA
curdlers	p
curdles	V
curdling	NVA
curds	pV
cured	tiA
curers	p
cures	pti
curets	pV
curettages	p
curetted	VtA
curettes	pt
curetting	NVtA
curfews	p
curfs	p
curias	p
curies	p
curing	NtiA
curiouser	A
curiousest	A
curiousnesses	p
curiums	p
curled	tiA
curlers	p
curlews	p
curlicues	p
curlily	v
curlinesses	p
curling	NtiA
curlings	p
curlpapers	p
curls	pti
curmudgeons	p
curns	p
currants	p
currawongs	p
curred	iA
currentnesses	p
currents	p
curricles	p
curried	VtA
curriers	p
curries	Vt
curring	NiA
currishnesses	p
currs	i
currycombs	p
currying	NVtA
curryings	t
curs	p
cursed	VA
curseder	A
cursedest	A
cursednesses	p
cursers	p
curses	pV
cursing	NVA
cursings	V
cursivenesses	p
cursives	p
cursorinesses	p
cursors	p
curtailed	tA
curtailers	p
curtailing	NtA
curtailments	p
curtails	t
curtained	tA
curtaining	NtA
curtains	pt
curtalaxes	p
curtals	p
curtanas	p
curter	A
curtest	A
curtilages	p
curtnesses	p
curtsied	VA
curtsies	V
curtsying	NVA
curvaceously	v
curvatures	p
curved	VA
curves	pV
curveted	VA
curveting	NVA
curvets	pV
curvetted	VA
curvetting	NVA
curvilinearities	p
curving	NVA
cuscuses	p
cusecs	p
cushats	p
cushaws	p
cushily	v
cushioned	tA
cushioning	NtA
cushions	pt
cusks	p
cuspidations	p
cuspidors	p
cuspids	p
cusps	p
cussed	VA
cussednesses	p
cusses	pV
cussing	NVA
cussos	p
cusswords	p
custards	p
custodians	p
custodianships	p
customarinesses	p
customer	A
customers	p
customized	tA
customizes	t
customizing	NtA
customs	p
custumals	p
cutaways	p
cutbacks	pV
cutbanks	p
cutches	p
cutdowns	p
cutenesses	p
cuticles	p
cuties	p
cutinisations	p
cutinised	tiA
cutinises	ti
cutinising	NtiA
cutinizations	p
cutinized	VA
cutinizes	V
cutinizing	NVA
cutins	p
cutises	p
cutlasses	p
cutlassfishes	p
cutleries	p
cutlers	p
cutlets	p
cutlines	p
cutoffs	p
cutouts	p
cutovers	p
cutpurses	p
cuts	pVti
cuttages	p
cutter	A
cutters	p
cutthroats	p
cutting	NVtiA
cuttings	p
cuttlebones	p
cuttlefishes	p
cuttles	p
cutups	p
cutwaters	p
cutworks	p
cutworms	p
cuvettes	p
cwms	p
cyanamides	p
cyanates	p
cyanides	p
cyanidings	V
cyanines	p
cyanites	p
cyanocobalamins	p
cyanogens	p
cyanohydrins	p
cyanometers	p
cyanotypes	p
cyans	p
cyathiums	p
cyathuses	p
cybernated	VA
cybernates	V
cybernating	NVA
cybernetically	v
cyberneticians	p
cyberneticists	p
cycads	p
cyclamates	p
cyclamens	p
cyclases	p
cyclecars	p
cycled	tiA
cycles	pti
cyclicities	p
cycling	NtiA
cyclings	p
cyclists	p
cyclizations	p
cyclized	tiA
cyclizes	ti
cyclizing	NtiA
cyclographs	p
cyclohexanes	p
cycloids	p
cyclometers	p
cyclones	p
cycloolefins	p
cycloparaffins	p
cyclopedias	p
cyclopedists	p
cyclopentanes	p
cycloplegias	p
cyclopropanes	p
cycloramas	p
cyclos	p
cyclostomes	p
cyclostyled	tA
cyclostyles	pt
cyclostyling	NtA
cyclothymias	p
cyclotrons	p
cygnets	p
cylindered	tA
cylindering	NtA
cylinders	pt
cylindricalities	p
cylindroids	p
cymars	p
cymas	p
cymatiums	p
cymbaleers	p
cymbalers	p
cymbalists	p
cymbaloms	p
cymbalos	p
cymbals	p
cymenes	p
cymes	p
cymogenes	p
cymographs	p
cymophanes	p
cynicalnesses	p
cynicisms	p
cynics	p
cynosures	p
cypresses	p
cyprinids	p
cyprinodonts	p
cyprinoids	p
cypripediums	p
cypruses	p
cysteines	p
cysticercoids	p
cystines	p
cystocarps	p
cystoceles	p
cystoids	p
cystoliths	p
cystoscopes	p
cysts	p
cytasters	p
cytidines	p
cytochemistries	p
cytochromes	p
cytogeneticists	p
cytologies	p
cytologists	p
cytolysins	p
cytons	p
cytoplasmically	v
cytoplasms	p
cytoplasts	p
cytosines	p
cytosomes	p
cytotaxonomies	p
cytotoxins	p
cytotropisms	p
czardases	p
czardoms	p
czarevitches	p
czarevnas	p
czarinas	p
czarisms	p
czarists	p
czaritzas	p
czars	p
dabbed	VtA
dabbers	p
dabbing	NVtA
dabbled	VtiA
dabblers	p
dabbles	Vti
dabbling	NVtiA
dabblings	V
dabchicks	p
dabs	pVt
dabsters	p
daces	p
dachas	p
dachshunds	p
dackered	iA
dackering	NiA
dackers	i
dacoits	p
dactylics	p
dactylograms	p
dactylographies	p
dactyls	p
dadoed	tA
dadoing	NtA
dads	p
daemons	p
daffed	iA
daffily	v
daffing	NiA
daffings	p
daffodils	p
daffs	pi
dafter	A
daftest	A
daftnesses	p
daggas	p
dagged	VA
daggered	tA
daggering	NtA
daggers	pt
dagging	NVA
daggings	V
daggled	tiA
daggles	ti
daggling	NtiA
daglocks	p
dagobas	p
dags	pV
daguerreotypers	p
daguerreotypes	p
daguerreotypies	p
daguerreotypists	p
dahabeahs	p
dahlias	p
dahoons	p
dahs	p
daikered	iA
daikering	NiA
daikers	i
dailinesses	p
daimons	p
dainties	p
daintinesses	p
dairyings	p
dairymaids	p
daises	p
dakoits	p
daks	p
dalasis	p
dales	p
daleths	p
dalliances	p
dallied	VA
dalliers	p
dallies	V
dallying	NVA
dalmatics	p
dals	p
daltonisms	p
daltons	p
damageabilities	p
damaged	tiA
damagers	p
damages	ti
damaging	NtiA
damans	p
damars	p
damascened	tA
damascener	A
damascenes	pt
damascening	NtA
damasked	tA
damaskeened	tA
damaskeening	NtA
damaskeens	t
damasking	NtA
damasks	pt
dames	p
damianas	p
dammars	p
dammed	VA
dammer	A
damming	NVA
damnabilities	p
damnablenesses	p
damnations	p
damneder	A
damnedest	A
damnedests	p
damner	A
damners	p
damnified	VA
damnifies	V
damnifying	NVA
damningnesses	p
damns	p
damoiselles	p
damped	tA
dampened	VtA
dampeners	p
dampening	NVtA
dampens	Vt
damper	A
dampers	p
dampest	A
damping	NtA
dampnesses	p
damps	pt
dams	pV
damselfishes	p
damsels	p
damsons	p
danceabilities	p
danced	tiA
dancers	p
dances	pti
dancettes	p
dancing	NtiA
dancings	V
dandelions	p
dandered	iA
dandering	NiA
danders	pi
dandier	A
dandiest	A
dandifications	p
dandified	VA
dandifies	V
dandifying	NVA
dandiprats	p
dandled	tA
dandlers	p
dandles	t
dandling	NtA
dandruffs	p
dandyishly	v
dandyisms	p
daneworts	p
danger	A
dangerousnesses	p
dangers	p
dangled	VtA
danglers	p
dangles	pVt
dangling	NVtA
danglings	V
dangly	v
danker	A
dankest	A
danknesses	p
dans	p
daphnes	p
daphnias	p
dapped	ViA
dapperer	A
dapperest	A
dappernesses	p
dapping	NViA
dapples	pV
dappling	NVA
daps	pVi
darafs	p
dared	tA
daredevils	p
daredeviltries	p
darers	p
dares	pt
darics	p
daring	NtA
daringnesses	p
darings	p
darioles	p
darked	VA
darkened	VA
darkeners	p
darkening	NVA
darkens	V
darker	A
darkest	A
darking	NVA
darkled	VA
darkles	V
darkling	NVA
darknesses	p
darkrooms	p
darks	pV
darlingnesses	p
darlings	p
darned	VA
darneder	A
darnedest	A
darnels	p
darner	A
darners	p
darning	NVA
darnings	p
darns	pV
dartboards	p
darted	VA
darters	p
darting	NVA
dartled	tiA
dartles	ti
dartling	NtiA
darts	pV
das	p
dashboards	p
dashed	ViA
dasheens	p
dasher	A
dashers	p
dashes	pVi
dashikis	p
dashing	NViA
dashpots	p
dassies	p
dastardlinesses	p
dastards	p
dasyures	p
datchas	p
dated	tiA
datedly	v
datelines	p
daters	p
dates	ti
dating	NtiA
datives	p
datolites	p
datums	p
daturas	p
daubed	tA
dauberies	p
daubers	p
daubes	p
daubier	A
daubiest	A
daubing	NtA
daubs	pt
dauds	p
daughterlinesses	p
daughters	p
daunted	tA
daunting	NtA
dauntlessnesses	p
daunts	t
dauphinesses	p
dauted	tA
dauties	p
dauting	NtA
dauts	t
davenports	p
davits	p
dawdled	iA
dawdlers	p
dawdles	i
dawdling	NiA
dawdlings	V
dawks	p
dawned	iA
dawning	NiA
dawns	pi
daws	p
dawted	tA
dawties	p
dawting	NtA
dawts	t
daybooks	p
daybreaks	p
daydreamed	iA
daydreamers	p
daydreaming	NiA
daydreams	pi
dayflowers	p
daymarks	p
days	p
daysides	p
daysprings	p
daystars	p
daytimes	p
dayworks	p
dazed	tA
dazes	pt
dazing	NtA
dazzled	VtA
dazzlers	p
dazzles	pVt
dazzling	NVtA
dazzlings	V
deaconesses	p
deacons	p
deaconships	p
deactivated	tA
deactivates	t
deactivating	NtA
deactivations	p
deactivators	p
deadbeats	p
deadened	VtA
deadeners	p
deadening	NVtA
deadenings	p
deadens	Vt
deader	A
deadest	A
deadfalls	p
deadheaded	iA
deadheading	NiA
deadheads	pi
deadlights	p
deadlines	p
deadlinesses	p
deadlocked	VA
deadlocking	NVA
deadlocks	pV
deadnesses	p
deadpanner	A
deads	p
deadwoods	p
deaerated	tA
deaerates	t
deaerating	NtA
deaerations	p
deaerators	p
deafened	tA
deafening	NtA
deafenings	p
deafens	t
deafer	A
deafest	A
deafnesses	p
dealations	p
dealer	A
dealers	p
dealerships	p
dealing	NVtA
deals	pVt
deaminases	p
deaminated	tA
deaminates	t
deaminating	NtA
deaminations	p
deaminizations	p
deaminized	tA
deaminizes	t
deaminizing	NtA
deans	p
deanships	p
dearer	A
dearest	A
dearnesses	p
dears	p
dearths	p
deathbeds	p
deathblows	p
deathlessnesses	p
deathlier	A
deathliest	A
deaths	p
deathtraps	p
deathwatches	p
deaved	tA
deaves	t
deaving	NtA
debacles	p
debagged	VA
debagging	NVA
debags	V
debarkations	p
debarked	VA
debarking	NVA
debarks	V
debarments	p
debarred	VA
debarring	NVA
debars	V
debased	tA
debasednesses	p
debasements	p
debasers	p
debases	t
debasing	NtA
debated	VA
debaters	p
debates	pV
debating	NVA
debauched	VtA
debauchednesses	p
debauchees	p
debauchers	p
debauches	pVt
debauching	NVtA
debauchments	p
debeaked	tA
debeaking	NtA
debeaks	t
debentures	p
debilitated	tA
debilitates	t
debilitating	NtA
debilitations	p
debited	tA
debiting	NtA
debitors	p
debits	pt
debonairnesses	p
debouched	iA
debouches	pi
debouching	NiA
debouchments	p
debridements	p
debriefed	VA
debriefing	NVA
debriefs	V
debruised	tA
debruises	t
debruising	NtA
debs	p
debtors	p
debts	p
debugged	VA
debugging	NVA
debugs	pV
debunked	tA
debunkers	p
debunking	NtA
debunks	t
deburred	tA
deburring	NtA
deburrs	t
debussed	VA
debussing	NVA
debuts	p
debyes	p
decadences	p
decadents	p
decades	p
decaffeinated	tA
decaffeinates	t
decaffeinating	NtA
decagonally	v
decagons	p
decagrams	p
decalcifications	p
decalcified	VA
decalcifiers	p
decalcifies	V
decalcifying	NVA
decalcomanias	p
decalescences	p
decaliters	p
decals	pV
decameters	p
decamped	iA
decamping	NiA
decampments	p
decamps	i
decanes	p
decantations	p
decanted	VA
decanters	p
decanting	NVA
decants	V
decapitated	tA
decapitates	t
decapitating	NtA
decapitations	p
decapitators	p
decapods	p
decarbonated	tA
decarbonates	t
decarbonating	NtA
decarbonations	p
decarbonisations	p
decarbonised	tA
decarbonisers	p
decarbonises	t
decarbonising	NtA
decarbonizations	p
decarbonized	tA
decarbonizers	p
decarbonizes	pt
decarbonizing	NtA
decarboxylases	p
decarboxylated	tA
decarboxylates	t
decarboxylating	NtA
decarboxylations	p
decarburisations	p
decarburised	tA
decarburises	t
decarburising	NtA
decarburizations	p
decarburized	VA
decarburizes	V
decarburizing	NVA
decares	p
decasteres	p
decastyles	p
decasualisations	p
decasualizations	p
decasyllables	p
decathlons	p
decayed	ViA
decaying	NViA
decays	pVi
deceased	iA
deceases	pi
deceasing	NiA
decedents	p
deceitfulnesses	p
deceits	p
deceivabilities	p
deceived	tA
deceivers	p
deceives	t
deceiving	NtA
decelerated	VA
decelerates	V
decelerating	NVA
decelerations	p
decelerators	p
decelerometers	p
decemvirates	p
decennials	p
decenter	A
decentered	tA
decentering	NtA
decenters	t
decentest	A
decentnesses	p
decentralisations	p
decentralised	tA
decentralises	t
decentralising	NtA
decentralizations	p
decentralized	VA
decentralizes	V
decentralizing	NVA
decentred	tA
decentres	t
decentring	NtA
deceptions	p
deceptivenesses	p
decerebrated	VA
decerebrates	pV
decerebrating	NVA
decerebrations	p
decerned	tA
decerning	NtA
decerns	t
decertifications	p
decertified	tA
decertifies	t
decertifying	NtA
decibels	p
decided	VtiA
decidednesses	p
deciders	p
decides	Vti
deciding	NVtiA
deciduousnesses	p
decigrams	p
deciles	p
deciliters	p
decillions	p
decillionths	p
decimalisations	p
decimalised	tA
decimalises	t
decimalising	NtA
decimalizations	p
decimalized	VA
decimalizes	V
decimalizing	NVA
decimals	p
decimated	tA
decimates	t
decimating	NtA
decimations	p
decimators	p
decimeters	p
decimetres	p
decipherabilities	p
deciphered	tA
decipherers	p
deciphering	NtA
decipherments	p
deciphers	t
decisions	p
decisivenesses	p
decisteres	p
decked	tA
deckels	p
deckers	p
decking	NtA
deckings	p
deckles	p
decks	pt
declaimed	ViA
declaimers	p
declaiming	NViA
declaims	Vi
declamations	p
declamatorily	v
declarants	p
declarations	p
declaratorily	v
declarators	p
declared	ViA
declarers	p
declares	Vi
declaring	NViA
declassed	tA
declassifications	p
declassified	VA
declassifies	V
declassifying	NVA
declassing	NtA
declensions	p
declinations	p
declinatures	p
declined	ViA
decliners	p
declines	pVi
declining	NViA
declinometers	p
declutched	iA
declutches	i
declutching	NiA
decocted	VA
decocting	NVA
decoctions	p
decocts	V
decoded	VA
decoders	p
decodes	V
decoding	NVA
decoked	tA
decokes	t
decoking	NtA
decollated	VA
decollates	V
decollating	NVA
decollations	p
decollators	p
decolonisations	p
decolonised	tA
decolonises	t
decolonising	NtA
decolonizations	p
decolonized	tA
decolonizes	t
decolonizing	NtA
decolorants	p
decolorations	p
decolored	tA
decoloring	NtA
decolorisations	p
decolorised	tA
decolorises	t
decolorising	NtA
decolorizations	p
decolorized	tA
decolorizers	p
decolorizes	t
decolorizing	NtA
decolors	t
decolourations	p
decolourisations	p
decolourised	tA
decolourisers	p
decolourises	t
decolourising	NtA
decolourizations	p
decolourized	tA
decolourizers	p
decolourizes	t
decolourizing	NtA
decommissioned	tA
decommissioning	NtA
decommissions	t
decompensations	p
decomposabilities	p
decomposed	VA
decomposers	p
decomposes	V
decomposing	NVA
decompositions	p
decompounded	tA
decompounding	NtA
decompounds	t
decompressed	VA
decompresses	V
decompressing	NVA
decompressions	p
deconcentrated	tA
deconcentrates	t
deconcentrating	NtA
decongestants	p
decongested	tA
decongesting	NtA
decongests	t
deconsecrated	tA
deconsecrates	t
deconsecrating	NtA
deconsecrations	p
decontaminated	tA
decontaminates	t
decontaminating	NtA
decontaminations	p
decontaminators	p
decontrolled	VA
decontrolling	NVA
decontrols	V
decorated	tA
decorates	t
decorating	NtA
decorations	p
decorativenesses	p
decorators	p
decorousnesses	p
decorticated	tA
decorticates	t
decorticating	NtA
decortications	p
decorticators	p
decorums	p
decoupages	p
decoupled	tA
decouples	t
decoupling	NtA
decoyed	VA
decoyers	p
decoying	NVA
decoys	pV
decreased	VA
decreases	pV
decreasing	NVA
decreed	VA
decreeing	NVA
decrees	pV
decreets	p
decrements	p
decrepitated	tiA
decrepitates	ti
decrepitating	NtiA
decrepitations	p
decrepitudes	p
decrescences	p
decrescendos	p
decretals	p
decretists	p
decrials	p
decried	VA
decriers	p
decries	V
decrying	NVA
decrypted	tA
decrypting	NtA
decrypts	t
decubituses	p
decumbences	p
decumbencies	p
decupled	tA
decuples	pt
decupling	NtA
decuply	v
decurions	p
decurrencies	p
decussated	VA
decussates	V
decussating	NVA
decussations	p
dedicated	tA
dedicatedly	v
dedicates	t
dedicating	NtA
dedications	p
dedicators	p
dedifferentiated	iA
dedifferentiates	i
dedifferentiating	NiA
dedifferentiations	p
deduced	tA
deduces	t
deducibilities	p
deduciblenesses	p
deducing	NtA
deducted	tA
deductibilities	p
deductibles	p
deducting	NtA
deductions	p
deducts	t
deeded	tA
deeding	NtA
deeds	pt
deejays	p
deemed	tA
deeming	NtA
deems	t
deemsters	p
deepened	VA
deepeners	p
deepening	NVA
deepens	V
deeper	A
deepest	A
deepfreezes	pV
deepfreezing	NVA
deepnesses	p
deeps	p
deerhounds	p
deerskins	p
deerstalkers	p
dees	p
deescalated	tiA
deescalates	ti
deescalating	NtiA
deescalations	p
defaced	tA
defacements	p
defacers	p
defaces	t
defacing	NtA
defalcated	iA
defalcates	i
defalcating	NiA
defalcations	p
defalcators	p
defamations	p
defamatorily	v
defamed	tA
defamers	p
defames	t
defaming	NtA
defamings	t
defanged	tA
defanging	NtA
defangs	t
defaulted	iA
defaulters	p
defaulting	NiA
defaults	pi
defeasances	p
defeasibilities	p
defeasiblenesses	p
defeated	tA
defeaters	p
defeating	NtA
defeatisms	p
defeatists	p
defeats	pt
defeatures	p
defecated	tiA
defecates	ti
defecating	NtiA
defecations	p
defected	ViA
defecting	NViA
defections	p
defectivenesses	p
defectors	p
defects	pVi
defeminised	tA
defeminises	t
defeminising	NtA
defeminizations	p
defeminized	tA
defeminizes	t
defeminizing	NtA
defencelessnesses	p
defences	p
defendants	p
defended	VtA
defenders	p
defending	NVtA
defends	Vt
defenestrations	p
defenselessnesses	p
defenses	p
defensibilities	p
defensiblenesses	p
defensivenesses	p
defensives	p
deferences	p
deferents	p
deferments	p
deferrables	p
deferrals	p
deferred	VA
deferrers	p
deferring	NVA
defers	V
defervesced	iA
defervescences	p
defervesces	i
defervescing	NiA
defiances	p
defibrillated	tA
defibrillates	t
defibrillating	NtA
defibrillations	p
defibrillators	p
deficiences	p
deficits	p
defied	VA
defiers	p
defiladed	VA
defilades	pV
defilading	NVA
defiled	VtA
defilements	p
defilers	p
defiles	pVt
defiling	NVtA
definabilities	p
defined	tA
definers	p
defines	t
defining	NtA
definitenesses	p
definitions	p
definitised	tA
definitises	t
definitising	NtA
definitivenesses	p
definitives	p
definitized	tA
definitizes	t
definitizing	NtA
definitudes	p
deflagrated	VA
deflagrates	V
deflagrating	NVA
deflagrations	p
deflated	VtA
deflates	Vt
deflating	NVtA
deflationists	p
deflations	p
deflators	p
deflected	VA
deflecting	NVA
deflections	p
deflectors	p
deflects	V
deflexions	p
deflorations	p
deflowered	tA
deflowerers	p
deflowering	NtA
deflowers	t
defoliants	p
defoliated	VA
defoliates	V
defoliating	NVA
defoliations	p
defoliators	p
deforced	tA
deforcements	p
deforcers	p
deforces	t
deforciants	p
deforcing	NtA
deforestations	p
deforested	tA
deforesters	p
deforesting	NtA
deforests	pt
deformabilities	p
deformations	p
deformed	VtA
deformednesses	p
deformers	p
deforming	NVtA
deforms	Vt
defraudations	p
defrauded	tA
defrauders	p
defrauding	NtA
defraudments	p
defrauds	t
defrayals	p
defrayed	tA
defrayers	p
defraying	NtA
defrays	t
defrocked	tA
defrocking	NtA
defrocks	t
defrosted	VA
defrosters	p
defrosting	NVA
defrosts	V
defter	A
deftest	A
deftnesses	p
defunctnesses	p
defused	tA
defuses	t
defusing	NtA
defuzed	tA
defuzes	t
defuzing	NtA
defying	NVA
degases	Vi
degassed	ViA
degassing	NViA
degaussed	tA
degaussers	p
degausses	t
degaussing	NtA
degeneracies	p
degenerated	ViA
degeneratenesses	p
degenerates	pVi
degenerating	NViA
degenerations	p
deglaciations	p
deglamorizations	p
deglamorized	tA
deglamorizes	t
deglamorizing	NtA
deglutinated	tA
deglutinates	t
deglutinating	NtA
deglutinations	p
deglutitions	p
degradations	p
degraded	tA
degradednesses	p
degraders	p
degrades	t
degrading	NtA
degreased	tA
degreasers	p
degreases	t
degreasing	NtA
degrees	p
degressions	p
degummed	tA
degummers	p
degumming	NtA
degums	t
degustations	p
degusted	tA
degusting	NtA
degusts	t
dehisced	iA
dehiscences	p
dehisces	i
dehiscing	NiA
dehorned	tA
dehorners	p
dehorning	NtA
dehorns	t
dehortations	p
dehorted	tA
dehorters	p
dehorting	NtA
dehorts	t
dehumanisations	p
dehumanised	tA
dehumanises	t
dehumanising	NtA
dehumanizations	p
dehumanized	tA
dehumanizes	t
dehumanizing	NtA
dehumidifications	p
dehumidified	VA
dehumidifiers	p
dehumidifies	V
dehumidifying	NVA
dehydrated	VA
dehydrates	V
dehydrating	NVA
dehydrations	p
dehydrators	p
dehydrogenases	p
dehydrogenated	tA
dehydrogenates	t
dehydrogenating	NtA
dehydrogenations	p
dehydrogenised	tA
dehydrogenising	NtA
dehydrogenizations	p
dehydrogenized	tA
dehydrogenizes	t
dehydrogenizing	NtA
dehypnotized	tA
dehypnotizes	t
dehypnotizing	NtA
deiced	tA
deicers	p
deices	t
deicides	p
deicing	NtA
deifications	p
deified	VA
deifiers	p
deifies	V
deifying	NVA
deigned	tA
deigning	NtA
deigns	t
deils	p
deionizations	p
deionized	tA
deionizers	p
deionizes	t
deionizing	NtA
deipnosophists	p
deisms	p
deists	p
deixises	p
dejected	tA
dejectednesses	p
dejecting	NtA
dejections	p
dejects	t
dekagrams	p
dekaliters	p
dekameters	p
dekares	p
delaines	p
delaminated	VA
delaminates	V
delaminating	NVA
delaminations	p
delated	tA
delaters	p
delates	t
delating	NtA
delations	p
delators	p
delayed	tiA
delayers	p
delaying	NtiA
delays	pti
deleaded	tA
deleading	NtA
deleads	t
delectabilities	p
delectablenesses	p
delectations	p
deled	VA
delegalized	tA
delegalizes	t
delegalizing	NtA
delegated	VtA
delegates	pVt
delegating	NVtA
delegations	p
deleing	NVA
deles	pV
deleted	tA
deleteriousnesses	p
deletes	t
deleting	NtA
deletions	p
delfts	p
deliberated	VA
deliberatenesses	p
deliberates	V
deliberating	NVA
deliberations	p
deliberativenesses	p
deliberators	p
delicatenesses	p
delicates	p
delicatessens	p
deliciousnesses	p
delicts	p
delighted	tiA
delightednesses	p
delighters	p
delightfulnesses	p
delighting	NtiA
delights	pti
delimitated	tA
delimitates	t
delimitating	NtA
delimitations	p
delimited	tA
delimiting	NtA
delimits	t
delineated	tA
delineates	t
delineating	NtA
delineations	p
delineators	p
delinquents	p
deliquesced	iA
deliquescences	p
deliquesces	i
deliquescing	NiA
delirations	p
deliriousnesses	p
delisted	tA
delisting	NtA
delists	t
deliverances	p
delivered	VA
deliverers	p
delivering	NVA
delivers	V
dells	p
delocalisations	p
delocalised	tA
delocalises	t
delocalising	NtA
delocalizations	p
delocalized	tA
delocalizes	t
delocalizing	NtA
deloused	tA
delouses	t
delousing	NtA
dels	p
deltas	p
deltiologies	p
deltoids	p
delubrums	p
deluded	tA
deluders	p
deludes	t
deluding	NtA
deluged	tA
deluges	pt
deluging	NtA
delusions	p
delusivenesses	p
delved	VA
delvers	p
delves	V
delving	NVA
demagnetisations	p
demagnetised	tA
demagnetisers	p
demagnetises	t
demagnetising	NtA
demagnetizations	p
demagnetized	VA
demagnetizers	p
demagnetizes	pV
demagnetizing	NVA
demagogies	p
demagogueries	p
demagogues	p
demagoguisms	p
demandants	p
demanded	tA
demanders	p
demanding	NtA
demands	pt
demantoids	p
demarcated	tA
demarcates	t
demarcating	NtA
demarcations	p
demarcators	p
demarked	tA
demarking	NtA
demarks	t
dematerialisations	p
dematerialised	tiA
dematerialises	ti
dematerialising	NtiA
dematerializations	p
dematerialized	iA
dematerializes	i
dematerializing	NiA
demeaned	tA
demeaning	NtA
demeanors	p
demeanours	p
demeans	t
demented	tA
dementednesses	p
dementias	p
dementing	NtA
dements	t
demeraras	p
demerits	p
demes	p
demesnes	p
demies	p
demigods	p
demijohns	p
demilitarisations	p
demilitarised	tA
demilitarises	t
demilitarising	NtA
demilitarizations	p
demilitarized	tA
demilitarizes	t
demilitarizing	NtA
demilunes	p
demimondaines	p
demimondes	p
demineralizations	p
demineralized	tA
demineralizes	t
demineralizing	NtA
demipiques	p
demireliefs	p
demireps	p
demised	VtA
demisemiquavers	p
demises	pVt
demising	NVtA
demissions	p
demisted	VA
demisting	NVA
demists	V
demits	Vt
demitted	VtA
demitting	NVtA
demiurges	p
demivolts	p
demobbed	VA
demobbing	NVA
demobilisations	p
demobilised	tA
demobilises	t
demobilising	NtA
demobilizations	p
demobilized	VA
demobilizes	V
demobilizing	NVA
demobs	pV
democratisations	p
democratised	tiA
democratises	ti
democratising	NtiA
democratizations	p
democratized	tA
democratizes	t
democratizing	NtA
democrats	p
demodulated	VA
demodulates	V
demodulating	NVA
demodulations	p
demodulators	p
demographers	p
demographies	p
demolished	tA
demolishers	p
demolishes	t
demolishing	NtA
demolishments	p
demonetisations	p
demonetised	tA
demonetises	t
demonetising	NtA
demonetizations	p
demonetized	tA
demonetizes	t
demonetizing	NtA
demoniacs	p
demonically	v
demonised	tA
demonises	t
demonising	NtA
demonisms	p
demonists	p
demonized	tA
demonizes	t
demonizing	NtA
demonolaters	p
demonolatries	p
demonologies	p
demonologists	p
demons	p
demonstrabilities	p
demonstrablenesses	p
demonstrated	tiA
demonstrates	ti
demonstrating	NtiA
demonstrations	p
demonstrativenesses	p
demonstratives	p
demonstrators	p
demoralisations	p
demoralised	tA
demoralisers	p
demoralises	t
demoralising	NtA
demoralizations	p
demoralized	tA
demoralizers	p
demoralizes	t
demoralizing	NtA
demos	p
demoses	p
demoted	tA
demotes	t
demotics	p
demoting	NtA
demotions	p
demounted	tA
demounting	NtA
demounts	t
dempsters	p
demulcents	p
demulsifications	p
demulsified	VA
demulsifiers	p
demulsifies	V
demulsifying	NVA
demurenesses	p
demurrages	p
demurrals	p
demurred	VA
demurrers	p
demurring	NVA
demurs	pV
demystified	VA
demystifies	V
demystifying	NVA
demythologisations	p
demythologised	tA
demythologises	t
demythologising	NtA
demythologizations	p
demythologized	tA
demythologizes	t
demythologizing	NtA
denationalisations	p
denationalised	tA
denationalises	t
denationalising	NtA
denationalizations	p
denationalized	VA
denationalizes	V
denationalizing	NVA
denaturalisations	p
denaturalised	tA
denaturalises	t
denaturalising	NtA
denaturalizations	p
denaturalized	tA
denaturalizes	t
denaturalizing	NtA
denaturants	p
denaturations	p
denatured	tA
denatures	t
denaturing	NtA
denaturised	tA
denaturises	t
denaturising	NtA
denaturized	tA
denaturizes	t
denaturizing	NtA
denazifications	p
denazified	VA
denazifies	V
denazifying	NVA
dendrites	p
dendrochronologies	p
dendrochronologists	p
dendrologies	p
dendrologists	p
denegations	p
denes	p
dengues	p
deniably	v
denials	p
denied	VA
deniers	p
denies	V
denigrated	VA
denigrates	V
denigrating	NVA
denigrations	p
denigrators	p
denitrated	VA
denitrates	V
denitrating	NVA
denitrations	p
denitrifications	p
denitrificators	p
denitrified	VA
denitrifiers	p
denitrifies	V
denitrifying	NVA
denizations	p
denizened	tA
denizening	NtA
denizens	pt
denned	VA
denning	NVA
denominated	VtA
denominates	Vt
denominating	NVtA
denominationalisms	p
denominationalists	p
denominations	p
denominators	p
denotations	p
denoted	tA
denotements	p
denotes	t
denoting	NtA
denouements	p
denounced	tA
denouncements	p
denouncers	p
denounces	t
denouncing	NtA
dens	pV
densenesses	p
densifications	p
densified	tA
densifies	t
densifying	NtA
densimeters	p
densimetries	p
densitometers	p
densitometries	p
dentally	v
dentals	p
dentations	p
dented	VA
dentexes	p
denticles	p
denticulations	p
dentifrices	p
dentils	p
dentines	p
denting	NVA
dentins	p
dentistries	p
dentists	p
dentitions	p
dents	pV
dentures	p
denuclearized	tA
denuclearizes	t
denuclearizing	NtA
denudated	VA
denudates	V
denudating	NVA
denudations	p
denuded	tA
denuders	p
denudes	t
denuding	NtA
denunciated	tA
denunciates	t
denunciating	NtA
denunciations	p
denunciators	p
denying	NVA
deodands	p
deodars	p
deodorants	p
deodorisations	p
deodorised	tA
deodorisers	p
deodorises	t
deodorising	NtA
deodorizations	p
deodorized	tA
deodorizers	p
deodorizes	t
deodorizing	NtA
deontologies	p
deontologists	p
deoxidisations	p
deoxidised	tA
deoxidisers	p
deoxidises	t
deoxidising	NtA
deoxidizations	p
deoxidized	tA
deoxidizers	p
deoxidizes	t
deoxidizing	NtA
deoxycorticosterones	p
deoxygenated	tA
deoxygenates	t
deoxygenating	NtA
deoxygenations	p
deoxygenized	tA
deoxygenizes	t
deoxygenizing	NtA
deoxyribonucleases	p
deoxyriboses	p
depainted	tA
depainting	NtA
depaints	t
departed	VtA
departing	NVtA
departmentalisations	p
departmentalised	tA
departmentalises	t
departmentalising	NtA
departmentalisms	p
departmentalizations	p
departmentalized	tA
departmentalizes	t
departmentalizing	NtA
departments	p
departs	Vt
departures	p
depastured	VtA
depastures	Vt
depasturing	NVtA
depauperations	p
dependabilities	p
dependablenesses	p
dependants	p
depended	iA
dependences	p
dependents	p
depending	NiA
depends	i
depeopled	tA
depeoples	t
depeopling	NtA
depermed	tA
deperming	NtA
deperms	t
depersonalised	tA
depersonalises	t
depersonalising	NtA
depersonalizations	p
depersonalized	tA
depersonalizes	t
depersonalizing	NtA
depicted	tA
depicters	p
depicting	NtA
depictions	p
depicts	t
depictured	tA
depictures	t
depicturing	NtA
depilated	tA
depilates	t
depilating	NtA
depilations	p
depilators	p
deplaned	iA
deplanes	i
deplaning	NiA
depleted	tA
depletes	t
depleting	NtA
depletions	p
deplorabilities	p
deplorablenesses	p
deplorations	p
deplored	tA
deplorers	p
deplores	t
deploring	NtA
deployed	VtA
deploying	NVtA
deployments	p
deploys	Vt
deplumations	p
deplumed	tA
deplumes	t
depluming	NtA
depolarisations	p
depolarised	tA
depolarisers	p
depolarises	t
depolarising	NtA
depolarizations	p
depolarized	VA
depolarizers	p
depolarizes	V
depolarizing	NVA
depoliticized	tA
depoliticizes	t
depoliticizing	NtA
depolymerizations	p
depolymerized	tA
depolymerizes	t
depolymerizing	NtA
deponed	VA
deponents	p
depones	V
deponing	NVA
depopulated	VA
depopulates	V
depopulating	NVA
depopulations	p
depopulators	p
deportations	p
deported	tA
deportees	p
deporters	p
deporting	NtA
deportments	p
deports	t
deposals	p
deposed	tA
deposers	p
deposes	t
deposing	NtA
deposited	tA
depositing	NtA
depositions	p
depositors	p
deposits	pt
depots	p
depravations	p
depraved	tA
depravednesses	p
depravers	p
depraves	t
depraving	NtA
deprecated	tA
deprecates	t
deprecating	NtA
deprecations	p
deprecators	p
depreciated	VtA
depreciates	Vt
depreciating	NVtA
depreciations	p
depreciators	p
depredated	tA
depredates	t
depredating	NtA
depredations	p
depredators	p
depressants	p
depressed	tA
depresses	t
depressing	NtA
depressions	p
depressivenesses	p
depressors	p
depressurized	tA
depressurizes	t
depressurizing	NtA
deprivals	p
deprivations	p
deprived	tA
deprivers	p
deprives	t
depriving	NtA
depsides	p
depths	p
depurated	VA
depurates	V
depurating	NVA
depurations	p
depuratives	p
depurators	p
deputations	p
deputed	tA
deputes	t
deputing	NtA
deputised	tiA
deputises	ti
deputising	NtiA
deputized	VA
deputizes	V
deputizing	NVA
deracinated	tA
deracinates	t
deracinating	NtA
deracinations	p
deraigned	tA
deraigning	NtA
deraigns	t
derailed	VA
derailing	NVA
derailments	p
derails	pV
deranged	tA
derangements	p
derangers	p
deranges	t
deranging	NtA
derationed	tA
derationing	NtA
derations	t
derays	p
derbies	p
deregistered	VA
deregistering	NVA
deregisters	V
derelictions	p
derelicts	p
derequisitioned	tiA
derequisitioning	NtiA
derequisitions	pti
derestricted	tA
derestricting	NtA
derestricts	t
derided	tA
deriders	p
derides	t
deriding	NtA
deringers	p
derisions	p
derisivenesses	p
derivably	v
derivations	p
derivativenesses	p
derivatives	p
derived	VtA
derivers	p
derives	Vt
deriving	NVtA
dermabrasions	p
dermas	p
dermatitises	p
dermatogens	p
dermatologies	p
dermatologists	p
dermatomes	p
dermatophytes	p
dermatoplasties	p
dermises	p
dermoids	p
derogated	VtiA
derogately	v
derogates	Vti
derogating	NVtiA
derogations	p
derogatorinesses	p
derricks	pV
derringers	p
derris	p
derrises	p
dervishes	p
desalinated	tA
desalinates	t
desalinating	NtA
desalinations	p
desalinizations	p
desalinized	tA
desalinizes	t
desalinizing	NtA
desalted	tA
desalters	p
desalting	NtA
desalts	t
descaled	tA
descales	t
descaling	NtA
descanted	ViA
descanter	A
descanters	p
descanting	NViA
descants	pVi
descendants	p
descended	VA
descenders	p
descending	NVA
descends	V
descensions	p
descents	p
deschooled	tA
deschooling	NtA
deschools	t
described	tA
describers	p
describes	t
describing	NtA
descried	VA
descriers	p
descries	V
descriptions	p
descriptivenesses	p
descriptivisms	p
descrying	NVA
desecrated	tA
desecraters	p
desecrates	t
desecrating	NtA
desecrations	p
desecrators	p
desegregated	VA
desegregates	V
desegregating	NVA
desegregations	p
desensitizations	p
desensitized	tA
desensitizers	p
desensitizes	t
desensitizing	NtA
deserted	tA
deserters	p
deserting	NtA
desertions	p
deserts	pt
deserved	tiA
deservednesses	p
deservers	p
deserves	ti
deserving	NtiA
deservingnesses	p
deservings	p
desexed	tA
desexes	t
desexing	NtA
desexualized	tA
desexualizes	t
desexualizing	NtA
desiccants	p
desiccated	tA
desiccates	t
desiccating	NtA
desiccations	p
desiccators	p
desiderated	tA
desiderates	t
desiderating	NtA
desiderations	p
designated	VtA
designates	Vt
designating	NVtA
designations	p
designators	p
designed	VtA
designees	p
designers	p
designing	NVtA
designments	p
designs	pVt
desilvered	tA
desilvering	NtA
desilverized	tA
desilverizes	t
desilverizing	NtA
desilvers	t
desinences	p
desirabilities	p
desirablenesses	p
desirables	p
desired	tA
desirers	p
desires	pt
desiring	NtA
desirousnesses	p
desistances	p
desisted	iA
desistences	p
desisting	NiA
desists	i
desks	p
desmids	p
desmoids	p
desolated	VtA
desolatenesses	p
desolater	A
desolaters	p
desolates	Vt
desolating	NVtA
desolations	p
desolators	p
desorbed	VA
desorbing	NVA
desorbs	V
desorptions	p
despaired	tiA
despairers	p
despairing	NtiA
despairs	pti
desperatenesses	p
desperations	p
despicablenesses	p
despised	tA
despisers	p
despises	t
despising	NtA
despited	tA
despitefulnesses	p
despites	pt
despiting	NtA
despoiled	tA
despoilers	p
despoiling	NtA
despoilments	p
despoils	t
despoliations	p
desponded	iA
despondencies	p
desponding	NiA
desponds	pi
despotisms	p
despots	p
despumated	tiA
despumates	ti
despumating	NtiA
despumations	p
desquamated	iA
desquamates	i
desquamating	NiA
desquamations	p
desserts	p
dessertspoons	p
dessiatines	p
desterilized	tA
desterilizes	t
desterilizing	NtA
destinations	p
destined	tA
destines	t
destining	NtA
destitutenesses	p
destitutions	p
destriers	p
destroyed	ViA
destroyers	p
destroying	NViA
destroys	Vi
destructed	ViA
destructibilities	p
destructing	NViA
destructionists	p
destructions	p
destructivenesses	p
destructivities	p
destructors	p
destructs	pVi
desuetudes	p
desulfured	tA
desulfuring	NtA
desulfurizations	p
desulfurized	tA
desulfurizers	p
desulfurizes	t
desulfurizing	NtA
desulfurs	t
desulphurated	tA
desulphurates	t
desulphurating	NtA
desulphurations	p
desulphurised	tA
desulphurises	t
desulphurising	NtA
desulphurized	VA
desulphurizes	V
desulphurizing	NVA
desultorinesses	p
detachabilities	p
detachably	v
detached	tA
detachednesses	p
detachers	p
detaches	t
detaching	NtA
detachments	p
detailed	tA
detailednesses	p
detailing	NtA
details	pt
detained	tA
detainers	p
detaining	NtA
detainments	p
detains	t
detected	tA
detecting	NtA
detections	p
detectives	p
detectors	p
detects	t
detentions	p
detents	p
deterged	tA
detergencies	p
detergents	p
deterges	t
deterging	NtA
deteriorated	ViA
deteriorates	Vi
deteriorating	NViA
deteriorations	p
determents	p
determinabilities	p
determinablenesses	p
determinants	p
determinately	v
determinatenesses	p
determinations	p
determinativenesses	p
determinatives	p
determined	VtA
determinednesses	p
determiners	p
determines	Vt
determining	NVtA
determinisms	p
deterministically	v
determinists	p
deterred	VA
deterrences	p
deterrently	v
deterrents	p
deterring	NVA
deters	V
detersives	p
detestabilities	p
detestablenesses	p
detestations	p
detested	tA
detesters	p
detesting	NtA
detests	t
dethroned	tA
dethronements	p
dethroners	p
dethrones	t
dethroning	NtA
dethronings	t
detinues	p
detonabilities	p
detonated	VA
detonates	V
detonating	NVA
detonations	p
detonators	p
detoured	VA
detouring	NVA
detours	pV
detoxicants	p
detoxicated	tA
detoxicates	pt
detoxicating	NtA
detoxications	p
detoxifications	p
detoxified	VA
detoxifies	V
detoxifying	NVA
detracted	VtA
detracting	NVtA
detractions	p
detractors	p
detracts	Vt
detrained	VA
detraining	NVA
detrainments	p
detrains	V
detribalizations	p
detribalized	tA
detribalizes	t
detribalizing	NtA
detriments	p
detritions	p
detruded	tA
detrudes	t
detruding	NtA
detruncated	tA
detruncates	t
detruncating	NtA
detruncations	p
detrusions	p
detumescences	p
deuces	p
deuteragonists	p
deuteranomalies	p
deuteranopes	p
deuteranopias	p
deuterated	VA
deuterates	V
deuterating	NVA
deuterides	p
deuteriums	p
deuterogamies	p
deuterogamists	p
deuterons	p
deutons	p
deutoplasms	p
deutzias	p
devaluated	tA
devaluates	t
devaluating	NtA
devaluations	p
devalued	VtA
devalues	Vt
devaluing	NVtA
devas	p
devastated	tA
devastates	t
devastating	NtA
devastations	p
devastators	p
developed	VtiA
developers	p
developes	ti
developing	NVtiA
developments	p
develops	Vt
devels	p
devested	tA
devesting	NtA
devests	t
deviances	p
deviants	p
deviated	ViA
deviates	pVi
deviating	NViA
deviationisms	p
deviationists	p
deviations	p
deviators	p
devices	p
deviled	VA
devilfishes	p
deviling	NVA
devilings	V
devilishnesses	p
devilkins	p
devilled	VA
devilling	NVA
devilments	p
devils	pV
devilwoods	p
deviousnesses	p
devisals	p
devised	VtA
devisees	p
devisers	p
devises	pVt
devising	NVtA
devisors	p
devitalisations	p
devitalised	tA
devitalises	t
devitalising	NtA
devitalizations	p
devitalized	tA
devitalizes	t
devitalizing	NtA
devitrifications	p
devitrified	VA
devitrifies	V
devitrifying	NVA
devocalised	tA
devocalises	t
devocalising	NtA
devocalizations	p
devocalized	tA
devocalizes	t
devocalizing	NtA
devoiced	tA
devoices	t
devoicing	NtA
devolatilisations	p
devolatilised	tiA
devolatilises	ti
devolatilising	NtiA
devolatilizations	p
devolatilized	tiA
devolatilizes	ti
devolatilizing	NtiA
devolutions	p
devolved	ViA
devolvements	p
devolves	Vi
devolving	NViA
devoted	tA
devotednesses	p
devotees	p
devotements	p
devotes	t
devoting	NtA
devotionals	p
devotions	p
devoured	tA
devourers	p
devouring	NtA
devours	t
devouter	A
devoutest	A
devoutnesses	p
dewans	p
dewatered	tA
dewatering	NtA
dewaters	t
dewclaws	p
dewdrops	p
dewed	tA
dewfalls	p
dewier	A
dewiest	A
dewinesses	p
dewing	NtA
dewlaps	p
dews	pt
dexamethasones	p
dexterities	p
dexterousnesses	p
dexters	p
dextralities	p
dextrans	p
dextrins	p
dextroamphetamines	p
dextroglucoses	p
dextrorotations	p
dextroses	p
deys	p
dhaks	p
dhals	p
dharmas	p
dharnas	p
dholes	p
dhows	p
dhurnas	p
dhurries	p
diabases	p
diabetics	p
diabolicalnesses	p
diabolised	tA
diabolises	t
diabolising	NtA
diabolisms	p
diabolists	p
diabolized	tA
diabolizes	t
diabolizing	NtA
diacetyls	p
diachronically	v
diachylons	p
diacids	p
diaconates	p
diaconicons	p
diacritics	p
diactinisms	p
diademed	tA
diademing	NtA
diadems	pt
diadochies	p
diagenetically	v
diageotropically	v
diageotropisms	p
diagnosed	VtA
diagnoses	Vt
diagnosing	NVtA
diagnosticians	p
diagnostics	p
diagonals	p
diagrammed	VA
diagramming	NVA
diagrams	pV
diagraphs	p
dialecticians	p
dialectics	p
dialectologists	p
dialects	p
dialed	VA
dialers	p
dialing	NVA
dialings	p
diallages	p
diallers	p
dialogists	p
dialogized	iA
dialogizes	i
dialogizing	NiA
dialogued	VtiA
dialoguers	p
dialogues	pVti
dialoguing	NVtiA
dials	pV
dialysabilities	p
dialysates	p
dialysed	tA
dialysers	p
dialyses	t
dialysing	NtA
dialyzabilities	p
dialyzates	p
dialyzations	p
dialyzed	tiA
dialyzers	p
dialyzes	ti
dialyzing	NtiA
diamagnetisms	p
diamagnets	p
diameters	p
diamines	p
diamondbacks	p
diamonded	tA
diamonding	NtA
diamonds	pt
diapasons	p
diapauses	p
diapentes	p
diapered	tA
diapering	NtA
diapers	pt
diaphaneities	p
diaphanometers	p
diaphanousnesses	p
diaphones	p
diaphonies	p
diaphoretics	p
diaphragms	p
diapirs	p
diapositives	p
diarists	p
diarrheas	p
diarrhoeas	p
diascopes	p
diaspores	p
diasters	p
diastoles	p
diastrophically	v
diastrophisms	p
diastyles	p
diatessarons	p
diathermies	p
diatomicities	p
diatomites	p
diatoms	p
diatonicisms	p
diatremes	p
diatribes	p
diatropisms	p
diazines	p
diazoles	p
diazoniums	p
diazos	p
diazotizations	p
diazotized	tA
diazotizes	t
diazotizing	NtA
dibasicities	p
dibbed	VA
dibbing	NVA
dibbled	ViA
dibbles	pVi
dibbling	NViA
dibbuks	p
dibranchiates	p
dibromides	p
dibs	V
dicasts	p
diced	VtiA
dicentras	p
dicers	p
dices	Vti
dichasially	v
dichlorides	p
dichlorodifluoromethanes	p
dichlorodiphenyltrichloroethanes	p
dichogamies	p
dichondras	p
dichotomisations	p
dichotomised	tiA
dichotomises	ti
dichotomising	NtiA
dichotomists	p
dichotomizations	p
dichotomized	VA
dichotomizes	V
dichotomizing	NVA
dichroisms	p
dichroites	p
dichromates	p
dichromatisms	p
dichromats	p
dichroscopes	p
dicing	NVtiA
dicings	p
dickcissels	p
dickenses	p
dickered	ViA
dickering	NViA
dickers	pVi
dickier	A
dickiest	A
dicks	p
diclinisms	p
dicots	p
dicotyledons	p
dicoumarins	p
dicrotisms	p
dictated	VtiA
dictates	pVti
dictating	NVtiA
dictations	p
dictatorialnesses	p
dictators	p
dictatorships	p
dictions	p
dicynodonts	p
didacticisms	p
didappers	p
diddled	VtiA
diddlers	p
diddles	Vti
diddling	NVtiA
didgeridoos	p
didicoys	p
didies	p
didrachms	p
didymiums	p
didynamies	p
diebacks	pVi
died	VtA
dieldrins	p
dielectrics	p
dienes	p
dies	pVt
dieselizations	p
dieselized	tiA
dieselizes	ti
dieselizing	NtiA
diesels	p
dieses	V
diesinkers	p
diesinkings	p
diestocks	p
diestruses	p
dietarily	v
dieted	VA
dieters	p
dietetically	v
diethylstilbestrols	p
dieting	NVA
dietitians	p
diets	pV
differed	iA
differenced	tA
differences	pt
differencing	NtA
differentials	p
differentiated	tiA
differentiates	ti
differentiating	NtiA
differentiations	p
differentiators	p
differing	NiA
differs	i
diffidences	p
diffracted	VA
diffracting	NVA
diffractions	p
diffractivenesses	p
diffractometers	p
diffracts	V
diffs	p
diffused	VA
diffusenesses	p
diffuser	A
diffusers	p
diffuses	V
diffusibilities	p
diffusing	NVA
diffusions	p
diffusivenesses	p
diffusivities	p
digamies	p
digammas	p
digastrics	p
digested	VtA
digesters	p
digestibilities	p
digestifs	p
digesting	NVtA
digestions	p
digestives	p
digestors	p
digests	pVt
digged	VtiA
diggers	p
digging	NVtiA
dighted	VA
dighting	NVA
dights	V
digitalins	p
digitalises	p
digitalizations	p
digitalized	tA
digitalizes	t
digitalizing	NtA
digitals	p
digitations	p
digitigrades	p
digitisations	p
digitised	tA
digitises	t
digitising	NtA
digitizations	p
digitized	tA
digitizes	t
digitizing	NtA
digitoxins	p
digits	p
diglots	p
diglycerides	p
diglyphs	p
dignified	VA
dignifies	V
dignifying	NVA
digraphically	v
digraphs	p
digressed	iA
digresses	i
digressing	NiA
digressions	p
digressivenesses	p
digs	Vti
dihedrals	p
dihedrons	p
dihybridisms	p
dihybrids	p
diked	VA
dikers	p
dikes	pV
diking	NVA
dikkops	p
diktats	p
dilacerated	tA
dilacerates	t
dilacerating	NtA
dilapidated	VA
dilapidates	V
dilapidating	NVA
dilapidations	p
dilapidators	p
dilatabilities	p
dilatancies	p
dilatants	p
dilatations	p
dilated	ViA
dilaters	p
dilates	Vi
dilating	NViA
dilations	p
dilatometers	p
dilatometries	p
dilatorinesses	p
dilators	p
dilemmas	p
dilettantes	p
dilettantisms	p
dills	p
dillydallied	iA
dillydallies	i
dillydallying	NiA
diluents	p
diluted	VA
dilutenesses	p
diluter	A
dilutes	V
diluting	NVA
dilutions	p
diluviums	p
dimenhydrinates	p
dimensionalities	p
dimensioned	tA
dimensioning	NtA
dimensions	pt
dimer	A
dimercaprols	p
dimerisms	p
dimerized	tiA
dimerizes	ti
dimerizing	NtiA
dimers	p
dimes	p
dimeters	p
dimethyls	p
dimidiated	VtA
dimidiates	Vt
dimidiating	NVtA
dimidiations	p
diminished	VtA
diminishes	Vt
diminishing	NVtA
diminuendos	p
diminutions	p
diminutivenesses	p
diminutives	p
dimmed	VA
dimmer	A
dimmers	p
dimming	NVA
dimnesses	p
dimorphisms	p
dimorphs	p
dimpled	ViA
dimples	pVi
dimplier	A
dimpliest	A
dimpling	NViA
dims	V
dimwits	p
dinars	p
dindled	tiA
dindles	pti
dindling	NtiA
dined	VtiA
diners	p
dines	ti
dinettes	p
dinged	VtA
dinger	A
dinges	p
dinginesses	p
dinging	NVtA
dingles	p
dings	pVt
dining	NVtiA
dinitrobenzenes	p
dinked	VA
dinking	NVA
dinks	V
dinmonts	p
dinned	VA
dinners	p
dinnerwares	p
dinning	NVA
dinoflagellates	p
dinosaurs	p
dinotheres	p
dins	pV
dinted	VtA
dinting	NVtA
dints	pVt
diocesans	p
dioceses	p
diodes	p
dioeciousnesses	p
dioestruses	p
diols	p
diopsides	p
dioptases	p
diopters	p
dioptometers	p
dioptres	p
dioramas	p
diorites	p
dioxanes	p
dioxans	p
dioxides	p
dipeptides	p
diphenhydramines	p
diphenylamines	p
diphenylhydantoins	p
diphenyls	p
diphosgenes	p
diphosphates	p
diphtherias	p
diphthongally	v
diphthongisations	p
diphthongised	tiA
diphthongises	ti
diphthongising	NtiA
diphthongizations	p
diphthongized	VA
diphthongizes	V
diphthongizing	NVA
diphthongs	p
diplegias	p
diplexer	A
diploes	p
diploids	p
diplomacies	p
diplomas	p
diplomates	p
diplomatists	p
diplomats	p
diplonts	p
diplopias	p
diplopods	p
diplotenes	p
dipnoans	p
dipoles	p
dipped	VtiA
dippers	p
dipping	NVtiA
dipropellants	p
diprotodonts	p
dips	pVti
dipsomaniacs	p
dipsomanias	p
dipsticks	p
dipterans	p
dipteroses	p
directed	VA
directer	A
directest	A
directing	NVA
directionally	v
directives	p
directivities	p
directnesses	p
directorates	p
directors	p
directorships	p
directresses	p
directrixes	p
directs	V
direfulnesses	p
direnesses	p
dirges	p
dirhams	p
dirhems	p
dirigibilities	p
dirigibles	p
dirked	tA
dirking	NtA
dirks	pt
dirled	iA
dirling	NiA
dirls	i
dirndls	p
dirtied	VA
dirties	V
dirtinesses	p
dirts	p
dirtying	NVA
dis	p
disabled	tA
disablements	p
disablers	p
disables	t
disabling	NtA
disabusals	p
disabused	tA
disabuses	t
disabusing	NtA
disaccharides	p
disaccorded	iA
disaccording	NiA
disaccords	pi
disaccredited	tA
disaccrediting	NtA
disaccredits	t
disaccustomed	tA
disaccustoming	NtA
disaccustoms	t
disadvantaged	tA
disadvantageousnesses	p
disadvantages	pt
disadvantaging	NtA
disaffected	tA
disaffectednesses	p
disaffecting	NtA
disaffections	p
disaffects	t
disaffiliated	VA
disaffiliates	V
disaffiliating	NVA
disaffiliations	p
disaffirmances	p
disaffirmations	p
disaffirmed	tA
disaffirming	NtA
disaffirms	t
disafforested	tA
disafforesting	NtA
disafforests	t
disagreeabilities	p
disagreeablenesses	p
disagreed	VA
disagreeing	NVA
disagreements	p
disagrees	V
disallowances	p
disallowed	tA
disallowing	NtA
disallows	t
disambiguated	tA
disambiguates	t
disambiguating	NtA
disannulled	VA
disannullers	p
disannulling	NVA
disannulments	p
disannuls	V
disanointed	tA
disanointing	NtA
disanoints	t
disappearances	p
disappeared	iA
disappearing	NiA
disappears	i
disappointed	tA
disappointing	NtA
disappointments	p
disappoints	t
disapprobations	p
disapprovals	p
disapproved	tiA
disapprovers	p
disapproves	ti
disapproving	NtiA
disarmaments	p
disarmed	tiA
disarmers	p
disarming	NtiA
disarms	ti
disarranged	tA
disarrangements	p
disarranges	t
disarranging	NtA
disarrayed	tA
disarraying	NtA
disarrays	pt
disarticulated	VA
disarticulates	V
disarticulating	NVA
disarticulations	p
disarticulators	p
disassembled	tA
disassembles	t
disassemblies	p
disassembling	NtA
disassociated	VA
disassociates	V
disassociating	NVA
disassociations	p
disasters	p
disastrousnesses	p
disavowals	p
disavowed	tA
disavowers	p
disavowing	NtA
disavows	t
disbanded	VA
disbanding	NVA
disbandments	p
disbands	V
disbarments	p
disbarred	VA
disbarring	NVA
disbars	V
disbeliefs	p
disbelieved	tiA
disbelievers	p
disbelieves	ti
disbelieving	NtiA
disbosomed	tA
disbosoming	NtA
disbosoms	t
disboweled	tA
disboweling	NtA
disbowelled	tA
disbowelling	NtA
disbowels	t
disbranched	tA
disbranches	t
disbranching	NtA
disbudded	VA
disbudding	NVA
disbuds	V
disburdened	VtA
disburdening	NVtA
disburdenments	p
disburdens	Vt
disbursed	tA
disbursements	p
disbursers	p
disburses	t
disbursing	NtA
disburthened	tiA
disburthening	NtiA
disburthens	ti
discanted	VA
discanting	NVA
discants	pV
discarded	VtA
discarders	p
discarding	NVtA
discards	pVt
discased	tA
discases	t
discasing	NtA
disced	VA
disceptations	p
discepted	tA
discepting	NtA
discepts	t
discerned	tA
discerners	p
discerning	NtA
discernments	p
discerns	t
discerped	tA
discerping	NtA
discerps	t
discharged	VtiA
dischargers	p
discharges	pVti
discharging	NVtiA
discing	NVA
disciples	p
discipleships	p
disciplinants	p
disciplinarians	p
disciplinarily	v
disciplined	tA
discipliners	p
disciplines	pt
disciplining	NtA
discissions	p
disclaimed	tA
disclaimers	p
disclaiming	NtA
disclaims	t
disclamations	p
disclimaxes	p
disclosed	tA
disclosers	p
discloses	t
disclosing	NtA
disclosures	p
discographers	p
discographies	p
discoids	p
discolorations	p
discolored	VA
discoloring	NVA
discolors	V
discombobulated	tA
discombobulates	t
discombobulating	NtA
discomfited	tA
discomfiters	p
discomfiting	NtA
discomfits	t
discomfitures	p
discomforted	tA
discomforting	NtA
discomforts	pt
discommended	tA
discommending	NtA
discommends	t
discommoded	tA
discommodes	t
discommoding	NtA
discommoned	tA
discommoning	NtA
discommons	t
discomposed	tA
discomposes	t
discomposing	NtA
discomposures	p
disconcerted	tA
disconcerting	NtA
disconcertions	p
disconcertments	p
disconcerts	t
disconnected	tA
disconnectednesses	p
disconnecters	p
disconnecting	NtA
disconnections	p
disconnects	t
disconsolatenesses	p
disconsolations	p
discontented	tA
discontentednesses	p
discontenting	NtA
discontents	pt
discontinuances	p
discontinuations	p
discontinued	VtA
discontinuers	p
discontinues	Vt
discontinuing	NVtA
discontinuousnesses	p
discophiles	p
discordances	p
discorded	ViA
discording	NViA
discords	pVi
discos	p
discotheques	p
discounted	VA
discountenanced	tA
discountenances	pt
discountenancing	NtA
discounters	p
discounting	NVA
discounts	pV
discouraged	tA
discouragements	p
discourages	t
discouraging	NtA
discoursed	VtiA
discoursers	p
discourses	pVti
discoursing	NVtiA
discourteousnesses	p
discovered	tA
discoverers	p
discovering	NtA
discovers	t
discovertures	p
discredited	tA
discrediting	NtA
discredits	pt
discreeter	A
discreetest	A
discreetnesses	p
discrepancies	p
discretenesses	p
discretions	p
discriminants	p
discriminated	VtiA
discriminates	Vti
discriminating	NVtiA
discriminations	p
discriminatorily	v
discriminators	p
discrowned	tA
discrowning	NtA
discrowns	t
discs	pV
discursions	p
discursivenesses	p
discuses	p
discussants	p
discussed	tA
discussers	p
discusses	t
discussing	NtA
discussions	p
disdained	tA
disdainfulnesses	p
disdaining	NtA
disdains	pt
diseases	p
disembarkations	p
disembarked	VA
disembarking	NVA
disembarkments	p
disembarks	V
disembarrassed	tA
disembarrasses	t
disembarrassing	NtA
disembarrassments	p
disembodied	VA
disembodies	V
disembodiments	p
disembodying	NVA
disembogued	ViA
disemboguements	p
disembogues	Vi
disemboguing	NViA
disembosomed	tA
disembosoming	NtA
disembosoms	t
disemboweled	VA
disemboweling	NVA
disembowelled	VA
disembowelling	NVA
disembowelments	p
disembowels	V
disembroiled	tA
disembroiling	NtA
disembroils	t
disenabled	tA
disenables	t
disenabling	NtA
disenchanted	tA
disenchanters	p
disenchanting	NtA
disenchantments	p
disenchants	t
disencumbered	tA
disencumbering	NtA
disencumbers	t
disendowed	tA
disendowers	p
disendowing	NtA
disendowments	p
disendows	t
disenfranchised	VA
disenfranchisements	p
disenfranchises	V
disenfranchising	NVA
disengaged	VA
disengagements	p
disengages	V
disengaging	NVA
disentailed	VA
disentailing	NVA
disentailments	p
disentails	pV
disentangled	VtA
disentanglements	p
disentangles	Vt
disentangling	NVtA
disenthralled	VtA
disenthralling	NVtA
disenthralls	t
disenthralments	p
disenthrals	V
disentitled	tA
disentitles	t
disentitling	NtA
disentombed	tA
disentombing	NtA
disentombs	t
disentranced	tA
disentrances	t
disentrancing	NtA
disentwined	VA
disentwines	V
disentwining	NVA
disequilibriums	p
disestablished	tA
disestablishes	t
disestablishing	NtA
disestablishmentarianisms	p
disestablishmentarians	p
disestablishments	p
disesteemed	tA
disesteeming	NtA
disesteems	pt
disfavored	tA
disfavorers	p
disfavoring	NtA
disfavors	pt
disfavoured	tA
disfavourers	p
disfavouring	NtA
disfavours	pt
disfeatured	tA
disfeaturements	p
disfeatures	t
disfeaturing	NtA
disfigured	tA
disfigurements	p
disfigurers	p
disfigures	t
disfiguring	NtA
disforested	tA
disforesting	NtA
disforests	t
disfranchised	tA
disfranchisements	p
disfranchises	t
disfranchising	NtA
disfrocked	VA
disfrocking	NVA
disfrocks	V
disfurnished	tA
disfurnishes	t
disfurnishing	NtA
disfurnishments	p
disgavelled	tA
disgavelling	NtA
disgavels	t
disgorged	VtA
disgorgements	p
disgorges	Vt
disgorging	NVtA
disgraced	tA
disgracefulnesses	p
disgracers	p
disgraces	pt
disgracing	NtA
disgruntled	tA
disgruntlements	p
disgruntles	t
disgruntling	NtA
disguised	VtA
disguisers	p
disguises	pVt
disguising	NVtA
disguisings	V
disgusted	tA
disgustednesses	p
disgusting	NtA
disgustingly	v
disgusts	pt
dishabilles	p
dishallowed	tA
dishallowing	NtA
dishallows	t
disharmoniously	v
disharmonised	tiA
disharmonises	ti
disharmonising	NtiA
disharmonized	tiA
disharmonizes	ti
disharmonizing	NtiA
disheartened	tA
disheartening	NtA
disheartenments	p
disheartens	t
dished	tA
dishelmed	tA
dishelming	NtA
dishelms	t
disherited	tA
disheriting	NtA
disheritors	p
disherits	t
dishes	pt
disheveled	VA
disheveling	NVA
dishevelled	VA
dishevelling	NVA
dishevelments	p
dishevels	V
dishier	A
dishiest	A
dishing	NtA
dishonorablenesses	p
dishonored	tA
dishonorers	p
dishonoring	NtA
dishonors	pt
dishonourablenesses	p
dishonourers	p
dishpans	p
dishrags	p
dishtowels	p
dishwashers	p
dishwaters	p
disillusioned	tA
disillusioning	NtA
disillusionised	tA
disillusionises	t
disillusionising	NtA
disillusionized	tA
disillusionizes	t
disillusionizing	NtA
disillusionments	p
disillusions	pt
disimprisoned	tA
disimprisoning	NtA
disimprisons	t
disincentives	p
disinclinations	p
disinclined	VA
disinclines	V
disinclining	NVA
disinfectants	p
disinfected	tA
disinfecting	NtA
disinfections	p
disinfectors	p
disinfects	t
disinfestations	p
disinfested	tA
disinfesting	NtA
disinfests	t
disinflations	p
disingenuousnesses	p
disinheritances	p
disinherited	tA
disinheriting	NtA
disinherits	t
disinhibitions	p
disinhumed	tA
disinhumes	t
disinhuming	NtA
disintegrated	ViA
disintegrates	Vi
disintegrating	NViA
disintegrations	p
disintegrators	p
disinterested	tA
disinterestednesses	p
disinteresting	NtA
disinterests	pt
disinterments	p
disinterred	VA
disinterring	NVA
disinters	V
disjected	tA
disjecting	NtA
disjections	p
disjects	t
disjoined	VA
disjoining	NVA
disjoins	V
disjointed	VtA
disjointednesses	p
disjointing	NVtA
disjoints	Vt
disjunctions	p
disjunctives	p
disjuncts	p
disjunctures	p
disjunes	p
disks	p
disliked	tA
dislikes	pt
disliking	NtA
dislimned	tA
dislimning	NtA
dislimns	t
dislocated	tA
dislocates	t
dislocating	NtA
dislocations	p
dislodged	VA
dislodgements	p
dislodges	V
dislodging	NVA
dislodgments	p
dismaler	A
dismalest	A
dismalnesses	p
dismantled	tA
dismantlements	p
dismantlers	p
dismantles	t
dismantling	NtA
dismasted	tA
dismasting	NtA
dismastments	p
dismasts	t
dismayed	tA
dismaying	NtA
dismays	pt
dismembered	tA
dismemberers	p
dismembering	NtA
dismemberments	p
dismembers	t
dismissals	p
dismissed	tA
dismisses	t
dismissing	NtA
dismissively	v
dismounted	VtA
dismounting	NVtA
dismounts	pVt
disnatured	tA
disobediences	p
disobeyed	VA
disobeyers	p
disobeying	NVA
disobeys	V
disobliged	tA
disobliges	t
disobliging	NtA
disobligingnesses	p
disoperations	p
disordered	tA
disorderednesses	p
disordering	NtA
disorderlinesses	p
disorders	pt
disorganised	tA
disorganisers	p
disorganises	t
disorganising	NtA
disorganizations	p
disorganized	tA
disorganizers	p
disorganizes	t
disorganizing	NtA
disorientated	tA
disorientates	t
disorientating	NtA
disorientations	p
disoriented	tA
disorienting	NtA
disorients	t
disowned	tA
disowning	NtA
disowns	t
disparaged	tA
disparagements	p
disparagers	p
disparages	t
disparaging	NtA
disparatenesses	p
disparates	p
disparted	tiA
disparting	NtiA
disparts	ti
dispassionatenesses	p
dispassions	p
dispatched	tA
dispatchers	p
dispatches	pt
dispatching	NtA
dispaupered	tA
dispaupering	NtA
dispaupers	t
dispelled	VA
dispellers	p
dispelling	NVA
dispels	V
dispended	tA
dispending	NtA
dispends	t
dispensabilities	p
dispensablenesses	p
dispensably	v
dispensations	p
dispensators	p
dispensed	tiA
dispensers	p
dispenses	ti
dispensing	NtiA
dispeopled	tA
dispeoples	t
dispeopling	NtA
dispersals	p
dispersants	p
dispersed	VtA
disperser	A
dispersers	p
disperses	Vt
dispersing	NVtA
dispersions	p
dispersivenesses	p
dispersoids	p
dispirited	tA
dispiritednesses	p
dispiriting	NtA
dispirits	t
displaced	tA
displacements	p
displacers	p
displaces	t
displacing	NtA
displanted	tA
displanting	NtA
displants	t
displayed	tA
displayers	p
displaying	NtA
displays	pt
displeased	VA
displeases	V
displeasing	NVA
displeasures	pt
disploded	VA
displodes	V
disploding	NVA
displumed	tA
displumes	t
displuming	NtA
disported	tiA
disporting	NtiA
disports	pti
disposabilities	p
disposablenesses	p
disposables	p
disposably	v
disposals	p
disposed	tiA
disposers	p
disposes	pti
disposing	NtiA
disposings	V
dispositions	p
dispossessed	tA
dispossesses	t
dispossessing	NtA
dispossessions	p
dispossessors	p
disposures	p
dispraised	tA
dispraisers	p
dispraises	pt
dispraising	NtA
dispreading	NtiA
dispreads	ti
disprized	tA
disprizes	t
disprizing	NtA
disproofs	p
disproportionablenesses	p
disproportionated	VA
disproportionatenesses	p
disproportionates	V
disproportionating	NVA
disproportionations	p
disproportioned	tA
disproportioning	NtA
disproportions	pt
disproved	tA
disproves	t
disproving	NtA
disputabilities	p
disputablenesses	p
disputants	p
disputations	p
disputatiousnesses	p
disputed	VtA
disputers	p
disputes	pVt
disputing	NVtA
disqualifications	p
disqualified	VA
disqualifies	V
disqualifying	NVA
disquieted	tA
disquieter	A
disquieting	NtA
disquiets	pt
disquietudes	p
disquisitions	p
disrated	tA
disrates	t
disrating	NtA
disregarded	tA
disregarders	p
disregardfulnesses	p
disregarding	NtA
disregards	pt
disrelished	tA
disrelishes	pt
disrelishing	NtA
disremembered	VA
disremembering	NVA
disremembers	V
disrepairs	p
disreputabilities	p
disreputablenesses	p
disreputes	p
disrespectabilities	p
disrespected	tA
disrespectfulnesses	p
disrespecting	NtA
disrespects	pt
disrobed	VtA
disrobers	p
disrobes	Vt
disrobing	NVtA
disrooted	tA
disrooting	NtA
disroots	t
disrupted	tA
disrupters	p
disrupting	NtA
disruptions	p
disruptors	p
disrupts	t
dissatisfactions	p
dissatisfied	VA
dissatisfies	V
dissatisfying	NVA
disseated	tA
disseating	NtA
disseats	t
dissected	VtA
dissecting	NVtA
dissections	p
dissectors	p
dissects	Vt
disseised	tA
disseises	t
disseising	NtA
disseisins	p
disseisors	p
disseized	tA
disseizees	p
disseizes	t
disseizing	NtA
disseizins	p
disseizors	p
dissemblances	p
dissembled	VtA
dissemblers	p
dissembles	Vt
dissembling	NVtA
disseminated	tA
disseminates	t
disseminating	NtA
disseminations	p
disseminators	p
disseminules	p
dissensions	p
dissented	iA
dissenters	p
dissentiences	p
dissentiencies	p
dissentients	p
dissenting	NiA
dissents	pi
dissepiments	p
dissertated	iA
dissertates	i
dissertating	NiA
dissertationists	p
dissertations	p
dissertators	p
disserted	iA
disserting	NiA
disserts	i
disserved	tA
disserves	t
disservices	p
disserving	NtA
disseverances	p
disseverations	p
dissevered	VtA
dissevering	NVtA
disseverments	p
dissevers	Vt
dissidences	p
dissidents	p
dissimilated	VA
dissimilates	V
dissimilating	NVA
dissimilations	p
dissimilitudes	p
dissimulated	VA
dissimulates	V
dissimulating	NVA
dissimulations	p
dissimulators	p
dissipated	VtiA
dissipatednesses	p
dissipaters	p
dissipates	Vti
dissipating	NVtiA
dissipations	p
dissipators	p
dissociabilities	p
dissociablenesses	p
dissociably	v
dissociated	VtA
dissociates	Vt
dissociating	NVtA
dissociations	p
dissolubilities	p
dissolublenesses	p
dissolutenesses	p
dissolutions	p
dissolvabilities	p
dissolvablenesses	p
dissolved	VtiA
dissolvents	p
dissolvers	p
dissolves	pVti
dissolving	NVtiA
dissolvings	V
dissonances	p
dissuaded	tA
dissuaders	p
dissuades	t
dissuading	NtA
dissuasions	p
dissuasivenesses	p
dissyllables	p
dissymmetries	p
distaffs	p
distained	tA
distaining	NtA
distains	t
distanced	tA
distances	pt
distancing	NtA
distantnesses	p
distasted	tA
distastefulnesses	p
distastes	pt
distasting	NtA
distelfinks	p
distemperatures	p
distempered	tA
distempering	NtA
distempers	pt
distended	VtA
distenders	p
distending	NVtA
distends	Vt
distensibilities	p
distentions	p
distillands	p
distillates	p
distillations	p
distilled	VtA
distilleries	p
distillers	p
distilling	NVtiA
distillings	ti
distills	ti
distils	Vt
distincter	A
distinctest	A
distinctions	p
distinctivenesses	p
distinctnesses	p
distinguishabilities	p
distinguished	VA
distinguishers	p
distinguishes	V
distinguishing	NVA
distorted	tA
distortednesses	p
distorters	p
distorting	NtA
distortions	p
distorts	t
distracted	tA
distractednesses	p
distracters	p
distractibilities	p
distracting	NtA
distractions	p
distracts	t
distrails	p
distrained	VA
distrainees	p
distrainers	p
distraining	NVA
distrainments	p
distrainors	p
distrains	V
distraints	p
distraughtly	v
distressed	tA
distresses	pt
distressfulnesses	p
distressing	NtA
distributed	tA
distributees	p
distributes	t
distributing	NtA
distributions	p
distributivenesses	p
distributives	p
distributors	p
distributorships	p
districted	tA
districting	NtA
districts	pt
distringases	p
distrusted	VA
distrusters	p
distrustfulnesses	p
distrusting	NVA
distrusts	pV
disturbances	p
disturbed	tA
disturbers	p
disturbing	NtA
disturbingly	v
disturbs	t
disulfates	p
disulfides	p
disulfirams	p
disulphates	p
disulphides	p
disunionisms	p
disunionists	p
disunions	p
disunited	VtA
disuniters	p
disunites	Vt
disuniting	NVtA
disuses	p
disutilities	p
disvalued	tA
disvalues	pt
disvaluing	NtA
disyllables	p
disyoked	tA
disyokes	t
disyoking	NtA
ditas	p
ditchdiggers	p
ditched	VtiA
ditchers	p
ditches	pVti
ditching	NVtiA
ditheisms	p
ditheists	p
dithered	iA
dithering	NiA
dithers	pi
dithionates	p
dithyrambs	p
ditriglyphs	p
dits	p
dittanders	p
dittoed	VA
dittoing	NVA
dittos	pV
diuretics	p
diurnals	p
divagated	VA
divagates	V
divagating	NVA
divagations	p
divalents	p
divans	p
divaricated	ViA
divaricates	Vi
divaricating	NViA
divarications	p
divaricators	p
dived	VA
diverged	ViA
divergences	p
diverges	Vi
diverging	NViA
divers	p
diversenesses	p
diversifiabilities	p
diversifications	p
diversified	VA
diversifiers	p
diversifies	V
diversifying	NVA
diversions	p
diverted	VtA
diverters	p
diverticulitises	p
divertimentos	p
diverting	NVtA
diverts	Vt
dives	pV
divested	tA
divesting	NtA
divestitures	p
divests	t
divided	VtiA
dividednesses	p
dividends	p
divides	pVti
dividing	NVtiA
dividings	V
divinations	p
divined	VtA
divinenesses	p
diviner	A
diviners	p
divines	pVt
divinest	A
diving	NVA
divining	NVtA
divinised	tA
divinises	t
divinising	NtA
divinized	tA
divinizes	t
divinizing	NtA
divisibilities	p
divisiblenesses	p
divisionisms	p
divisions	p
divisivenesses	p
divisors	p
divorced	VtA
divorcements	p
divorcers	p
divorces	pVt
divorcing	NVtA
divots	p
divs	p
divulgated	tA
divulgates	t
divulgating	NtA
divulgations	p
divulged	tA
divulgements	p
divulgences	p
divulgers	p
divulges	t
divulging	NtA
divulsed	tA
divulses	t
divulsing	NtA
divulsions	p
divvies	p
diwans	p
dixits	p
dizened	tA
dizening	NtA
dizenments	p
dizens	t
dizzied	VA
dizzies	V
dizzinesses	p
dizzying	NVA
dizzyingly	v
djebels	p
djibbahs	p
djins	p
doabs	p
doated	iA
doaters	p
doating	NiA
doats	i
dobbers	p
dobbins	p
dobies	p
doblas	p
dobras	p
dobsonflies	p
dobsons	p
docents	p
docilities	p
dockages	p
docked	VtA
dockers	p
docketed	tA
docketing	NtA
dockets	pt
docking	NVtA
docklands	p
dockmackies	p
dockmasters	p
docks	pVt
docksides	p
dockyards	p
docs	p
doctorates	p
doctored	tiA
doctoring	NtiA
doctors	pti
doctorships	p
doctrinaires	p
doctrinairisms	p
doctrinalities	p
doctrines	p
documentations	p
documented	VtA
documenting	NVtA
documents	pVt
doddered	iA
dodderers	p
doddering	NiA
dodders	pi
doddles	p
dodecagons	p
dodecaphonically	v
dodecaphonisms	p
dodecaphonists	p
dodecasyllables	p
dodged	VtiA
dodgers	p
dodges	pVti
dodgier	A
dodgiest	A
dodgily	v
dodging	NVtiA
dodoisms	p
doeks	p
doers	p
does	p
doeskins	p
doffed	tA
doffers	p
doffing	NtA
doffs	t
dogbanes	p
dogcarts	p
dogcatchers	p
dogdoms	p
dogedoms	p
doges	p
dogeships	p
dogfaces	p
dogfights	p
dogfishes	p
dogged	VtA
doggednesses	p
doggerels	p
doggers	p
dogging	NVtA
doggings	V
doggishnesses	p
doggoner	A
doggonest	A
doglegs	p
dogmaticalnesses	p
dogmatisations	p
dogmatised	tiA
dogmatisers	p
dogmatises	ti
dogmatising	NtiA
dogmatisms	p
dogmatists	p
dogmatizations	p
dogmatized	VA
dogmatizers	p
dogmatizes	V
dogmatizing	NVA
dogs	Vt
dogsbodies	p
dogshores	p
dogtrots	p
dogvanes	p
dogwatches	p
dogwoods	p
doing	NVtiA
doits	p
dojos	p
doled	tA
dolefuller	A
dolefullest	A
dolefulnesses	p
dolerites	p
doles	pt
dolesomely	v
dolichocephalies	p
dolichocephalisms	p
dolines	p
doling	NtA
dollarfishes	p
dollars	p
dollied	VA
dollies	pV
dollishnesses	p
dolloped	tA
dolloping	NtA
dollops	pt
dolls	p
dollying	NVA
dolmens	p
dolomites	p
dolomitised	tA
dolomitises	t
dolomitising	NtA
dolomitizations	p
dolomitized	tA
dolomitizes	t
dolomitizing	NtA
dolorousnesses	p
dolors	p
dolours	p
dolphins	p
dols	p
doltishnesses	p
dolts	p
domains	p
domed	tA
domes	pt
domesdays	p
domesticated	tA
domesticates	t
domesticating	NtA
domestications	p
domesticators	p
domestics	p
domiciled	VA
domiciles	pV
domiciliated	tiA
domiciliates	ti
domiciliating	NtiA
domiciliations	p
domiciling	NVA
dominances	p
dominants	p
dominated	VtA
dominates	Vt
dominating	NVtA
dominators	p
domineered	iA
domineering	NiA
domineeringnesses	p
domineers	i
dominees	p
domines	p
doming	NtA
dominies	p
dominiums	p
doms	p
donas	p
donated	VA
donates	V
donating	NVA
donations	p
donatives	p
donators	p
donees	p
dongas	p
donged	tA
donging	NtA
dongs	pt
doning	NVA
donjons	p
donnas	p
donned	VA
donning	NVA
donnishnesses	p
donnybrooks	p
donors	p
donorships	p
dons	pV
donzels	p
doodads	p
doodahs	p
doodlebugs	p
doodled	ViA
doodlers	p
doodles	pVi
doodling	NViA
dooks	p
doomed	tA
dooming	NtA
dooms	pt
doomsdays	p
doomwatchers	p
doorbells	p
doorframes	p
doorjambs	p
doorkeepers	p
doorknobs	p
doormats	p
doornails	p
doorplates	p
doorposts	p
doors	p
doorsills	p
doorsteps	p
doorstops	p
doorways	p
dooryards	p
dopants	p
dopas	p
dopattas	p
doped	tA
dopers	p
dopes	pt
dopesters	p
dopily	v
doping	NtA
dopings	V
dops	p
dormancies	p
dormers	p
dorms	p
dornicks	p
doronicums	p
dorps	p
dorrs	p
dors	p
dorsers	p
dorses	p
dorsiventralities	p
dorsolaterally	v
dorsums	p
dorters	p
dos	Vti
dosages	p
dosed	tA
doses	pt
dosimeters	p
dosimetries	p
dosing	NtA
dossals	p
dossed	iA
dosserets	p
dossers	p
dosses	pi
dosshouses	p
dossils	p
dossing	NiA
dotages	p
dotards	p
dotations	p
doted	ViA
doters	p
dotes	i
doting	NViA
dotings	i
dots	pV
dotted	VA
dotterels	p
dotters	p
dottinesses	p
dotting	NVA
dottles	p
doubled	VtiA
doubleheaders	p
doublenesses	p
doubler	A
doublers	p
doubles	pVti
doublethinks	p
doubletons	p
doubletrees	p
doublets	p
doubling	NVtiA
doublings	pV
doubloons	p
doubted	tiA
doubters	p
doubtfulnesses	p
doubting	NtiA
doubtlessly	v
doubtlessnesses	p
doubts	pti
douched	VA
douches	pV
douching	NVA
doucs	p
doughboys	p
doughfaces	p
doughinesses	p
doughnuts	p
doughs	p
doughtinesses	p
doumas	p
doups	p
douras	p
dourer	A
dourest	A
dourines	p
dournesses	p
douroucoulis	p
doused	VtA
dousers	p
douses	pVt
dousing	NVtA
douters	p
dovecotes	p
doved	VA
dovekies	p
doves	pV
dovetailed	tA
dovetailing	NtA
dovetails	pt
doving	NVA
dowagers	p
dowdier	A
dowdiest	A
dowdinesses	p
dowed	VA
dowels	p
dowered	tA
dowering	NtA
dowers	pt
dowing	NVA
dowitchers	p
downbeats	p
downcasts	p
downcomers	p
downcomes	p
downdrafts	p
downed	tiA
downers	p
downfalls	p
downgraded	tA
downgrades	pt
downgrading	NtA
downhauls	p
downheartednesses	p
downhiller	A
downhills	p
downinesses	p
downing	NtiA
downpipes	p
downpours	p
downrightnesses	p
downs	ti
downspouts	p
downstages	p
downstater	A
downstaters	p
downstates	p
downstrokes	p
downswings	p
downthrows	p
downtimes	p
downtowner	A
downtowners	p
downtowns	p
downtrends	p
downturns	p
downwardnesses	p
downwashes	p
dows	V
dowsabels	p
dowsed	ViA
dowsers	p
dowses	pVi
dowsing	NViA
doxographers	p
dozed	iA
dozers	p
dozes	pi
dozinesses	p
dozing	NiA
dozings	Vt
drabbed	VA
drabber	A
drabbest	A
drabbets	p
drabbing	NVA
drabbled	VA
drabblers	p
drabbles	V
drabbling	NVA
drabblings	ti
drabnesses	p
drabs	pV
dracaenas	p
dracones	p
draffier	A
draffiest	A
draffs	p
drafted	VtA
draftees	p
drafters	p
draftinesses	p
drafting	NVtA
drafts	pVt
draftsmanships	p
dragged	VtiA
draggers	p
draggier	A
draggiest	A
dragging	NVtiA
draggled	ViA
draggles	Vi
draggling	NViA
draglines	p
dragnets	p
dragonesses	p
dragonets	p
dragonheads	p
dragonnades	pt
dragonroots	p
dragons	p
dragooned	tA
dragooning	NtA
dragoons	pt
dragropes	p
drags	pVti
dragsters	p
drailed	iA
drailing	NiA
drails	pi
drainages	p
drainboards	p
drained	tiA
drainers	p
draining	NtiA
drains	pti
drakes	p
dramas	p
dramatised	tA
dramatisers	p
dramatises	t
dramatising	NtA
dramatists	p
dramatizations	p
dramatized	tA
dramatizers	p
dramatizes	t
dramatizing	NtA
dramaturges	p
dramaturgies	p
dramaturgists	p
drammocks	p
drams	p
dramshops	p
draped	tA
drapers	p
drapes	t
draping	NtA
draughtboards	p
draughters	p
draughtinesses	p
draughts	p
drawbacks	pV
drawbars	p
drawbores	pt
drawbridges	p
drawees	p
drawing	NVtiA
drawings	p
drawled	VA
drawlers	p
drawlier	A
drawliest	A
drawling	NVA
drawls	pV
drawplates	p
draws	pVti
drawshaves	p
drawstrings	p
drawtubes	p
drayages	p
drays	p
dreaded	tA
dreadfulnesses	p
dreading	NtA
dreadnoughts	p
dreads	pt
dreamboats	p
dreamed	VA
dreamers	p
dreamfulnesses	p
dreaminesses	p
dreaming	NVA
dreamings	V
dreamlands	p
dreamlessnesses	p
dreams	pV
dreamtimes	p
drearinesses	p
drecks	p
dredged	VtA
dredgers	p
dredges	pVt
dredging	NVtA
dredgings	Vt
dreed	VA
dreeing	NVA
drees	V
dreggier	A
dreggiest	A
drenched	tA
drenchers	p
drenches	pt
drenching	NtA
dressages	p
dressed	VtiA
dressers	p
dresses	pVti
dressinesses	p
dressing	NVtiA
dressmakers	p
dressmakings	p
dribbled	ViA
dribblers	p
dribbles	pVi
dribbling	NViA
driblets	p
dribs	p
dried	VtA
driers	p
dries	pVt
driftages	p
drifted	VA
drifters	p
drifting	NVA
driftpins	p
drifts	pV
driftwoods	p
drilled	VtA
drillers	p
drilling	NVtA
drillings	p
drillmasters	p
drills	pVt
drillstocks	p
drinkabilities	p
drinkablenesses	p
drinkables	p
drinkers	p
drinking	NVtiA
drinkings	p
drinks	pVti
drippages	p
dripped	VA
drippier	A
drippiest	A
drippily	v
dripping	NVA
drippings	p
drips	pV
dripstones	p
driveled	ViA
drivelers	p
driveling	NViA
drivelled	ViA
drivellers	p
drivelling	NViA
drivels	pVi
drivers	p
drives	pVti
driveways	p
driving	NVtiA
drizzled	tiA
drizzles	pti
drizzling	NtiA
droghers	p
drogues	p
droller	A
drollest	A
drollnesses	p
dromonds	p
droned	iA
drones	pi
droning	NiA
dronishly	v
droobs	p
drooled	ViA
drooling	NViA
drools	pVi
drooped	ViA
droopily	v
droopinesses	p
drooping	NViA
droops	pVi
droplets	p
droplights	p
dropouts	pV
dropped	VA
droppers	p
dropping	NVA
drops	V
dropsies	p
dropworts	p
drosometers	p
drosses	p
drossinesses	p
droughtinesses	p
droughts	p
drouked	tA
drouking	NtA
drouks	t
droved	VA
drovers	p
droves	pV
droving	NVA
drowned	VtA
drowners	p
drowning	NVtA
drowns	Vt
drowsed	VA
drowses	pV
drowsinesses	p
drowsing	NVA
drubbed	VA
drubbers	p
drubbing	NVA
drubbings	pV
drubs	pV
drudged	iA
drudgeries	p
drudgers	p
drudges	pi
drudging	NiA
drugged	VtA
druggets	p
drugging	NVtA
druggists	p
drugs	pVt
drugstores	p
druidisms	p
druids	p
drumbeaters	p
drumbeats	p
drumbled	iA
drumbles	i
drumbling	NiA
drumfires	p
drumfishes	p
drumheads	p
drumlins	p
drummed	VA
drummers	p
drumming	NVA
drummocks	p
drums	pV
drumsticks	p
drunkards	p
drunkennesses	p
drunker	A
drunkest	A
drunkometers	p
drunks	p
drupelets	p
drupes	p
druses	p
dryasdusts	p
drybrushes	p
dryers	pVt
drying	NVtA
drynesses	p
dryopithecines	p
drypoints	p
drysalters	p
ds	p
duads	p
dualisms	p
dualists	p
dualities	p
duals	p
dubbed	VtA
dubbing	NVtA
dubbings	p
dubbins	p
dubiousnesses	p
dubitations	p
dubonnets	p
dubs	pVt
ducatoons	p
ducats	p
duces	p
duckbills	p
duckboards	p
ducked	ViA
duckers	p
ducking	NViA
ducklings	p
duckpins	p
ducks	Vi
ducktails	p
duckweeds	p
ductilenesses	p
ductilities	p
ducts	p
ductules	p
ductworks	p
dudder	A
duddier	A
duddiest	A
dudeens	p
dudes	p
dudgeons	p
duecentos	p
dueled	ViA
dueling	NViA
duelings	V
duelists	p
duellings	V
duellos	p
duels	pVi
duenesses	p
duennas	p
duets	p
duettists	p
duffed	tA
duffels	p
duffer	A
duffers	p
duffing	NtA
duffs	pt
dugongs	p
dugouts	p
dugs	pV
duits	p
dukedoms	p
dulcianas	p
dulcifications	p
dulcified	VA
dulcifies	V
dulcifying	NVA
dulcimers	p
dulcineas	p
dulias	p
dullards	p
dulled	VA
duller	A
dullest	A
dulling	NVA
dullishly	v
dullnesses	p
dulls	V
dullsvilles	p
dulocracies	p
dulses	p
dumas	p
dumbbells	p
dumber	A
dumbest	A
dumbfounded	tA
dumbfounding	NtA
dumbfounds	t
dumbheads	p
dumbnesses	p
dumbwaiters	p
dumdums	p
dumkas	p
dummied	VA
dummies	pV
dummkopfs	p
dummying	NVA
dumortierites	p
dumpcarts	p
dumped	VtA
dumpers	p
dumpinesses	p
dumping	NVtA
dumplings	p
dumps	Vt
dunces	p
dunches	p
dunderheadednesses	p
dunderheads	p
dunders	p
dunes	p
dungarees	p
dunged	tA
dungeons	p
dunghills	p
dungier	A
dungiest	A
dunging	NtA
dungs	pt
duniewassals	p
dunites	p
duniwassals	p
dunked	VA
dunkers	p
dunking	NVA
dunks	V
dunlins	p
dunnages	p
dunnakins	p
dunned	VA
dunner	A
dunnest	A
dunnies	p
dunning	NVA
dunnites	p
dunnocks	p
duns	pV
dunted	VA
dunting	NVA
dunts	pV
duodecillions	p
duodecillionths	p
duodecimals	p
duologues	p
duomos	p
duotones	p
dupabilities	p
dupattas	p
duped	VtA
dupers	p
dupes	pt
duping	NVtA
dupions	p
duplets	p
duplexer	A
duplexers	p
duplexes	p
duplexities	p
duplicabilities	p
duplicated	VtiA
duplicately	v
duplicates	pVti
duplicating	NVtiA
duplications	p
duplicators	p
duplicatures	p
duply	v
dupondiuses	p
dupped	VA
duppies	p
dupping	NVA
dups	V
durabilities	p
durablenesses	p
duralumins	p
duramens	p
durances	p
duras	p
durations	p
duratives	p
durbars	p
dured	tiA
dures	ti
duresses	p
durians	p
during	NtiA
durmasts	p
durras	p
durums	p
durzis	p
dusked	VA
duskinesses	p
dusking	NVA
duskishly	v
duskly	v
dusks	pV
dustbins	p
dustcarts	p
dusted	tA
dusters	p
dustheaps	p
dustinesses	p
dusting	NtA
dustings	p
dustpans	p
dusts	pt
dustsheets	p
dustups	p
dutches	p
duteousnesses	p
dutiabilities	p
duumvirates	p
duvets	p
duvetyns	p
duxes	p
duykers	p
dvandvas	p
dwales	p
dwalms	p
dwarfed	VtA
dwarfing	NVtA
dwarfishnesses	p
dwarfisms	p
dwarfs	pVt
dwellers	p
dwelling	NVA
dwellings	p
dwells	pV
dwindled	VA
dwindles	V
dwindling	NVA
dwined	iA
dwines	i
dwining	NiA
dyadically	v
dyadics	p
dyads	p
dybbuks	p
dyed	VA
dyeing	NVA
dyeings	p
dyers	p
dyes	pV
dyestuffs	p
dyeweeds	p
dyewoods	p
dying	NVtA
dyingly	v
dyings	V
dyked	tA
dykes	pt
dyking	NtA
dynamisms	p
dynamists	p
dynamited	tA
dynamiters	p
dynamites	pt
dynamiting	NtA
dynamometers	p
dynamometries	p
dynamotors	p
dynasts	p
dynatrons	p
dynes	p
dynodes	p
dysarthrias	p
dyscrasias	p
dysenteries	p
dysfunctions	p
dysgraphias	p
dyskinesias	p
dyslalias	p
dyslexias	p
dysmenorrheas	p
dysmenorrhoeas	p
dyspareunias	p
dyspathies	p
dyspepsias	p
dyspeptics	p
dysphagias	p
dysphasias	p
dysphemisms	p
dysphonias	p
dysphorias	p
dysplasias	p
dyspneas	p
dyspnoeas	p
dysprosiums	p
dysrhythmias	p
dysteleologies	p
dysteleologists	p
dystonias	p
dystopias	p
dystrophies	p
dysurias	p
dytiscids	p
dziggetais	p
dzos	p
eagernesses	p
eagers	p
eagles	p
eaglets	p
eaglewoods	p
eagres	p
eanlings	p
earaches	p
earbashed	iA
earbashes	pi
earbashing	NiA
earbobs	p
eardrums	p
eared	iA
earflaps	p
earing	NiA
earings	p
earlaps	p
earldoms	p
earlier	A
earlinesses	p
earls	p
earlships	p
earmarked	tA
earmarking	NtA
earmarks	pt
earmuffs	p
earned	VtA
earners	p
earnestnesses	p
earnests	p
earning	NVtA
earns	Vt
earphones	p
earpieces	p
earplugs	p
earrings	p
ears	pi
earshots	p
earthed	tiA
earthenwares	p
earthinesses	p
earthing	NtiA
earthlights	p
earthlinesses	p
earthlings	p
earthmovers	p
earthnuts	p
earthpeas	p
earthquakes	p
earthrises	p
earths	pti
earthshakers	p
earthshakingly	v
earthshines	p
earthstars	p
earthworks	p
earthworms	p
earwaxes	p
earwigged	VA
earwigging	NVA
earwigs	pV
earwitnesses	p
eas	p
eased	VtA
easefulnesses	p
easels	p
easements	p
eases	pVt
easies	V
easinesses	p
easing	NVtA
easter	A
easterlies	p
easterlings	p
easterner	A
easterners	p
easternized	tA
easternizes	t
easternizing	NtA
eastings	p
easts	p
eastwards	p
easygoingnesses	p
eaters	p
eathly	v
eating	NVtA
eatings	p
eats	Vt
eaus	p
eavesdropped	VA
eavesdroppers	p
eavesdropping	NVA
eavesdrops	V
ebbed	iA
ebbing	NiA
ebbs	pi
ebonised	tA
ebonises	t
ebonising	NtA
ebonists	p
ebonites	p
ebonized	tA
ebonizes	t
ebonizing	NtA
ebons	p
ebulliences	p
ebullitions	p
eburnations	p
ecads	p
ecbolics	p
eccentrics	p
ecclesias	p
ecclesiasticisms	p
ecclesiastics	p
ecclesiolaters	p
ecclesiologies	p
ecclesiologists	p
ecdysiasts	p
ecdysones	p
ecesises	p
echards	p
eched	tiA
echelles	p
echeloned	VA
echeloning	NVA
echelons	pV
eches	ti
echeverias	p
echidnas	p
eching	NtiA
echinoderms	p
echinoids	p
echinuses	p
echiuroids	p
echoed	VA
echoers	p
echograms	p
echoing	NVA
echoisms	p
echolalias	p
echolocations	p
echoviruses	p
eclampsias	p
eclecticisms	p
eclectics	p
eclipsed	tA
eclipsers	p
eclipses	pt
eclipsing	NtA
eclipsises	p
ecliptics	p
eclogites	p
eclogues	p
eclosions	p
ecocides	p
ecologies	p
ecologists	p
econometrically	v
econometricians	p
econometrists	p
economised	tiA
economisers	p
economises	ti
economising	NtiA
economists	p
economized	VA
economizers	p
economizes	V
economizing	NVA
ecospheres	p
ecosystems	p
ecotones	p
ecotypes	p
ecrus	p
ectoblasts	p
ectocrines	p
ectoderms	p
ectomeres	p
ectomorphies	p
ectomorphs	p
ectoparasites	p
ectophytes	p
ectopias	p
ectopically	v
ectoplasms	p
ectoprocts	p
ectosarcs	p
ectozoans	p
ectropions	p
ectypes	p
ecumenicalisms	p
ecumenicisms	p
ecumenicists	p
ecumenicities	p
ecumenisms	p
ecumenists	p
ecus	p
eczemas	p
edaciously	v
edacities	p
eddied	VA
eddies	V
eddying	NVA
edelweisses	p
edemas	p
edentates	p
edgebones	p
edged	tA
edgers	p
edges	pt
edginesses	p
edging	NtA
edgings	p
edhs	p
edibilities	p
ediblenesses	p
edicts	p
edifications	p
edifices	p
edified	VA
edifiers	p
edifies	V
edifying	NVA
edited	tA
editing	NtA
editions	p
editorialists	p
editorializations	p
editorialized	iA
editorializers	p
editorializes	i
editorializing	NiA
editorials	p
editors	p
editorships	p
editresses	p
edits	pt
educabilities	p
educated	VA
educates	V
educating	NVA
educationalists	p
educationists	p
educations	p
educators	p
educed	tA
educes	t
educing	NtA
eductions	p
eductors	p
educts	p
edulcorated	tA
edulcorates	t
edulcorating	NtA
eelgrasses	p
eelpouts	p
eels	p
eelworms	p
eerinesses	p
effaced	tA
effacements	p
effacers	p
effaces	t
effacing	NtA
effected	tA
effecters	p
effecting	NtA
effectivenesses	p
effectivities	p
effectors	p
effects	t
effectualities	p
effectualnesses	p
effectuated	tA
effectuates	t
effectuating	NtA
effectuations	p
effed	VA
effeminacies	p
effeminatenesses	p
effeminised	tA
effeminises	t
effeminising	NtA
effeminized	tA
effeminizes	t
effeminizing	NtA
effervesced	iA
effervescences	p
effervescencies	p
effervesces	i
effervescing	NiA
effetenesses	p
efficaciousnesses	p
effing	NVA
effleurages	p
effloresced	iA
efflorescences	p
effloresces	i
efflorescing	NiA
effluences	p
effluents	p
effluxes	p
effortlessnesses	p
efforts	p
effs	V
effulged	tiA
effulgences	p
effulges	ti
effulging	NtiA
effused	ViA
effuses	Vi
effusing	NViA
effusiometers	p
effusions	p
effusivenesses	p
efs	p
efts	p
egalitarianisms	p
egalitarians	p
egested	tA
egesting	NtA
egestions	p
egests	t
eggbeaters	p
eggcups	p
egged	tA
eggers	p
eggheads	p
egging	NtA
eggnogs	p
eggplants	p
eggs	pt
eggshells	p
eglantines	p
egocentrically	v
egocentricities	p
egocentrics	p
egocentrisms	p
egoisms	p
egoists	p
egomaniacally	v
egomaniacs	p
egomanias	p
egotisms	p
egotists	p
egregiousnesses	p
egressed	ViA
egresses	pVi
egressing	NViA
egressions	p
egrets	p
eiderdowns	p
eiders	p
eidetically	v
eidolons	p
eigenvalues	p
eigenvectors	p
eightballs	p
eighteens	p
eighteenthly	v
eighteenths	p
eighths	p
eighties	p
eightieths	p
eights	p
eightvos	p
eikons	p
einkorns	p
einsteiniums	p
eirenicons	p
eisteddfods	p
ejaculated	VtA
ejaculates	pVt
ejaculating	NVtA
ejaculations	p
ejaculators	p
ejected	tiA
ejecting	NtiA
ejections	p
ejectives	p
ejectments	p
ejectors	p
ejects	ti
eked	tA
ekes	t
eking	NtA
elaborated	VtiA
elaboratenesses	p
elaborates	Vti
elaborating	NVtiA
elaborations	p
elaborators	p
elands	p
elans	p
elapids	p
elapsed	iA
elapses	i
elapsing	NiA
elastances	p
elasticated	tA
elasticates	t
elasticating	NtA
elasticities	p
elasticized	VA
elasticizes	V
elasticizing	NVA
elastics	p
elastins	p
elastomers	p
elated	tA
elatednesses	p
elaterids	p
elaterins	p
elaterites	p
elaters	p
elates	t
elating	NtA
elations	p
elatives	p
elbowed	VtA
elbowing	NVtA
elbowrooms	p
elbows	pVt
elderlinesses	p
elderly	v
elders	p
eldings	p
elds	p
elecampanes	p
elected	tA
electing	NtA
electioneered	iA
electioneerer	A
electioneerers	p
electioneering	NiA
electioneers	pi
elections	p
electivenesses	p
electorates	p
electors	p
electresses	p
electrets	p
electricians	p
electricities	p
electrics	p
electrifications	p
electrified	VA
electrifiers	p
electrifies	V
electrifying	NVA
electrobiologists	p
electrocardiograms	p
electrocardiographies	p
electrocardiographs	p
electrochemistries	p
electrochemists	p
electrocoagulations	p
electrocorticograms	p
electrocuted	tA
electrocutes	t
electrocuting	NtA
electrocutions	p
electrodeposited	tA
electrodepositing	NtA
electrodepositions	p
electrodeposits	pt
electrodes	p
electrodynamometers	p
electroencephalograms	p
electroencephalographies	p
electroencephalographs	p
electroformed	VA
electroforming	NVA
electroforms	V
electrographs	p
electrojets	p
electroliers	p
electrologists	p
electroluminescences	p
electrolysed	tA
electrolyses	t
electrolysing	NtA
electrolytes	p
electrolyzed	tA
electrolyzes	t
electrolyzing	NtA
electromagnetically	v
electromagnetisms	p
electromagnets	p
electromechanically	v
electrometallurgies	p
electrometers	p
electromotors	p
electromyograms	p
electromyographies	p
electronegativities	p
electrons	p
electrophoretically	v
electrophotographies	p
electrophysiologies	p
electrophysiologists	p
electroplated	tA
electroplater	A
electroplates	pt
electroplating	NtA
electroplatings	V
electroscopes	p
electroshocks	p
electrosurgeries	p
electrotherapies	p
electrotonically	v
electrotonuses	p
electrotyped	tA
electrotypers	p
electrotypes	pt
electrotyping	NtA
electrotypists	p
electrovalences	p
electrovalencies	p
electrowinnings	p
electrums	p
elects	t
elegances	p
elegiacs	p
elegised	tiA
elegises	ti
elegising	NtiA
elegists	p
elegits	p
elegized	VA
elegizes	V
elegizing	NVA
elementals	p
elementarinesses	p
elements	p
elevated	tA
elevates	t
elevating	NtA
elevations	p
elevators	p
elevens	p
eleventhly	v
elevenths	p
elevons	p
elfins	p
elfishnesses	p
elflocks	p
elicitations	p
elicited	tA
eliciting	NtA
elicitors	p
elicits	t
elided	VA
elides	V
eliding	NVA
eligibilities	p
eliminants	p
eliminated	tA
eliminates	t
eliminating	NtA
eliminations	p
eliminators	p
elisions	p
elites	p
elitisms	p
elitists	p
elixirs	p
elkhounds	p
elks	p
ellipsographs	p
ellipsoids	p
ellipticities	p
ells	p
elms	p
elocutionists	p
elocutions	p
eloigned	tA
eloigners	p
eloigning	NtA
eloignments	p
eloigns	t
eloiners	p
elongated	VA
elongates	V
elongating	NVA
elongations	p
eloped	iA
elopements	p
elopers	p
elopes	i
eloping	NiA
eloquences	p
eloquentnesses	p
els	p
eluants	p
eluates	p
elucidated	VA
elucidates	V
elucidating	NVA
elucidations	p
elucidators	p
eluded	tA
eluders	p
eludes	t
eluding	NtA
eluents	p
elusions	p
elusivenesses	p
eluted	tA
elutes	t
eluting	NtA
elutions	p
elutriated	tA
elutriates	t
elutriating	NtA
elutriations	p
elutriators	p
eluviated	iA
eluviates	i
eluviating	NiA
eluviations	p
eluviums	p
elvers	p
elytrons	p
emaciated	VA
emaciates	V
emaciating	NVA
emaciations	p
emanated	tiA
emanates	ti
emanating	NtiA
emanations	p
emanators	p
emancipated	tA
emancipates	t
emancipating	NtA
emancipationists	p
emancipations	p
emancipators	p
emancipists	p
emarginations	p
emasculated	VtA
emasculates	Vt
emasculating	NVtA
emasculations	p
emasculators	p
embalmed	tA
embalmers	p
embalming	NtA
embalmments	p
embalms	t
embanked	tA
embanking	NtA
embankments	p
embanks	t
embarcations	p
embargoed	VtA
embargoing	NVtA
embargos	pVt
embarkations	p
embarked	ViA
embarking	NViA
embarkments	p
embarks	Vi
embarrassed	VA
embarrasses	V
embarrassing	NVA
embarrassments	p
embarred	tA
embarring	NtA
embarrings	t
embars	t
embassages	p
embattled	tA
embattlements	p
embattles	t
embattling	NtA
embayed	tA
embaying	NtA
embayments	p
embays	t
embedded	VtA
embedding	NVtA
embeddings	p
embedments	p
embeds	Vt
embellished	tA
embellishers	p
embellishes	t
embellishing	NtA
embellishments	p
embers	p
embezzled	VA
embezzlements	p
embezzlers	p
embezzles	V
embezzling	NVA
embittered	tA
embitterers	p
embittering	NtA
embitterments	p
embitters	t
emblazed	tA
emblazers	p
emblazes	t
emblazing	NtA
emblazoned	tA
emblazoners	p
emblazoning	NtA
emblazonments	p
emblazonries	p
emblazons	t
emblematised	tA
emblematises	t
emblematising	NtA
emblematists	p
emblematized	tA
emblematizes	t
emblematizing	NtA
emblems	p
embodied	VA
embodiers	p
embodies	V
embodiments	p
embodying	NVA
emboldened	tA
emboldening	NtA
emboldens	t
embolisms	p
emboluses	p
embonpoints	p
embosked	tA
embosking	NtA
embosks	t
embosomed	tA
embosoming	NtA
embosoms	t
embossed	VA
embossers	p
embosses	V
embossing	NVA
embossments	p
embowed	tA
emboweled	VA
emboweling	NVA
embowelled	VA
embowelling	NVA
embowels	V
embowered	tA
embowering	NtA
embowers	t
embowing	NtA
embows	t
embraced	VtA
embracements	p
embraceors	p
embracers	p
embraces	pVt
embracing	NVtA
embranchments	p
embrangled	tA
embranglements	p
embrangles	t
embrangling	NtA
embrasures	p
embrittled	tiA
embrittlements	p
embrittles	ti
embrittling	NtiA
embrocated	tA
embrocates	t
embrocating	NtA
embrocations	p
embroidered	VA
embroiderers	p
embroidering	NVA
embroiders	V
embroiled	tA
embroiling	NtA
embroilments	p
embroils	t
embrued	VA
embrues	V
embruing	NVA
embruted	tiA
embrutes	ti
embruting	NtiA
embryogenies	p
embryologists	p
embryulcias	p
embussed	VA
embussing	NVA
emceed	VA
emceeing	NVA
emcees	pV
emeerates	p
emendated	tA
emendates	t
emendating	NtA
emendations	p
emendators	p
emended	tA
emending	NtA
emends	t
emeralds	p
emerged	iA
emergences	p
emergents	p
emerges	i
emerging	NiA
emeries	p
emersions	p
emes	p
emetically	v
emetics	p
emetines	p
emeus	p
emfs	p
emigrants	p
emigrated	iA
emigrates	i
emigrating	NiA
emigrations	p
eminences	p
emirates	p
emirs	p
emissions	p
emissivities	p
emits	V
emittances	p
emitted	VA
emitters	p
emitting	NVA
emmarbled	tA
emmarbles	t
emmarbling	NtA
emmenagogues	p
emmers	p
emmetropes	p
emmetropias	p
emmets	p
emollients	p
emollitions	p
emoluments	p
emoted	iA
emoters	p
emotes	i
emoting	NiA
emotionalised	tA
emotionalises	t
emotionalising	NtA
emotionalisms	p
emotionalists	p
emotionalities	p
emotionalized	tA
emotionalizes	t
emotionalizing	NtA
emotionlessly	v
emotions	p
emotivenesses	p
emotivities	p
empaled	VA
empalements	p
empalers	p
empales	V
empaling	NVA
empanadas	p
empathies	p
empathized	iA
empathizes	i
empathizing	NiA
emperors	p
emperorships	p
emphasised	tA
emphasises	pt
emphasising	NtA
emphasized	tA
emphasizes	t
emphasizing	NtA
emphatically	v
emphysemas	p
empires	p
empiricisms	p
empiricists	p
empirics	p
emplaced	tA
emplacements	p
emplaces	t
emplacing	NtA
emplaned	VA
emplanes	V
emplaning	NVA
employabilities	p
employed	tA
employees	p
employers	p
employing	NtA
employments	p
employs	pt
empoisoned	tA
empoisoning	NtA
empoisonments	p
empoisons	t
empoldered	VA
empoldering	NVA
empolders	V
empowered	tA
empowering	NtA
empowerments	p
empowers	t
empresses	p
emprises	p
emptied	VA
emptier	A
emptiers	p
empties	V
emptinesses	p
emptying	NVA
empurpled	tA
empurples	t
empurpling	NtA
empyemas	p
empyreans	p
empyreumas	p
ems	p
emulated	VA
emulates	V
emulating	NVA
emulations	p
emulators	p
emulousnesses	p
emulsifications	p
emulsified	VA
emulsifiers	p
emulsifies	V
emulsifying	NVA
emulsions	p
emulsoids	p
emus	p
enabled	tA
enablers	p
enables	t
enabling	NtA
enacted	tA
enacting	NtA
enactments	p
enactors	p
enacts	t
enameled	VtA
enamelers	p
enameling	NVtA
enamelings	V
enamelists	p
enamelled	VtA
enamellers	p
enamelling	NVtA
enamellings	V
enamellists	p
enamels	pVt
enamelwares	p
enamelworks	p
enamored	tA
enamoring	NtA
enamors	t
enamoured	tA
enamouring	NtA
enamours	t
enantiomorphisms	p
enantiomorphs	p
enargites	p
enates	p
encaged	tA
encages	t
encaging	NtA
encamped	VA
encamping	NVA
encampments	p
encamps	V
encapsulated	VtA
encapsulates	Vt
encapsulating	NVtA
encapsulations	p
encapsuled	tiA
encapsules	ti
encapsuling	NtiA
encarnalised	tA
encarnalises	t
encarnalising	NtA
encarnalized	tA
encarnalizes	t
encarnalizing	NtA
encarpuses	p
encased	tA
encasements	p
encases	t
encashed	tA
encashes	t
encashing	NtA
encasing	NtA
encaustics	p
encephalins	p
encephalograms	p
encephalographies	p
encephalographs	p
encephalons	p
encephalopathies	p
enchained	tA
enchaining	NtA
enchainments	p
enchains	t
enchanted	tA
enchanters	p
enchanting	NtA
enchantingly	v
enchantments	p
enchantresses	p
enchants	t
enchased	tA
enchasers	p
enchases	t
enchasing	NtA
enchiladas	p
encinas	p
encinctured	tA
encinctures	pt
encincturing	NtA
enciphered	tA
encipherers	p
enciphering	NtA
encipherments	p
enciphers	t
encircled	tA
encirclements	p
encircles	t
encircling	NtA
encirclings	t
enclasped	tA
enclasping	NtA
enclasps	t
enclitics	p
enclosed	tA
enclosers	p
encloses	t
enclosing	NtA
enclosures	p
encoded	tA
encodements	p
encoders	p
encodes	t
encoding	NtA
encolpions	p
encomiasts	p
encompassed	tA
encompasses	t
encompassing	NtA
encompassments	p
encored	tA
encores	pt
encoring	NtA
encountered	VtA
encountering	NVtA
encounters	pVt
encouraged	tA
encouragements	p
encouragers	p
encourages	t
encouraging	NtA
encrimsoned	tA
encrimsoning	NtA
encrimsons	t
encrinites	p
encroached	iA
encroachers	p
encroaches	i
encroaching	NiA
encroachments	p
encrustations	p
encrusted	tA
encrusting	NtA
encrusts	pt
encrypted	tA
encrypting	NtA
encryptions	p
encrypts	t
enculturated	tA
enculturates	t
enculturating	NtA
enculturations	p
encumbered	tA
encumbering	NtA
encumbers	t
encumbrancers	p
encumbrances	p
encyclicals	p
encyclopedias	p
encyclopedisms	p
encyclopedists	p
encystations	p
encysted	VA
encysting	NVA
encystments	p
encysts	V
endamaged	tA
endamages	t
endamaging	NtA
endamoebas	p
endangered	tA
endangering	NtA
endangerments	p
endangers	t
endarchies	p
endbrains	p
endeared	tA
endearing	NtA
endearments	p
endears	t
endeavored	iA
endeavorers	p
endeavoring	NiA
endeavors	pi
endeavoured	VA
endeavourers	p
endeavouring	NVA
endeavours	pV
ended	tA
endemics	p
endemisms	p
enders	p
endgames	p
ending	NtA
endings	p
endlessnesses	p
endnotes	p
endoblasts	p
endocarditises	p
endocardiums	p
endocarps	p
endocrines	p
endocrinologies	p
endocrinologists	p
endodermises	p
endoderms	p
endodontists	p
endoenzymes	p
endogamies	p
endogenies	p
endogenously	v
endogens	p
endolymphs	p
endometritises	p
endometriums	p
endomorphies	p
endomorphisms	p
endomorphs	p
endoparasites	p
endopeptidases	p
endophytes	p
endoplasms	p
endopodites	p
endorsed	tA
endorsees	p
endorsements	p
endorsers	p
endorses	t
endorsing	NtA
endorsors	p
endosarcs	p
endoscopes	p
endoscopically	v
endoscopies	p
endoskeletons	p
endosomes	p
endosperms	p
endospores	p
endosteums	p
endotoxins	p
endowed	tA
endowers	p
endowing	NtA
endowments	p
endows	t
endpapers	p
endplates	p
endplayed	tA
endplaying	NtA
endplays	pt
endpoints	p
endrins	p
ends	pt
endued	VA
endues	V
enduing	NVA
endurabilities	p
endurances	p
endured	VtiA
endurers	p
endures	Vti
enduring	NVtiA
enduringnesses	p
enemas	p
energids	p
energised	tiA
energisers	p
energises	ti
energising	NtiA
energized	VtA
energizers	p
energizes	Vt
energizing	NVtA
energumens	p
enervated	VtA
enervates	Vt
enervating	NVtA
enervations	p
enervators	p
enfaced	tA
enfacements	p
enfaces	t
enfacing	NtA
enfeebled	tA
enfeeblements	p
enfeeblers	p
enfeebles	t
enfeebling	NtA
enfeoffed	tA
enfeoffing	NtA
enfeoffments	p
enfeoffs	t
enfettered	tA
enfettering	NtA
enfetters	t
enfiladed	tA
enfilades	pt
enfilading	NtA
enflamed	tiA
enflames	ti
enflaming	NtiA
enfleurages	p
enfolded	tA
enfolders	p
enfolding	NtA
enfoldments	p
enfolds	t
enforceabilities	p
enforced	tA
enforcements	p
enforcers	p
enforces	t
enforcing	NtA
enfranchised	tA
enfranchisements	p
enfranchises	t
enfranchising	NtA
engaged	ViA
engagements	p
engagers	p
engages	Vi
engaging	NViA
engarlanded	tA
engarlanding	NtA
engarlands	t
engendered	tA
engenderers	p
engendering	NtA
engenders	t
engineered	tA
engineering	NtA
engineerings	p
engineers	pt
engines	p
engirded	tA
engirding	NtA
engirdled	tA
engirdles	t
engirdling	NtA
engirds	t
engluts	V
englutted	VA
englutting	NVA
engobes	p
engorged	tA
engorgements	p
engorges	t
engorging	NtA
engrafted	tA
engrafting	NtA
engraftments	p
engrafts	t
engrailed	tA
engrailing	NtA
engrailments	p
engrails	t
engraining	NVA
engrains	V
engrams	p
engraved	tA
engravers	p
engraves	t
engraving	NtA
engravings	p
engrossed	tA
engrossers	p
engrosses	t
engrossing	NtA
engrossments	p
engs	p
engulfed	tA
engulfing	NtA
engulfments	p
engulfs	t
enhanced	tA
enhancements	p
enhancers	p
enhances	t
enhancing	NtA
enheartened	tA
enheartening	NtA
enheartens	t
enigmatized	tA
enigmatizes	t
enigmatizing	NtA
enisled	tA
enisles	t
enisling	NtA
enjoined	tA
enjoiners	p
enjoining	NtA
enjoinments	p
enjoins	t
enjoyablenesses	p
enjoyed	tA
enjoyers	p
enjoying	NtA
enjoyments	p
enjoys	t
enkindled	tA
enkindlers	p
enkindles	t
enkindling	NtA
enlaced	tA
enlacements	p
enlaces	t
enlacing	NtA
enlarged	VtiA
enlargements	p
enlargers	p
enlarges	Vti
enlarging	NVtiA
enlightened	tA
enlighteners	p
enlightening	NtA
enlightenments	p
enlightens	t
enlisted	VtiA
enlistees	p
enlisters	p
enlisting	NVtiA
enlistments	p
enlists	Vti
enlivened	tA
enliveners	p
enlivening	NtA
enlivenments	p
enlivens	t
enmeshed	tA
enmeshes	t
enmeshing	NtA
enmeshments	p
enneads	p
enneagons	p
enneahedrons	p
ennobled	tA
ennoblements	p
ennoblers	p
ennobles	t
ennobling	NtA
ennuis	p
enologies	p
enols	p
enormousnesses	p
enosises	p
enounced	tA
enouncements	p
enounces	t
enouncing	NtA
enplaned	iA
enplanes	i
enplaning	NiA
enquired	VA
enquires	V
enquiring	NVA
enraged	tA
enragements	p
enrages	t
enraging	NtA
enraptured	tA
enraptures	t
enrapturing	NtA
enravished	tA
enravishes	t
enravishing	NtA
enregistered	tA
enregistering	NtA
enregisters	t
enriched	tA
enrichers	p
enriches	t
enriching	NtA
enrichments	p
enrobed	tA
enrobers	p
enrobes	t
enrobing	NtA
enrolled	VtiA
enrollees	p
enrollers	p
enrolling	NVtiA
enrollments	p
enrolls	ti
enrolments	p
enrols	V
enrooted	tA
enrooting	NtA
enroots	t
ens	p
ensamples	p
ensanguined	tA
ensanguines	t
ensanguining	NtA
ensconced	tA
ensconces	t
ensconcing	NtA
enscrolled	tA
enscrolling	NtA
enscrolls	t
ensembles	p
ensepulcherred	tA
ensepulcherring	NtA
ensepulchers	t
ensheathed	tA
ensheathes	t
ensheathing	NtA
enshrined	tA
enshrinements	p
enshrines	t
enshrining	NtA
enshrouded	tA
enshrouding	NtA
enshrouds	t
ensigncies	p
ensigns	p
ensignships	p
ensilages	p
ensiled	tA
ensiles	t
ensiling	NtA
enskied	tA
enskies	t
enskying	NtA
enslaved	tA
enslavements	p
enslavers	p
enslaves	t
enslaving	NtA
ensnared	tA
ensnarements	p
ensnarers	p
ensnares	t
ensnaring	NtA
ensorcellments	p
ensouled	tA
ensouling	NtA
ensouls	t
ensphered	tA
enspheres	t
ensphering	NtA
enstatites	p
ensued	VtiA
ensues	Vti
ensuing	NVtiA
ensured	tA
ensurers	p
ensures	pt
ensuring	NtA
enswathed	tA
enswathes	t
enswathing	NtA
entablatures	p
entablements	p
entailed	tA
entailers	p
entailing	NtA
entailments	p
entails	pt
entangled	tA
entanglements	p
entanglers	p
entangles	t
entangling	NtA
entered	VtiA
enterers	p
entering	NVtiA
enteritises	p
enterocolitises	p
enterogastrones	p
enterokinases	p
enterons	p
enteropneusts	p
enterotomies	p
enteroviruses	p
enterprisers	p
enterprises	p
enters	Vti
entertained	VtA
entertainers	p
entertaining	NVtA
entertainments	p
entertains	Vt
enthralled	VtA
enthralling	NVtA
enthrallments	p
enthralls	t
enthralments	p
enthrals	V
enthroned	tA
enthronements	p
enthrones	t
enthroning	NtA
enthronised	tA
enthronises	t
enthronising	NtA
enthronized	tA
enthronizes	t
enthronizing	NtA
enthused	VA
enthuses	V
enthusiasms	p
enthusiasts	p
enthusing	NVA
enthymemes	p
enticed	tA
enticements	p
entices	t
enticing	NtA
enticings	t
entirenesses	p
entires	p
entities	p
entitled	tA
entitlements	p
entitles	t
entitling	NtA
entoblasts	p
entoderms	p
entoiled	tA
entoiling	NtA
entoils	t
entombed	tA
entombing	NtA
entombments	p
entombs	t
entomologised	iA
entomologises	i
entomologising	NiA
entomologized	iA
entomologizes	i
entomologizing	NiA
entomophilies	p
entomostracans	p
entophytes	p
entourages	p
entozoans	p
entrained	VtA
entrainers	p
entraining	NVtA
entrains	Vt
entrammelled	VA
entrammelling	NVA
entrammels	V
entranced	tA
entrancements	p
entrances	pt
entranceways	p
entrancing	NtA
entrants	p
entrapments	p
entrapped	VA
entrappers	p
entrapping	NVA
entraps	V
entreated	VA
entreating	NVA
entreatments	p
entreats	V
entrenched	tiA
entrenches	ti
entrenching	NtiA
entrenchments	p
entrepreneurially	v
entrepreneurships	p
entropies	p
entrusted	tA
entrusting	NtA
entrustments	p
entrusts	t
entryways	p
entwined	VA
entwinements	p
entwines	V
entwining	NVA
entwisted	tA
entwisting	NtA
entwists	t
enucleated	VtA
enucleates	Vt
enucleating	NVtA
enucleations	p
enumerated	tA
enumerates	t
enumerating	NtA
enumerations	p
enumerators	p
enunciated	VtA
enunciates	Vt
enunciating	NVtA
enunciations	p
enunciators	p
enveloped	tA
envelopers	p
envelopes	p
enveloping	NtA
envelopments	p
envelops	t
envenomed	tA
envenoming	NtA
envenoms	t
enviablenesses	p
envied	VA
enviers	p
envies	V
enviousnesses	p
environed	tA
environing	NtA
environmentalisms	p
environmentalists	p
environments	p
environs	t
envisaged	tA
envisagements	p
envisages	t
envisaging	NtA
envisioned	tA
envisioning	NtA
envisions	t
envoys	p
envying	NVA
enwinding	NVA
enwinds	V
enwombed	tA
enwombing	NtA
enwombs	t
enwrapped	tA
enwrapping	NtA
enwrappings	t
enwraps	t
enwreathed	tA
enwreathes	t
enwreathing	NtA
enzootics	p
enzymes	p
enzymologies	p
enzymologists	p
eobionts	p
eohippuses	p
eolipiles	p
eoliths	p
eonisms	p
eons	p
eosinophilias	p
eosinophils	p
eosins	p
epacts	p
epaulets	p
epeirogenically	v
epeirogenies	p
ependymas	p
epergnes	p
ephahs	p
ephebes	p
ephedras	p
ephedrines	p
ephemeralnesses	p
ephemerals	p
ephemerids	p
ephemerons	p
ephods	p
ephorates	p
epiblasts	p
epically	v
epicanthuses	p
epicarps	p
epicenes	p
epicenisms	p
epicenters	p
epicentres	p
epicists	p
epicotyls	p
epics	p
epicureans	p
epicures	p
epicycles	p
epicycloids	p
epidemicities	p
epidemics	p
epidemiologies	p
epidemiologists	p
epidermises	p
epidiascopes	p
epidotes	p
epidurals	p
epigastriums	p
epigenesists	p
epigenists	p
epigones	p
epigonisms	p
epigrammatised	tiA
epigrammatises	ti
epigrammatising	NtiA
epigrammatisms	p
epigrammatists	p
epigrammatized	VA
epigrammatizes	V
epigrammatizing	NVA
epigrams	p
epigraphers	p
epigraphies	p
epigraphists	p
epigraphs	p
epigynies	p
epilated	tA
epilates	t
epilating	NtA
epilations	p
epilators	p
epilepsies	p
epileptics	p
epilimnions	p
epilogists	p
epilogues	p
epimeres	p
epimers	p
epinastically	v
epinasties	p
epinephrines	p
epineuriums	p
epiphanies	p
epiphenomenalisms	p
epiphenomenalists	p
epiphenomenons	p
epiphragms	p
epiphytes	p
epiploons	p
episcopalians	p
episcopalisms	p
episcopally	v
episcopates	p
episcopes	p
episcopised	tiA
episcopises	ti
episcopising	NtiA
episcopized	tiA
episcopizes	ti
episcopizing	NtiA
episodes	p
episomes	p
epispastics	p
epistemologies	p
epistemologists	p
epistles	p
epistolers	p
epistolised	tiA
epistolises	ti
epistolising	NtiA
epistolized	tiA
epistolizes	ti
epistolizing	NtiA
epistrophes	p
epistyles	p
epitaphists	p
epitaphs	p
epitaxially	v
epitaxies	p
epithelizations	p
epithetically	v
epithets	p
epitomes	p
epitomisations	p
epitomised	tA
epitomisers	p
epitomises	t
epitomising	NtA
epitomists	p
epitomizations	p
epitomized	tA
epitomizers	p
epitomizes	t
epitomizing	NtA
epitrachelions	p
epizoisms	p
epizoites	p
epizootics	p
epodes	p
eponychiums	p
eponymies	p
eponyms	p
epopees	p
eposes	p
epoxides	p
epsilons	p
epurations	p
epyllions	p
equabilities	p
equablenesses	p
equaled	VA
equaling	NVA
equalisations	p
equalised	tA
equalises	t
equalising	NtA
equalitarianisms	p
equalitarians	p
equalizations	p
equalized	tiA
equalizers	p
equalizes	ti
equalizing	NtiA
equals	pV
equanimities	p
equatabilities	p
equated	ViA
equates	Vi
equating	NViA
equations	p
equatorials	p
equators	p
equestrianisms	p
equestrians	p
equestriennes	p
equidistances	p
equilaterals	p
equilibrants	p
equilibrated	VA
equilibrates	V
equilibrating	NVA
equilibrations	p
equilibrators	p
equilibrists	p
equinities	p
equinoctially	v
equinoctials	p
equinoxes	p
equipages	p
equipments	p
equipoised	tA
equipoises	pt
equipoising	NtA
equipollences	p
equipollencies	p
equipollents	p
equiponderances	p
equiponderated	tA
equiponderates	t
equiponderating	NtA
equipotentialities	p
equippers	p
equips	V
equitablenesses	p
equitations	p
equivalences	p
equivalents	p
equivocalities	p
equivocalnesses	p
equivocated	iA
equivocates	i
equivocating	NiA
equivocations	p
equivocators	p
equivoques	p
eradiated	VA
eradiates	V
eradiating	NVA
eradiations	p
eradicated	tA
eradicates	t
eradicating	NtA
eradications	p
eradicators	p
eras	p
erasabilities	p
erased	VtA
erasers	p
erases	Vt
erasing	NVtA
erasions	p
erasures	p
erbiums	p
erected	VA
erecter	A
erectilities	p
erecting	NVA
erections	p
erectnesses	p
erectors	p
erects	V
eremites	p
eremitisms	p
erepsins	p
erethisms	p
ergastoplasms	p
ergates	p
ergatives	p
ergatocracies	p
ergocalciferols	p
ergodicities	p
ergographs	p
ergometers	p
ergonomically	v
ergonovines	p
ergosterols	p
ergotamines	p
ergotisms	p
ergots	p
ergs	p
ericas	p
erics	p
erigerons	p
eristics	p
erks	p
erlkings	p
ermines	p
ernes	p
eroded	VtA
erodes	Vt
erodibilities	p
eroding	NVtA
erodiums	p
erosionally	v
erosions	p
erosivenesses	p
erosivities	p
erotically	v
eroticisms	p
erotics	p
erotomaniacs	p
erotomanias	p
errands	p
erratas	p
erraticisms	p
erratics	p
erred	iA
errhines	p
erring	NiA
erroneousnesses	p
errors	p
errs	i
ersatzes	p
erses	p
erubescences	p
eructated	tiA
eructates	ti
eructating	NtiA
eructations	p
eructed	VA
eructing	NVA
eructs	V
eruditenesses	p
eruditions	p
erupted	ViA
erupting	NViA
eruptions	p
erupts	Vi
ervils	p
erysipelases	p
erysipeloids	p
erythemas	p
erythrisms	p
erythrites	p
erythroblasts	p
erythrocytes	p
erythromycins	p
es	p
escaladed	VA
escaladers	p
escalades	pV
escalading	NVA
escalated	VA
escalates	V
escalating	NVA
escalations	p
escalators	p
escallonias	p
escalloped	VA
escalloping	NVA
escallops	pV
escalopes	p
escapades	p
escaped	VtiA
escapees	p
escapements	p
escapers	p
escapes	pVti
escaping	NVtiA
escapisms	p
escapists	p
escapologists	p
escaroles	p
escarped	VA
escarping	NVA
escarpments	p
escarps	pV
eschalots	p
escharotics	p
eschars	p
eschatologies	p
eschatologists	p
escheatages	p
escheated	VA
escheating	NVA
escheators	p
escheats	pV
eschewals	p
eschewed	tA
eschewers	p
eschewing	NtA
eschews	t
escolars	p
escorted	VtA
escorting	NVtA
escorts	pVt
escribed	tA
escribes	t
escribing	NtA
escritoires	p
escrowed	tA
escrowing	NtA
escrows	pt
escuages	p
esculents	p
escutcheons	p
eserines	p
eskers	p
esnes	p
esotericisms	p
esoteries	p
esotropias	p
espadas	p
espadrilles	p
espagnolettes	p
espaliered	tA
espaliering	NtA
espaliers	pt
esperances	p
espials	p
espied	VA
espies	V
espionages	p
esplanades	p
espousals	p
espoused	tA
espousers	p
espouses	t
espousing	NtA
espressos	p
esprits	p
espying	NVA
esquired	tA
esquires	pt
esquiring	NtA
essayed	tA
essayers	p
essaying	NtA
essayists	p
essays	pt
essences	p
essentialisms	p
essentialists	p
essentialized	tA
essentializes	t
essentializing	NtA
essentialnesses	p
essentials	p
esses	p
essives	p
essonites	p
established	tA
establishers	p
establishes	t
establishing	NtA
establishmentarianisms	p
establishmentarians	p
establishments	p
estafettes	p
estates	p
esteemed	tA
esteeming	NtA
esteems	pt
esterases	p
esterifications	p
esterified	VA
esterifies	V
esterifying	NVA
esters	p
esthesias	p
esthesiometers	p
esthesises	p
estheticians	p
estheticisms	p
estimablenesses	p
estimated	VtA
estimates	pVt
estimating	NVtA
estimations	p
estimators	p
estivated	iA
estivates	i
estivating	NiA
estivations	p
estoiles	p
estoppages	p
estopped	VA
estoppels	p
estopping	NVA
estops	V
estrades	p
estradiols	p
estragons	p
estranged	tA
estrangements	p
estrangers	p
estranges	t
estranging	NtA
estrays	p
estreated	tA
estreating	NtA
estreats	pt
estrins	p
estriols	p
estrogens	p
estrones	p
estruses	p
esuriences	p
esuriencies	p
etaerios	p
etalons	p
etamines	p
etas	p
etchants	p
etched	tA
etchers	p
etches	t
etching	NtA
etchings	p
eternalised	tA
eternalises	t
eternalising	NtA
eternalities	p
eternalized	tA
eternalizes	t
eternalizing	NtA
eternalnesses	p
eternisations	p
eternised	tA
eternises	t
eternising	NtA
eternizations	p
eternized	tA
eternizes	t
eternizing	NtA
ethanes	p
ethanols	p
ethenes	p
etherealisations	p
etherealised	tA
etherealises	t
etherealising	NtA
etherealities	p
etherealizations	p
etherealized	tA
etherealizes	t
etherealizing	NtA
etherealnesses	p
etherifications	p
etherified	VA
etherifies	V
etherifying	NVA
etherizations	p
etherized	tA
etherizers	p
etherizes	t
etherizing	NtA
ethers	p
ethicalities	p
ethicalnesses	p
ethicians	p
ethicized	tA
ethicizes	t
ethicizing	NtA
ethics	p
ethmoids	p
ethnicities	p
ethnobotanies	p
ethnocentricities	p
ethnocentrisms	p
ethnographers	p
ethnographies	p
ethnohistorians	p
ethnohistories	p
ethnolinguists	p
ethnologies	p
ethnologists	p
ethnomusicologies	p
ethnomusicologists	p
ethnoses	p
ethologies	p
ethologists	p
ethoses	p
eths	p
ethylated	VA
ethylates	pV
ethylating	NVA
ethylations	p
ethylbenzenes	p
ethylenes	p
ethyls	p
ethynes	p
etiolated	VA
etiolates	V
etiolating	NVA
etiologists	p
etiquettes	p
etnas	p
etymologised	tiA
etymologises	ti
etymologising	NtiA
etymologists	p
etymologized	VA
etymologizes	V
etymologizing	NVA
eucaines	p
eucalyptols	p
eucalyptuses	p
eucharises	p
euchologions	p
euchred	tA
euchres	pt
euchring	NtA
euchromatins	p
euclases	p
eucrites	p
eudaemonists	p
eudemonisms	p
eudemonists	p
eudemons	p
eudiometers	p
eudiometries	p
eugenicists	p
eugenols	p
euglenas	p
euhemerised	tiA
euhemerises	ti
euhemerising	NtiA
euhemerisms	p
euhemerists	p
euhemerized	VA
euhemerizes	V
euhemerizing	NVA
eulachons	p
eulogias	p
eulogised	tA
eulogisers	p
eulogises	t
eulogising	NtA
eulogists	p
eulogized	VA
eulogizers	p
eulogizes	V
eulogizing	NVA
eumelanins	p
eunuchised	tA
eunuchises	t
eunuchising	NtA
eunuchisms	p
eunuchized	tA
eunuchizes	t
eunuchizing	NtA
eunuchoids	p
euonymuses	p
eupatrids	p
eupepsias	p
eupeptically	v
euphausiids	p
euphemised	tiA
euphemisers	p
euphemises	ti
euphemising	NtiA
euphemisms	p
euphemists	p
euphemized	VA
euphemizers	p
euphemizes	V
euphemizing	NVA
euphoniousnesses	p
euphonised	tA
euphonises	t
euphonising	NtA
euphoniums	p
euphonized	VA
euphonizes	V
euphonizing	NVA
euphorbias	p
euphoriants	p
euphorias	p
euphorically	v
euphroes	p
euphuisms	p
euphuists	p
euploids	p
eupneas	p
eupnoeas	p
eurhythmies	p
euripuses	p
europiums	p
eurypterids	p
eurythmies	p
eurytopicities	p
eutaxies	p
eutectics	p
euthanasias	p
euthenists	p
eutherians	p
eutrophications	p
eutrophies	p
euxenites	p
evacuants	p
evacuated	VtA
evacuates	Vt
evacuating	NVtA
evacuations	p
evacuators	p
evacuees	p
evaded	VA
evaders	p
evades	V
evading	NVA
evaginated	tA
evaginates	t
evaginating	NtA
evaginations	p
evaluated	tA
evaluates	t
evaluating	NtA
evaluations	p
evaluators	p
evanesced	iA
evanescences	p
evanesces	i
evanescing	NiA
evangelicalisms	p
evangelicals	p
evangelisations	p
evangelised	tiA
evangelisers	p
evangelises	ti
evangelising	NtiA
evangelisms	p
evangelists	p
evangelizations	p
evangelized	ViA
evangelizers	p
evangelizes	Vi
evangelizing	NViA
evangels	p
evanished	VA
evanishes	V
evanishing	NVA
evaporabilities	p
evaporated	VA
evaporates	pV
evaporating	NVA
evaporations	p
evaporators	p
evaporimeters	p
evaporites	p
evapotranspirations	p
evasions	p
evasivenesses	p
evections	p
evener	A
eveners	p
evenest	A
evenfalls	p
evenings	p
evennesses	p
evens	p
evensongs	p
eventfulnesses	p
eventides	p
eventrations	p
events	p
eventuated	iA
eventuates	i
eventuating	NiA
everglades	p
evergreens	p
everlastingnesses	p
everlastings	p
eversions	p
everted	tA
everting	NtA
evertors	p
everts	t
everydaynesses	p
eves	p
evicted	tA
evictees	p
evicting	NtA
evictions	p
evictors	p
evicts	t
evidenced	tA
evidences	pt
evidencing	NtA
evildoers	p
evildoings	p
eviler	A
evilest	A
eviller	A
evillest	A
evilnesses	p
evils	p
evinced	tA
evinces	t
evincibly	v
evincing	NtA
eviscerated	tiA
eviscerates	ti
eviscerating	NtiA
eviscerations	p
eviscerators	p
evited	tA
evites	t
eviting	NtA
evocations	p
evocativenesses	p
evocators	p
evoked	tA
evokers	p
evokes	t
evoking	NtA
evolutes	p
evolutionisms	p
evolutionists	p
evolutions	p
evolved	VtA
evolvements	p
evolvers	p
evolves	Vt
evolving	NVtA
evonymuses	p
evulsions	p
evzones	p
ewers	p
ewes	p
exacerbated	tA
exacerbates	t
exacerbating	NtA
exacerbations	p
exacted	tA
exacter	A
exacters	p
exactest	A
exacting	NtA
exactingnesses	p
exactions	p
exactitudes	p
exactnesses	p
exactors	p
exacts	t
exaggerated	VtA
exaggerates	Vt
exaggerating	NVtA
exaggerations	p
exaggerators	p
exaltations	p
exalted	tA
exaltednesses	p
exalters	p
exalting	NtA
exalts	t
examens	p
examinants	p
examinations	p
examined	tA
examinees	p
examiners	p
examines	t
examining	NtA
exampled	tA
examples	pt
exampling	NtA
exams	p
exanthemas	p
exanthems	p
exarchates	p
exasperated	tA
exasperater	A
exasperaters	p
exasperates	t
exasperating	NtA
exasperations	p
excavated	VA
excavates	V
excavating	NVA
excavations	p
excavators	p
exceeded	VtA
exceeders	p
exceeding	NVtA
exceeds	Vt
excelled	ViA
excellences	p
excelling	NViA
excels	Vi
excelsiors	p
excepted	tiA
excepting	NtiA
exceptionalities	p
exceptionalnesses	p
exceptions	p
excepts	ti
excerpted	VtA
excerpters	p
excerpting	NVtA
excerptions	p
excerptors	p
excerpts	pVt
excesses	p
excessivenesses	p
exchangeabilities	p
exchanged	tA
exchangers	p
exchanges	pt
exchanging	NtA
exchequers	p
excided	tA
excides	t
exciding	NtA
excipients	p
exciples	p
excised	VtA
excises	pVt
excising	NVtA
excisions	p
excitabilities	p
excitablenesses	p
excitants	p
excitations	p
excited	tA
excitednesses	p
excitements	p
exciters	p
excites	t
exciting	NtA
excitons	p
excitors	p
exclaimed	VA
exclaimers	p
exclaiming	NVA
exclaims	V
exclamations	p
exclaustrations	p
exclaves	p
exclosures	p
excludabilities	p
excluded	tA
excluders	p
excludes	t
excluding	NtA
exclusionisms	p
exclusionists	p
exclusions	p
exclusivenesses	p
exclusives	p
exclusivisms	p
exclusivists	p
exclusivities	p
excogitated	tA
excogitates	t
excogitating	NtA
excogitations	p
excommunicated	VtA
excommunicates	pVt
excommunicating	NVtA
excommunications	p
excommunicators	p
excoriated	tA
excoriates	t
excoriating	NtA
excoriations	p
excorticated	tA
excorticates	t
excorticating	NtA
excrements	p
excrescences	p
excrescencies	p
excreted	VA
excreters	p
excretes	V
excreting	NVA
excretions	p
excruciated	tA
excruciates	t
excruciating	NtA
excruciations	p
exculpated	tA
exculpates	t
exculpating	NtA
exculpations	p
excursionists	p
excursions	p
excursivenesses	p
excusablenesses	p
excusals	p
excused	VtA
excusers	p
excuses	pVt
excusing	NVtA
exeats	p
execrablenesses	p
execrated	tA
execrates	t
execrating	NtA
execrations	p
execrators	p
execs	p
executants	p
executed	tA
executers	p
executes	t
executing	NtA
executioners	p
executions	p
executives	p
executors	p
executorships	p
exedras	p
exegetes	p
exemplarinesses	p
exemplarities	p
exemplars	p
exemplifications	p
exemplified	VA
exemplifiers	p
exemplifies	V
exemplifying	NVA
exempted	tA
exempting	NtA
exemptions	p
exempts	pt
exenterated	VtA
exenterates	Vt
exenterating	NVtA
exenterations	p
exequaturs	p
exercised	ViA
exercisers	p
exercises	pVi
exercising	NViA
exercitations	p
exergues	p
exerted	tA
exerting	NtA
exertions	p
exerts	t
exes	p
exfoliated	ViA
exfoliates	Vi
exfoliating	NViA
exfoliations	p
exhalants	p
exhalations	p
exhaled	VA
exhales	V
exhaling	NVA
exhausted	ViA
exhausters	p
exhaustibilities	p
exhausting	NViA
exhaustions	p
exhaustivenesses	p
exhaustlessnesses	p
exhausts	pVi
exhibited	VA
exhibiting	NVA
exhibitioners	p
exhibitionisms	p
exhibitionistically	v
exhibitionists	p
exhibitions	p
exhibitors	p
exhibits	pV
exhilarants	p
exhilarated	tA
exhilarates	t
exhilarating	NtA
exhilarations	p
exhilarators	p
exhortations	p
exhorted	VA
exhorters	p
exhorting	NVA
exhorts	V
exhumations	p
exhumed	tA
exhumers	p
exhumes	t
exhuming	NtA
exiguities	p
exiguousnesses	p
exiled	VA
exilers	p
exiles	pV
exiling	NVA
exines	p
existed	iA
existences	p
existentialisms	p
existentialists	p
existents	p
existing	NiA
exists	i
exited	iA
exiting	NiA
exits	pi
exobiologies	p
exobiologists	p
exocarps	p
exocrines	p
exodermises	p
exoderms	p
exodontists	p
exoduses	p
exoenzymes	p
exogamies	p
exogens	p
exonerated	tA
exonerates	t
exonerating	NtA
exonerations	p
exonerators	p
exons	p
exonyms	p
exopeptidases	p
exophthalmoses	p
exoplasms	p
exopodites	p
exorbitances	p
exorcised	tA
exorcisers	p
exorcises	t
exorcising	NtA
exorcisms	p
exorcists	p
exorcized	tA
exorcizers	p
exorcizes	t
exorcizing	NtA
exoskeletons	p
exospheres	p
exospores	p
exothermicities	p
exoticisms	p
exoticnesses	p
exotics	p
exotoxins	p
exotropias	p
expandabilities	p
expanded	ViA
expanders	p
expanding	NViA
expands	Vi
expanses	p
expansibilities	p
expansibly	v
expansionisms	p
expansionists	p
expansions	p
expansivities	p
expatiated	iA
expatiates	i
expatiating	NiA
expatiations	p
expatiators	p
expatriated	VtA
expatriates	pVt
expatriating	NVtA
expatriations	p
expectants	p
expectations	p
expected	tA
expecters	p
expecting	NtA
expectorants	p
expectorated	VA
expectorates	V
expectorating	NVA
expectorations	p
expectorators	p
expects	t
expedientially	v
expedients	p
expeditated	tA
expeditates	t
expeditating	NtA
expeditations	p
expedited	tA
expeditely	v
expediter	A
expediters	p
expedites	t
expediting	NtA
expeditions	p
expeditiousnesses	p
expellants	p
expelled	VA
expellees	p
expelling	NVA
expels	V
expendabilities	p
expendables	p
expended	tA
expenders	p
expending	NtA
expenditures	p
expends	t
expensed	tA
expenses	pt
expensing	NtA
expensivenesses	p
experienced	tA
experiencers	p
experiences	pt
experiencing	NtA
experimentalisms	p
experimentalists	p
experimentalized	iA
experimentalizes	i
experimentalizing	NiA
experimentations	p
experimented	ViA
experimenters	p
experimenting	NViA
experiments	pVi
expertises	p
expertisms	p
expertized	VA
expertizes	V
expertizing	NVA
expertnesses	p
experts	p
expiated	tA
expiates	t
expiating	NtA
expiations	p
expiators	p
expirations	p
expired	iA
expirers	p
expires	i
expiring	NiA
explained	VtA
explainers	p
explaining	NVtA
explains	Vt
explanations	p
explantations	p
explanted	VA
explanting	NVA
explants	pV
expletives	p
explicably	v
explicated	tA
explicates	t
explicating	NtA
explications	p
explicators	p
explicitnesses	p
exploded	VtiA
exploders	p
explodes	Vti
exploding	NVtiA
exploitations	p
exploitatively	v
exploited	VtA
exploiters	pt
exploiting	NVtA
exploitively	v
exploits	pVt
explorations	p
explored	tA
explorers	p
explores	t
exploring	NtA
explosions	p
explosivenesses	p
explosives	p
exponentials	p
exponents	p
exportations	p
exported	VtA
exporters	p
exporting	NVtA
exports	pVt
expos	p
exposals	p
exposed	tA
exposednesses	p
exposers	p
exposes	pt
exposing	NtA
expositions	p
expositors	p
expostulated	iA
expostulates	i
expostulating	NiA
expostulations	p
expostulators	p
exposures	p
expounded	VA
expounders	p
expounding	NVA
expounds	V
expressages	p
expressed	tA
expresser	A
expressers	p
expresses	pt
expressing	NtA
expressionisms	p
expressions	p
expressivenesses	p
expressivities	p
expressos	p
expressways	p
expropriated	tA
expropriates	t
expropriating	NtA
expropriations	p
expropriators	p
expulsions	p
expunctions	p
expunged	tA
expungers	p
expunges	t
expunging	NtA
expurgated	tA
expurgates	t
expurgating	NtA
expurgations	p
expurgators	p
exquisitenesses	p
exquisites	p
exsanguinated	tA
exsanguinates	t
exsanguinating	NtA
exsanguinations	p
exscinded	tA
exscinding	NtA
exscinds	t
exsecants	p
exsected	tA
exsecting	NtA
exsections	p
exsects	t
exserted	tA
exserting	NtA
exsertions	p
exserts	t
exsiccated	VA
exsiccates	V
exsiccating	NVA
exsiccations	p
exsiccators	p
exsolutions	p
extemporaneities	p
extemporaneousnesses	p
extemporarinesses	p
extemporisations	p
extemporised	tiA
extemporisers	p
extemporises	ti
extemporising	NtiA
extemporizations	p
extemporized	VA
extemporizers	p
extemporizes	V
extemporizing	NVA
extendabilities	p
extended	VtiA
extendednesses	p
extenders	p
extendibilities	p
extending	NVtiA
extends	Vti
extensibilities	p
extensimeters	p
extensionalities	p
extensions	p
extensities	p
extensivenesses	p
extensometers	p
extensors	p
extents	p
extenuated	tA
extenuates	t
extenuating	NtA
extenuations	p
extenuators	p
exteriorisations	p
exteriorised	tA
exteriorises	t
exteriorising	NtA
exteriorizations	p
exteriorized	tA
exteriorizes	t
exteriorizing	NtA
exteriors	p
exterminated	tA
exterminates	t
exterminating	NtA
exterminations	p
exterminators	p
extermined	tA
extermines	t
extermining	NtA
externalisations	p
externalised	tA
externalises	t
externalising	NtA
externalisms	p
externalists	p
externalizations	p
externalized	tA
externalizes	t
externalizing	NtA
externals	p
externs	p
exteroceptors	p
exterritorialities	p
extinctions	p
extines	p
extinguishants	p
extinguished	tA
extinguishers	p
extinguishes	t
extinguishing	NtA
extinguishments	p
extirpated	tA
extirpates	t
extirpating	NtA
extirpations	p
extirpators	p
extolled	VA
extollers	p
extolling	NVA
extollments	p
extolments	p
extols	V
extorted	tA
extorters	p
extorting	NtA
extortioners	p
extortions	p
extorts	t
extracorporeally	v
extractabilities	p
extractants	p
extracted	VtA
extracting	NVtA
extractively	v
extractives	p
extractors	p
extracts	pVt
extradited	tA
extradites	t
extraditing	NtA
extraditions	p
extradoses	p
extraneousnesses	p
extraordinarinesses	p
extrapolated	VA
extrapolates	V
extrapolating	NVA
extrapolations	p
extrapolators	p
extras	p
extrasystoles	p
extraterritorialities	p
extravagances	p
extravagantnesses	p
extravaganzas	p
extravagated	iA
extravagates	i
extravagating	NiA
extravasated	VA
extravasates	pV
extravasating	NVA
extravasations	p
extremenesses	p
extremes	p
extremisms	p
extremists	p
extricated	tA
extricates	t
extricating	NtA
extrications	p
extroversions	p
extroverts	p
extruded	tA
extruders	p
extrudes	t
extruding	NtA
extrusions	p
exuberances	p
exuberated	iA
exuberates	i
exuberating	NiA
exudates	p
exudations	p
exuded	VtA
exudes	Vt
exuding	NVtA
exultations	p
exulted	iA
exulting	NiA
exults	i
exurbanites	p
exurbias	p
exurbs	p
exuviated	VA
exuviates	V
exuviating	NVA
exuviations	p
eyalets	p
eyases	p
eyeballs	p
eyebars	p
eyebeams	p
eyebolts	p
eyebrights	p
eyebrows	p
eyecups	p
eyed	VtA
eyedroppers	p
eyeholes	p
eyehooks	p
eyeing	NVtA
eyelashes	p
eyeleted	tA
eyeleteers	p
eyeleting	NtA
eyelets	pt
eyelids	p
eyeliners	p
eyeopeners	p
eyepieces	p
eyers	p
eyes	Vt
eyeshades	p
eyeshots	p
eyesights	p
eyesores	p
eyespots	p
eyestalks	p
eyestones	p
eyestrains	p
eyewashes	p
eyewaters	p
eyewinks	p
eyewitnesses	p
eyots	p
eyras	p
eyres	p
fabled	VtiA
fablers	p
fables	pVti
fabling	NVtiA
fablings	V
fabricants	p
fabricated	tA
fabricates	t
fabricating	NtA
fabrications	p
fabricators	p
fabrics	p
fabulists	p
fabulousnesses	p
faburdens	p
facades	p
faced	VtA
faceplates	p
facers	p
faces	pVt
faceted	VA
faceting	NVA
facetiousnesses	p
facets	pV
facials	p
faciends	p
facilenesses	p
facilitated	tA
facilitates	t
facilitating	NtA
facilitations	p
facilitators	p
facing	NVtA
facings	p
facsimiled	VA
facsimileing	NVA
facsimiles	pV
facsimiling	NVA
factionalisms	p
factionalists	p
factionally	v
factions	p
factiousnesses	p
factitiousnesses	p
factorabilities	p
factorages	p
factored	iA
factorials	p
factoring	NiA
factorizations	p
factorized	tA
factorizes	t
factorizing	NtA
factors	pi
factorships	p
factotums	p
facts	p
factualisms	p
factualists	p
factualities	p
factualnesses	p
factures	p
faculas	p
faddishly	v
faddishnesses	p
faddisms	p
faddists	p
faded	ViA
fadednesses	p
faders	p
fades	pVi
fadged	iA
fadges	i
fadging	NiA
fading	NViA
fadings	p
fados	p
fads	p
faenas	p
faeries	p
faffed	iA
faffing	NiA
faffs	i
fagged	VA
fagging	NVA
faggings	V
faggoted	tA
faggoting	NtA
faggots	pt
fagoted	tA
fagoters	p
fagoting	NtA
fagotings	p
fagots	pt
fags	pV
fahlbands	p
failed	VtiA
failing	NVtiA
failings	p
failles	p
fails	pVti
failures	p
fainer	A
fainest	A
fainly	v
fainted	iA
fainter	A
fainters	p
faintest	A
faintheartednesses	p
fainting	NiA
faintishnesses	p
faintnesses	p
faints	i
faired	iA
fairer	A
fairest	A
fairgrounds	p
fairies	p
fairing	NiA
fairings	p
fairishly	v
fairleads	p
fairnesses	p
fairs	pi
fairways	p
fairyisms	p
fairylands	p
faithfulnesses	p
faithfuls	p
faithlessnesses	p
faiths	p
faitours	p
faked	tA
fakeers	p
faker	A
fakers	p
fakes	pt
faking	NtA
fakirs	p
falbalas	p
falchions	p
falconers	p
falconets	p
falconries	p
falcons	p
falderals	p
faldstools	p
fallaciousnesses	p
fallaleries	p
fallals	p
fallers	p
fallibilists	p
fallibilities	p
falliblenesses	p
falling	NVtA
fallings	V
fallouts	pV
fallowed	tA
fallowing	NtA
fallownesses	p
fallows	pt
falls	pVt
falsehoods	p
falsenesses	p
falseworks	p
falsifiabilities	p
falsifications	p
falsified	VtA
falsifiers	p
falsifies	Vt
falsifying	NVtA
faltboats	p
faltered	iA
falterers	p
faltering	NiA
falters	pi
famed	tA
fames	pt
familiarisations	p
familiarised	tiA
familiarisers	p
familiarises	ti
familiarising	NtiA
familiarizations	p
familiarized	tA
familiarizers	p
familiarizes	t
familiarizing	NtA
familiarnesses	p
familiars	p
familisms	p
familists	p
famines	p
faming	NtA
famished	VA
famishes	V
famishing	NVA
famousnesses	p
famuluses	p
fanaticalnesses	p
fanaticised	tiA
fanaticises	ti
fanaticising	NtiA
fanaticisms	p
fanaticized	VA
fanaticizes	V
fanaticizing	NVA
fanatics	p
fancied	tA
fancier	A
fanciers	p
fancies	t
fanciest	A
fancifulnesses	p
fancily	v
fancinesses	p
fancying	NtA
fancyworks	p
fandangles	p
fanes	p
fanfares	p
fanfaronades	p
fanfarons	p
fanfolds	p
fangos	p
fangs	p
fanions	p
fanjets	p
fankled	tA
fankles	t
fankling	NtA
fanlights	p
fanned	VA
fanners	p
fanning	NVA
fannings	V
fanons	p
fans	pV
fantails	p
fantasias	p
fantasied	VA
fantasies	V
fantasists	p
fantasized	ViA
fantasizes	Vi
fantasizing	NViA
fantasms	p
fantasticalities	p
fantasticalnesses	p
fantastics	p
fantasts	p
fantasying	NVA
fantods	p
fantoms	p
fanworts	p
faqirs	p
faradays	p
faradisations	p
faradised	tA
faradisers	p
faradises	t
faradising	NtA
faradisms	p
faradizations	p
faradized	tA
faradizers	p
faradizes	t
faradizing	NtA
farads	p
farced	tA
farces	pt
farcicalities	p
farcicalnesses	p
farcing	NtA
farcings	V
fardels	p
fards	p
fared	iA
farer	A
farers	p
fares	pi
farewelled	tA
farewelling	NtA
farewells	pt
farfels	p
farfetchednesses	p
farinas	p
faring	NiA
farls	p
farmed	tiA
farmerettes	p
farmers	p
farming	NtiA
farmings	p
farmlands	p
farms	pti
farmsteads	p
farmyards	p
farnesols	p
farnesses	p
faros	p
farriers	p
farrowed	VA
farrowing	NVA
farrows	pV
farsightednesses	p
farted	iA
farthingales	p
farthings	p
farting	NiA
fartleks	p
farts	pi
fascias	p
fasciations	p
fascicles	p
fascicularly	v
fasciculations	p
fascicules	p
fascinated	VA
fascinates	V
fascinating	NVA
fascinations	p
fascinators	p
fascines	p
fascisms	p
fascists	p
fashed	VA
fashes	pV
fashing	NVA
fashionabilities	p
fashionablenesses	p
fashioned	tA
fashioners	p
fashioning	NtA
fashionmongers	p
fashions	pt
fastbacks	p
fasted	iA
fastened	VtiA
fasteners	p
fastening	NVtiA
fastenings	p
fastens	Vti
faster	A
fastest	A
fastidiousnesses	p
fasting	NiA
fastly	v
fastnesses	p
fasts	pi
fatalisms	p
fatalists	p
fatalnesses	p
fatbacks	p
fated	tA
fatefulnesses	p
fates	pt
fatheads	p
fathered	tA
fatherhoods	p
fathering	NtA
fatherlands	p
fatherlinesses	p
fathers	pt
fathomed	tA
fathomers	p
fathoming	NtA
fathomlessnesses	p
fathoms	t
fatigabilities	p
fatigablenesses	p
fatigued	VA
fatigues	pV
fatiguing	NVA
fating	NtA
fatlings	p
fatnesses	p
fats	p
fattened	VtA
fatteners	p
fattening	NVtA
fattens	Vt
fatties	p
fattinesses	p
fatuousnesses	p
fatwas	p
faucets	p
faulds	p
faulted	VtiA
faultfinders	p
faultfindings	p
faultinesses	p
faulting	NVtiA
faultlessnesses	p
faults	pVti
fauns	p
fauxbourdons	p
favellas	p
favisms	p
favorablenesses	p
favored	tA
favorednesses	p
favorers	p
favoring	NtA
favorites	p
favoritisms	p
favors	pt
favourablenesses	p
favoured	tA
favourednesses	p
favourers	p
favouring	NtA
favourites	p
favouritisms	p
favours	t
fawned	tiA
fawners	p
fawning	NtiA
fawns	pti
fayalites	p
fayed	VA
fayer	A
fayest	A
faying	NVA
fays	pV
fazed	tA
fazes	t
fazing	NtA
feared	VtiA
fearfuller	A
fearfullest	A
fearfulnesses	p
fearing	NVtiA
fearlessnesses	p
fears	pVti
fearsomenesses	p
feasances	p
feasibilities	p
feasiblenesses	p
feasted	tiA
feasters	p
feasting	NtiA
feasts	pti
feater	A
featest	A
featherbeddings	p
featherbrains	p
feathercuts	p
feathered	tiA
featheredges	p
featherheads	p
featherier	A
featheriest	A
featherinesses	p
feathering	NtiA
featherings	p
feathers	ti
featherstitched	VA
featherstitches	pV
featherstitching	NVA
featherweights	p
feats	p
featured	tiA
features	pti
featurettes	p
featuring	NtiA
febricities	p
febriculas	p
febrifuges	p
febrilities	p
fecklessnesses	p
fecks	p
feculences	p
fecundated	tA
fecundates	t
fecundating	NtA
fecundations	p
fecundities	p
federaleses	p
federalisations	p
federalised	tA
federalises	t
federalising	NtA
federalisms	p
federalists	p
federalizations	p
federalized	tA
federalizes	t
federalizing	NtA
federals	p
federated	VA
federates	V
federating	NVA
federations	p
fedoras	p
feds	pV
feeblenesses	p
feed	VA
feedbacks	pV
feedbags	p
feedboxes	p
feeders	p
feeding	NViA
feedings	pV
feedlots	p
feeds	pVi
feedstuffs	p
feeing	NVA
feelers	p
feeling	NVtiA
feelingnesses	p
feelings	p
feels	pVti
fees	pV
feezed	tA
feezes	pt
feezing	NtA
feigned	VtA
feigners	p
feigning	NVtA
feigns	Vt
feinted	iA
feinting	NiA
feints	i
feistier	A
feistiest	A
feistily	v
feists	p
feldshers	p
feldspars	p
feldspathoids	p
felicitated	VA
felicitates	V
felicitating	NVA
felicitations	p
felicitators	p
felicitousnesses	p
felids	p
felinenesses	p
felines	p
felinities	p
fellahs	p
fellatios	p
felled	VtA
feller	A
fellers	p
fellest	A
felling	NVtA
fellmongeries	p
fellmongerings	p
fellmongers	p
fellnesses	p
felloes	p
fellowed	tA
fellowing	NtA
fellows	pt
fellowships	p
fells	pVt
feloniousnesses	p
felonries	p
felons	p
felsites	p
felted	VtiA
felting	NVtiA
feltings	p
felts	pVti
feluccas	p
felworts	p
femalenesses	p
females	p
femes	p
femininenesses	p
femininities	p
feminisations	p
feminised	tiA
feminises	ti
feminising	NtiA
feminisms	p
feminists	p
feminizations	p
feminized	VA
feminizes	V
feminizing	NVA
fems	p
femurs	p
fenagled	tiA
fenagles	ti
fenagling	NtiA
fenced	tiA
fencers	p
fences	pti
fencibles	p
fencing	NtiA
fencings	p
fended	tiA
fenders	p
fending	NtiA
fends	pti
fenestellas	p
fenestras	p
fenestrations	p
fenlands	p
fennecs	p
fennels	p
fennier	A
fenniest	A
fens	p
fenugreeks	p
feods	p
feoffed	tA
feoffees	p
feoffers	p
feoffing	NtA
feoffments	p
feoffors	p
feoffs	pt
feracities	p
ferbams	p
feres	p
ferities	p
fermatas	p
fermentabilities	p
fermentations	p
fermented	VA
fermenting	NVA
ferments	pV
fermions	p
fermis	p
fermiums	p
ferns	p
ferociousnesses	p
ferocities	p
ferrates	p
ferreted	VtiA
ferreters	p
ferreting	NVtiA
ferrets	pVti
ferriages	p
ferricyanides	p
ferried	VA
ferries	V
ferrimagnetisms	p
ferrites	p
ferritins	p
ferroalloys	p
ferrocenes	p
ferroconcretes	p
ferrocyanides	p
ferroelectricities	p
ferroelectrics	p
ferromagnetisms	p
ferromagnets	p
ferromanganeses	p
ferrosilicons	p
ferrotypes	p
ferruled	tA
ferrules	pt
ferruling	NtA
ferryboats	p
ferrying	NVA
fertilenesses	p
fertilisations	p
fertilised	tA
fertilisers	p
fertilises	t
fertilising	NtA
fertilities	p
fertilizations	p
fertilized	tA
fertilizers	p
fertilizes	t
fertilizing	NtA
feruled	tA
ferules	pt
feruling	NtA
fervencies	p
ferventnesses	p
fervidnesses	p
fervors	p
fervours	p
fes	p
fescues	p
fesses	p
festered	ViA
festering	NViA
festers	pVi
festinated	tiA
festinates	ti
festinating	NtiA
festinations	p
festivals	p
festivenesses	p
festooned	tA
festooneries	p
festooning	NtA
festoons	pt
festschrifts	p
fetas	p
fetations	p
fetched	VA
fetchers	p
fetches	pV
fetching	NVA
feted	tA
feteritas	p
fetials	p
fetichisms	p
fetichists	p
feticides	p
fetidities	p
fetidnesses	p
feting	NtA
fetishes	p
fetishisms	p
fetishistically	v
fetishists	p
fetlocks	p
fetors	p
fets	t
fetted	tA
fetterbushes	p
fettered	tA
fetterers	p
fettering	NtA
fetterlocks	p
fetters	pt
fetting	NtA
fettled	tA
fettles	pt
fettling	NtA
fettlings	p
feuars	p
feudalisations	p
feudalised	tA
feudalises	t
feudalising	NtA
feudalisms	p
feudalists	p
feudalizations	p
feudalized	tA
feudalizes	t
feudalizing	NtA
feuded	iA
feuding	NiA
feudists	p
feuds	pi
feuilletonisms	p
feuilletonists	p
feus	p
fevered	tA
feverfews	p
fevering	NtA
feverishnesses	p
fevers	pt
feverweeds	p
feverworts	p
fewnesses	p
feyer	A
feyest	A
feyly	v
fianchettoed	tiA
fianchettoing	NtiA
fianchettos	pti
fiars	p
fiats	p
fibbed	VA
fibbers	p
fibbing	NVA
fiberboards	p
fiberglasses	p
fibers	p
fiberscopes	p
fibreboards	p
fibrefills	p
fibreglasses	p
fibres	p
fibrillations	p
fibrils	p
fibrinogens	p
fibrinolysins	p
fibrins	p
fibroblasts	p
fibrocartilages	p
fibroids	p
fibroins	p
fibrolites	p
fibromas	p
fibroplasias	p
fibros	p
fibrositises	p
fibrousnesses	p
fibs	pV
fibsters	p
fices	p
fiches	p
ficklenesses	p
fickler	A
ficklest	A
fickly	v
ficos	p
fictionalizations	p
fictionalized	tA
fictionalizes	t
fictionalizing	NtA
fictioneerings	p
fictioneers	p
fictionisations	p
fictionised	tA
fictionises	t
fictionising	NtA
fictionists	p
fictionizations	p
fictionized	tA
fictionizes	t
fictionizing	NtA
fictions	p
fictitiousnesses	p
fiddlebacks	p
fiddled	VtiA
fiddleheads	p
fiddlenecks	p
fiddlers	p
fiddles	pVti
fiddlesticks	p
fiddlewoods	p
fiddlier	A
fiddliest	A
fiddling	NVtiA
fideisms	p
fidged	iA
fidges	i
fidgeted	tiA
fidgeting	NtiA
fidgets	pti
fidging	NiA
fids	p
fiefs	p
fielded	tiA
fielders	p
fieldfares	p
fielding	NtiA
fieldpieces	p
fields	pti
fieldstones	p
fieldworkers	p
fieldworks	p
fiendishnesses	p
fiends	p
fiercenesses	p
fierinesses	p
fifed	VA
fifers	p
fifes	pV
fifing	NVA
fifteens	p
fifteenthly	v
fifteenths	p
fifths	p
fiftieths	p
figeaters	p
figged	VA
figging	NVA
fighters	p
fighting	NVtiA
fightings	V
fights	pVti
figments	p
figs	pV
figulines	p
figurations	p
figurativenesses	p
figured	VtiA
figureheads	p
figurers	p
figures	pVti
figurines	p
figuring	NVtiA
figworts	p
filagreed	VA
filagreeing	NVA
filagrees	pV
filaments	p
filariids	p
filatures	p
filberts	p
filched	tA
filchers	p
filches	t
filching	NtA
filed	VtiA
filefishes	p
filenames	p
filers	p
files	pVti
filialnesses	p
filiated	tA
filiates	t
filiating	NtA
filiations	p
filibegs	p
filibustered	ViA
filibusterers	p
filibustering	NViA
filibusters	pVi
filicides	p
filigreed	VA
filigreeing	NVA
filigrees	pV
filing	NVtiA
filings	Vt
filisters	p
filled	VA
fillers	p
filleted	tA
filleting	NtA
fillets	pt
filling	NVA
fillings	p
filliped	tiA
filliping	NtiA
fillips	pti
fillisters	p
fills	pV
filmdoms	p
filmed	VA
filmgoers	p
filminesses	p
filming	NVA
filmlands	p
filmmakings	p
filmographies	p
films	pV
filmsets	t
filmsetting	NtA
filmsettings	p
filmstrips	p
filoplumes	p
filoselles	p
fils	p
filses	p
filterabilities	p
filtered	VtiA
filterers	p
filtering	NVtiA
filters	pVti
filthinesses	p
filths	p
filtrated	VA
filtrates	pV
filtrating	NVA
filtrations	p
fimbles	p
fimbrias	p
fimbriated	VA
fimbriates	V
fimbriating	NVA
fimbriations	p
finagled	VtA
finaglers	p
finagles	Vt
finagling	NVtA
finalises	p
finalisms	p
finalists	p
finalizations	p
finalized	tiA
finalizes	ti
finalizing	NtiA
financed	tiA
finances	pti
financiers	p
financing	NtiA
financings	V
finbacks	p
finches	p
finders	p
finding	NVA
findings	pV
finds	pV
fined	tA
finenesses	p
fines	pt
finessed	VA
finesses	pV
finessing	NVA
finessings	V
fingerboards	p
fingerbreadths	p
fingered	tiA
fingerers	p
fingering	NtiA
fingerings	p
fingerlings	p
fingermarks	p
fingernails	p
fingerprinted	tA
fingerprinting	NtA
fingerprints	pt
fingers	pti
fingerstalls	p
fingertips	p
finials	p
finicalities	p
finicalnesses	p
finickier	A
finickiest	A
finicking	NiA
fining	NtA
finings	p
finises	p
finished	ViA
finishers	p
finishes	pVi
finishing	NViA
finitenesses	p
finitudes	p
finked	iA
finking	NiA
finks	pi
finmarks	p
finners	p
finnickier	A
finnickiest	A
finnmarks	p
finos	p
fins	p
fiorins	p
fipples	p
firearms	p
firebacks	p
fireballs	p
firebases	p
firebirds	p
fireboards	p
fireboats	p
firebombs	p
fireboxes	p
firebrands	p
firebrats	p
firebreaks	p
firebricks	p
firebugs	p
firecrackers	p
firecrests	p
fired	VA
firedamps	p
firedogs	p
firedrakes	p
firefanged	iA
firefanging	NiA
firefangs	i
fireguards	p
firelights	p
firelocks	p
firepans	p
fireplaces	p
fireplugs	p
firepowers	p
fireproofed	tA
fireproofing	NtA
fireproofs	t
firers	p
fires	pV
firesides	p
firestones	p
firestorms	p
firethorns	p
firetraps	p
firewaters	p
fireweeds	p
firewoods	p
fireworms	p
firing	NVA
firings	p
firkins	p
firmaments	p
firmed	ViA
firmer	A
firmest	A
firming	NViA
firmnesses	p
firms	pVi
firmwares	p
firns	p
firrier	A
firriest	A
firs	p
firstlings	p
firths	p
fiscals	p
fiscs	p
fishbolts	p
fishbowls	p
fished	tiA
fishers	p
fishes	pti
fishgigs	p
fishhooks	p
fishinesses	p
fishing	NtiA
fishings	p
fishlines	p
fishmongers	p
fishnets	p
fishplates	p
fishponds	p
fishtailed	iA
fishtailing	NiA
fishtails	pi
fishworms	p
fissionabilities	p
fissions	p
fissiparousnesses	p
fissipeds	p
fissured	VA
fissures	pV
fissuring	NVA
fisted	tA
fistfights	p
fisticuffers	p
fisticuffs	ti
fisting	NtA
fistnotes	p
fists	pt
fitches	p
fitchews	p
fitfulnesses	p
fitments	p
fitnesses	p
fits	p
fitters	p
fittingnesses	p
fittings	p
fivers	p
fives	p
fixated	VtA
fixates	Vt
fixating	NVtA
fixations	p
fixatives	p
fixed	ViA
fixednesses	p
fixers	p
fixes	pVi
fixing	NViA
fixings	Vt
fixtures	p
fixures	p
fizgigs	p
fizzed	iA
fizzers	p
fizzes	pi
fizzily	v
fizzing	NiA
fizzled	iA
fizzles	pi
fizzling	NiA
fjelds	p
fjords	p
flabbergasted	tA
flabbergasting	NtA
flabbergasts	t
flabbinesses	p
flabellums	p
flabs	p
flaccidities	p
flaccidnesses	p
flacks	p
flagellantisms	p
flagellants	p
flagellated	tA
flagellates	pt
flagellating	NtA
flagellations	p
flagellators	p
flageolets	p
flagged	VtA
flaggers	p
flagging	NVtA
flaggings	p
flagitiousnesses	p
flagons	p
flagpoles	p
flagrances	p
flagrancies	p
flags	Vt
flagships	p
flagstaffs	p
flagstones	p
flailed	tA
flailing	NtA
flails	pt
flairs	p
flaked	VtA
flakers	p
flakes	pVt
flakinesses	p
flaking	NVtA
flaks	p
flambeaus	p
flamboyances	p
flamboyancies	p
flamboyants	p
flamed	VtiA
flamens	p
flameouts	pV
flameproofer	A
flamers	p
flames	pVti
flamethrowers	p
flaming	NVtiA
flammabilities	p
flammed	VA
flamming	NVA
flams	pV
flanches	p
flanged	tiA
flangers	p
flanges	pti
flanging	NtiA
flanked	VA
flankers	p
flanking	NVA
flanks	pV
flannelboards	p
flanneled	VtA
flannelets	p
flanneling	NVtA
flannelled	VtA
flannelling	NVtA
flannels	pVt
flapdoodles	p
flaperons	p
flapjacks	p
flapped	VtiA
flappers	p
flapping	NVtiA
flaps	pVti
flarebacks	p
flared	VtA
flares	pVt
flaring	NVtA
flashbacks	pVi
flashboards	p
flashbulbs	p
flashcubes	p
flashed	VtiA
flasher	A
flashers	p
flashes	pVti
flashest	A
flashinesses	p
flashing	NVtiA
flashings	p
flashlights	p
flashovers	p
flashtubes	p
flaskets	p
flasks	p
flatboats	p
flatbreads	p
flatcars	p
flatfishes	p
flatfootednesses	p
flatheads	p
flatirons	p
flatlets	p
flatmates	p
flatnesses	p
flats	Vi
flatted	ViA
flattened	VtiA
flatteners	p
flattening	NVtiA
flattens	Vti
flatter	A
flattered	VtA
flatterers	p
flattering	NVtA
flatters	pVt
flatties	p
flatting	NViA
flattops	p
flatulences	p
flatulencies	p
flatwares	p
flatworks	p
flatworms	p
flaunches	p
flaunted	VA
flaunters	p
flauntinesses	p
flaunting	NVA
flaunts	pV
flautists	p
flavines	p
flavins	p
flavones	p
flavonols	p
flavoproteins	p
flavored	tA
flavoring	NtA
flavorings	p
flavors	pt
flavoured	tA
flavouring	NtA
flavourings	p
flavours	pt
flawed	VA
flawing	NVA
flawlessnesses	p
flaws	pV
flaxes	p
flaxseeds	p
flayed	tA
flayers	p
flaying	NtA
flays	t
fleabags	p
fleabanes	p
fleabites	p
fleams	p
fleapits	p
fleas	p
fleaworts	p
flecked	tA
flecking	NtA
flecks	pt
flections	p
fledged	tiA
fledges	ti
fledging	NtiA
fledglings	p
fleeced	tA
fleecers	p
fleeces	pt
fleecinesses	p
fleecing	NtA
fleeing	NViA
fleered	VA
fleering	NVA
fleers	pV
flees	Vi
fleeted	tiA
fleeter	A
fleetest	A
fleeting	NtiA
fleetingly	v
fleetingnesses	p
fleetnesses	p
fleets	pti
flenched	tA
flenches	t
flenching	NtA
flensed	tA
flensers	p
flenses	t
flensing	NtA
fleshed	tA
fleshers	p
fleshes	pt
fleshily	v
fleshinesses	p
fleshing	NtA
fleshlinesses	p
fletched	VA
fletchers	p
fletches	V
fletching	NVA
fleurettes	p
fleurons	p
flewed	VA
flews	pV
flexed	VA
flexes	pV
flexibilities	p
flexiblenesses	p
flexing	NVA
flexions	p
flexographically	v
flexographies	p
flexors	p
flexuosities	p
flexures	p
fleyed	VtA
fleying	NVtA
fleys	Vt
flibbertigibbets	p
flichtered	iA
flichtering	NiA
flichters	i
flicked	tA
flickered	tiA
flickering	NtiA
flickers	pti
flicking	NtA
flicks	pt
flied	VtiA
flier	A
fliers	p
flies	Vti
fliest	A
flighted	tiA
flightinesses	p
flighting	NtiA
flights	pti
flimflammed	VA
flimflammers	p
flimflamming	NVA
flimflams	pV
flimsies	p
flimsiest	A
flimsinesses	p
flinched	tiA
flinchers	p
flinches	pti
flinching	NtiA
flingers	p
flinging	NVA
flings	pV
flinted	tA
flintheads	p
flintinesses	p
flinting	NtA
flintlocks	p
flints	pt
flippancies	p
flipped	ViA
flipper	A
flippers	p
flipping	NViA
flips	pVi
flirtations	p
flirtatiousnesses	p
flirted	tiA
flirting	NtiA
flirts	pti
flitched	tA
flitches	pt
flitching	NtA
flited	VtA
flites	pt
fliting	NVtA
flits	pV
flitted	VA
flittered	VA
flittering	NVA
flitters	V
flitting	NVA
flittings	V
flivvers	p
floatabilities	p
floatages	p
floated	VtA
floaters	p
floating	NVtA
floatplanes	p
floats	Vt
floccillations	p
flocculants	p
flocculated	VA
flocculates	V
flocculating	NVA
flocculations	p
flocculators	p
flocculences	p
flocculencies	p
floccules	p
flocked	tiA
flocking	NtiA
flocks	pti
flocs	p
floes	p
flogged	ViA
floggers	p
flogging	NViA
floggings	pt
flogs	Vi
flongs	p
flooded	ViA
floodgates	p
flooding	NViA
floodlighted	VA
floodlighting	NVA
floodlights	pV
floods	pVi
floodwaters	p
floorages	p
floorboards	p
floored	VtA
floorers	p
flooring	NVtA
floorings	p
floors	pVt
floorwalkers	p
flopovers	p
flopped	ViA
floppers	p
floppinesses	p
flopping	NViA
flops	pVi
floras	p
floreated	iA
florescences	p
florets	p
floribundas	p
floricultures	p
floriculturists	p
floridities	p
floridnesses	p
floriferousnesses	p
florigens	p
florins	p
florists	p
floruits	V
flossers	p
flosses	p
flossier	A
flossiest	A
flossily	v
flotages	p
flotations	p
flotillas	p
flotsams	p
flounced	iA
flounces	pi
flouncing	NiA
flouncings	p
floundered	iA
floundering	NiA
flounders	pi
floured	tA
flourier	A
flouriest	A
flouring	NtA
flourished	iA
flourishers	p
flourishes	pi
flourishing	NiA
flours	pt
flouted	VA
flouters	p
flouting	NVA
flouts	V
flowages	p
flowed	VtA
flowerages	p
flowerbeds	p
flowered	tiA
flowerers	p
flowerets	p
flowerier	A
floweriest	A
flowerinesses	p
flowering	NtiA
flowerpots	p
flowers	pti
flowing	NVtA
flows	pVt
flubbed	tiA
flubbing	NtiA
flubdubs	p
flubs	pti
fluctuated	ViA
fluctuates	Vi
fluctuating	NViA
fluctuations	p
fluencies	p
flues	p
fluffed	VA
fluffers	p
fluffinesses	p
fluffing	NVA
fluffs	pV
flugelhorns	p
fluidextracts	p
fluidisations	p
fluidised	tA
fluidisers	p
fluidises	t
fluidising	NtA
fluidities	p
fluidizations	p
fluidized	tA
fluidizers	p
fluidizes	t
fluidizing	NtA
fluidnesses	p
fluids	p
fluked	tA
flukes	pt
flukily	v
flukinesses	p
fluking	NtA
flumed	tA
flumes	pt
fluming	NtA
flummoxed	tA
flummoxes	t
flummoxing	NtA
flumped	tiA
flumping	NtiA
flumps	pti
flunked	ViA
flunking	NViA
flunks	pVi
flunkyisms	p
fluorenes	p
fluoresced	iA
fluoresceins	p
fluorescences	p
fluoresces	i
fluorescing	NiA
fluoridated	VA
fluoridates	V
fluoridating	NVA
fluoridations	p
fluorides	p
fluoridised	tA
fluoridises	t
fluoridising	NtA
fluoridized	tA
fluoridizes	t
fluoridizing	NtA
fluorimeters	p
fluorinated	VA
fluorinates	V
fluorinating	NVA
fluorinations	p
fluorines	p
fluorites	p
fluorocarbons	p
fluorometers	p
fluorometries	p
fluoroscopes	p
fluoroscopies	p
fluors	p
fluorspars	V
flurried	tA
flurries	t
flurrying	NtA
flus	p
flushed	VtA
flusher	A
flushers	p
flushes	pVt
flushest	A
flushing	NVtA
flushnesses	p
flustered	VA
flustering	NVA
flusters	pV
fluted	VtA
fluters	p
flutes	pVt
fluting	NVtA
flutings	p
flutists	p
flutterboards	p
fluttered	VtiA
flutterers	p
fluttering	NVtiA
flutters	pVti
fluxed	VtA
fluxes	pVt
fluxing	NVtA
fluxions	p
fluyts	p
flyaways	p
flybacks	p
flybelts	p
flyblowing	NVA
flyblows	pV
flyboats	p
flybooks	p
flyboys	p
flycatchers	p
flyers	p
flying	NVtiA
flyings	p
flyoffs	p
flyovers	p
flypapers	p
flyspecked	tA
flyspecking	NtA
flyspecks	pt
flyted	VA
flytes	V
flyting	NVA
flytings	i
flytraps	p
flyways	p
flyweights	p
flywheels	p
foaled	VA
foaling	NVA
foals	pV
foamed	ViA
foamflowers	p
foaminesses	p
foaming	NViA
foams	pVi
fobbed	VA
fobbing	NVA
fobs	pV
focalisations	p
focalised	tA
focalises	t
focalising	NtA
focalizations	p
focalized	VA
focalizes	V
focalizing	NVA
focused	VA
focusers	p
focuses	pV
focusing	NVA
foddered	tA
foddering	NtA
fodders	pt
foehns	p
foes	p
foetors	p
fogbows	p
fogdogs	p
foggages	p
fogged	VA
fogginesses	p
fogging	NVA
foghorns	p
fograms	p
fogs	pV
fogyisms	p
foibles	p
foiled	tA
foiling	NtA
foils	pt
foined	VA
foining	NVA
foins	pV
foisons	p
foisted	tA
foisting	NtA
foists	t
folacins	p
foldboats	p
folded	VtiA
folderols	p
folders	p
folding	NVtiA
foldouts	p
folds	pVti
foliages	p
foliated	VtiA
foliates	Vti
foliating	NVtiA
foliations	p
foliatures	p
folioed	VA
folioing	NVA
folioles	p
folios	pV
foliums	p
folkishnesses	p
folklores	p
folklorists	p
folkmoots	p
folks	p
folksily	v
folksinesses	p
follicles	p
folliculitises	p
followed	VtA
followers	p
following	NVtA
followings	p
follows	pVt
fomentations	p
fomented	tA
fomenters	p
fomenting	NtA
foments	t
fondants	p
fondled	tiA
fondlers	p
fondles	ti
fondling	NtiA
fondlings	V
fondnesses	p
fondues	p
fontanelles	p
fontanels	p
fonts	p
foodlessnesses	p
foods	p
foodstuffs	p
foofaraws	p
fooled	tiA
foolhardinesses	p
fooling	NtiA
foolisher	A
foolishest	A
foolishnesses	p
fools	pti
foolscaps	p
footages	p
footballs	p
footboards	p
footboys	p
footbridges	p
footed	VtA
footers	p
footfalls	p
footfaulted	iA
footfaulting	NiA
footfaults	i
footgears	p
foothills	p
footholds	p
footies	p
footing	NVtA
footings	p
footled	iA
footles	pi
footlessly	v
footling	NiA
footlockers	p
footmarks	p
footnoted	tA
footnotes	pt
footnoting	NtA
footpaces	p
footpads	p
footplates	p
footprints	p
footrests	p
footropes	p
foots	Vt
footsies	p
footslogged	VA
footslogging	NVA
footslogs	V
footsorenesses	p
footstalks	p
footstalls	p
footsteps	p
footstones	p
footstools	p
footwalls	p
footways	p
footworks	p
foozled	VA
foozles	pV
foozling	NVA
foozlings	V
foppishnesses	p
fops	p
foraged	VtiA
foragers	p
forages	pVti
foraging	NVtiA
foramens	p
foraminifers	p
forayed	VA
forayers	p
foraying	NVA
forays	pV
forbearances	p
forbearers	p
forbearing	NVA
forbears	pV
forbiddances	p
forbidders	p
forbidding	NVtA
forbids	Vt
forbs	p
forced	tA
forcefulnesses	p
forcemeats	p
forcepses	p
forcers	p
forces	pt
forcibilities	p
forciblenesses	p
forcing	NtA
forded	tA
fording	NtA
fordoing	NVA
fords	pt
forearmed	tA
forearming	NtA
forearms	pt
forebears	p
foreboded	VA
foreboders	p
forebodes	V
foreboding	NVA
forebodingnesses	p
forebodings	p
forebrains	p
forecaddies	p
forecasters	p
forecasting	NVtA
forecastles	p
forecasts	pVt
foreclosed	VtA
forecloses	Vt
foreclosing	NVtA
foreclosures	p
forecourses	p
forecourts	p
foredated	tA
foredates	t
foredating	NtA
foredecks	p
foredoing	NVA
foredoomed	tA
foredooming	NtA
foredooms	t
forefathers	p
forefeeling	NtA
forefeels	pt
forefingers	p
forefronts	p
foregathered	VA
foregathering	NVA
foregathers	V
foregoers	p
foregoing	NVA
foregrounds	p
foreguts	p
forehanded	VA
forehandednesses	p
forehanding	NVA
forehands	pV
foreheads	p
foreigner	A
foreigners	p
foreignisms	p
foreignnesses	p
forejudged	VA
forejudges	V
forejudging	NVA
foreknowing	NVA
foreknowledges	p
foreknows	V
forelands	p
forelegs	p
forelimbs	p
forelocked	tA
forelocking	NtA
forelocks	pt
forels	p
foremanships	p
foremasts	p
forenames	p
forenoons	p
forensicalities	p
foreordained	tA
foreordaining	NtA
foreordainments	p
foreordains	t
foreordinations	p
foreparts	p
forepaws	p
forepeaks	p
foreplays	p
forereached	tiA
forereaches	ti
forereaching	NtiA
forerunners	p
forerunning	NVA
foreruns	V
fores	p
foresails	p
foreseeabilities	p
foreseeing	NVA
foreseers	p
foresees	V
foreshadowed	tA
foreshadowers	p
foreshadowing	NtA
foreshadows	t
foreshanks	p
foresheets	p
foreshocks	p
foreshores	p
foreshortened	tA
foreshortening	NtA
foreshortens	t
foreshowed	VA
foreshowing	NVA
foreshows	V
foresides	p
foresightedly	v
foresightednesses	p
foresights	p
foreskins	p
forespeaking	NVA
forespeaks	V
forest	A
forestages	p
forestalled	tA
forestaller	A
forestallers	p
forestalling	NtA
forestallments	p
forestalls	t
forestalments	p
forestations	p
forestays	p
forestaysails	p
forested	tA
foresters	p
foresting	NtA
forestries	p
forests	pt
foretasted	VA
foretastes	pV
foretasting	NVA
foretellers	p
foretelling	NVA
foretells	V
forethoughtfulnesses	p
forethoughts	p
foretimes	p
foretokened	VtA
foretokening	NVtA
foretokens	pVt
foretops	p
forewarned	tA
forewarners	p
forewarning	NtA
forewarns	t
forewinds	p
forewings	p
forewords	p
foreyards	p
forfeited	tA
forfeiter	A
forfeiters	p
forfeiting	NtA
forfeits	pt
forfeitures	p
forfended	tA
forfending	NtA
forfends	t
forgathered	iA
forgathering	NiA
forgathers	i
forged	tiA
forgers	p
forges	pti
forgetfulnesses	p
forgets	Vt
forgetters	p
forgetting	NVtA
forgettings	V
forging	NtiA
forgings	p
forgivably	v
forgivenesses	p
forgivers	p
forgives	Vt
forgiving	NVtA
forgivingnesses	p
forgoers	p
forgoing	NVA
forints	p
forjudged	tA
forjudges	t
forjudging	NtA
forked	tiA
forkednesses	p
forking	NtiA
forklifted	tA
forklifting	NtA
forklifts	pt
forks	pti
forlanas	p
forlorner	A
forlornest	A
forlornnesses	p
formabilities	p
formaldehydes	p
formalins	p
formalisations	p
formalised	tiA
formalisers	p
formalises	ti
formalising	NtiA
formalisms	p
formalistically	v
formalists	p
formalizations	p
formalized	VtA
formalizers	p
formalizes	Vt
formalizing	NVtA
formalnesses	p
formals	p
formants	p
formated	VtA
formates	p
formating	NVtA
formations	p
formatives	p
formats	pVt
formatted	VtA
formatting	NVtA
formed	VtA
formers	p
formes	p
formications	p
formidabilities	p
formidablenesses	p
forming	NVtA
formlessnesses	p
formols	p
forms	pVt
formularisations	p
formularised	tA
formularisers	p
formularises	t
formularising	NtA
formularizations	p
formularized	VA
formularizers	p
formularizes	V
formularizing	NVA
formulas	p
formulated	tA
formulates	t
formulating	NtA
formulations	p
formulators	p
formulisations	p
formulised	tA
formulises	t
formulising	NtA
formulisms	p
formulists	p
formulizations	p
formulized	tA
formulizers	p
formulizes	t
formulizing	NtA
formworks	p
formyls	p
fornicated	iA
fornicates	i
fornicating	NiA
fornications	p
fornicators	p
fornixes	p
forsakennesses	p
forsakers	p
forsakes	V
forsaking	NVA
forsakings	t
forspeaking	NVA
forspeaks	V
forswearing	NVtA
forswears	Vt
forsythias	p
fortalices	p
fortepianos	p
forthrightly	v
forthrightnesses	p
fortieths	p
fortifications	p
fortified	VA
fortifiers	p
fortifies	V
fortifying	NVA
fortissimos	p
fortitudes	p
fortnightlies	p
fortnights	p
fortressed	tA
fortresses	pt
fortressing	NtA
forts	p
fortuitists	p
fortuitousnesses	p
fortunatenesses	p
fortuned	VA
fortunes	pV
fortunetellers	p
fortunetellings	p
fortuning	NVA
forums	p
forwarded	tA
forwarder	A
forwarders	p
forwardest	A
forwarding	NtA
forwardings	p
forwardnesses	p
forwards	pt
forzandos	p
fossas	p
fosses	p
fossettes	p
fossicked	ViA
fossickers	p
fossicking	NViA
fossicks	Vi
fossilisations	p
fossilised	tiA
fossilises	ti
fossilising	NtiA
fossilizations	p
fossilized	VA
fossilizes	V
fossilizing	NVA
fossils	p
fossors	p
fossulas	p
fosterages	p
fostered	tA
fosterer	A
fosterers	p
fostering	NtA
fosterlings	p
fosters	t
fostresses	p
fothered	tiA
fothering	NtiA
fothers	pti
foulards	p
foulbroods	p
fouled	VtiA
fouler	A
foulest	A
fouling	NVtiA
foulmarts	p
foulnesses	p
fouls	pVti
foumarts	p
foundations	p
founded	VtA
founder	A
foundered	iA
foundering	NiA
founders	pi
founding	NVtA
foundlings	p
founds	Vt
fountainheads	p
fountains	p
founts	p
fourchettes	p
fourpences	p
fourposters	p
fours	p
foursomes	p
fourteeners	p
fourteens	p
fourteenthly	v
fourteenths	p
fourths	p
fouters	p
foveas	p
foveolas	p
foveoles	p
fowled	iA
fowlers	p
fowling	NiA
fowlings	p
fowls	pi
foxed	tiA
foxes	pti
foxfires	p
foxgloves	p
foxholes	p
foxhounds	p
foxinesses	p
foxing	NtiA
foxings	p
foxtails	p
foxtrots	pV
foxtrotted	VA
foxtrotting	NVA
foys	p
fozinesses	p
fracases	p
fractionated	VtA
fractionates	Vt
fractionating	NVtA
fractionations	p
fractionators	p
fractioned	tA
fractioning	NtA
fractionisations	p
fractionised	tiA
fractionises	ti
fractionising	NtiA
fractionizations	p
fractionized	VA
fractionizes	V
fractionizing	NVA
fractions	pt
fractiousnesses	p
fractured	VA
fractures	pV
fracturing	NVA
fraenums	p
fragged	VA
fragging	NVA
fraggings	pt
fragilenesses	p
fragilities	p
fragmentarinesses	p
fragmentations	p
fragmented	VA
fragmenting	NVA
fragmentised	tA
fragmentises	t
fragmentising	NtA
fragmentizations	p
fragmentized	tA
fragmentizes	t
fragmentizing	NtA
fragments	pV
fragrances	p
frags	V
frailer	A
frailest	A
frailnesses	p
frails	p
fraises	p
frambesias	p
framboesias	p
framboises	p
framed	ViA
framers	p
frames	pVi
frameworks	p
framing	NViA
framings	p
franchised	tA
franchisements	p
franchisers	p
franchises	pt
franchising	NtA
franciums	p
francolins	p
francophones	p
frangibilities	p
frangiblenesses	p
frangipanes	p
franked	VtA
franker	A
frankers	p
frankest	A
frankfurters	p
frankincenses	p
franking	NVtA
franklinites	p
franklins	p
franknesses	p
frankpledges	p
franks	pVt
franticnesses	p
frapped	VA
frapping	NVA
fraps	V
frasses	p
fratches	pt
fratchier	A
fratchiest	A
fratching	NtA
fraternalisms	p
fraternisations	p
fraternised	tiA
fraternisers	p
fraternises	ti
fraternising	NtiA
fraternizations	p
fraternized	tiA
fraternizers	p
fraternizes	ti
fraternizing	NtiA
fraters	p
fratricides	p
frats	p
frauds	p
fraudulencies	p
fraughts	p
fraxinellas	p
frayed	VtiA
fraying	NVtiA
frays	pVti
frazils	p
frazzled	VA
frazzles	pV
frazzling	NVA
freaked	VtA
freakinesses	p
freaking	NVtA
freakishnesses	p
freaks	pVt
freckled	VA
freckles	pV
freckling	NVA
frecklings	V
freebies	p
freeboards	p
freebooted	iA
freebooters	p
freebooting	NiA
freeboots	i
freed	VtA
freedoms	p
freeholder	A
freeholders	p
freeholds	p
freeing	NVtA
freelanced	VA
freelances	pV
freelancing	NVA
freeloaded	iA
freeloaders	p
freeloading	NiA
freeloadings	p
freeloads	i
freemartins	p
freemasonries	p
freemasons	p
freenesses	p
freers	p
frees	pVt
freesheets	p
freesias	p
freestones	p
freestyles	p
freethinkers	p
freethinkings	p
freeways	p
freewheeled	iA
freewheelers	p
freewheeling	NiA
freewheelingly	v
freewheels	pi
freezers	p
freezes	pVti
freezing	NVtiA
freezings	V
freightages	p
freighted	tA
freighters	p
freighting	NtA
freightliners	p
freights	pt
fremituses	p
frenulums	p
frenums	p
frenzied	VA
frenzies	V
frenzying	NVA
frequentations	p
frequentatives	p
frequented	VtA
frequenter	A
frequenters	p
frequentest	A
frequenting	NVtA
frequentnesses	p
frequents	Vt
frescoers	p
freshed	VA
freshened	ViA
fresheners	p
freshening	NViA
freshens	Vi
fresher	A
freshers	p
freshes	pV
freshest	A
freshets	p
freshing	NVA
freshmanships	p
freshnesses	p
freshwaters	p
fresnels	p
fressed	iA
fressers	p
fresses	i
fressing	NiA
fretfulnesses	p
frets	pVti
fretted	VtiA
fretting	NVtiA
fretworks	p
friabilities	p
friablenesses	p
friarbirds	p
friars	p
fribbled	tiA
fribbler	A
fribblers	p
fribbles	pti
fribbling	NtiA
fricasseed	VA
fricasseeing	NVA
fricassees	pV
fricatives	p
frictions	p
fridges	p
fried	ViA
friedcakes	p
friended	tA
friending	NtA
friendlessnesses	p
friendlies	p
friendlily	v
friendlinesses	p
friends	pt
friendships	p
fries	pVi
friezes	p
frigates	p
frigged	ViA
friggers	p
frigging	NViA
frightened	tA
frighteners	p
frightening	NtA
frightens	t
frightfulnesses	p
frights	p
frigidities	p
frigidnesses	p
frigs	Vi
frilled	tiA
frillers	p
frillier	A
frilliest	A
frilling	NtiA
frillings	p
frills	pti
fringed	tA
fringes	pt
fringing	NtA
frippets	p
frises	p
frisettes	p
frisked	tiA
friskers	p
friskets	p
friskinesses	p
frisking	NtiA
frisks	pti
frissons	p
friths	p
frithstools	p
fritillarias	p
frits	pV
fritted	VA
frittered	tA
fritterers	p
frittering	NtA
fritters	pt
fritting	NVA
fritzes	p
frivoled	VtiA
frivolers	p
frivoling	NVtiA
frivolled	VtiA
frivollers	p
frivolling	NVtiA
frivolousnesses	p
frivols	Vti
frized	tiA
frizers	p
frizes	pti
frizettes	p
frizing	NtiA
frizzed	VtiA
frizzers	p
frizzes	p
frizzinesses	p
frizzing	NVtiA
frizzled	VtA
frizzlers	p
frizzles	pVt
frizzling	NVtA
frocked	tA
frocking	NtA
frocks	pt
froes	p
frogbits	p
frogfishes	p
frogged	VA
frogging	NVA
froghoppers	p
frogmarched	tA
frogmarches	pt
frogmarching	NtA
frogs	pV
frolickers	p
frolics	pV
fromages	p
fromenties	p
frondescences	p
fronds	p
frontages	p
frontalities	p
frontals	p
fronted	VtiA
fronter	A
frontiers	p
fronting	NVtiA
frontispieces	p
frontlets	p
frontons	p
fronts	pVti
frostbites	p
frostbitings	p
frosted	VtA
frostfishes	p
frostinesses	p
frosting	NVtA
frostings	p
frosts	pVt
frostworks	p
frothed	VtA
frothers	p
frothinesses	p
frothing	NVtA
froths	pVt
frottages	p
frotteurs	p
froufrous	p
frounced	tiA
frounces	pti
frouncing	NtiA
frowardnesses	p
frowned	tiA
frowners	p
frowning	NtiA
frowns	pti
frows	p
frowstinesses	p
frowsts	p
frowzinesses	p
frozennesses	p
fructifications	p
fructified	VA
fructifies	V
fructifying	NVA
fructoses	p
frugalities	p
frugalnesses	p
frugged	iA
frugging	NiA
frugs	pi
fruitages	p
fruitarians	p
fruitcakes	p
fruited	VA
fruiterers	p
fruiters	p
fruitfuller	A
fruitfullest	A
fruitfulnesses	p
fruitily	v
fruitinesses	p
fruiting	NVA
fruitions	p
fruitlessnesses	p
fruits	pV
fruitwoods	p
frumpinesses	p
frumps	p
frustrated	tA
frustrater	A
frustraters	p
frustrates	t
frustrating	NtA
frustrations	p
frustules	p
frutescences	p
fryers	p
frying	NViA
fryings	V
fs	p
fubbed	tA
fubbing	NtA
fubs	t
fuchsias	p
fuchsins	p
fucked	VA
fuckers	p
fucking	NVA
fuckings	i
fucks	pV
fucoids	p
fucuses	p
fuddled	tiA
fuddles	pti
fuddling	NtiA
fudged	tiA
fudges	pti
fudging	NtiA
fueled	VA
fuelers	p
fueling	NVA
fuellers	p
fuels	pV
fugaciousnesses	p
fugacities	p
fughettas	p
fugios	p
fugitivenesses	p
fugitives	p
fugled	iA
fugles	i
fugling	NiA
fugs	p
fugues	p
fuguists	p
fugus	p
fulcrums	p
fulfilled	VtA
fulfillers	p
fulfilling	NVtA
fulfillings	t
fulfillments	p
fulfills	t
fulfils	V
fulgurated	iA
fulgurates	i
fulgurating	NiA
fulgurations	p
fulgurites	p
fulhams	p
fullams	p
fullbacks	p
fulled	VtiA
fuller	A
fullered	tA
fullering	NtA
fullers	pt
fullest	A
fullfaces	p
fulling	NVtiA
fullnesses	p
fulls	pVti
fulmars	p
fulminated	iA
fulminates	pi
fulminating	NiA
fulminations	p
fulminators	p
fulmined	tiA
fulmines	ti
fulmining	NtiA
fulsomenesses	p
fumages	p
fumaroles	p
fumatories	p
fumatoriums	p
fumbled	iA
fumblers	p
fumbles	pi
fumbling	NiA
fumed	tiA
fumers	p
fumes	pti
fumets	p
fumigants	p
fumigated	VA
fumigates	V
fumigating	NVA
fumigations	p
fumigators	p
fuming	NtiA
funambulisms	p
funambulists	p
functionalisms	p
functionalists	p
functioned	iA
functioning	NiA
functions	pi
functors	p
fundamentalisms	p
fundamentalists	p
fundamentals	p
fundaments	p
funded	tA
funding	NtA
funds	t
funerals	p
funfairs	p
funfests	p
fungibilities	p
fungibles	p
fungicides	p
fungistats	p
funicles	p
funiculars	p
funked	VtA
funkers	p
funkias	p
funkily	v
funking	NVtA
funks	pVt
funned	VA
funneled	VA
funneling	NVA
funnelled	VA
funnelling	NVA
funnels	pV
funninesses	p
funning	NVA
funs	pV
funsters	p
furans	p
furbelowed	tA
furbelowing	NtA
furbelows	pt
furbished	tA
furbishers	p
furbishes	t
furbishing	NtA
furcated	VA
furcately	v
furcates	V
furcating	NVA
furcations	p
furculas	p
furfurals	p
furfurans	p
furfurs	p
furiosos	p
furiousnesses	p
furlanas	p
furled	VtiA
furlers	p
furling	NVtiA
furlongs	p
furloughed	tA
furloughing	NtA
furloughs	pt
furls	pVti
furmenties	p
furnaces	p
furnished	tA
furnishers	p
furnishes	t
furnishing	NtA
furnitures	p
furores	p
furors	p
furphies	p
furred	VA
furrier	A
furriers	p
furrinesses	p
furring	NVA
furrings	p
furrowed	VA
furrowers	p
furrowing	NVA
furrows	pV
furs	pV
furtherances	p
furthered	tA
furtherer	A
furtherers	p
furthering	NtA
furthers	t
furtivenesses	p
furuncles	p
furzes	p
furzier	A
furziest	A
fusaroles	p
fused	VtA
fusees	p
fuselages	p
fuses	pVt
fusibilities	p
fusiblenesses	p
fusiliers	p
fusilladed	tA
fusillades	pt
fusillading	NtA
fusils	p
fusing	NVtA
fusionisms	p
fusionists	p
fusions	p
fussbudgets	p
fussed	tiA
fussers	p
fusses	pti
fussinesses	p
fussing	NtiA
fusspots	p
fustanellas	p
fustets	p
fustians	p
fustics	p
fustigated	tA
fustigates	t
fustigating	NtA
fustigations	p
fustinesses	p
futharks	p
futilenesses	p
futilitarianisms	p
futilitarians	p
futtocks	p
futurisms	p
futurologies	p
fuzzed	VA
fuzzes	pV
fuzzinesses	p
fuzzing	NVA
fykes	p
fylfots	p
fyrds	p
fyttes	p
gabardines	p
gabbards	p
gabbed	VA
gabbers	p
gabbier	A
gabbiest	A
gabbing	NVA
gabbled	ViA
gabblers	p
gabbles	pVi
gabbling	NViA
gabblings	V
gabelles	p
gaberdines	p
gaberlunzies	p
gabfests	p
gabionades	p
gabions	p
gables	p
gablets	p
gaboons	p
gabs	pV
gadabouts	p
gadded	VA
gadders	p
gadding	NVA
gaddis	p
gadflies	p
gadgeteers	p
gadgetries	p
gadgets	p
gadids	p
gadoids	p
gadolinites	p
gadoliniums	p
gadroonings	p
gadroons	p
gads	pV
gaffed	tA
gaffers	p
gaffes	p
gaffing	NtA
gaffs	pt
gaffsails	p
gagers	p
gagged	VtiA
gaggers	p
gagging	NVtiA
gaggled	iA
gaggles	pi
gaggling	NiA
gagglings	V
gags	pVti
gagsters	p
gahnites	p
gaillardias	p
gaillards	p
gained	tiA
gainers	p
gainfulnesses	p
gaining	NtiA
gainlier	A
gainliest	A
gainlinesses	p
gains	ti
gainsayers	p
gainsaying	NVA
gainsayings	V
gainsays	V
gaited	tA
gaiters	p
gaiting	NtA
gaits	pt
galactagogues	p
galactometers	p
galactoses	p
galagos	p
galahs	p
galangals	p
galantines	p
galas	p
galateas	p
galavanted	iA
galavanting	NiA
galavants	i
galaxes	p
galbanums	p
galeas	p
galenas	p
galenicals	p
galenites	p
gales	p
galilees	p
galimatiases	p
galingales	p
galiots	p
galipots	p
gallanted	VtA
gallanting	NVtA
gallants	pVt
gallates	p
gallbladders	p
galleasses	p
galled	VtA
galleons	p
galleryites	p
galleted	tA
galleting	NtA
gallets	pt
galliambics	p
galliardises	p
galliards	p
galliasses	p
gallinaceans	p
galling	NVtA
gallinippers	p
gallinules	p
galliots	p
gallipots	p
galliums	p
gallivanted	iA
gallivanters	p
gallivanting	NiA
gallivants	i
galliwasps	p
gallnuts	p
galloglasses	p
gallonages	p
gallons	p
galloons	p
galloots	p
gallopades	p
galloped	ViA
gallopers	p
galloping	NViA
gallops	pVi
gallowglasses	p
galls	pVt
gallstones	p
galoots	p
galops	p
gals	p
galumphed	iA
galumphing	NiA
galumphs	i
galvanisations	p
galvanised	tA
galvanisers	p
galvanises	t
galvanising	NtA
galvanisms	p
galvanizations	p
galvanized	tA
galvanizers	p
galvanizes	pt
galvanizing	NtA
galvanometers	p
galvanometries	p
galvanoscopes	p
galyaks	p
gambas	p
gambesons	p
gambiers	p
gambits	p
gambled	iA
gamblers	p
gambles	pi
gambling	NiA
gamblings	V
gamboges	p
gamboled	VA
gamboling	NVA
gambolled	VA
gambolling	NVA
gambols	pV
gambrels	p
gambs	p
gambusias	p
gamecocks	p
gamed	ViA
gamekeepers	p
gamekeepings	p
gamelans	p
gamenesses	p
gamers	p
games	pi
gamesmanships	p
gamesomenesses	p
gamester	A
gamesters	p
gametes	p
gametocytes	p
gametophores	p
gametophytes	p
gaminesses	p
gaming	NViA
gamings	p
gammadions	p
gammas	p
gammed	VA
gammers	p
gammier	A
gammiest	A
gamming	NVA
gammoned	VtA
gammoners	p
gammoning	NVtA
gammonings	p
gammons	pVt
gamps	p
gams	pV
gamuts	p
ganders	p
ganefs	p
gangbanged	tiA
gangbanging	NtiA
gangbangs	pti
gangboards	p
ganged	VtA
gangers	p
ganging	NVtA
ganglands	p
gangliosides	p
gangplanks	p
gangrels	p
gangrenes	p
gangs	pVt
gangsters	p
gangues	p
gangways	p
ganisters	p
ganjas	p
gannets	p
ganofs	p
ganoids	p
ganseys	p
gantlets	p
gantlines	p
gantlopes	p
gaped	ViA
gapers	p
gapes	pi
gapeseeds	p
gapeworms	p
gaping	NViA
gapings	V
gaposises	p
gapped	VA
gapping	NVA
gaps	pV
garaged	tA
garages	pt
garaging	NtA
garagings	V
garbages	p
garbed	tA
garbing	NtA
garbled	tA
garblers	p
garbles	pt
garbling	NtA
garblings	V
garboards	p
garboils	p
garbos	p
garbs	pt
gardened	VA
gardeners	p
gardenias	p
gardening	NVA
gardens	pV
garderobes	p
garfishes	p
gargets	p
gargled	VA
garglers	p
gargles	pV
gargling	NVA
gargoyles	p
garibaldis	p
garishnesses	p
garlanded	tA
garlanding	NtA
garlands	pt
garlics	p
garmented	tA
garmenting	NtA
garments	pt
garnered	tA
garnering	NtA
garners	pt
garnets	p
garnierites	p
garnished	tA
garnisheed	VtA
garnisheeing	NVtA
garnishees	pVt
garnishers	p
garnishes	pt
garnishing	NtA
garnishments	p
garnitures	p
garotters	p
garottings	t
garpikes	p
garreteers	p
garrets	p
garrisoned	tA
garrisoning	NtA
garrisons	pt
garroted	tA
garroters	p
garrotes	pt
garroting	NtA
garrots	p
garrotters	p
garrottings	t
garrulities	p
garrulousnesses	p
garryas	p
gars	p
gartered	tA
gartering	NtA
garters	pt
garths	p
gas	p
gasbags	p
gasconaded	iA
gasconaders	p
gasconades	pi
gasconading	NiA
gascons	p
gaseities	p
gaseliers	p
gaseousnesses	p
gases	V
gashed	tA
gashes	pt
gashing	NtA
gasholders	p
gasifications	p
gasified	VA
gasifiers	p
gasifies	V
gasifying	NVA
gaskets	p
gaskins	p
gaslights	p
gasogenes	p
gasoliers	p
gasolines	p
gasometers	p
gasped	tiA
gaspers	p
gasping	NtiA
gasps	pti
gassed	VA
gassers	p
gassily	v
gassinesses	p
gassing	NVA
gassings	p
gasteropods	p
gasters	p
gastightnesses	p
gastrins	p
gastritises	p
gastroenterologies	p
gastroenterologists	p
gastroliths	p
gastronomes	p
gastronomies	p
gastropods	p
gastroscopes	p
gastrulated	iA
gastrulates	i
gastrulating	NiA
gastrulations	p
gateaus	p
gated	tA
gatefolds	p
gatekeepers	p
gateposts	p
gaters	p
gates	pt
gateways	p
gathered	VtiA
gatherers	p
gathering	NVtiA
gatherings	p
gathers	pVti
gating	NVtA
gatings	V
gators	p
gats	pV
gauchenesses	p
gaucher	A
gauchest	A
gaudier	A
gaudiest	A
gaudinesses	p
gauds	p
gauffered	VtA
gauffering	NVtA
gauffers	pVt
gauged	tA
gauger	A
gaugers	p
gauges	pt
gauging	NtA
gaugings	V
gaultherias	p
gaunter	A
gauntest	A
gauntlets	p
gauntnesses	p
gauped	VA
gauping	NVA
gaups	V
gaurs	p
gausses	p
gauzes	p
gauzinesses	p
gavages	p
gavelkinds	p
gavelocks	p
gavels	p
gavials	p
gavottes	p
gawked	iA
gawkinesses	p
gawking	NiA
gawkishnesses	p
gawks	pi
gawped	iA
gawping	NiA
gawps	i
gayer	A
gayest	A
gaynesses	p
gazed	iA
gazehounds	p
gazers	p
gazes	pi
gazetted	tA
gazetteers	p
gazettes	pt
gazetting	NtA
gazing	NiA
gazogenes	p
gazpachos	p
gazumped	VtA
gazumping	NVtA
gazumps	pVt
geans	p
geanticlines	p
gearboxes	p
geared	tiA
gearing	NtiA
gearings	p
gears	pti
gearshifts	p
gearwheels	p
gecked	tA
gecking	NtA
geckos	p
gecks	pt
geed	VA
geeing	NVA
geeks	p
geepounds	p
gees	pV
geests	p
geezers	p
gegenscheins	p
geladas	p
gelatinated	tiA
gelatinates	ti
gelatinating	NtiA
gelatinations	p
gelatinisations	p
gelatinised	tiA
gelatinisers	p
gelatinises	ti
gelatinising	NtiA
gelatinizations	p
gelatinized	VtA
gelatinizers	p
gelatinizes	Vt
gelatinizing	NVtA
gelatinoids	p
gelatinousnesses	p
gelatins	p
gelations	p
gelded	VA
gelders	p
gelding	NVA
geldings	p
gelds	pV
gelidities	p
gelidnesses	p
gelignites	p
gelled	VA
gelling	NVA
gels	pV
gemeinschafts	p
gemels	p
geminated	VA
geminates	V
geminating	NVA
geminations	p
gemmated	iA
gemmates	i
gemmating	NiA
gemmations	p
gemmed	VA
gemming	NVA
gemmiparously	v
gemmulations	p
gemmules	p
gemologies	p
gemologists	p
gemots	p
gems	pV
gemstones	p
genas	p
gendarmeries	p
genders	p
genealogists	p
generalcies	p
generalisations	p
generalised	tiA
generalisers	p
generalises	ti
generalising	NtiA
generalists	p
generalizations	p
generalized	VtiA
generalizers	p
generalizes	Vti
generalizing	NVtiA
generalnesses	p
generals	p
generalships	p
generated	VA
generates	V
generating	NVA
generations	p
generativenesses	p
generators	p
generousnesses	p
genes	p
geneticists	p
genets	p
genevas	p
genialities	p
genialnesses	p
genically	v
geniculations	p
genies	p
genipaps	p
genips	p
genistas	p
genitally	v
genitively	v
genitives	p
genitors	p
genitures	p
genizahs	p
genoas	p
genocidally	v
genocides	p
genomes	p
genotypes	p
genres	p
genros	p
gens	p
gensengs	p
genteeler	A
genteelest	A
genteelisms	p
genteelnesses	p
gentianellas	p
gentians	p
gentilesses	p
gentilities	p
gentled	tA
gentlemanlinesses	p
gentlenesses	p
gentles	pt
gentling	NtA
gentries	p
gentrifications	p
gents	p
genuflected	iA
genuflecting	NiA
genuflections	p
genuflects	i
genuinenesses	p
genus	p
geochemically	v
geochemistries	p
geochemists	p
geochronologically	v
geochronologies	p
geochronologists	p
geodes	p
geodesics	p
geodesies	p
geodesists	p
geognosies	p
geographers	p
geoids	p
geologised	tiA
geologises	pti
geologising	NtiA
geologized	VA
geologizes	V
geologizing	NVA
geomagnetically	v
geomagnetisms	p
geomagnetists	p
geomancers	p
geomancies	p
geometers	p
geometricians	p
geometrids	p
geometries	p
geometrised	tiA
geometrises	ti
geometrising	NtiA
geometrized	iA
geometrizes	i
geometrizing	NiA
geomorphologically	v
geomorphologies	p
geomorphologists	p
geophagies	p
geophagists	p
geophysicists	p
geophytes	p
geopoliticians	p
georgettes	p
georgics	p
geosciences	p
geostrategies	p
geostrophically	v
geosynclines	p
geotectonically	v
geothermally	v
geotropisms	p
gerahs	p
geranials	p
geraniols	p
geraniums	p
gerbils	p
gerents	p
gerenuks	p
gerfalcons	p
geriatricians	p
geriatrics	p
geriatrists	p
germanders	p
germanenesses	p
germaniums	p
germans	p
germicides	p
germinated	VA
germinates	V
germinating	NVA
germinations	p
germinators	p
germs	p
gerontologies	p
gerontologists	p
gerrymandered	VA
gerrymanderers	p
gerrymandering	NVA
gerrymanders	pV
gerundives	p
gerunds	p
gesellschafts	p
gestated	VA
gestates	V
gestating	NVA
gestations	p
gestes	p
gesticulated	VA
gesticulates	V
gesticulating	NVA
gesticulations	p
gesticulators	p
gests	p
gesturally	v
gestured	VA
gesturers	p
gestures	pV
gesturing	NVA
getaways	p
gets	pVi
gettered	tA
gettering	NtA
getterings	p
getters	pt
getting	NViA
getups	p
geums	p
gewgaws	p
geyserites	p
geysers	p
gharials	p
ghastlinesses	p
ghats	p
ghauts	p
ghazals	p
ghees	p
gheraos	p
gherkins	p
ghiblis	p
ghillies	p
ghosted	VtA
ghosting	NVtA
ghostlinesses	p
ghosts	pVt
ghostwrites	V
ghostwriting	NVA
ghoulishnesses	p
ghouls	p
ghylls	p
giantesses	p
giantisms	p
giantly	v
giants	p
giaours	p
gibbed	VA
gibbered	ViA
gibberellins	p
gibbering	NViA
gibberishes	p
gibbers	pVi
gibbeted	tA
gibbeting	NtA
gibbets	pt
gibbetted	tA
gibbetting	NtA
gibbing	NVA
gibbons	p
gibbosities	p
gibbousnesses	p
gibbsites	p
gibed	VA
gibers	p
gibes	pV
gibing	NVA
gibs	pV
giddied	tiA
giddies	ti
giddinesses	p
giddying	NtiA
gidgees	p
gids	p
gied	VA
gies	V
gifted	tA
giftednesses	p
gifting	NtA
gifts	pt
giftwrapped	VA
giftwrapping	NVA
giftwraps	V
gigacycles	p
gigameters	p
gigantisms	p
gigantomachias	p
gigantomachies	p
gigatons	p
gigawatts	p
gigged	VA
gigging	NVA
giggled	iA
gigglers	p
giggles	pi
giggling	NiA
gigglings	V
giglets	p
gigots	p
gigs	pV
gigues	p
gilberts	p
gilded	VA
gilders	p
gildhalls	p
gilding	NVA
gildings	p
gilds	pV
gilets	p
gilgais	p
gilled	VtA
gillied	tiA
gillies	ti
gilling	NVtA
gillions	p
gills	Vt
gillyflowers	p
gillying	NtiA
giltheads	p
gilts	pV
gimcrackeries	p
gimcracks	p
gimels	p
gimleted	VA
gimleting	NVA
gimlets	pV
gimmals	p
gimmes	V
gimmickries	p
gimmicks	p
gimpier	A
gimpiest	A
gimps	p
gingals	p
gingerbreads	p
gingered	tA
gingering	NtA
gingerlinesses	p
gingers	pt
gingersnaps	p
ginghams	p
gingivitises	p
ginglymuses	p
ginks	p
ginned	VtA
ginnels	p
ginners	p
ginning	NVtA
ginnings	V
gins	pVt
ginsengs	p
ginzos	p
gipons	p
gippers	p
gippies	p
giraffes	p
girandoles	p
girasols	p
girded	VtiA
girders	p
girding	NVtiA
girdings	t
girdled	tA
girdlers	p
girdles	pt
girdling	NtA
girds	pVti
girlfriends	p
girlhoods	p
girlishnesses	p
girls	p
girned	tiA
girning	NtiA
girns	pti
girons	p
girosols	p
girted	VtA
girthed	VtA
girthing	NVtA
girthlines	p
girths	pVt
girting	NVtA
girts	Vt
gis	p
gisarmes	p
gists	p
gits	p
gitterns	p
giveaways	p
givens	pV
givers	p
gives	pVi
giving	NViA
givings	V
gizzards	p
glacialists	p
glaciated	VtA
glaciates	Vt
glaciating	NVtA
glaciations	p
glaciers	p
glaciologies	p
glaciologists	p
glacises	p
gladded	tA
gladdened	VA
gladdening	NVA
gladdens	V
gladder	A
gladdest	A
gladding	NtA
gladdons	p
glades	p
gladiators	p
gladiolas	p
gladiuses	p
gladnesses	p
glads	pt
gladsomenesses	p
gladsomer	A
gladsomest	A
glaired	tA
glaires	pt
glairing	NtA
glairs	pt
glaives	p
glamorizations	p
glamorized	VA
glamorizers	p
glamorizes	V
glamorizing	NVA
glamorousnesses	p
glamours	p
glanced	tiA
glances	pti
glancing	NtiA
glancings	V
glands	p
glandules	p
glandulously	v
glared	tiA
glares	pti
glarinesses	p
glaring	NtiA
glaringnesses	p
glassblowings	p
glassed	tA
glasses	t
glassines	p
glassinesses	p
glassing	NtA
glassmakers	p
glassmakings	p
glasswares	p
glassworkers	p
glassworks	p
glassworts	p
glaucomas	p
glauconites	p
glazed	tA
glazers	p
glazes	pt
glazieries	p
glaziers	p
glazing	NtA
glazings	p
gleamed	iA
gleaming	NiA
gleams	pi
gleaned	VA
gleaners	p
gleaning	NVA
gleans	V
glebes	p
gledes	p
gleeds	p
gleefulnesses	p
gleeked	tiA
gleeking	NtiA
gleeks	pti
glees	p
gleets	p
glegnesses	p
glengarries	p
glens	p
gleys	p
gliadins	p
glias	p
glibnesses	p
glided	ViA
gliders	p
glides	pVi
gliding	NViA
glidings	V
gliffing	NtiA
gliffs	pti
glimed	iA
glimes	pi
gliming	NiA
glimmered	iA
glimmering	NiA
glimmerings	p
glimmers	pi
glimpsed	VA
glimpsers	p
glimpses	pV
glimpsing	NVA
glims	p
glinted	ViA
glinting	NViA
glints	pVi
glisks	p
glissaded	iA
glissaders	p
glissades	pi
glissading	NiA
glistened	iA
glistening	NiA
glistens	pi
glistered	VA
glistering	NVA
glisters	pV
glittered	iA
glittering	NiA
glitters	pi
gloamings	p
gloams	p
gloated	iA
gloaters	p
gloating	NiA
gloats	pi
globed	VA
globefishes	p
globeflowers	p
globes	pV
globetrotters	p
globing	NVA
globins	p
globoids	p
globosenesses	p
globosities	p
globs	p
globularities	p
globularnesses	p
globules	p
globulins	p
glockenspiels	p
gloggs	p
glomerations	p
glomerules	p
glonoins	p
gloomed	iA
gloominesses	p
glooming	NiA
gloomings	p
glooms	i
glops	p
glorias	p
gloried	VA
glories	V
glorifications	p
glorified	VA
glorifiers	p
glorifies	V
glorifying	NVA
glorioles	p
gloriousnesses	p
glorying	NVA
glossarists	p
glossas	p
glossators	p
glossed	VtA
glossemes	p
glossers	p
glosses	pVt
glossies	p
glossinesses	p
glossing	NVtA
glossitises	p
glossographers	p
glossographies	p
glossolalias	p
glossolalists	p
glossologists	p
glossopharyngeals	p
glosts	p
glottalized	tA
glottises	p
glottochronologies	p
gloved	tA
glovers	p
gloves	pt
gloving	NtA
glowed	iA
glowered	iA
glowering	NiA
glowers	pi
glowing	NiA
glows	pi
glowworms	p
gloxinias	p
glozed	tA
glozes	pt
glozing	NtA
glozings	Vti
glucagons	p
glucinums	p
glucoproteins	p
glucoses	p
glucosides	p
glucosidically	v
glucuronides	p
glued	VA
gluepots	p
gluers	p
glues	pV
glueynesses	p
gluing	NVA
glumes	p
glumnesses	p
glunched	iA
glunches	pi
glunching	NiA
gluons	p
glutamates	p
glutamines	p
glutathiones	p
glutelins	p
glutens	p
glutethimides	p
glutinosities	p
glutinousnesses	p
gluts	pVt
glutted	VtA
glutting	NVtA
gluttonies	p
gluttonised	tiA
gluttonises	ti
gluttonising	NtiA
gluttonized	tiA
gluttonizes	ti
gluttonizing	NtiA
gluttonousnesses	p
gluttons	p
glyceraldehydes	p
glycerides	p
glycerinated	tA
glycerinates	pt
glycerinating	NtA
glycerines	p
glycerins	p
glycerols	p
glyceryls	p
glycines	p
glycogens	p
glycolipids	p
glycols	p
glycopeptides	p
glycoproteins	p
glycosides	p
glycosidically	v
glycosurias	p
glyphographers	p
glyphographs	p
glyphs	p
glyptodonts	p
glyptographers	p
glyptographies	p
glyptographs	p
gnarled	tiA
gnarling	NtiA
gnarls	pti
gnarred	iA
gnarring	NiA
gnars	i
gnashed	VtA
gnashes	pVt
gnashing	NVtA
gnatcatchers	p
gnathions	p
gnathites	p
gnats	p
gnawed	VtA
gnawers	p
gnawing	NVtA
gnawings	p
gnaws	pVt
gneisses	p
gnomes	p
gnomists	p
gnomonically	v
gnomons	p
gnotobiotes	p
gnotobiotically	v
gnus	p
goaded	tA
goading	NtA
goads	pt
goafs	p
goalies	p
goalkeepers	p
goalmouths	p
goals	p
goaltenders	p
goannas	p
goas	p
goatees	p
goatherds	p
goatishnesses	p
goats	p
goatsbeards	p
goatskins	p
goatsuckers	p
gobangs	p
gobbed	VA
gobbets	p
gobbing	NVA
gobbled	VtiA
gobbledegooks	p
gobblers	p
gobbles	pVti
gobbling	NVtiA
gobies	p
gobioids	p
goblets	p
goblins	p
gobs	pV
gobstoppers	p
goddaughters	p
goddesses	p
godetias	p
godets	p
godfathers	p
godhoods	p
godlessnesses	p
godlikenesses	p
godlily	v
godlinesses	p
godlings	p
godmothers	p
godowns	p
godparents	p
godroons	p
gods	p
godsends	p
godships	p
godsons	p
godwits	p
goers	p
goethites	p
gofers	p
goffered	tA
goffering	NtA
gofferings	p
goffers	pt
goggled	iA
gogglers	p
goggles	pi
goggling	NiA
goglets	p
gogos	p
going	NVtA
goings	p
goiters	p
goitres	p
goldbeaters	p
goldbeatings	p
goldbrickers	p
goldbricks	p
goldcrests	p
goldener	A
goldenest	A
goldennesses	p
goldenrods	p
goldenseals	p
goldfinches	p
goldfishes	p
goldminers	p
golds	p
goldsmiths	p
goldstones	p
goldthreads	p
goldurns	pt
golems	p
golfed	iA
golfers	p
golfing	NiA
golfs	pi
goliards	p
gollies	pV
golliwoggs	p
golliwogs	p
golloped	VA
golloping	NVA
gollops	V
golps	p
gombeens	p
gombroons	p
gomerels	p
gonadotropins	p
gonads	p
gondolas	p
gondoliers	p
gonenesses	p
goner	A
goners	p
gonfaloniers	p
gonfalons	p
gonfanons	p
gonged	tiA
gonging	NtiA
gongs	pti
goniatites	p
gonifs	p
goniometers	p
goniometries	p
gonions	p
gonks	p
gonocytes	p
gonofs	p
gonophores	p
gonophs	p
gonopores	p
gonorrheas	p
gonorrhoeas	p
goobers	p
goodbyes	p
goodheartednesses	p
goodlinesses	p
goodly	v
goodnesses	p
goodwills	p
goofballs	p
goofed	VtiA
goofinesses	p
goofing	NVtiA
goofs	pVti
googolplexes	p
googols	p
googs	p
gooks	p
goondas	p
goons	p
goops	p
goos	p
goosanders	p
goosed	tA
goosegogs	p
goosegrasses	p
gooseherds	p
goosenecks	p
gooses	pt
goosier	A
goosiest	A
goosing	NtA
gopaks	p
gophers	p
gopherwoods	p
gorals	p
gorcocks	p
gored	tA
gores	pt
gorgeousnesses	p
gorgerins	p
gorgers	p
gorges	pV
gorgets	p
gorging	NVA
gorgonians	p
gorgonised	tA
gorgonises	t
gorgonising	NtA
gorgonized	tA
gorgonizes	t
gorgonizing	NtA
gorhens	p
gorillas	p
gorinesses	p
goring	NtA
gorings	pVt
gormandised	tiA
gormandisers	p
gormandises	pti
gormandising	NtiA
gormandisings	ti
gormandisms	p
gormandized	VA
gormandizers	p
gormandizes	pV
gormandizing	NVA
gormandizings	V
gormands	p
gormlessly	v
gorses	p
gorsier	A
gorsiest	A
gos	pVt
goshawks	p
goslings	p
gospelers	p
gospellers	p
gospels	p
gosports	p
gossamers	p
gossans	p
gossiped	iA
gossiping	NiA
gossipmongers	p
gossipries	p
gossips	pi
gossoons	p
gouged	ViA
gougers	p
gouges	pVi
gouging	NViA
goulashes	p
gouramis	p
gourds	p
gourmandises	p
gourmandisms	p
goutinesses	p
gouts	p
gouttes	p
goutweeds	p
governances	p
governed	VA
governesses	p
governing	NVA
governments	p
governors	p
governorships	p
governs	V
govs	p
gowans	p
gowds	p
gowks	p
gowned	tA
gowning	NtA
gowns	pt
goys	p
grabbed	VtiA
grabbers	p
grabbing	NVtiA
grabbled	tiA
grabblers	p
grabbles	ti
grabbling	NtiA
grabens	p
grabs	pVti
graced	tA
gracefuller	A
gracefullest	A
gracefulnesses	p
gracelessnesses	p
graces	pt
gracilenesses	p
gracilities	p
gracing	NtA
graciousnesses	p
grackles	p
gradables	p
gradated	VtA
gradates	Vt
gradating	NVtA
gradations	p
graded	tiA
graders	p
grades	pti
gradienter	A
gradienters	p
gradients	p
grading	NtiA
grads	p
gradualisms	p
gradualists	p
gradualnesses	p
graduals	p
graduands	p
graduated	VtiA
graduates	pVti
graduating	NVtiA
graduations	p
graduators	p
graftages	p
grafted	ViA
grafters	p
grafting	NViA
graftings	p
grafts	pVi
grahams	p
grained	VA
grainers	p
grainfields	p
graininesses	p
graining	NVA
grainings	p
grains	pV
gramaryes	p
gramas	p
gramicidins	p
gramineousnesses	p
grammalogues	p
grammarians	p
grammars	p
grammaticalities	p
grammaticalnesses	p
grammaticisms	p
grammatologies	p
gramophones	p
grams	p
granadillas	p
grandams	p
grandaunts	p
granddads	p
granddaughters	p
grandees	p
grander	A
grandest	A
grandeurs	p
grandfathers	p
grandiloquences	p
grandiosities	p
grandmammas	p
grandmas	p
grandmasters	p
grandmothers	p
grandnephews	p
grandnesses	p
grandnieces	p
grandpapas	p
grandparents	p
grandpas	p
grandsires	p
grandsons	p
grandstanded	iA
grandstanders	p
grandstanding	NiA
grandstands	pi
granduncles	p
grangerisations	p
grangerised	tA
grangerises	t
grangerising	NtA
grangerisms	p
grangerizations	p
grangerized	tA
grangerizes	t
grangerizing	NtA
granges	p
granites	p
granitewares	p
granitized	tA
granitizes	t
granitizing	NtA
granodiorites	p
granoliths	p
granophyres	p
granted	tA
grantees	p
granters	p
granting	NtA
grants	pt
granularities	p
granulated	ViA
granulaters	p
granulates	Vi
granulating	NViA
granulations	p
granulators	p
granules	p
granulites	p
granulocytes	p
grapefruits	p
grapes	p
grapestones	p
grapevines	p
graphed	tA
graphemes	p
graphicnesses	p
graphing	NtA
graphites	p
graphitizations	p
graphitized	tA
graphitizes	t
graphitizing	NtA
graphologies	p
graphologists	p
graphs	pt
grapnels	p
grappas	p
grappled	VtiA
grapplers	p
grapples	pVti
grappling	NVtiA
grapplings	p
graptolites	p
grasped	VtA
graspers	p
grasping	NVtA
graspingnesses	p
grasps	pVt
grassed	VtA
grasses	pVt
grasshooks	p
grasshoppers	p
grassily	v
grassinesses	p
grassing	NVtA
grasslands	p
grated	tA
gratefuller	A
gratefullest	A
gratefulnesses	p
graters	p
grates	pt
graticules	p
gratifications	p
gratified	VA
gratifiers	p
gratifies	V
gratifying	NVA
gratinated	tA
gratinates	t
gratinating	NtA
grating	NtA
gratings	p
gratins	p
gratitudes	p
gratuitousnesses	p
gratulated	tA
gratulates	t
gratulating	NtA
gratulations	p
graupels	p
gravamens	p
graved	VtA
gravediggers	p
graveled	VtA
graveling	NVtA
gravelled	VtA
gravelling	NVtA
gravels	pVt
gravenesses	p
graver	A
gravers	p
graves	pVt
gravestones	p
graveyards	p
gravidities	p
gravidnesses	p
gravimeters	p
gravimetries	p
graving	NVtA
gravings	t
gravitated	iA
gravitaters	p
gravitates	i
gravitating	NiA
gravitations	p
gravitons	p
gravs	p
gravures	p
graybacks	p
graybeards	p
grayed	VA
grayer	A
grayest	A
graying	NVA
graylags	p
graylings	p
grayly	v
grays	pV
graywackes	p
grazed	VtA
grazers	p
grazes	pVt
graziers	p
grazing	NVtA
grazings	p
greaseballs	p
greased	VtA
greasepaints	p
greasers	p
greases	pVt
greasewoods	p
greasinesses	p
greasing	NVtA
greatcoats	p
greatened	VA
greatening	NVA
greatens	V
greater	A
greatheartednesses	p
greatnesses	p
greats	p
grebes	p
greed	VA
greedinesses	p
greeds	p
greeing	NVA
greenbacks	p
greenbottles	p
greenbriers	p
greened	VA
greener	A
greenest	A
greenfinches	p
greenflies	p
greengages	p
greengrocers	p
greenheads	p
greenhearts	p
greenhorns	p
greening	NVA
greenings	p
greenkeepers	p
greenlets	p
greenlings	p
greennesses	p
greenockites	p
greenrooms	p
greens	pV
greensands	p
greenshanks	p
greensicknesses	p
greenskeepers	p
greenstones	p
greenstuffs	p
greenswards	p
greenths	p
greenwoods	p
grees	pV
greeted	tiA
greeters	p
greeting	NtiA
greetings	p
greets	pti
gregales	p
gregarines	p
gregariousnesses	p
greiges	p
greisens	p
gremials	p
gremlins	p
grenades	p
grenadiers	p
grenadines	p
grewsomer	A
grewsomest	A
grexes	p
greybeards	p
greyed	VA
greyer	A
greyest	A
greyhens	p
greyhounds	p
greying	NVA
greylags	p
greynesses	p
greys	pV
gribbles	p
grices	p
gridders	p
griddlecakes	p
griddled	tA
griddles	pt
griddling	NtA
grided	iA
grides	pi
griding	NiA
gridirons	p
grids	p
griefs	p
grievances	p
grieved	VtA
grievers	p
grieves	Vt
grieving	NVtA
grievousnesses	p
griffes	p
griffins	p
griffons	p
griffs	p
grifted	tiA
grifters	p
grifting	NtiA
grifts	pti
grigs	p
grillades	pt
grillages	p
grilled	VtA
grillers	p
grilles	p
grilling	NVtA
grillrooms	p
grills	pVt
grillworks	p
grilses	p
grimaced	iA
grimacers	p
grimaces	pi
grimacing	NiA
grimalkins	p
grimed	tA
grimes	pt
griminesses	p
griming	NtA
grimnesses	p
grinded	VtiA
grinders	p
grinding	NVtiA
grinds	pVti
grindstones	p
grinned	ViA
grinners	p
grinning	NViA
grins	pVi
griped	VtiA
gripers	p
gripes	pti
griping	NVtiA
gripped	VA
grippers	p
grippes	p
gripping	NVA
grips	pV
gripsacks	p
griseofulvins	p
grisettes	p
griskins	p
grislinesses	p
grisons	p
gristers	p
gristles	p
gristlinesses	p
gristmills	p
grists	p
griths	p
grits	V
gritted	VA
gritters	p
grittinesses	p
gritting	NVA
grivets	p
grizzled	ViA
grizzlers	p
grizzles	pVi
grizzlies	p
grizzling	NViA
groaned	ViA
groaners	p
groaning	NViA
groans	pVi
grocers	p
grockles	p
grogginesses	p
grograms	p
grogs	p
grogshops	p
groined	tA
groining	NtA
groinings	p
groins	pt
grokked	VA
grokking	NVA
groks	V
gromas	p
grommets	p
gromwells	p
groomed	tA
groomers	p
grooming	NtA
grooms	pt
grooved	tiA
groovers	p
grooves	pti
groovily	v
grooving	NtiA
groped	iA
gropers	p
gropes	pi
groping	NiA
grosbeaks	p
groschens	p
grosgrains	p
grossed	VtA
grosser	A
grosses	pVt
grossest	A
grossing	NVtA
grossnesses	p
grossularites	p
grotesquenesses	p
grotesques	p
grots	p
grottier	A
grottiest	A
grottily	v
grouched	VA
grouches	pV
grouchinesses	p
grouching	NVA
groundages	p
groundbreakers	p
grounded	VtiA
grounder	A
grounders	p
grounding	NVtiA
groundkeepers	p
groundlessnesses	p
groundlings	p
groundmasses	p
groundnuts	p
groundplots	p
grounds	pVti
groundsels	p
groundsheets	p
groundsills	p
groundspeeds	p
groundwoods	p
groundworks	p
grouped	VA
groupers	p
groupies	p
grouping	NVA
groupings	p
groupoids	p
groups	pV
groused	iA
grouser	A
grousers	p
grouses	pi
grousing	NiA
grouted	tA
grouters	p
grouting	NtA
grouts	t
groveled	VA
grovelers	p
groveling	NVA
grovelled	VA
grovellers	p
grovelling	NVA
grovels	V
groves	p
grovets	p
growers	p
growing	NViA
growings	V
growled	ViA
growlers	p
growling	NViA
growls	pVi
grownups	p
grows	Vi
growths	p
groynes	p
grubbed	VtiA
grubbers	p
grubbinesses	p
grubbing	NVtiA
grubs	pVti
grubstaked	tA
grubstakers	p
grubstakes	pt
grubstaking	NtA
grubworms	p
grudged	tA
grudgers	p
grudges	pt
grudging	NtA
grudgings	V
gruelingly	v
gruelings	p
gruellingly	v
gruellings	p
gruels	p
gruesomenesses	p
gruesomer	A
gruesomest	A
gruffer	A
gruffest	A
gruffnesses	p
grugrus	p
grumbled	ViA
grumblers	p
grumbles	pVi
grumbling	NViA
grumblings	V
grumes	p
grummets	p
grumped	iA
grumphies	p
grumpinesses	p
grumping	NiA
grumps	pi
grunions	p
grunted	iA
grunters	p
grunting	NiA
grunts	pi
grutched	tiA
grutches	pti
grutching	NtiA
grysboks	p
gs	p
guacamoles	p
guaiacols	p
guaiacums	p
guanases	p
guanays	p
guanidines	p
guanines	p
guanos	p
guanosines	p
guans	p
guaranteed	VA
guaranteeing	NVA
guarantees	pV
guarantied	VA
guaranties	V
guarantors	p
guarantying	NVA
guarded	VtiA
guardednesses	p
guardees	p
guarders	p
guardians	p
guardianships	p
guarding	NVtiA
guardrails	p
guardrooms	p
guards	pVti
guars	p
guavas	p
gubbinses	p
gucks	p
guddled	tiA
guddles	pti
guddling	NtiA
gudes	p
gudgeoned	tA
gudgeoning	NtA
gudgeons	pt
guenons	p
guerdoned	tA
guerdoning	NtA
guerdons	pt
guerezas	p
guerrillas	p
guessed	VA
guessers	p
guesses	pV
guessing	NVA
guesstimated	VA
guesstimates	pV
guesstimating	NVA
guessworks	p
guested	iA
guestimates	p
guesting	NiA
guests	pi
guffawed	VA
guffawing	NVA
guffaws	pV
guffs	p
guggled	tiA
guggles	pti
guggling	NtiA
guglets	p
guidances	p
guidebooks	p
guided	VtA
guidelines	p
guideposts	p
guiders	p
guides	pVt
guiding	NVtA
guidings	V
guidons	p
guilders	p
guildhalls	p
guilds	p
guildships	p
guilefulnesses	p
guilelessnesses	p
guiles	p
guillemots	p
guilloches	p
guillotined	VtA
guillotines	pVt
guillotining	NVtA
guiltinesses	p
guiltlessnesses	p
guilts	p
guimpes	p
guineas	p
guipures	p
guiros	p
guised	VtA
guises	pVt
guising	NVtA
guitarfishes	p
guitarists	p
guitars	p
guitguits	p
gulas	p
gulches	p
gulfed	tA
gulfier	A
gulfiest	A
gulfing	NtA
gulfs	pt
gulfweeds	p
gulled	tA
gullets	p
gullibilities	p
gullied	VA
gullies	V
gulling	NtA
gulls	pt
gullying	NVA
gulosities	p
gulped	tiA
gulpier	A
gulpiest	A
gulping	NtiA
gulps	pti
gumboils	p
gumbotils	p
gumdrops	p
gummas	p
gummily	v
gumminesses	p
gumming	NVA
gummites	p
gumps	p
gumptions	p
gums	pV
gumshields	p
gumshoed	VA
gumshoeing	NVA
gumshoes	pV
gumtrees	p
gumwoods	p
gunboats	p
guncottons	p
gundas	p
gunfighters	p
gunfights	p
gunfires	p
gunflints	p
gunges	pt
gunkholed	iA
gunkholes	i
gunkholing	NiA
gunks	p
gunlocks	p
gunmakers	p
gunmetals	p
gunned	VA
gunnels	p
gunneries	p
gunners	p
gunning	NVA
gunnings	p
gunnysacks	p
gunpapers	p
gunplays	p
gunpoints	p
gunpowders	p
gunrunners	p
gunrunnings	p
guns	p
gunsels	p
gunshots	p
gunslingers	p
gunsmithings	p
gunsmiths	p
gunstocks	p
gunters	p
gunwales	p
gurdwaras	p
gurged	iA
gurges	pi
gurging	NiA
gurgitations	p
gurgled	iA
gurgles	pi
gurglets	p
gurgling	NiA
gurjuns	p
gurnards	p
gurus	p
guruships	p
gus	p
gushed	VA
gushers	p
gushes	pV
gushinesses	p
gushing	NVA
gusseted	tA
gusseting	NtA
gussets	pt
gustables	p
gustations	p
gustatorily	v
gustinesses	p
gusts	p
gutbuckets	p
guts	pt
gutsers	p
gutsinesses	p
guttas	p
guttations	p
gutted	tA
guttered	tiA
guttering	NtiA
gutterings	p
gutters	pti
guttersnipes	p
gutties	p
gutting	NtA
guttled	tiA
guttlers	p
guttles	ti
guttling	NtiA
gutturalisations	p
gutturalised	tiA
gutturalises	ti
gutturalising	NtiA
gutturalisms	p
gutturalities	p
gutturalizations	p
gutturalized	tA
gutturalizes	t
gutturalizing	NtA
gutturalnesses	p
gutturals	p
guvs	p
guyed	tA
guying	NtA
guyots	p
guys	pt
guzzled	VA
guzzlers	p
guzzles	V
guzzling	NVA
gwyniads	p
gybed	iA
gybes	pi
gybing	NiA
gymkhanas	p
gymnasiasts	p
gymnasts	p
gymnosophists	p
gymnosperms	p
gyms	p
gymslips	p
gynaecologies	p
gynaecologists	p
gynaecomastias	p
gynandries	p
gynandromorphies	p
gynandromorphisms	p
gynandromorphs	p
gynecologically	v
gynecologies	p
gynecologists	p
gynecomastias	p
gynecopathies	p
gynephobias	p
gynodioecisms	p
gynoeciums	p
gynophores	p
gynostemiums	p
gyps	pV
gypsophilas	p
gypsums	p
gypsydoms	p
gypsyisms	p
gyrated	ViA
gyrates	Vi
gyrating	NViA
gyrations	p
gyrators	p
gyred	iA
gyrenes	p
gyres	pi
gyrfalcons	p
gyring	NiA
gyrocompasses	p
gyrons	p
gyropilots	p
gyroplanes	p
gyroscopes	p
gyrostabilizers	p
gyrostats	p
gyrovagues	p
gyruses	p
gyttjas	p
gyved	tA
gyves	pt
gyving	NtA
haafs	p
haars	p
habaneras	p
haberdashers	p
habergeons	p
habiliments	p
habilitated	tiA
habilitates	ti
habilitating	NtiA
habilitations	p
habilitators	p
habitabilities	p
habitablenesses	p
habitations	p
habitats	p
habited	tA
habiting	NtA
habits	pt
habitualnesses	p
habituated	VA
habituates	V
habituating	NVA
habituations	p
habitudes	p
haboobs	p
habus	p
haceks	p
hachured	tA
hachures	pt
hachuring	NtA
hackamores	p
hackbuteers	p
hackbuts	p
hacked	VtiA
hacker	A
hackers	p
hackies	p
hacking	NVtiA
hackled	VtA
hacklers	p
hackles	Vt
hacklier	A
hackliest	A
hackling	NVtA
hackly	v
hackmatacks	p
hackneyed	tA
hackneying	NtA
hackneyisms	p
hackneys	t
hacks	pVti
hacksawed	VA
hacksawing	NVA
hacksaws	pV
haddocks	p
haded	ViA
hades	pi
hading	NViA
hadrons	p
hadrosaurs	p
haed	VA
haeing	NVA
haemagglutinated	tA
haemagglutinating	NtA
haematics	p
haematinics	p
haematins	p
haematites	p
haematoblasts	p
haematoceles	p
haematocrits	p
haematologies	p
haematologists	p
haematoxylins	p
haematurias	p
haemins	p
haemocoels	p
haemocyanins	p
haemocytes	p
haemophiliacs	p
haemorrhaged	iA
haemorrhages	pi
haemorrhaging	NiA
haemostats	p
haems	p
haes	V
haets	p
haffets	p
hafizes	p
hafniums	p
hafted	tA
hafters	p
hafting	NtA
hafts	pt
hagbuts	p
hagdons	p
hagfishes	p
haggadists	p
haggardnesses	p
haggards	p
haggises	p
haggishnesses	p
haggled	tiA
hagglers	p
haggles	ti
haggling	NtiA
hagiographers	p
hagiolaters	p
hagiolatries	p
hagiologists	p
hagioscopes	p
hagriders	p
hagrides	t
hagriding	NtA
hags	p
haicks	p
haiks	p
haikus	p
hailed	VtiA
hailers	p
hailing	NVtiA
hails	pVti
hailstones	p
hailstorms	p
hairballs	p
hairbreadths	p
hairbrushes	p
haircloths	p
haircuts	p
haircutters	p
haircuttings	p
hairdressers	p
hairdressings	p
hairgrips	p
hairinesses	p
hairlessnesses	p
hairlines	p
hairnets	p
hairpieces	p
hairpins	p
hairs	p
hairsplitters	p
hairsplittings	p
hairsprings	p
hairstreaks	p
hairstyles	p
hairweavings	p
hairworms	p
hakes	p
hakims	p
halakists	p
halalahs	p
halalled	tA
halalling	NtA
halals	pt
halations	p
halavahs	p
halberdiers	p
halberds	p
halcyons	p
haled	tA
halenesses	p
haler	A
hales	t
halfbacks	p
halfbeaks	p
halfheartednesses	p
halfpaces	p
halfs	p
halftones	p
halfwits	p
halibuts	p
halides	p
halidoms	p
haling	NtA
halites	p
hallahs	p
hallans	p
hallelujahs	p
hallings	p
hallmarked	tA
hallmarking	NtA
hallmarks	pt
hallooing	NVA
halloos	pV
hallowed	tA
hallowers	p
hallowing	NtA
hallows	t
halls	p
hallucinated	iA
hallucinates	i
hallucinating	NiA
hallucinations	p
hallucinators	p
hallucinogens	p
hallways	p
halmas	p
halms	p
halobionts	p
haloed	VA
halogenated	VA
halogenates	V
halogenating	NVA
halogenations	p
halogens	p
haloids	p
haloing	NVA
halophiles	p
halophytes	p
halos	V
halothanes	p
halted	ViA
halter	A
haltered	tA
haltering	NtA
halters	pt
halting	NViA
haltingnesses	p
halts	pVi
halvahs	p
halved	tA
halves	t
halving	NtA
halyards	p
hamadryases	p
hamals	p
hamartias	p
hamauls	p
hambones	p
hamburgers	p
hamburgs	p
hames	p
hametzes	p
hamlets	p
hammals	p
hammed	VA
hammered	VtiA
hammerers	p
hammerheads	p
hammering	NVtiA
hammerings	p
hammerlocks	p
hammers	pVti
hammertoes	p
hammily	v
hamming	NVA
hammocks	p
hampered	tA
hamperers	p
hampering	NtA
hampers	pt
hams	pV
hamshackled	tA
hamshackles	t
hamshackling	NtA
hamsters	p
hamstringed	VA
hamstringing	NVA
hamstrings	pV
hamzas	p
hanapers	p
hanaps	p
hances	p
handbags	p
handballers	p
handballs	pt
handbarrows	p
handbells	p
handbills	p
handbooks	p
handbrakes	p
handbreadths	p
handcars	p
handcarts	p
handclaps	p
handclasps	p
handcrafted	tA
handcrafting	NtA
handcrafts	pt
handcuffed	tA
handcuffing	NtA
handcuffs	pt
handed	tA
handednesses	p
handfasted	tA
handfasting	NtA
handfastings	p
handfasts	pt
handgrips	p
handguns	p
handholds	p
handicapped	VtA
handicappers	p
handicapping	NVtA
handicaps	pVt
handicrafts	p
handinesses	p
handing	NtA
handiworks	p
handkerchiefs	p
handled	ViA
handlers	p
handles	pVi
handling	NViA
handlings	p
handlooms	p
handmaidens	p
handmaids	p
handouts	p
handpicked	tA
handpicking	NtA
handpicks	t
handrails	p
hands	pt
handsaws	p
handseled	VtA
handseling	NVtA
handselled	VtA
handselling	NVtA
handsels	pVt
handsets	p
handshakes	p
handshakings	p
handsomenesses	p
handspikes	p
handsprings	p
handstands	p
handwheels	p
handworks	p
handwrites	t
handwriting	NtA
handwritings	p
hangars	p
hangbirds	p
hangdogs	p
hanged	VtiA
hangers	p
hangfires	p
hanging	NVtiA
hangings	p
hangnails	p
hangouts	p
hangovers	p
hangs	pVti
hanked	tA
hankered	VA
hankerers	p
hankering	NVA
hankerings	p
hankers	V
hanking	NtA
hanks	pt
hanseled	VA
hanseling	NVA
hanselled	VA
hanselling	NVA
hansoms	p
hanted	tiA
hanting	NtiA
hants	pti
haoles	p
haomas	p
haphazardnesses	p
haphazards	p
haplessnesses	p
haplites	p
haplographies	p
haplologies	p
haplopias	p
happed	VA
happened	tiA
happening	NtiA
happenings	p
happens	ti
happenstances	p
happinesses	p
happing	NVA
haps	pV
haptens	p
hapterons	p
harambees	p
harams	p
harangued	VA
haranguers	p
harangues	pV
haranguing	NVA
harassed	tA
harassers	p
harasses	t
harassing	NtA
harassments	p
harbingered	tA
harbingering	NtA
harbingers	pt
harborages	p
harbored	tiA
harborers	p
harboring	NtiA
harbors	pti
harbourages	p
harboured	tA
harbourers	p
harbouring	NtA
harbours	pt
hardbacks	p
hardbakes	p
hardballs	p
hardboards	p
hardcores	p
hardcovers	p
hardened	ViA
hardeners	p
hardening	NViA
hardenings	p
hardens	pVi
harder	A
hardest	A
hardhacks	p
hardhandednesses	p
hardheadednesses	p
hardheads	p
hardheartednesses	p
hardihoods	p
hardiments	p
hardinesses	p
hardnesses	p
hardpans	p
hardships	p
hardtacks	p
hardtops	p
hardwares	p
hardwoods	p
harebells	p
hared	iA
hareems	p
harelips	p
harems	p
hares	pi
harewoods	p
haricots	p
harims	p
haring	NiA
harked	iA
harkeners	p
harking	NiA
harks	i
harlequinades	p
harlequins	p
harlots	p
harls	p
harmattans	p
harmed	tA
harmers	p
harmfulnesses	p
harming	NtA
harmlessnesses	p
harmonicas	p
harmonicons	p
harmonics	p
harmoniousnesses	p
harmonisations	p
harmonised	tiA
harmonisers	p
harmonises	ti
harmonising	NtiA
harmonists	p
harmoniums	p
harmonizations	p
harmonized	VtiA
harmonizers	p
harmonizes	Vti
harmonizing	NVtiA
harmosts	p
harms	pt
harnessed	tA
harnessers	p
harnesses	pt
harnessing	NtA
harped	tiA
harpers	p
harpies	p
harping	NtiA
harpists	p
harpooned	tA
harpooners	p
harpooning	NtA
harpoons	pt
harps	pti
harpsichordists	p
harpsichords	p
harquebusiers	p
harridans	p
harried	VA
harriers	p
harries	V
harrowed	tiA
harrowers	p
harrowing	NtiA
harrows	pti
harrumphed	iA
harrumphing	NiA
harrumphs	i
harrying	NVA
harshened	tiA
harshening	NtiA
harshens	ti
harsher	A
harshest	A
harshnesses	p
harslets	p
hartals	p
harts	p
hartshorns	p
haruspicies	p
harvested	VtA
harvesters	p
harvesting	NVtA
harvests	pVt
hasenpfeffers	p
hashed	tA
hashes	pt
hashing	NtA
hashishes	p
haslets	p
hasped	tA
hasping	NtA
hasps	pt
hassled	VA
hassles	pV
hassling	NVA
hassocks	p
hasted	VA
hastened	VtA
hasteners	p
hastening	NVtA
hastens	Vt
hastes	pV
hastinesses	p
hasting	NVA
hastings	V
hatbands	p
hatboxes	p
hatchabilities	p
hatchbacks	p
hatched	VtA
hatcheled	VA
hatcheling	NVA
hatchelled	VA
hatchelling	NVA
hatchels	pV
hatchers	p
hatches	pVt
hatchets	p
hatching	NVtA
hatchings	p
hatchments	p
hatchways	p
hated	ViA
hatefulnesses	p
hatemongers	p
haters	p
hates	pVi
hating	NViA
hatpins	p
hatracks	p
hatreds	p
hats	pV
hatted	VA
hatters	p
hatting	NVA
hattings	V
haubergeons	p
hauberks	p
haughs	p
haughtinesses	p
haulages	p
hauled	VtiA
haulers	p
hauliers	p
hauling	NVtiA
haulms	p
hauls	pVti
haunches	p
haunted	VtA
haunters	p
haunting	NVtA
haunts	pVt
hausens	p
hautboys	p
hauteurs	p
havelocks	p
havened	tA
havening	NtA
havens	pt
havered	iA
haverels	p
havering	NiA
havers	pi
haversacks	p
haversines	p
haves	pV
havildars	p
having	NVA
haviors	p
havockers	p
havocs	pV
hawed	iA
hawfinches	p
hawing	NiA
hawkbills	p
hawked	VtiA
hawkers	p
hawkies	p
hawking	NVtiA
hawkings	p
hawkishly	v
hawknoses	p
hawks	pVti
hawkshaws	p
hawkweeds	p
haws	pi
hawsed	iA
hawseholes	p
hawsepipes	p
hawsers	p
hawses	pi
hawsing	NiA
hawthorns	p
hayboxes	p
haycocks	p
hayed	VtA
hayfields	p
hayforks	p
haying	NVtA
haylofts	p
haymakers	p
haymows	p
hayracks	p
hayricks	p
hayrides	p
hays	pVt
hayseeds	p
haystacks	p
haywards	p
haywires	p
hazans	p
hazarded	tA
hazarders	p
hazarding	NtA
hazardousnesses	p
hazards	pt
hazed	VtA
hazelhens	p
hazelnuts	p
hazels	p
hazers	p
hazes	pVt
hazinesses	p
hazing	NVtA
hazings	pt
hazzans	p
headaches	p
headachier	A
headachiest	A
headbands	p
headboards	p
headcheeses	p
headdresses	p
headed	tiA
headers	p
headfasts	p
headfishes	p
headframes	p
headgears	p
headhunted	iA
headhunters	p
headhunting	NiA
headhuntings	p
headhunts	pi
headily	v
heading	NtiA
headings	p
headlands	p
headlessnesses	p
headlights	p
headlined	tA
headliners	p
headlines	pt
headlining	NtA
headlocks	p
headmasters	p
headmasterships	p
headmistresses	p
headnotes	p
headpieces	p
headpins	p
headquartered	tiA
headquartering	NtiA
headquarters	ti
headraces	p
headrails	p
headreached	tA
headreaches	pt
headreaching	NtA
headrests	p
headrooms	p
heads	pti
headsails	p
headsets	p
headsheets	p
headships	p
headshrinkers	p
headsprings	p
headsquares	p
headstalls	p
headstands	p
headstays	p
headstocks	p
headstones	p
headstreams	p
headstrongnesses	p
headwaiters	p
headways	p
headwinds	p
headwords	p
headworkers	p
headworks	p
healds	p
healed	VtiA
healers	p
healing	NVtiA
healings	p
heals	Vti
healthfulnesses	p
healthinesses	p
healths	p
heaped	VtA
heapers	p
heaping	NVtA
heaps	pVt
hearers	p
hearing	NVtiA
hearings	p
hearkened	VA
hearkeners	p
hearkening	NVA
hearkens	V
hears	Vti
hearsays	p
hearses	p
heartaches	p
heartbeats	p
heartbreakers	p
heartbreaks	p
heartbrokennesses	p
heartburnings	p
heartburns	p
hearted	VA
heartened	VA
heartening	NVA
heartens	V
hearths	p
hearthsides	p
hearthstones	p
hearties	p
heartinesses	p
hearting	NVA
heartlands	p
heartlessnesses	p
hearts	pV
heartseases	p
heartsicknesses	p
heartthrobs	p
heartwoods	p
heartworms	p
heated	VA
heatednesses	p
heaters	p
heathendoms	p
heathenised	tiA
heathenises	ti
heathenishnesses	p
heathenising	NtiA
heathenisms	p
heathenized	ViA
heathenizes	Vi
heathenizing	NViA
heathers	p
heaths	p
heating	NVA
heats	pV
heatstrokes	p
heaumes	p
heaved	VtiA
heavenlier	A
heavenliest	A
heavenlinesses	p
heavens	p
heavers	p
heaves	pVti
heavies	p
heavinesses	p
heaving	NVtiA
heavyweights	p
hebdomads	p
hebephrenias	p
hebetated	VA
hebetates	V
hebetating	NVA
hebetations	p
hebetudes	p
hecatombs	p
heckelphones	p
heckled	VtA
hecklers	p
heckles	pVt
heckling	NVtA
hecks	p
hectares	p
hectics	p
hectograms	p
hectographs	p
hectoliters	p
hectometers	p
hectored	VA
hectoring	NVA
hectors	pV
hectosteres	p
heddles	p
heders	p
hedged	tiA
hedgehogs	p
hedgehopped	VA
hedgehopper	A
hedgehoppers	p
hedgehopping	NVA
hedgehops	V
hedgerows	p
hedgers	p
hedges	pti
hedging	NtiA
hedgings	V
hedonisms	p
hedonists	p
heeded	VA
heeders	p
heedfulnesses	p
heeding	NVA
heedlessnesses	p
heeds	pV
heelballs	p
heeled	VtA
heelers	p
heeling	NVtA
heelings	p
heelpieces	p
heelposts	p
heels	pVt
heeltaps	p
heezed	tA
heezes	t
heezing	NtA
hefted	tA
hefters	p
heftinesses	p
hefting	NtA
hefts	pt
hegaris	p
hegemonists	p
hegumens	p
heifers	p
heighs	p
heightened	VA
heighteners	p
heightening	NVA
heightens	V
heighths	p
heights	p
heinies	p
heinousnesses	p
heirdoms	p
heiresses	p
heirlooms	p
heirs	p
heirships	p
heisted	tA
heisters	p
heisting	NtA
heists	pt
heitikis	p
heldentenors	p
heliasts	p
helichrysums	p
heliclines	p
helicographs	p
helicoids	p
helicons	p
helicopters	p
heliocentricities	p
heliodors	p
heliograms	p
heliographers	p
heliographies	p
heliographs	p
heliolaters	p
heliolatries	p
heliometers	p
helioscopes	p
heliostats	p
heliotherapies	p
heliotropes	p
heliotropisms	p
heliotypes	p
heliozoans	p
helipads	p
heliports	p
heliums	p
hellbenders	p
hellboxes	p
hellbroths	p
hellcats	p
helldivers	p
hellebores	p
helleries	p
hellers	p
hellfires	p
hellgrammites	p
hellholes	p
hellhounds	p
hellions	p
hellishnesses	p
hellkites	p
hellos	p
hells	p
helmed	tA
helmets	p
helming	NtA
helminthics	p
helminthologies	p
helminthologists	p
helminths	p
helms	pt
helmsmanships	p
helotages	p
helotisms	p
helotries	p
helped	VtA
helpers	p
helpfulnesses	p
helping	NVtA
helpings	p
helplessnesses	p
helpmates	p
helps	pVt
helved	tA
helves	pt
helving	NtA
hemacytometers	p
hemagglutinated	tiA
hemagglutinates	ti
hemagglutinating	NtiA
hemagglutinations	p
hemateins	p
hematics	p
hematinics	p
hematins	p
hematites	p
hematoblasts	p
hematocrits	p
hematologically	v
hematologies	p
hematologists	p
hematoxylins	p
hematurias	p
hemeralopias	p
hemes	p
hemiacetals	p
hemicelluloses	p
hemichordates	p
hemicranias	p
hemicycles	p
hemidemisemiquavers	p
hemihydrates	p
hemimetabolisms	p
hemimorphisms	p
hemimorphites	p
hemins	p
hemiolas	p
hemiparasites	p
hemiplegias	p
hemiplegics	p
hemipodes	p
hemipterans	p
hemispheres	p
hemispheroids	p
hemitropes	p
hemlines	p
hemlocks	p
hemmed	VtA
hemmers	p
hemming	NVtA
hemocytes	p
hemocytometers	p
hemodynamically	v
hemoflagellates	p
hemoglobins	p
hemoglobinurias	p
hemolysins	p
hemophiliacs	p
hemophilias	p
hemorrhaged	iA
hemorrhages	pi
hemorrhaging	NiA
hemorrhoids	p
hemosiderins	p
hemostatics	p
hemostats	p
hempier	A
hempiest	A
hemps	p
hempseeds	p
hems	pVt
hemstitched	VA
hemstitchers	p
hemstitches	pV
hemstitching	NVA
henbanes	p
henbits	p
hencoops	p
hendecagons	p
hendecasyllabics	p
hendecasyllables	p
hendiadyses	p
henequens	p
henges	p
hennaed	tA
hennaing	NtA
hennas	pt
hennins	p
hennishly	v
henotheisms	p
henotheists	p
henpecked	tA
henpecking	NtA
henpecks	t
hens	p
hented	tA
henting	NtA
hents	pt
heparinized	tA
heparins	p
hepars	p
hepatectomized	tA
hepaticas	p
hepatics	p
hepatised	tA
hepatises	t
hepatising	NtA
hepatized	tA
hepatizes	t
hepatizing	NtA
hepatotoxins	p
hepcats	p
hepper	A
heppest	A
heptachlors	p
heptachords	p
heptads	p
heptagons	p
heptameters	p
heptanes	p
heptarchists	p
heptoses	p
heralded	tA
heralding	NtA
heraldists	p
heralds	pt
herbages	p
herbalists	p
herbals	p
herbicidally	v
herbicides	p
herbivores	p
herbivorously	v
herborists	p
herborized	iA
herborizes	i
herborizing	NiA
herbs	p
herded	VtA
herders	p
herdics	p
herding	NVtA
herds	pVt
hereafters	p
hereditaments	p
hereditarianisms	p
hereditarinesses	p
herems	p
heresiographers	p
heresiologists	p
hereticalnesses	p
heretics	p
heriots	p
heritabilities	p
heritages	p
heritors	p
herls	p
hermaphrodisms	p
hermaphrodites	p
hermaphroditisms	p
hermitages	p
hermitries	p
hermits	p
herms	p
herns	p
hernshaws	p
heroicalnesses	p
heroicly	v
heroicnesses	p
heroines	p
heroins	p
heroisms	p
heronries	p
herons	p
heronsews	p
herpetologies	p
herpetologists	p
herried	tiA
herries	ti
herringboned	ViA
herringbones	pVi
herringboning	NViA
herrings	p
herrying	NtiA
hes	p
hesitated	iA
hesitaters	p
hesitates	i
hesitating	NiA
hesitations	p
hesitators	p
hesperidins	p
hesperidiums	p
hessians	p
hessites	p
hessonites	p
hests	p
hetaeras	p
hetaerisms	p
hetaerists	p
hetairas	p
hetairists	p
heteroauxins	p
heterochromatins	p
heterochromatisms	p
heterochromosomes	p
heteroclites	p
heterocycles	p
heterodactyls	p
heterodyned	VA
heterodynes	V
heterodyning	NVA
heteroecisms	p
heterogametes	p
heterogamies	p
heterogeneities	p
heterogeneousnesses	p
heterogenies	p
heterogonies	p
heterografts	p
heterographies	p
heterologies	p
heterologously	v
heteromorphies	p
heteromorphisms	p
heteronomies	p
heteronyms	p
heterophonies	p
heterophyllies	p
heterophytes	p
heteroplasties	p
heterosexualities	p
heterosexually	v
heterosexuals	p
heterospories	p
heterostylies	p
heterothallisms	p
heterotopias	p
heterotrophically	v
heterotrophs	p
heterozygosities	p
heterozygotes	p
heths	p
hetmanates	p
hets	V
heughs	p
heulandites	p
heuristics	p
heveas	p
hewed	VtiA
hewers	p
hewing	NVtiA
hewings	V
hews	Vti
hexachloroethanes	p
hexachlorophenes	p
hexachords	p
hexads	p
hexaemerons	p
hexagons	p
hexagrams	p
hexahydrates	p
hexamerisms	p
hexameters	p
hexamethoniums	p
hexamethylenetetramines	p
hexamines	p
hexanes	p
hexaplas	p
hexapods	p
hexastyles	p
hexed	tA
hexers	p
hexes	pt
hexing	NtA
hexobarbitals	p
hexones	p
hexosans	p
hexoses	p
hexylresorcinols	p
hexyls	p
heydays	p
hibachis	p
hibernated	iA
hibernates	i
hibernating	NiA
hibernations	p
hibernators	p
hiccuped	VA
hiccuping	NVA
hiccups	pV
hickeys	p
hickories	p
hicks	p
hickwalls	p
hidages	p
hiddenites	p
hiddennesses	p
hideaways	p
hided	VtA
hideosities	p
hideousnesses	p
hideouts	p
hiders	p
hides	pVt
hiding	NVtA
hidings	p
hied	VA
hierarchised	tA
hierarchising	NtA
hierarchisms	p
hierarchists	p
hierarchized	tA
hierarchizes	t
hierarchizing	NtA
hierodules	p
hieroglyphics	p
hieroglyphists	p
hierogrammats	p
hierograms	p
hierologies	p
hierologists	p
hierophants	p
hies	pV
higgled	VA
higglers	p
higgles	V
higgling	NVA
higglings	i
highballs	p
highbinders	p
highboys	p
highbrowisms	p
highbrows	p
highchairs	p
higher	A
highest	A
highfliers	p
highhandednesses	p
highlands	p
highlifes	p
highlighted	tA
highlighting	NtA
highlights	pt
highnesses	p
highroads	p
highs	p
hightailed	iA
hightailing	NiA
hightails	i
highted	tA
highting	NtA
hights	t
highways	p
hijacked	tA
hijackers	p
hijacking	NtA
hijacks	pt
hiked	iA
hikers	p
hikes	pi
hiking	NiA
hilariousnesses	p
hilarities	p
hildings	p
hilled	tA
hillers	p
hillinesses	p
hilling	NtA
hillocks	p
hills	t
hillsides	p
hilltops	pi
hilted	tA
hilting	NtA
hilts	pt
himations	p
hindbrains	p
hindered	VtA
hinderer	A
hinderers	p
hindering	NVtA
hinders	Vt
hindguts	p
hindquarters	p
hindrances	p
hinds	p
hindsights	p
hinged	tiA
hinges	pti
hinging	NtiA
hinnied	VA
hinnies	V
hinnying	NVA
hins	p
hinted	VA
hinterlands	p
hinters	p
hinting	NVA
hints	pV
hipbones	p
hiply	v
hippeastrums	p
hippiatrists	p
hippings	pV
hippocrases	p
hippodromes	p
hippogriffs	p
hippologists	p
hippophagists	p
hippophiles	p
hippuses	p
hips	p
hiraganas	p
hired	tA
hirelings	p
hirers	p
hires	pt
hiring	NtA
hirings	V
hirpled	iA
hirples	pi
hirpling	NiA
hirsled	tiA
hirsles	ti
hirsling	NtiA
hirsutenesses	p
hirsutisms	p
hirudineans	p
hirudins	p
hispanidads	p
hispanisms	p
hispidities	p
hissed	tiA
hissers	p
hisses	pti
hissing	NtiA
hissings	p
histaminases	p
histamines	p
histidines	p
histiocytes	p
histoblasts	p
histochemistries	p
histogens	p
histograms	p
histologies	p
histologists	p
histolytically	v
histones	p
histopathologically	v
histopathologies	p
histopathologists	p
histophysiologies	p
historians	p
historicalnesses	p
historicisms	p
historicists	p
historicities	p
historiographers	p
histrionics	p
hitched	VtiA
hitchers	p
hitches	pVti
hitchhiked	iA
hitchhikes	i
hitchhiking	NiA
hitching	NVtiA
hits	pV
hitter	A
hitters	p
hitting	NVA
hived	VtA
hivers	p
hives	pVt
hiving	NVtA
hoactzins	p
hoarded	VA
hoarders	p
hoarding	NVA
hoardings	p
hoards	pV
hoarfrosts	p
hoarhounds	p
hoarinesses	p
hoars	p
hoarsened	VA
hoarsenesses	p
hoarsening	NVA
hoarsens	V
hoarser	A
hoarsest	A
hoatzins	p
hoaxed	tA
hoaxers	p
hoaxes	pt
hoaxing	NtA
hobbed	VA
hobbers	p
hobbing	NVA
hobblebushes	p
hobbled	tiA
hobbledehoys	p
hobblers	p
hobbles	pti
hobbling	NtiA
hobbyhorses	pi
hobbyists	p
hobgoblins	p
hobnails	p
hobnobbed	VA
hobnobbing	NVA
hobnobbings	V
hobnobs	V
hoboisms	p
hobs	pV
hocked	VtA
hockers	p
hockets	p
hockeys	p
hocking	NVtA
hocks	pVt
hockshops	p
hocused	VA
hocuses	V
hocusing	NVA
hocussed	VA
hocussing	NVA
hoddens	p
hodgepodges	p
hodographs	p
hodometers	p
hodoscopes	p
hods	p
hoecakes	p
hoed	VA
hoedowns	p
hoeing	NVA
hoers	p
hoes	pV
hogans	p
hogbacks	p
hogfishes	p
hogged	VA
hoggets	p
hogging	NVA
hoggings	V
hoggins	p
hoggishnesses	p
hoggs	p
hogmanays	p
hognuts	p
hogs	pV
hogsheads	p
hogtied	VA
hogties	V
hogtying	NVA
hogwashes	p
hogweeds	p
hoicked	VA
hoicking	NVA
hoicks	V
hoidened	VA
hoidening	NVA
hoidens	pV
hoised	tA
hoises	t
hoising	NtA
hoisted	tA
hoisters	p
hoisting	NtA
hoists	pt
hoistways	p
hoked	tA
hokes	t
hoking	NtA
hokkus	p
hokums	p
holdalls	p
holdbacks	p
holders	p
holdfasts	p
holding	NVtiA
holdings	p
holdouts	p
holdovers	p
holds	pVti
holdups	p
holed	VA
holes	pV
holidayed	iA
holidaying	NiA
holidays	pi
holies	p
holinesses	p
holing	NVA
holings	V
holisms	p
holists	p
hollands	p
hollered	VA
hollering	NVA
hollers	pV
holloed	iA
hollowed	VA
hollower	A
hollowest	A
hollowing	NVA
hollownesses	p
hollows	pV
hollowwares	p
hollyhocks	p
holmiums	p
holms	p
holocausts	p
holoenzymes	p
holograms	p
holographies	p
holographs	p
holometabolisms	p
holophotes	p
holophytes	p
holoplanktons	p
holothurians	p
holotypes	p
holsters	p
holts	p
holystoned	tA
holystones	pt
holystoning	NtA
holytides	p
homaged	VtA
homagers	p
homages	pVt
homaging	NVtA
homburgs	p
homecomers	p
homecomings	p
homed	iA
homelands	p
homelessnesses	p
homelily	v
homelinesses	p
homely	v
homemakers	p
homemakings	p
homeomorphisms	p
homeomorphs	p
homeopathies	p
homeopathists	p
homeothermies	p
homeotherms	p
homer	A
homerooms	p
homers	p
homes	pi
homesicknesses	p
homesites	p
homespuns	p
homesteaders	p
homesteads	p
homestretches	p
hometowns	p
homeworkers	p
homeworks	p
homeynesses	p
homicides	p
homilists	p
homily	v
homing	NiA
homings	p
hominids	p
hominies	p
hominoids	p
hommocks	p
homochromatisms	p
homoeroticisms	p
homogamies	p
homogenates	p
homogeneities	p
homogenies	p
homogenizations	p
homogenized	tA
homogenizers	p
homogenizes	t
homogenizing	NtA
homogonies	p
homografts	p
homographs	p
homoiotherms	p
homologated	tA
homologates	t
homologating	NtA
homologations	p
homologised	tiA
homologisers	p
homologises	ti
homologising	NtiA
homologized	VA
homologizers	p
homologizes	V
homologizing	NVA
homologues	p
homomorphisms	p
homonymies	p
homonyms	p
homophiles	p
homophones	p
homophonies	p
homoplasies	p
homoplastically	v
homoscedasticities	p
homosexualities	p
homosexually	v
homosexuals	p
homospories	p
homostylies	p
homothallisms	p
homotypes	p
homozygotes	p
homozygously	v
honans	p
hondas	p
honed	tiA
hones	pti
honester	A
honestest	A
honestnesses	p
honeworts	p
honeybees	p
honeybunches	p
honeycombed	tA
honeycombing	NtA
honeycombs	pt
honeycreepers	p
honeydews	p
honeyed	VA
honeying	NVA
honeymooned	iA
honeymooners	p
honeymooning	NiA
honeymoons	pi
honeys	V
honeysuckers	p
honeysuckles	p
hongs	p
honing	NtiA
honked	ViA
honkers	p
honking	NViA
honks	pVi
honorablenesses	p
honorands	p
honorarily	v
honored	VtA
honorers	p
honoring	NVtA
honors	Vt
honourablenesses	p
honoured	tA
honourer	A
honourers	p
honouring	NtA
honours	pt
hons	p
hooches	p
hooded	tA
hoodednesses	p
hoodies	p
hooding	NtA
hoodlumisms	p
hoodlums	p
hoodooed	VA
hoodooing	NVA
hoodoos	pV
hoods	pt
hoodwinked	tA
hoodwinkers	p
hoodwinking	NtA
hoodwinks	t
hooeys	p
hoofbeats	p
hoofed	tA
hoofers	p
hoofing	NtA
hoofprints	p
hoofs	t
hookahs	p
hooked	VtA
hookednesses	p
hookers	p
hookies	p
hooking	NVtA
hooknoses	p
hooks	pVt
hookups	p
hookworms	p
hoolies	p
hooliganisms	p
hooligans	p
hooped	VtA
hoopers	p
hooping	NVtA
hooplas	p
hoopoes	p
hoops	pVt
hoopsters	p
hoosegows	p
hooted	VtiA
hooters	p
hooting	NVtiA
hoots	pVti
hoped	VtiA
hopefulnesses	p
hopefuls	p
hopelessnesses	p
hopers	p
hopes	pti
hopheads	p
hoping	NVtiA
hoplites	p
hopped	VtiA
hoppers	p
hopping	NVtiA
hoppings	p
hoppled	VA
hopples	pV
hoppling	NVA
hops	Vti
hopsackings	p
hopsacks	p
hopscotches	p
hoptoads	p
horas	p
horded	iA
hordeins	p
hordeolums	p
hordes	pi
hording	NiA
horehounds	p
horizons	p
horizontalities	p
horizontalnesses	p
horizontals	p
hormonally	v
hormones	p
hornbeams	p
hornbills	p
hornblendes	p
hornbooks	p
horned	tA
hornednesses	p
hornets	p
hornfelses	p
horninesses	p
horning	NtA
hornlessnesses	p
hornpipes	p
hornpouts	p
horns	pt
hornstones	p
hornswoggled	tA
hornswoggles	t
hornswoggling	NtA
horntails	p
hornworms	p
hornworts	p
horologes	p
horologies	p
horologists	p
horologiums	p
horoscopes	p
horoscopies	p
horriblenesses	p
horridnesses	p
horrifications	p
horrified	VA
horrifies	V
horrifying	NVA
horripilated	tA
horripilates	t
horripilating	NtA
horripilations	p
hors	p
horsebacks	p
horseboxes	p
horsecars	p
horsed	tA
horsefleshes	p
horseflies	p
horsehairs	p
horsehides	p
horselaughs	pi
horseleeches	p
horsemanships	p
horsemints	p
horseplayers	p
horseplays	p
horsepowers	p
horsepoxes	p
horseradishes	p
horses	t
horseshits	p
horseshoed	VA
horseshoeing	NVA
horseshoeings	V
horseshoers	p
horseshoes	pV
horsetails	p
horseweeds	p
horsewhipped	VA
horsewhippers	p
horsewhipping	NVA
horsewhips	pV
horsinesses	p
horsing	NtA
horsings	pV
horsts	p
horticulturally	v
horticultures	p
horticulturists	p
hosannas	p
hosed	VA
hosels	p
hoses	pV
hosieries	p
hosiers	p
hosing	NVA
hospices	p
hospitablenesses	p
hospitalizations	p
hospitalized	tA
hospitalizes	t
hospitalizing	NtA
hospitallers	p
hospitals	p
hospitiums	p
hospodars	p
hostages	p
hostas	p
hosted	VtA
hostelers	p
hostellers	p
hostels	p
hostesses	p
hosting	NVtA
hostlers	p
hosts	pVt
hotbeds	p
hotboxes	p
hotched	tiA
hotches	pti
hotching	NtiA
hotchpots	p
hoteliers	p
hotelkeepers	p
hotels	p
hotfooted	VA
hotfooting	NVA
hotfoots	V
hotheadednesses	p
hotheads	p
hothouses	p
hotnesses	p
hotplates	p
hotpots	p
hotshots	p
hotspurs	p
hottered	iA
hottering	NiA
hotters	i
hotties	p
houdahs	p
houghed	tA
houghing	NtA
houghs	pt
houmouses	p
hounded	tA
hounders	p
hounding	NtA
hounds	pt
hourglasses	p
houseboats	p
houseboys	p
housebreakers	p
housebreaking	NtA
housebreakings	p
housebreaks	t
housecarls	p
housecleaned	tiA
housecleaning	NtiA
housecleanings	p
housecleans	ti
housecoats	p
housed	VtA
housedresses	p
housefathers	p
houseguests	p
householders	p
households	p
housekeepers	p
housekeeping	NiA
housekeepings	p
housekeeps	i
houseled	VA
houseleeks	p
houselessnesses	p
houseling	NVA
houselings	V
houselled	VA
houselling	NVA
housellings	V
housels	pV
housemaids	p
housemasters	p
housemothers	p
houseparents	p
houserooms	p
houses	pVt
housetops	p
housewarmings	p
housewifelinesses	p
housewiferies	p
houseworkers	p
houseworks	p
housing	NVtA
housings	p
houstonias	p
houtings	p
hoveled	VA
hoveling	NVA
hovelled	VA
hovelling	NVA
hovels	pV
hovercrafts	p
hovered	iA
hoverers	p
hovering	NiA
hoverports	p
hovers	pi
hovertrains	p
howdahs	p
howes	p
howffs	pi
howfs	p
howitzers	p
howled	ViA
howlers	p
howlets	p
howling	NViA
howls	pVi
hows	p
howtowdies	p
hoyas	p
hoydens	p
hoys	p
hs	p
hubbubs	p
hubcaps	p
hubrises	p
hubs	p
huckabacks	p
huckles	p
huckstered	tA
huckstering	NtA
hucksterisms	p
hucksters	pt
huddled	VtiA
huddlers	p
huddles	pVti
huddling	NVtiA
huemuls	p
hues	p
huffed	VtiA
huffinesses	p
huffing	NVtiA
huffishnesses	p
huffs	pVti
hugenesses	p
hugged	VA
huggermuggered	VtiA
huggermuggering	NVtiA
huggermuggers	pVti
huggers	p
hugging	NVA
hugs	pV
huias	p
huisaches	p
hulas	p
hulked	iA
hulking	NiA
hulks	pi
hulled	VtA
hullers	p
hulling	NVtA
hulls	pVt
humanenesses	p
humaner	A
humanest	A
humanisations	p
humanised	tiA
humanisers	p
humanises	ti
humanising	NtiA
humanisms	p
humanists	p
humanitarianisms	p
humanitarianists	p
humanitarians	p
humanizations	p
humanized	VA
humanizers	p
humanizes	V
humanizing	NVA
humannesses	p
humanoids	p
humans	p
humblebees	p
humbled	tA
humblenesses	p
humbles	t
humbling	NtA
humbugged	VA
humbuggeries	p
humbuggers	p
humbugging	NVA
humbugs	pV
humdingers	p
humdrums	p
humectants	p
humidifications	p
humidified	VA
humidifiers	p
humidifies	V
humidifying	NVA
humidistats	p
humidities	p
humidnesses	p
humidors	p
humiliated	tA
humiliates	t
humiliating	NtA
humiliations	p
humiliators	p
humilities	p
hummed	ViA
hummers	p
humming	NViA
hummingbirds	p
hummings	V
hummocks	p
humorally	v
humored	tA
humoresques	p
humoring	NtA
humorists	p
humorlessly	v
humorlessnesses	p
humorousnesses	p
humors	pt
humoured	tA
humouring	NtA
humourlessnesses	p
humours	pt
humpbacks	p
humped	VtA
humpinesses	p
humping	NVtA
humps	pVt
humpties	p
hums	pVi
humuses	p
hunchbacks	p
hunched	ViA
hunches	pVi
hunching	NViA
hundreds	p
hundredths	p
hunger	A
hungered	ViA
hungering	NViA
hungers	pVi
hungrier	A
hungriest	A
hungrinesses	p
hunkered	iA
hunkering	NiA
hunkers	i
hunkier	A
hunkiest	A
hunks	p
hunkses	p
huntaways	p
hunted	VtiA
hunters	p
hunting	NVtiA
huntings	p
huntresses	p
hunts	pVti
huppahs	p
hurcheons	p
hurdled	VtA
hurdlers	p
hurdles	pVt
hurdling	NVtA
hurdlings	V
hurled	tA
hurlers	p
hurleys	p
hurling	NtA
hurlings	p
hurls	pt
hurrahed	VA
hurrahing	NVA
hurrahs	V
hurricanes	p
hurried	VtA
hurriednesses	p
hurries	pVt
hurrying	NVtA
hurryings	V
hursts	p
hurters	p
hurtfulnesses	p
hurting	NViA
hurtled	ViA
hurtles	Vi
hurtling	NViA
hurts	pVi
husbandages	p
husbanded	VtA
husbanders	p
husbanding	NVtA
husbandries	p
husbands	pVt
hushabies	p
hushed	VtA
hushes	pVt
hushing	NVtA
husked	tA
huskers	p
huskinesses	p
husking	NtA
huskings	p
husks	pt
hussars	p
hustled	VtiA
hustlers	p
hustles	pVti
hustling	NVtiA
hustlings	V
hutched	tA
hutches	pt
hutching	NtA
hutments	p
huts	pV
hutted	VA
hutting	NVA
huzzahed	VA
huzzahing	NVA
huzzahs	pV
hwyls	p
hyacinths	p
hyalines	p
hyalinizations	p
hyalinized	iA
hyalinizes	i
hyalinizing	NiA
hyalins	p
hyalites	p
hyalogens	p
hyaloplasms	p
hyaluronidases	p
hybridised	tiA
hybridisers	p
hybridises	ti
hybridising	NtiA
hybridisms	p
hybridists	p
hybridized	VA
hybridizers	p
hybridizes	V
hybridizing	NVA
hybrids	p
hybrises	p
hydathodes	p
hydatids	p
hydracids	p
hydragogues	p
hydralazines	p
hydrangeas	p
hydranths	p
hydrants	p
hydrargyrums	p
hydrases	p
hydrastines	p
hydrated	VA
hydrates	pV
hydrating	NVA
hydrations	p
hydrators	p
hydrazines	p
hydrias	p
hydrically	v
hydrides	p
hydrocarbons	p
hydroceles	p
hydrocephaluses	p
hydrochlorides	p
hydrochlorothiazides	p
hydrocorals	p
hydrocortisones	p
hydrocrackings	p
hydroelectrically	v
hydroelectricities	p
hydrofoils	p
hydrogenates	p
hydrogenations	p
hydrogenisations	p
hydrogenised	tA
hydrogenises	t
hydrogenising	NtA
hydrogenizations	p
hydrogenized	VA
hydrogenizes	V
hydrogenizing	NVA
hydrogens	p
hydrogeologies	p
hydrogeologists	p
hydrographers	p
hydrographies	p
hydrographs	p
hydroids	p
hydrolases	p
hydrologies	p
hydrologists	p
hydrolysates	p
hydrolysed	VA
hydrolyses	V
hydrolysing	NVA
hydrolytes	p
hydrolytically	v
hydrolyzations	p
hydrolyzed	tiA
hydrolyzes	ti
hydrolyzing	NtiA
hydromancers	p
hydromancies	p
hydromedusas	p
hydromels	p
hydrometallurgies	p
hydrometeorologies	p
hydrometeors	p
hydrometers	p
hydrometrically	v
hydrometries	p
hydronauts	p
hydropathically	v
hydropathies	p
hydropathists	p
hydropaths	p
hydroperoxides	p
hydrophanes	p
hydrophilies	p
hydrophobias	p
hydrophobicities	p
hydrophones	p
hydrophytes	p
hydroplaned	iA
hydroplanes	pi
hydroplaning	NiA
hydroponists	p
hydropowers	p
hydropses	p
hydroquinones	p
hydros	p
hydroscopes	p
hydroseres	p
hydroskis	p
hydrosols	p
hydrosomes	p
hydrospheres	p
hydrostats	p
hydrosulfides	p
hydrosulfites	p
hydrosulphides	p
hydrosulphites	p
hydrothecas	p
hydrotherapies	p
hydrotherapists	p
hydrothoraxes	p
hydrotropically	v
hydrotropisms	p
hydroxides	p
hydroxylamines	p
hydroxyls	p
hydroxyprolines	p
hydroxyzines	p
hydrozoans	p
hyenas	p
hyetographies	p
hyetographs	p
hygienes	p
hygienists	p
hygristors	p
hygrographs	p
hygrometers	p
hygrometries	p
hygrophytes	p
hygroscopes	p
hygroscopicities	p
hygrostats	p
hying	NVA
hylas	p
hylotheists	p
hylozoisms	p
hylozoists	p
hymeneals	p
hymeniums	p
hymenopterans	p
hymenopterons	p
hymens	p
hymnals	p
hymned	VA
hymners	p
hymning	NVA
hymnists	p
hymnodies	p
hymnodists	p
hymnologies	p
hymnologists	p
hymns	pV
hyoids	p
hyoscines	p
hyoscyamines	p
hypabyssally	v
hypaesthesias	p
hypallages	p
hypanthiums	p
hyped	tiA
hyperacidities	p
hyperactions	p
hyperactivities	p
hyperacuities	p
hyperaemias	p
hyperaesthesias	p
hyperalimentations	p
hyperbarically	v
hyperbolas	p
hyperboles	p
hyperbolisms	p
hyperbolized	VA
hyperbolizes	V
hyperbolizing	NVA
hyperboloids	p
hypercalcemias	p
hypercapnias	p
hypercatabolisms	p
hypercholesterolemias	p
hypercoagulabilities	p
hyperconcentrations	p
hypercorrections	p
hypercorrectly	v
hypercorrectnesses	p
hypercriticisms	p
hypercritics	p
hyperemias	p
hyperesthesias	p
hyperexcitabilities	p
hyperexcitements	p
hyperextensions	p
hyperfunctions	p
hypergamies	p
hyperglycemias	p
hypergolically	v
hypergols	p
hyperimmunizations	p
hyperimmunized	tA
hyperimmunizes	t
hyperimmunizing	NtA
hyperinsulinisms	p
hyperirritabilities	p
hyperkinesias	p
hyperlipemias	p
hypermarkets	p
hypermetabolisms	p
hypermeters	p
hypermetropias	p
hypermetropies	p
hypermnesias	p
hyperons	p
hyperopes	p
hyperopias	p
hyperparasites	p
hyperparasitisms	p
hyperparathyroidisms	p
hyperphagias	p
hyperpigmentations	p
hyperpituitarisms	p
hyperplanes	p
hyperplasias	p
hyperploidies	p
hyperpneas	p
hyperpyrexias	p
hypersalivations	p
hypersecretions	p
hypersensitisations	p
hypersensitised	tA
hypersensitises	t
hypersensitising	NtA
hypersensitivenesses	p
hypersensitivities	p
hypersensitizations	p
hypersensitized	tA
hypersensitizes	t
hypersensitizing	NtA
hypersonically	v
hyperspaces	p
hypersthenes	p
hypersusceptibilities	p
hypertensions	p
hypertensives	p
hyperthermias	p
hyperthyroidisms	p
hypertonicities	p
hypertrophied	VA
hypertrophies	V
hypertrophying	NVA
hyperurbanisms	p
hyperventilations	p
hyperviscosities	p
hypes	pti
hypesthesias	p
hyphenated	tA
hyphenates	t
hyphenating	NtA
hyphenations	p
hyphened	tA
hyphening	NtA
hyphenisations	p
hyphenised	tA
hyphenises	t
hyphenising	NtA
hyphenizations	p
hyphenized	tA
hyphenizes	t
hyphenizing	NtA
hyphens	pt
hyping	NtiA
hypnogenetically	v
hypnologies	p
hypnologists	p
hypnopaedias	p
hypnotherapies	p
hypnotics	p
hypnotisabilities	p
hypnotisations	p
hypnotised	tiA
hypnotisers	p
hypnotises	ti
hypnotising	NtiA
hypnotisms	p
hypnotists	p
hypnotizabilities	p
hypnotizations	p
hypnotized	tA
hypnotizers	p
hypnotizes	t
hypnotizing	NtA
hypoacidities	p
hypoblasts	p
hypocalcemias	p
hypocausts	p
hypocentres	p
hypochlorites	p
hypochondriacs	p
hypochondrias	p
hypocorisms	p
hypocotyls	p
hypocrites	p
hypocycloids	p
hypodermas	p
hypodermics	p
hypodermises	p
hypoderms	p
hypogastriums	p
hypogeally	v
hypoglossals	p
hypoglycemias	p
hypogonadisms	p
hypogynies	p
hypokalemias	p
hypolimnions	p
hypomanias	p
hyponasties	p
hyponoias	p
hypophosphites	p
hypophysectomized	tA
hypophysectomizes	t
hypophysectomizing	NtA
hypopituitarisms	p
hypoplasias	p
hypoploidies	p
hypopneas	p
hypopyons	p
hyposensitizations	p
hyposensitized	tA
hyposensitizes	t
hyposensitizing	NtA
hypostasised	tA
hypostasises	pt
hypostasising	NtA
hypostasized	VA
hypostasizes	V
hypostasizing	NVA
hypostatisations	p
hypostatised	tA
hypostatises	t
hypostatising	NtA
hypostatizations	p
hypostatized	tA
hypostatizes	t
hypostatizing	NtA
hypostomes	p
hypostyles	p
hyposulfites	p
hyposulphites	p
hypotensions	p
hypotensives	p
hypotenuses	p
hypothecated	tA
hypothecates	t
hypothecating	NtA
hypothecations	p
hypothecators	p
hypothecs	p
hypothermias	p
hypothesised	tiA
hypothesisers	p
hypothesises	pti
hypothesising	NtiA
hypothesized	VA
hypothesizers	p
hypothesizes	V
hypothesizing	NVA
hypothyroidisms	p
hypotonicities	p
hypoxanthines	p
hypoxemias	p
hypoxias	p
hyps	p
hypsographies	p
hypsometers	p
hypsometries	p
hypsometrists	p
hyracoids	p
hyraxes	p
hysons	p
hyssops	p
hysterectomized	tA
hysterectomizes	t
hysterectomizing	NtA
hysterias	p
hysterics	p
iambics	p
iambs	p
iambuses	p
iatrochemists	p
iatrogenically	v
ibexes	p
icebergs	p
iceblinks	p
iceboatings	p
iceboats	p
iceboxes	p
icebreakers	p
icecaps	p
iced	VtA
icefalls	p
ices	pVt
ichneumons	p
ichnites	p
ichnologies	p
ichors	p
ichthyoids	p
ichthyolites	p
ichthyologies	p
ichthyologists	p
ichthyophagies	p
ichthyophagists	p
ichthyornises	p
ichthyosaurs	p
icicles	p
icinesses	p
icing	NVtA
icings	p
ickers	p
ickily	v
iconicities	p
iconoclasms	p
iconoclasts	p
iconographers	p
iconographically	v
iconolaters	p
iconolatries	p
iconologies	p
iconologists	p
iconoscopes	p
icteruses	p
idealisations	p
idealised	tiA
idealisers	p
idealises	ti
idealising	NtiA
idealisms	p
idealists	p
idealizations	p
idealized	VtiA
idealizers	p
idealizes	Vti
idealizing	NVtiA
ideals	p
ideas	p
ideated	VA
ideates	pV
ideating	NVA
ideations	p
identicalnesses	p
identifiably	v
identifications	p
identified	ViA
identifiers	p
identifies	Vi
identifying	NViA
identities	p
ideograms	p
ideographies	p
ideographs	p
ideologised	tA
ideologising	NtA
ideologists	p
ideologized	tA
ideologizes	t
ideologizing	NtA
ides	p
idioblasts	p
idiographs	p
idiolects	p
idiomorphisms	p
idioms	p
idiopathies	p
idiophones	p
idioplasms	p
idiotisms	p
idiots	p
idled	VtiA
idlenesses	p
idler	A
idlers	p
idles	Vti
idlesses	p
idling	NVtiA
idocrases	p
idolaters	p
idolatrised	tiA
idolatrises	ti
idolatrising	NtiA
idolatrized	tiA
idolatrizes	ti
idolatrizing	NtiA
idolatrousnesses	p
idolisations	p
idolised	tiA
idolisers	p
idolises	ti
idolising	NtiA
idolisms	p
idolizations	p
idolized	tiA
idolizers	p
idolizes	ti
idolizing	NtiA
idols	p
idoneities	p
ids	p
idyllists	p
idylls	p
iffier	A
iffiest	A
ifs	p
ignescents	p
ignitabilities	p
ignited	VtA
igniters	p
ignites	Vt
igniting	NVtA
ignitions	p
ignitrons	p
ignobilities	p
ignoblenesses	p
ignominiousnesses	p
ignorances	p
ignorantnesses	p
ignored	tA
ignorers	p
ignores	t
ignoring	NtA
iguanas	p
iguanids	p
iguanodons	p
ihrams	p
ikebanas	p
ileuses	p
ilexes	p
ilks	p
illations	p
illatives	p
illegalisations	p
illegalised	tA
illegalises	t
illegalising	NtA
illegalizations	p
illegalized	tA
illegalizes	t
illegalizing	NtA
illegibilities	p
illegiblenesses	p
illegitimacies	p
iller	A
illest	A
illiberalised	tA
illiberalises	t
illiberalising	NtA
illiberalisms	p
illiberalities	p
illiberalized	tA
illiberalizes	t
illiberalizing	NtA
illiberalnesses	p
illicitnesses	p
illimitabilities	p
illimitablenesses	p
illiniums	p
illiteratenesses	p
illiterates	p
illnesses	p
illocutions	p
illogicalnesses	p
illogics	p
ills	p
illuded	VA
illudes	V
illuding	NVA
illumed	tA
illumes	t
illuminances	p
illuminants	p
illuminated	tiA
illuminates	pti
illuminating	NtiA
illuminations	p
illuminators	p
illumined	VA
illumines	V
illuming	NtA
illumining	NVA
illuminisms	p
illuminists	p
illusionisms	p
illusionistically	v
illusionists	p
illusions	p
illusivenesses	p
illusorinesses	p
illustrated	VtA
illustrateds	V
illustrates	Vt
illustrating	NVtA
illustrations	p
illustrators	p
illustriousnesses	p
illuviated	iA
illuviates	i
illuviating	NiA
illuviations	p
ilmenites	p
imaged	tA
imageries	p
imagers	p
images	pt
imaginarinesses	p
imaginations	p
imaginativenesses	p
imagined	VtA
imaginers	p
imagines	Vt
imaging	NtA
imagings	V
imagining	NVtA
imaginings	V
imagisms	p
imagists	p
imagos	p
imamates	p
imams	p
imarets	p
imbalances	p
imbalmed	tA
imbalmers	p
imbalming	NtA
imbalms	t
imbarked	tiA
imbarking	NtiA
imbarks	ti
imbeciles	p
imbibed	VtA
imbibers	p
imbibes	Vt
imbibing	NVtA
imbibitions	p
imbittered	tA
imbittering	NtA
imbitters	t
imbodied	tA
imbodies	t
imbodying	NtA
imboldened	tA
imboldening	NtA
imboldens	t
imbosomed	tA
imbosoming	NtA
imbosoms	t
imbowered	tiA
imbowering	NtiA
imbowers	ti
imbrangled	tA
imbrangles	t
imbrangling	NtA
imbricated	VtA
imbricates	Vt
imbricating	NVtA
imbrications	p
imbrowned	tiA
imbrowning	NtiA
imbrowns	ti
imbrued	VA
imbrues	V
imbruing	NVA
imbruted	tiA
imbrutes	ti
imbruting	NtiA
imbued	VA
imbues	V
imbuing	NVA
imidazoles	p
imides	p
imines	p
imitabilities	p
imitated	tA
imitates	t
imitating	NtA
imitations	p
imitativenesses	p
imitators	p
immaculacies	p
immaculatenesses	p
immanencies	p
immanentisms	p
immaterialised	tA
immaterialises	t
immaterialising	NtA
immaterialisms	p
immaterialists	p
immaterialized	tA
immaterializes	t
immaterializing	NtA
immaterialnesses	p
immaturenesses	p
immaturities	p
immeasurabilities	p
immeasurablenesses	p
immediacies	p
immediatenesses	p
immensenesses	p
immenser	A
immensest	A
immerged	VA
immergences	p
immerges	V
immerging	NVA
immersed	tA
immerses	t
immersing	NtA
immersionists	p
immersions	p
immeshed	VA
immeshes	V
immeshing	NVA
immigrants	p
immigrated	tiA
immigrates	ti
immigrating	NtiA
immigrations	p
immigrators	p
imminences	p
imminentnesses	p
immingled	VA
immingles	V
immingling	NVA
immiscibilities	p
immitigabilities	p
immixed	tA
immixes	t
immixing	NtA
immixtures	p
immobilisations	p
immobilised	tA
immobilises	t
immobilising	NtA
immobilisms	p
immobilities	p
immobilizations	p
immobilized	tA
immobilizes	t
immobilizing	NtA
immoderacies	p
immoderatenesses	p
immoderations	p
immodesties	p
immolated	tA
immolates	t
immolating	NtA
immolations	p
immolators	p
immoralisms	p
immoralists	p
immortalisations	p
immortalised	tA
immortalisers	p
immortalises	t
immortalising	NtA
immortalities	p
immortalizations	p
immortalized	tA
immortalizers	p
immortalizes	t
immortalizing	NtA
immortals	p
immortelles	p
immovabilities	p
immovablenesses	p
immunes	p
immunisations	p
immunised	tA
immunises	t
immunising	NtA
immunizations	p
immunized	VA
immunizers	p
immunizes	V
immunizing	NVA
immunoassays	p
immunochemistries	p
immunogenetically	v
immunogenicities	p
immunoglobulins	p
immunologies	p
immunologists	p
immunoreactions	p
immunotherapies	p
immured	tA
immurements	p
immures	t
immuring	NtA
immutabilities	p
immutablenesses	p
impacted	VA
impacting	NVA
impactions	p
impacts	pV
impaired	tA
impairers	p
impairing	NtA
impairments	p
impairs	t
impaled	tA
impalements	p
impalers	p
impales	t
impaling	NtA
impalpabilities	p
impanations	p
impaneled	VA
impaneling	NVA
impanelled	VA
impanelling	NVA
impanelments	p
impanels	V
imparadised	tA
imparadises	t
imparadising	NtA
imparked	tA
imparking	NtA
imparks	t
imparlances	p
imparled	iA
imparling	NiA
imparls	i
impartations	p
imparted	tA
imparters	p
impartialities	p
impartialnesses	p
impartibilities	p
imparting	NtA
impartments	p
imparts	t
impassabilities	p
impassablenesses	p
impassibilities	p
impassiblenesses	p
impassioned	tA
impassionednesses	p
impassioning	NtA
impassions	t
impassivenesses	p
impassivities	p
impastations	p
impasted	tA
impastes	t
impasting	NtA
impastos	p
impatiences	p
impawned	tA
impawning	NtA
impawns	t
impeachabilities	p
impeached	tA
impeachers	p
impeaches	t
impeaching	NtA
impeachments	p
impearled	tA
impearling	NtA
impearls	t
impeccabilities	p
impecuniosities	p
impecuniousnesses	p
imped	tA
impedances	p
impeded	tA
impeders	p
impedes	t
impediments	p
impeding	NtA
impelled	VA
impellents	p
impeller	A
impellers	p
impelling	NVA
impels	V
impended	iA
impendences	p
impendencies	p
impending	NiA
impends	i
impenetrabilities	p
impenetrablenesses	p
impenitences	p
impenitencies	p
imperativenesses	p
imperatives	p
imperators	p
imperceptibilities	p
imperceptiblenesses	p
imperceptively	v
imperceptivenesses	p
imperceptivities	p
impercipiences	p
imperfections	p
imperfectives	p
imperfectnesses	p
imperfects	p
imperforations	p
imperialised	tA
imperialises	t
imperialising	NtA
imperialisms	p
imperialists	p
imperialized	tA
imperializes	t
imperializing	NtA
imperials	p
imperiled	tA
imperiling	NtA
imperilled	tA
imperilling	NtA
imperilments	p
imperils	t
imperiousnesses	p
imperishabilities	p
imperishablenesses	p
imperiums	p
impermanences	p
impermanencies	p
impermeabilities	p
impermeablenesses	p
impermissibilities	p
impermissibly	v
impersonalisations	p
impersonalised	tA
impersonalises	t
impersonalising	NtA
impersonalizations	p
impersonalized	tA
impersonalizes	t
impersonalizing	NtA
impersonated	tA
impersonates	t
impersonating	NtA
impersonations	p
impersonators	p
impertinences	p
imperturbabilities	p
imperturbablenesses	p
imperviousnesses	p
impetigos	p
impetrated	tA
impetrates	t
impetrating	NtA
impetrations	p
impetrators	p
impetuousnesses	p
impignorated	tA
impignorates	t
impignorating	NtA
imping	NtA
impinged	iA
impingements	p
impingers	p
impinges	i
impinging	NiA
impiousnesses	p
impishnesses	p
implacabilities	p
implacablenesses	p
implantations	p
implanted	VtA
implanters	p
implanting	NVtA
implants	pVt
impleaded	tA
impleaders	p
impleading	NtA
impleads	t
implementations	p
implemented	VtA
implementers	p
implementing	NVtA
implementors	p
implements	pVt
impletions	p
implicated	tA
implicates	t
implicating	NtA
implications	p
implicitnesses	p
implied	VA
implies	V
imploded	VtA
implodes	Vt
imploding	NVtA
implorations	p
implored	tA
implorers	p
implores	t
imploring	NtA
implosions	p
implosives	p
implying	NVA
impoldered	VA
impoldering	NVA
impolders	V
impolitenesses	p
impolitically	v
impoliticnesses	p
imponderabilities	p
imponderablenesses	p
imponderables	p
imponed	tA
imponents	p
impones	t
imponing	NtA
importabilities	p
importances	p
importations	p
imported	VtA
importers	p
importing	NVtA
imports	pVt
importunacies	p
importunatenesses	p
importuned	tA
importuners	p
importunes	t
importuning	NtA
imposed	VtiA
imposers	p
imposes	Vti
imposing	NVtiA
impositions	p
impossiblenesses	p
imposted	tA
imposting	NtA
impostors	p
imposts	pt
impostumes	p
impostures	p
impotences	p
impoundages	p
impounded	tA
impounders	p
impounding	NtA
impoundments	p
impounds	t
impoverished	tA
impoverishers	p
impoverishes	t
impoverishing	NtA
impoverishments	p
impowered	VA
impowering	NVA
impowers	V
impracticabilities	p
impracticablenesses	p
impracticalities	p
impractically	v
impracticalnesses	p
imprecated	tiA
imprecates	ti
imprecating	NtiA
imprecations	p
imprecators	p
imprecisenesses	p
imprecisions	p
impregnabilities	p
impregnablenesses	p
impregnated	VtA
impregnates	Vt
impregnating	NVtA
impregnations	p
impregnators	p
impresarios	p
impresas	p
impressed	VtA
impresses	pVt
impressibilities	p
impressing	NVtA
impressionabilities	p
impressionablenesses	p
impressionisms	p
impressionists	p
impressions	p
impressivenesses	p
impressments	p
impressures	p
imprests	p
imprimaturs	p
imprinted	VA
imprinters	p
imprinting	NVA
imprintings	p
imprints	pV
imprisoned	tA
imprisoners	p
imprisoning	NtA
imprisonments	p
imprisons	t
improbablenesses	p
improbities	p
impromptus	p
impropernesses	p
impropriated	VtA
impropriates	Vt
impropriating	NVtA
impropriations	p
impropriators	p
improvabilities	p
improvablenesses	p
improved	VtiA
improvements	p
improvers	p
improves	pVti
improvidences	p
improving	NVtiA
improvisationally	v
improvisations	p
improvisators	p
improvised	VA
improvisers	p
improvises	V
improvising	NVA
imprudences	p
imps	pt
impudences	p
impudicities	p
impugned	tA
impugners	p
impugning	NtA
impugnments	p
impugns	t
impuissances	p
impulses	p
impulsions	p
impulsivenesses	p
impunities	p
impurenesses	p
impurer	A
impurest	A
imputabilities	p
imputations	p
imputed	tA
imputers	p
imputes	t
imputing	NtA
inabilities	p
inaccessibilities	p
inaccuratenesses	p
inactions	p
inactivated	tA
inactivates	t
inactivating	NtA
inactivations	p
inactivenesses	p
inactivities	p
inadequacies	p
inadequatenesses	p
inadmissibilities	p
inadvertences	p
inadvisabilities	p
inalienabilities	p
inalterabilities	p
inalterablenesses	p
inaner	A
inanes	p
inanest	A
inanimatenesses	p
inanimations	p
inanitions	p
inappetences	p
inapplicabilities	p
inappositenesses	p
inappreciativenesses	p
inapprehensions	p
inapproachabilities	p
inappropriatenesses	p
inaptitudes	p
inaptnesses	p
inarched	tA
inarches	t
inarching	NtA
inarmed	tA
inarming	NtA
inarms	t
inarticulatenesses	p
inattentions	p
inattentivenesses	p
inaudibilities	p
inaugurals	p
inaugurated	tA
inaugurates	t
inaugurating	NtA
inaugurations	p
inaugurators	p
inauspiciousnesses	p
inbeings	p
inbreathed	tA
inbreathes	t
inbreathing	NtA
inbreeder	A
inbreeding	NVtA
inbreedings	p
inbreeds	Vt
inbursts	p
incaged	tA
incages	t
incaging	NtA
incalculabilities	p
incalculablenesses	p
incalescences	p
incandesced	iA
incandescences	p
incandesces	i
incandescing	NiA
incantations	p
incapabilities	p
incapablenesses	p
incapacitated	tA
incapacitates	t
incapacitating	NtA
incapacitations	p
incapacities	p
incapsulated	VA
incapsulates	V
incapsulating	NVA
incarcerated	VtA
incarcerates	Vt
incarcerating	NVtA
incarcerations	p
incarcerators	p
incardinated	tA
incardinates	t
incardinating	NtA
incardinations	p
incarnadined	tA
incarnadines	t
incarnadining	NtA
incarnated	VtA
incarnates	Vt
incarnating	NVtA
incarnations	p
incasements	p
incautions	p
incautiousnesses	p
incendiarisms	p
incensed	VtA
incensements	p
incenses	pVt
incensing	NVtA
incensories	p
incenters	p
incentives	p
incepted	tA
incepting	NtA
inceptions	p
inceptives	p
inceptors	p
incepts	t
incertitudes	p
incessancies	p
incessantnesses	p
incests	p
incestuousnesses	p
inched	VA
inches	pV
inching	NVA
inchoated	VtA
inchoatenesses	p
inchoates	Vt
inchoating	NVtA
inchoations	p
inchoatively	v
inchoatives	p
inchworms	p
incidences	p
incidentals	p
incidents	p
incinerated	VA
incinerates	V
incinerating	NVA
incinerations	p
incinerators	p
incipiences	p
incipiencies	p
incipits	p
incised	tA
incises	t
incising	NtA
incisions	p
incisivenesses	p
incisors	p
incisures	p
incitants	p
incitations	p
incited	tA
incitements	p
inciters	p
incites	t
inciting	NtA
inclasped	tA
inclasping	NtA
inclasps	t
inclemencies	p
inclinations	p
inclined	VA
incliners	p
inclines	pV
inclining	NVA
inclinings	p
inclinometers	p
inclosers	p
included	tA
includes	t
including	NtA
inclusions	p
inclusivenesses	p
incognitas	p
incognizances	p
incogs	p
incoherences	p
incombustibilities	p
incombustibles	p
incomers	p
incomes	p
incomings	p
incommensurabilities	p
incommensurables	p
incommensuratenesses	p
incommoded	tA
incommodes	t
incommoding	NtA
incommodiousnesses	p
incommunicabilities	p
incommunicativenesses	p
incommutabilities	p
incommutablenesses	p
incomparabilities	p
incomparablenesses	p
incompatibilities	p
incompatiblenesses	p
incompatibles	p
incompetences	p
incompetents	p
incompletenesses	p
incompletions	p
incompliances	p
incompliancies	p
incomprehensibilities	p
incomprehensiblenesses	p
incomprehensions	p
incomprehensivenesses	p
incompressibilities	p
inconceivabilities	p
inconceivablenesses	p
inconclusivenesses	p
incondensabilities	p
inconditely	v
inconformities	p
incongruences	p
incongruousnesses	p
inconsecutively	v
inconsecutivenesses	p
inconsequences	p
inconsequentialities	p
inconsiderablenesses	p
inconsideratenesses	p
inconsiderations	p
inconsolabilities	p
inconsolablenesses	p
inconsonances	p
inconspicuousnesses	p
inconstancies	p
incontestabilities	p
incontestablenesses	p
incontinences	p
incontinencies	p
incontrovertibilities	p
incontrovertiblenesses	p
inconvenienced	tA
inconveniences	pt
inconveniencing	NtA
inconvertibilities	p
inconvincibilities	p
incoordinately	v
incoordinations	p
incorporated	VA
incorporates	V
incorporating	NVA
incorporations	p
incorporators	p
incorporealities	p
incorporeities	p
incorrectnesses	p
incorrigibilities	p
incorrigiblenesses	p
incorrigibles	p
incorruptibilities	p
incorruptions	p
incorruptnesses	p
incrassated	VA
incrassates	V
incrassating	NVA
incrassations	p
increased	VA
increasers	p
increases	pV
increasing	NVA
incredibilities	p
incrediblenesses	p
incredulities	p
incredulousnesses	p
incrementally	v
increments	p
incretions	p
incriminated	tA
incriminates	t
incriminating	NtA
incriminations	p
incriminators	p
incrossed	VA
incrosses	pV
incrossing	NVA
incrustations	p
incubated	ViA
incubates	Vi
incubating	NViA
incubations	p
incubators	p
incubuses	p
inculcated	tA
inculcates	t
inculcating	NtA
inculcations	p
inculcators	p
inculpabilities	p
inculpablenesses	p
inculpated	tA
inculpates	t
inculpating	NtA
inculpations	p
incumbents	p
incurabilities	p
incurablenesses	p
incurables	p
incuriosities	p
incuriousnesses	p
incurred	VA
incurrences	p
incurring	NVA
incurs	V
incursions	p
incurvated	VA
incurvates	V
incurvating	NVA
incurvations	p
incurvatures	p
incurved	VA
incurves	pV
incurving	NVA
incused	VA
incuses	pV
incusing	NVA
indabas	p
indagated	tA
indagates	t
indagating	NtA
indagations	p
indagators	p
indamines	p
indebted	tA
indebtednesses	p
indecenter	A
indecentest	A
indecipherabilities	p
indecipherablenesses	p
indecisions	p
indecisivenesses	p
indecorousnesses	p
indecorums	p
indefatigabilities	p
indefatigablenesses	p
indefeasibilities	p
indefectibilities	p
indefensibilities	p
indefensiblenesses	p
indefinablenesses	p
indefinitenesses	p
indehiscences	p
indelibilities	p
indeliblenesses	p
indelicatenesses	p
indemnifications	p
indemnified	VA
indemnifiers	p
indemnifies	V
indemnifying	NVA
indemonstrabilities	p
indemonstrablenesses	p
indenes	p
indentations	p
indented	VtA
indenters	p
indenting	NVtA
indentions	p
indentors	p
indents	pVt
indentured	tiA
indentures	pti
indentureships	p
indenturing	NtiA
independences	p
independents	p
indescribabilities	p
indescribablenesses	p
indestructibilities	p
indestructiblenesses	p
indeterminablenesses	p
indeterminacies	p
indeterminatenesses	p
indeterminations	p
indeterminisms	p
indeterminists	p
indexed	tA
indexers	p
indexes	pt
indexing	NtA
indicans	p
indicants	p
indicated	tA
indicates	t
indicating	NtA
indications	p
indicatives	p
indicators	p
indiciums	p
indicted	tA
indicters	p
indicting	NtA
indictions	p
indictments	p
indictors	p
indicts	t
indifferences	p
indifferencies	p
indifferentisms	p
indifferentists	p
indigences	p
indigenes	p
indigenities	p
indigenousnesses	p
indigents	p
indigestibilities	p
indigestiblenesses	p
indigestions	p
indignations	p
indigoids	p
indigotins	p
indirections	p
indirectnesses	p
indiscernibilities	p
indiscerniblenesses	p
indisciplines	p
indiscreetnesses	p
indiscretely	v
indiscretions	p
indiscriminatenesses	p
indiscriminations	p
indispensabilities	p
indispensablenesses	p
indispensables	p
indisposed	tA
indisposes	t
indisposing	NtA
indispositions	p
indisputabilities	p
indisputablenesses	p
indissolubilities	p
indissolublenesses	p
indistinctivenesses	p
indistinctnesses	p
indistinguishabilities	p
indistinguishablenesses	p
indited	tA
inditements	p
inditers	p
indites	t
inditing	NtA
indiums	p
individualisations	p
individualised	tA
individualisers	p
individualises	t
individualising	NtA
individualisms	p
individualists	p
individualizations	p
individualized	tA
individualizers	p
individualizes	t
individualizing	NtA
individuals	p
individuated	tA
individuates	t
individuating	NtA
individuations	p
individuators	p
indivisibilities	p
indivisiblenesses	p
indocilities	p
indoctrinated	tA
indoctrinates	t
indoctrinating	NtA
indoctrinations	p
indoctrinators	p
indolences	p
indoles	p
indomethacins	p
indomitabilities	p
indomitablenesses	p
indophenols	p
indorsees	p
indorsers	p
indorsors	p
indoxyls	p
indrafts	p
indraughts	p
indris	p
indrises	p
indubitabilities	p
indubitablenesses	p
induced	tA
inducements	p
inducers	p
induces	t
inducing	NtA
inductances	p
inducted	tA
inductees	p
inductilities	p
inducting	NtA
inductions	p
inductivenesses	p
inductors	p
inducts	t
indulged	VtiA
indulgenced	tA
indulgences	pt
indulgencing	NtA
indulgers	p
indulges	Vti
indulging	NVtiA
indulines	p
indults	p
indumentums	p
indunas	p
induplications	p
indurated	VA
indurates	V
indurating	NVA
indurations	p
industrialisations	p
industrialised	tA
industrialises	t
industrialising	NtA
industrialisms	p
industrialists	p
industrializations	p
industrialized	tiA
industrializes	ti
industrializing	NtiA
industriousnesses	p
indwellers	p
indwelling	NViA
indwells	Vi
inearthed	tA
inearthing	NtA
inearths	t
inebriants	p
inebriated	VA
inebriates	pV
inebriating	NVA
inebriations	p
inebrieties	p
inedibilities	p
inedibly	v
ineducabilities	p
ineffabilities	p
ineffablenesses	p
ineffaceabilities	p
ineffectivenesses	p
ineffectualities	p
ineffectualnesses	p
inefficacies	p
inefficaciousnesses	p
inefficacities	p
inelasticities	p
inelegances	p
ineligibilities	p
ineligibles	p
ineloquences	p
ineluctabilities	p
ineptitudes	p
ineptnesses	p
inequitablenesses	p
ineradicablenesses	p
inerrancies	p
inertially	v
inertias	p
inertnesses	p
inescutcheons	p
inessentialities	p
inessentials	p
inessives	p
inestimabilities	p
inestimablenesses	p
inevitabilities	p
inevitablenesses	p
inexactitudes	p
inexactnesses	p
inexcusabilities	p
inexcusablenesses	p
inexertions	p
inexhaustibilities	p
inexhaustiblenesses	p
inexistences	p
inexorabilities	p
inexorablenesses	p
inexpediences	p
inexpediencies	p
inexpensivenesses	p
inexperiences	p
inexpertnesses	p
inexpiablenesses	p
inexplicabilities	p
inexplicablenesses	p
inexplicitnesses	p
inexpressibilities	p
inexpressiblenesses	p
inexpressivenesses	p
inexpugnabilities	p
inexpugnablenesses	p
inextensibilities	p
inextricabilities	p
infallibilities	p
infalliblenesses	p
infamized	tA
infamizes	t
infamizing	NtA
infamousnesses	p
infantas	p
infantes	p
infanthoods	p
infanticides	p
infantilisms	p
infantilities	p
infants	p
infarctions	p
infarcts	p
infares	p
infatuated	VtA
infatuates	pVt
infatuating	NVtA
infatuations	p
infeasibilities	p
infeasiblenesses	p
infected	VA
infecter	A
infecters	p
infecting	NVA
infections	p
infectiousnesses	p
infectivenesses	p
infectivities	p
infectors	p
infects	V
infeoffed	tA
infeoffing	NtA
infeoffs	t
inferences	p
inferiorities	p
inferiors	p
inferred	VtA
inferrers	p
inferring	NVtA
infers	Vt
infertilities	p
infestations	p
infested	tA
infesters	p
infesting	NtA
infests	t
infibulated	tA
infibulates	t
infibulating	NtA
infidels	p
infielders	p
infields	p
infighters	p
infightings	p
infills	p
infiltrated	VA
infiltrates	pV
infiltrating	NVA
infiltrations	p
infiltrators	p
infinitenesses	p
infinitesimals	p
infinitives	p
infinitudes	p
infirmarians	p
infirmnesses	p
infixed	VtA
infixes	pVt
infixing	NVtA
infixions	p
inflamed	VtA
inflamers	p
inflames	Vt
inflaming	NVtA
inflammabilities	p
inflammablenesses	p
inflammables	p
inflammations	p
inflatables	p
inflated	VtiA
inflatednesses	p
inflaters	p
inflates	Vti
inflating	NVtiA
inflationisms	p
inflationists	p
inflations	p
inflators	p
inflected	VtA
inflecting	NVtA
inflections	p
inflectors	p
inflects	Vt
inflexibilities	p
inflexiblenesses	p
inflexions	p
inflicted	tA
inflicters	p
inflicting	NtA
inflictions	p
inflictors	p
inflicts	t
inflorescences	p
inflows	p
influenced	tA
influencers	p
influences	pt
influencing	NtA
influents	p
influenzas	p
influxes	p
infolders	p
informants	p
informationally	v
informations	p
informativenesses	p
informed	tiA
informer	A
informers	p
informing	NtiA
informs	ti
infortunes	p
infos	p
infracted	tA
infracting	NtA
infractions	p
infractors	p
infracts	t
infralapsarianisms	p
infralapsarians	p
infrangibilities	p
infrangiblenesses	p
infrareds	p
infrastructures	p
infrequencies	p
infringed	tiA
infringements	p
infringers	p
infringes	ti
infringing	NtiA
infuriated	VtA
infuriates	Vt
infuriating	NVtA
infuriations	p
infused	tA
infusers	p
infuses	t
infusibilities	p
infusiblenesses	p
infusing	NtA
infusionisms	p
infusionists	p
infusions	p
infusorians	p
ingates	p
ingathered	tA
ingatherers	p
ingathering	NtA
ingatherings	p
ingathers	t
ingeminated	tA
ingeminates	t
ingeminating	NtA
ingeminations	p
ingenerated	tA
ingenerates	t
ingenerating	NtA
ingeniousnesses	p
ingenuousnesses	p
ingested	tA
ingesting	NtA
ingestions	p
ingests	t
inglenooks	p
ingles	p
ingloriousnesses	p
ingoings	p
ingoted	tA
ingoting	NtA
ingots	pt
ingrafted	VA
ingrafting	NVA
ingrafts	V
ingrained	VtA
ingrainednesses	p
ingraining	NVtA
ingrains	pVt
ingrates	p
ingratiated	tA
ingratiates	t
ingratiating	NtA
ingratiations	p
ingratitudes	p
ingredients	p
ingresses	p
ingressions	p
ingressivenesses	p
ingressives	p
ingroups	p
ingrowths	p
ingulfed	tA
ingulfing	NtA
ingulfs	t
ingurgitated	VA
ingurgitates	V
ingurgitating	NVA
ingurgitations	p
inhabitabilities	p
inhabitants	p
inhabitations	p
inhabited	tiA
inhabiters	p
inhabiting	NtiA
inhabits	ti
inhalants	p
inhalations	p
inhalators	p
inhaled	VA
inhalers	p
inhales	V
inhaling	NVA
inharmonies	p
inharmoniousnesses	p
inhauls	p
inhered	iA
inherences	p
inheres	i
inhering	NiA
inheritabilities	p
inheritablenesses	p
inheritances	p
inherited	VtiA
inheriting	NVtiA
inheritors	p
inheritrixes	p
inherits	Vti
inhesions	p
inhibited	tA
inhibiting	NtA
inhibitions	p
inhibitors	p
inhibits	t
inhomogeneities	p
inhospitablenesses	p
inhospitalities	p
inhumannesses	p
inhumations	p
inhumed	tA
inhumers	p
inhumes	t
inhuming	NtA
inimicalities	p
inimicalnesses	p
inimitabilities	p
inimitablenesses	p
inions	p
iniquitousnesses	p
initialed	VA
initialer	A
initialers	p
initialing	NVA
initialized	tA
initializes	t
initializing	NtA
initiallers	p
initials	pV
initiated	VtA
initiates	pVt
initiating	NVtA
initiations	p
initiatives	p
initiators	p
injected	tA
injecting	NtA
injections	p
injectors	p
injects	t
injudiciousnesses	p
injunctions	p
injured	tA
injurers	p
injures	t
injuring	NtA
injuriousnesses	p
injustices	p
inkblots	p
inked	tA
inkers	p
inkhorns	p
inkinesses	p
inking	NtA
inkles	p
inklings	p
inks	pt
inkstands	p
inkwells	p
inkwoods	p
inlaced	tA
inlaces	t
inlacing	NtA
inlander	A
inlanders	p
inlands	p
inlawed	tA
inlawing	NtA
inlawries	p
inlaws	t
inlayers	p
inlaying	NVtA
inlayings	V
inlays	pVt
inlets	pVt
inletting	NVtA
inliers	p
inmates	p
inmeshed	VA
inmeshes	V
inmeshing	NVA
innages	p
innatenesses	p
innernesses	p
inners	p
innervated	tA
innervates	t
innervating	NtA
innervations	p
innerved	tA
innerves	t
innerving	NtA
innings	p
innkeepers	p
innocences	p
innocenter	A
innocentest	A
innocents	p
innocuousnesses	p
innovated	VA
innovates	V
innovating	NVA
innovations	p
innovatively	v
innovators	p
inns	p
innumerabilities	p
innumerablenesses	p
innumerates	p
innutritions	p
inobservances	p
inoculabilities	p
inoculants	p
inoculated	VtA
inoculates	Vt
inoculating	NVtA
inoculations	p
inoculators	p
inoculums	p
inoffensivenesses	p
inofficiously	v
inoperably	v
inoperativenesses	p
inopportunenesses	p
inopportunities	p
inordinacies	p
inordinatenesses	p
inosculated	VA
inosculates	V
inosculating	NVA
inosculations	p
inositols	p
inpatients	p
inpoured	tiA
inpouring	NtiA
inpours	ti
inputs	pt
inputted	tA
inputting	NtA
inqilabs	p
inquests	p
inquieted	tA
inquieting	NtA
inquiets	t
inquietudes	p
inquilines	p
inquilinities	p
inquired	iA
inquirers	p
inquires	i
inquiring	NiA
inquisitionists	p
inquisitions	p
inquisitivenesses	p
inquisitors	p
inroads	p
inrushes	p
inrushings	p
ins	p
insalivated	tA
insalivates	t
insalivating	NtA
insalivations	p
insalubrities	p
insanenesses	p
insaner	A
insanest	A
insanitarinesses	p
insanitations	p
insatiabilities	p
insatiablenesses	p
insatiatenesses	p
inscapes	p
inscribed	tA
inscribers	p
inscribes	t
inscribing	NtA
inscriptions	p
inscrolled	tA
inscrolling	NtA
inscrolls	t
inscrutabilities	p
inscrutablenesses	p
insculped	tA
insculping	NtA
insculps	t
insecticidally	v
insecticides	p
insectifuges	p
insectivores	p
insects	p
insecurenesses	p
inselbergs	p
inseminated	tA
inseminates	t
inseminating	NtA
inseminations	p
insensatenesses	p
insensitively	v
insensitivenesses	p
insensitivities	p
insentiences	p
inseparabilities	p
inseparablenesses	p
inserted	VtA
inserters	p
inserting	NVtA
insertions	p
inserts	pVt
insets	pVt
insetters	p
insetting	NVtA
insheathed	tA
insheathes	t
insheathing	NtA
inshrined	VA
inshrines	V
inshrining	NVA
insider	A
insiders	p
insides	p
insidiousnesses	p
insightfully	v
insights	p
insignificances	p
insinuated	VtA
insinuates	Vt
insinuating	NVtA
insinuations	p
insinuators	p
insipidities	p
insipidnesses	p
insipiences	p
insisted	VA
insistences	p
insisters	p
insisting	NVA
insists	V
insnared	VA
insnarers	p
insnares	V
insnaring	NVA
insobrieties	p
insociabilities	p
insolated	tA
insolates	t
insolating	NtA
insolations	p
insolences	p
insoles	p
insolubilities	p
insolubilizations	p
insolubilized	tA
insolubilizes	t
insolubilizing	NtA
insolublenesses	p
insolvabilities	p
insolvencies	p
insolvents	p
insomniacs	p
insomnias	p
insouciances	p
insouled	tA
insouling	NtA
insouls	t
inspanned	VA
inspanning	NVA
inspans	V
inspected	tA
inspecting	NtA
inspections	p
inspectorates	p
inspectors	p
inspectorships	p
inspects	t
insphered	VA
inspheres	V
insphering	NVA
inspirations	p
inspired	VtA
inspirers	p
inspires	Vt
inspiring	NVtA
inspirited	tA
inspiriters	p
inspiriting	NtA
inspirits	t
inspissated	VA
inspissates	V
inspissating	NVA
inspissations	p
inspissators	p
instabilities	p
installants	p
installations	p
installed	VtA
installers	p
installing	NVtA
installments	p
installs	V
instalments	p
instanced	tA
instances	pt
instancies	p
instancing	NtA
instantaneities	p
instantaneousnesses	p
instanter	A
instantiated	tA
instantiates	t
instantiating	NtA
instants	p
instars	p
instated	tA
instatements	p
instates	t
instating	NtA
instaurations	p
instaurators	p
insteps	p
instigated	tA
instigates	t
instigating	NtA
instigations	p
instigators	p
instillations	p
instilled	tA
instillers	p
instilling	NtA
instillments	p
instills	t
instilments	p
instils	t
instincts	p
instituted	tA
instituters	p
institutes	pt
instituting	NtA
institutionalisations	p
institutionalised	tA
institutionalises	t
institutionalising	NtA
institutionalisms	p
institutionalists	p
institutionalizations	p
institutionalized	tA
institutionalizes	t
institutionalizing	NtA
institutions	p
instrokes	p
instructed	tA
instructing	NtA
instructivenesses	p
instructors	p
instructorships	p
instructs	t
instrumentalisms	p
instrumentalists	p
instrumentals	p
instrumentations	p
instrumented	VA
instrumenting	NVA
instruments	pV
insubordinates	p
insubordinations	p
insubstantialities	p
insufferablenesses	p
insufflated	tA
insufflates	t
insufflating	NtA
insufflations	p
insufflators	p
insularisms	p
insularities	p
insulars	p
insulas	p
insulated	tA
insulates	t
insulating	NtA
insulations	p
insulators	p
insulins	p
insulted	VtA
insulters	p
insulting	NVtA
insults	pVt
insuperabilities	p
insuperablenesses	p
insupportablenesses	p
insurabilities	p
insurances	p
insurants	p
insured	VA
insureds	p
insurers	p
insures	V
insurgences	p
insurgencies	p
insurgently	v
insurgents	p
insuring	NVA
insurmountabilities	p
insurmountablenesses	p
insurrectionisms	p
insurrectionists	p
insurrections	p
insusceptibilities	p
inswathed	tA
inswathes	t
inswathing	NtA
inswingers	p
inswings	p
intactnesses	p
intaglios	p
intakes	p
intangibilities	p
intangiblenesses	p
intangibles	p
intarsias	p
integers	p
integrabilities	p
integralities	p
integrals	p
integrands	p
integrated	VtA
integrates	Vt
integrating	NVtA
integrationists	p
integrations	p
integrators	p
integrities	p
integuments	p
intellections	p
intellects	p
intellectualisations	p
intellectualised	tiA
intellectualisers	p
intellectualises	ti
intellectualising	NtiA
intellectualisms	p
intellectualists	p
intellectualizations	p
intellectualized	VA
intellectualizers	p
intellectualizes	V
intellectualizing	NVA
intellectualnesses	p
intellectuals	p
intelligencers	p
intelligences	p
intelligentsias	p
intelligiblenesses	p
intemperances	p
intemperatenesses	p
intendances	p
intendants	p
intended	VtA
intendeds	p
intenders	p
intending	NVtA
intendments	p
intends	Vt
intenerated	tA
intenerates	t
intenerating	NtA
intenerations	p
intensenesses	p
intenser	A
intensest	A
intensifications	p
intensified	VtA
intensifiers	p
intensifies	Vt
intensifying	NVtA
intensions	p
intensivenesses	p
intensives	p
intentionalities	p
intentions	p
intentnesses	p
intents	p
interacted	iA
interacting	NiA
interactionists	p
interactions	p
interactively	v
interacts	i
interassociations	p
interavailabilities	p
interboroughs	p
interbrains	p
interbreeding	NVA
interbreedings	V
interbreeds	V
intercalated	tA
intercalates	t
intercalating	NtA
intercalations	p
interceded	iA
interceders	p
intercedes	i
interceding	NiA
intercepted	VtA
intercepting	NVtA
interceptions	p
interceptors	p
intercepts	pVt
intercessions	p
intercessors	p
interchained	tA
interchaining	NtA
interchains	t
interchangeabilities	p
interchangeablenesses	p
interchanged	VA
interchangers	p
interchanges	pV
interchanging	NVA
interclavicles	p
intercolumniations	p
intercommunicated	iA
intercommunicates	i
intercommunicating	NiA
intercommunications	p
intercommunicators	p
intercommunions	p
intercompared	tA
intercompares	t
intercomparing	NtA
intercomparisons	p
intercoms	p
interconnectednesses	p
interconnections	p
interconversions	p
interconverted	tA
interconvertibilities	p
interconverting	NtA
interconverts	t
intercoolers	p
intercorrelated	tA
intercorrelates	t
intercorrelating	NtA
intercorrelations	p
intercourses	p
intercropped	VA
intercropping	NVA
intercrops	pV
intercrossed	VA
intercrosses	pV
intercrossing	NVA
intercurrences	p
intercuts	V
intercutting	NVA
interdependences	p
interdependencies	p
interdicted	VtA
interdicting	NVtA
interdictions	p
interdictors	p
interdicts	pVt
interdiffused	VA
interdiffuses	V
interdiffusing	NVA
interdiffusions	p
interdigitated	iA
interdigitates	i
interdigitating	NiA
interdigitations	p
interelectrodes	p
interested	tA
interestednesses	p
interesting	NtA
interestingnesses	p
interests	pt
interfaces	p
interfacings	p
interfered	iA
interferences	p
interferers	p
interferes	i
interfering	NiA
interferometers	p
interferometries	p
interferons	p
interfertilities	p
interfiled	tA
interfiles	t
interfiling	NtA
interflowed	iA
interflowing	NiA
interflows	i
interfluences	p
interfluves	p
interfolded	tA
interfolding	NtA
interfolds	t
interfused	VA
interfuses	V
interfusing	NVA
interfusions	p
intergalactically	v
intergenerations	p
interglacials	p
intergovernmentally	v
intergradations	p
intergraded	ViA
intergrades	pVi
intergrading	NViA
intergrafted	iA
intergrafting	NiA
intergrafts	i
intergrowths	p
interims	p
interinfluenced	VA
interinfluences	V
interinfluencing	NVA
interinvolved	tA
interinvolves	t
interinvolving	NtA
interiorities	p
interiorized	tA
interiorizes	t
interiorizing	NtA
interiors	p
interjaculated	tA
interjaculates	t
interjaculating	NtA
interjected	tA
interjecting	NtA
interjections	p
interjectors	p
interjects	t
interknits	t
interknitted	tA
interknitting	NtA
interlaced	VtA
interlacements	p
interlaces	Vt
interlacing	NVtA
interlaminated	tA
interlaminates	t
interlaminating	NtA
interlaminations	p
interlanguages	p
interlapped	VA
interlapping	NVA
interlaps	V
interlarded	tA
interlarding	NtA
interlards	t
interlaying	NVA
interlays	pV
interleaved	tA
interleaves	t
interleaving	NtA
interlineated	tA
interlineates	t
interlineating	NtA
interlineations	p
interlined	tA
interliners	p
interlines	t
interlinguas	p
interlining	NtA
interlinings	p
interlinked	tA
interlinking	NtA
interlinks	pt
interlocations	p
interlocked	VA
interlocking	NVA
interlocks	pV
interlocutions	p
interlocutors	p
interlocutresses	p
interlocutrixes	p
interloped	iA
interlopers	p
interlopes	i
interloping	NiA
interludes	p
interlunations	p
intermarriages	p
intermarried	VA
intermarries	V
intermarrying	NVA
intermats	i
intermatted	iA
intermatting	NiA
intermeddled	iA
intermeddlers	p
intermeddles	i
intermeddling	NiA
intermediacies	p
intermediated	ViA
intermediatenesses	p
intermediates	pVi
intermediating	NViA
intermediations	p
intermediators	p
interments	p
intermeshed	iA
intermeshes	i
intermeshing	NiA
intermigrations	p
interminabilities	p
interminablenesses	p
intermingled	tiA
intermingles	ti
intermingling	NtiA
intermissions	p
intermits	V
intermitted	VA
intermittences	p
intermittencies	p
intermitters	p
intermitting	NVA
intermixed	tiA
intermixes	ti
intermixing	NtiA
intermixtures	p
intermodulations	p
intermolecularly	v
internalities	p
internalizations	p
internalized	tA
internalizes	t
internalizing	NtA
internalnesses	p
internals	p
internationalisations	p
internationalised	tA
internationalises	t
internationalising	NtA
internationalisms	p
internationalists	p
internationalities	p
internationalizations	p
internationalized	tA
internationalizes	t
internationalizing	NtA
internationals	p
interned	VtiA
internees	p
interneurons	p
interning	NVtiA
internists	p
internments	p
internodes	p
interns	pVti
internships	p
internuncially	v
interoceptors	p
interosculated	iA
interosculates	i
interosculating	NiA
interpaged	tA
interpages	t
interpaging	NtA
interpellants	p
interpellated	tA
interpellates	t
interpellating	NtA
interpellations	p
interpellators	p
interpenetrated	VA
interpenetrates	V
interpenetrating	NVA
interpenetrations	p
interpermeated	tA
interpermeates	t
interpermeating	NtA
interpersonally	v
interphases	p
interphones	p
interplanted	tA
interplanting	NtA
interplants	t
interplays	p
interpleaded	ViA
interpleaders	p
interpleading	NViA
interpleads	Vi
interpolated	ViA
interpolaters	p
interpolates	Vi
interpolating	NViA
interpolations	p
interpolators	p
interposals	p
interposed	VA
interposers	p
interposes	V
interposing	NVA
interpositions	p
interpretabilities	p
interpretablenesses	p
interpretations	p
interpreted	ViA
interpreters	p
interpreting	NViA
interprets	Vi
interracially	v
interred	VA
interreigns	i
interrelated	VA
interrelatednesses	p
interrelates	V
interrelating	NVA
interrelations	p
interrelationships	p
interring	NVA
interrobangs	p
interrogated	VA
interrogates	V
interrogating	NVA
interrogations	p
interrogatives	p
interrogators	p
interrupted	VtA
interrupters	p
interrupting	NVtA
interruptions	p
interruptively	v
interrupts	pVt
inters	V
interscholastically	v
interschools	p
intersected	VA
intersecting	NVA
intersections	p
intersects	V
intersessions	p
intersexes	p
intersexualisms	p
intersexualities	p
interspaced	VtA
interspaces	pVt
interspacing	NVtA
interspersals	p
interspersed	tA
intersperses	t
interspersing	NtA
interspersions	p
interstadials	p
interstices	p
interstimulations	p
interstitials	p
interstratifications	p
interstratified	VA
interstratifies	V
interstratifying	NVA
intersubjectively	v
intertangled	tA
intertangles	t
intertangling	NtA
intertextures	p
intertidally	v
intertrigos	p
intertwined	VA
intertwinements	p
intertwines	pV
intertwining	NVA
intertwinings	ti
intertwisted	tiA
intertwisting	NtiA
intertwists	pti
interunions	p
interurbans	p
intervales	p
intervalleys	p
intervalometers	p
intervals	p
interveined	tA
interveining	NtA
interveins	t
intervened	iA
interveners	p
intervenes	i
intervenients	p
intervening	NiA
intervenors	p
interventionisms	p
interventionists	p
interventions	p
interviewed	VA
interviewees	p
interviewers	p
interviewing	NVA
interviews	pV
intervisitations	p
intervolved	tiA
intervolves	ti
intervolving	NtiA
interweavements	p
interweavers	p
interweaves	pti
interweaving	NtiA
interwinding	NtiA
interwinds	ti
interworked	tiA
interworking	NtiA
interworkings	V
interworks	ti
interwreathed	VA
interwreathes	V
interwreathing	NVA
intestacies	p
intestates	p
intestines	p
inthralled	tA
inthralling	NtA
inthralls	t
inthrals	t
inthroned	tA
inthrones	t
inthroning	NtA
intimas	p
intimated	tA
intimatenesses	p
intimater	A
intimaters	p
intimates	t
intimating	NtA
intimations	p
intimidated	tA
intimidates	t
intimidating	NtA
intimidations	p
intimidators	p
intimists	p
intinctions	p
intines	p
intitled	tA
intitles	t
intitling	NtA
intituled	tA
intitules	t
intituling	NtA
intolerabilities	p
intolerablenesses	p
intolerances	p
intombed	tA
intombing	NtA
intombs	t
intonated	tA
intonates	t
intonating	NtA
intonations	p
intoned	VA
intoners	p
intones	V
intoning	NVA
intonings	V
intorsions	p
intorted	tA
intorting	NtA
intorts	t
intoxicants	p
intoxicated	tA
intoxicates	t
intoxicating	NtA
intoxications	p
intoxicators	p
intracranially	v
intractabilities	p
intractablenesses	p
intradoses	p
intramolecularly	v
intramurally	v
intransigeances	p
intransigences	p
intransigencies	p
intransigents	p
intransitivenesses	p
intrants	p
intravasations	p
intravascularly	v
intravitally	v
intrepidities	p
intrepidnesses	p
intricatenesses	p
intrigued	VtiA
intriguers	p
intrigues	pVti
intriguing	NVtiA
introduced	tA
introducers	p
introduces	t
introducing	NtA
introductions	p
introductorinesses	p
introgressions	p
introits	p
introjected	ViA
introjecting	NViA
introjections	p
introjects	Vi
intromissions	p
intromits	V
intromitted	VA
intromitters	p
intromitting	NVA
introspected	iA
introspecting	NiA
introspectionists	p
introspections	p
introspectivenesses	p
introspects	i
introversions	p
introversively	v
introverted	VtA
introverting	NVtA
introverts	pVt
intruded	VA
intruders	p
intrudes	V
intruding	NVA
intrusions	p
intrusivenesses	p
intubated	tA
intubates	t
intubating	NtA
intubations	p
intuited	VA
intuiting	NVA
intuitionalists	p
intuitionisms	p
intuitionists	p
intuitions	p
intuitivenesses	p
intuits	V
intumesced	iA
intumescences	p
intumesces	i
intumescing	NiA
inturns	p
intussuscepted	VtA
intussuscepting	NVtA
intussusceptions	p
intussuscepts	Vt
intwined	VA
intwines	V
intwining	NVA
intwisted	tA
intwisting	NtA
intwists	t
inulases	p
inulins	p
inunctions	p
inundated	tA
inundates	t
inundating	NtA
inundations	p
inundators	p
inurbanities	p
inured	tiA
inurements	p
inures	ti
inuring	NtiA
inurned	tA
inurning	NtA
inurnments	p
inurns	t
invaded	VtA
invaders	p
invades	Vt
invading	NVtA
invaginated	ViA
invaginates	Vi
invaginating	NViA
invaginations	p
invalidated	tA
invalidates	t
invalidating	NtA
invalidations	p
invalidators	p
invalided	tA
invaliding	NtA
invalidisms	p
invalidities	p
invalids	pt
invaluablenesses	p
invariabilities	p
invariablenesses	p
invariables	p
invariants	p
invasions	p
invasively	v
invectivenesses	p
invectives	p
inveighed	iA
inveighers	p
inveighing	NiA
inveighs	i
inveigled	tA
inveiglements	p
inveiglers	p
inveigles	t
inveigling	NtA
invented	VA
inventers	p
inventing	NVA
inventions	p
inventivenesses	p
inventoried	tA
inventories	t
inventors	p
inventorying	NtA
invents	V
inverses	p
inversions	p
invertases	p
invertebrates	p
inverted	VtA
inverters	p
invertibilities	p
inverting	NVtA
invertins	p
invertors	p
inverts	pVt
invested	VtiA
investigated	VA
investigates	V
investigating	NVA
investigations	p
investigators	p
investing	NVtiA
investitures	p
investments	p
investors	p
invests	Vti
inveteracies	p
inveteratenesses	p
inviably	v
invidiousnesses	p
invigilated	iA
invigilates	i
invigilating	NiA
invigilations	p
invigilators	p
invigorants	p
invigorated	tA
invigorates	t
invigorating	NtA
invigorations	p
invigorators	p
invincibilities	p
invinciblenesses	p
inviolabilities	p
inviolablenesses	p
inviolacies	p
inviolatenesses	p
invisibilities	p
invisiblenesses	p
invisibles	p
invitations	p
invitatories	p
invited	VtA
inviters	p
invites	pVt
inviting	NVtA
invitingnesses	p
invocated	VA
invocates	V
invocating	NVA
invocations	p
invoiced	tA
invoices	pt
invoicing	NtA
invoked	tA
invokers	p
invokes	t
invoking	NtA
involucels	p
involucres	p
involucrums	p
involuntarinesses	p
involuted	tA
involutes	pt
involuting	NtA
involutions	p
involved	tA
involvements	p
involvers	p
involves	t
involving	NtA
invulnerabilities	p
invulnerablenesses	p
invultuations	p
inwalled	tA
inwalling	NtA
inwalls	pt
inwardnesses	p
inweaved	VtA
inweaves	Vt
inweaving	NVtA
inwinding	NtA
inwinds	t
inwrapped	VA
inwrapping	NVA
inwraps	V
inwreathed	tA
inwreathes	t
inwreathing	NtA
inyalas	p
iodated	tA
iodates	pt
iodating	NtA
iodations	p
iodides	p
iodines	p
iodisms	p
iodizations	p
iodized	tA
iodizers	p
iodizes	pt
iodizing	NtA
iodoforms	p
iodopsins	p
iolites	p
ionisations	p
ionised	tiA
ionises	ti
ionising	NtiA
ioniums	p
ionizations	p
ionized	VA
ionizers	p
ionizes	V
ionizing	NVA
ionogens	p
ionomers	p
ionones	p
ionospheres	p
ionospherically	v
ions	p
iotacisms	p
iotas	p
ipecacs	p
ipomoeas	p
iproniazids	p
ipsilaterally	v
irades	p
irascibilities	p
irasciblenesses	p
irater	A
iratest	A
irefulnesses	p
irenicons	p
ires	p
iridescences	p
iridiums	p
iridized	tA
iridizes	t
iridizing	NtA
iridosmines	p
irisations	p
irises	p
iritises	p
irked	tA
irking	NtA
irks	t
irksomenesses	p
ironbarks	p
ironclads	p
ironed	VtA
ironer	A
ironers	p
irones	p
ironhandednesses	p
ironicalnesses	p
ironing	NVtA
ironings	p
ironists	p
ironized	tiA
ironizes	ti
ironizing	NtiA
ironmasters	p
ironmongers	p
irons	Vt
ironsides	p
ironsmiths	p
ironstones	p
ironwares	p
ironweeds	p
ironwoods	p
ironworkers	p
ironworks	p
irradiances	p
irradiated	tiA
irradiates	ti
irradiating	NtiA
irradiations	p
irradiators	p
irrationalised	tA
irrationalises	t
irrationalising	NtA
irrationalisms	p
irrationalists	p
irrationalized	tA
irrationalizes	t
irrationalizing	NtA
irrationalnesses	p
irreclaimabilities	p
irreclaimablenesses	p
irreconcilabilities	p
irreconcilablenesses	p
irreconcilables	p
irrecoverablenesses	p
irredeemablenesses	p
irredentas	p
irredentisms	p
irredentists	p
irreducibilities	p
irreduciblenesses	p
irreformably	v
irrefragabilities	p
irrefragablenesses	p
irrefrangibilities	p
irrefrangiblenesses	p
irrefutabilities	p
irrefutablenesses	p
irregulars	p
irrelevances	p
irreligionists	p
irreligions	p
irreligiousnesses	p
irremediablenesses	p
irremissibilities	p
irremissiblenesses	p
irremovabilities	p
irreparabilities	p
irreparablenesses	p
irrepealabilities	p
irrepealablenesses	p
irreplaceably	v
irrepressibilities	p
irrepressiblenesses	p
irreproachabilities	p
irreproachablenesses	p
irresistibilities	p
irresistiblenesses	p
irresolubilities	p
irresolubly	v
irresolutenesses	p
irresolutions	p
irresolvabilities	p
irresolvablenesses	p
irresolvably	v
irresponsibilities	p
irresponsiblenesses	p
irresponsively	v
irresponsivenesses	p
irretrievabilities	p
irretrievablenesses	p
irreverences	p
irreversibilities	p
irreversiblenesses	p
irrevocabilities	p
irrevocablenesses	p
irrigated	VtA
irrigates	Vt
irrigating	NVtA
irrigations	p
irrigators	p
irritablenesses	p
irritancies	p
irritants	p
irritated	VtA
irritates	Vt
irritating	NVtA
irritations	p
irritators	p
irrupted	iA
irrupting	NiA
irruptions	p
irrupts	i
is	p
isagoges	p
isagogics	p
isallobars	p
isarithms	p
isatins	p
isbas	p
ischaemias	p
ischemias	p
isentropically	v
isinglasses	p
islanded	tA
islanders	p
islanding	NtA
islands	pt
isles	p
islets	p
isms	p
isoagglutinations	p
isoagglutinins	p
isoantigens	p
isobarisms	p
isobars	p
isobaths	p
isobronts	p
isobutanes	p
isobutylenes	p
isochasms	p
isocheims	p
isochors	p
isochrones	p
isochronisms	p
isochronized	tA
isochronizes	t
isochronizing	NtA
isoclinally	v
isoclinals	p
isoclines	p
isocrats	p
isocyanates	p
isocyanides	p
isodimorphisms	p
isoelectronically	v
isogametes	p
isogamies	pV
isogenies	p
isogeotherms	p
isoglosses	p
isogonals	p
isogones	p
isogonics	p
isogons	p
isografts	p
isograms	p
isographs	p
isogrivs	p
isohels	p
isohyets	p
isolated	tA
isolates	t
isolating	NtA
isolationisms	p
isolationists	p
isolations	p
isolators	p
isoleucines	p
isolexes	p
isolines	p
isologues	p
isomerisms	p
isomerizations	p
isomerized	VA
isomerizes	V
isomerizing	NVA
isomers	p
isometrics	p
isometries	p
isometropias	p
isomorphically	v
isomorphisms	p
isomorphs	p
isoniazids	p
isonomies	p
isooctanes	p
isophones	p
isopleths	p
isopodans	p
isopods	p
isoprenes	p
isopropanols	p
isopropyls	p
isoseismals	p
isoseismics	p
isosmotically	v
isostasies	p
isotheres	p
isothermals	p
isotherms	p
isotones	p
isotonically	v
isotonicities	p
isotopes	p
isotopically	v
isotopies	p
isotrons	p
isotropies	p
isotypes	p
issuances	p
issued	tiA
issuers	p
issues	pti
issuing	NtiA
istles	p
itacolumites	p
italicizations	p
italicized	VtA
italicizes	Vt
italicizing	NVtA
italics	p
itched	iA
itches	pi
itchily	v
itchinesses	p
itching	NiA
itchings	p
itemed	VtA
iteming	NVtA
itemizations	p
itemized	tA
itemizers	p
itemizes	t
itemizing	NtA
items	pVt
iterances	p
iterated	tA
iterates	t
iterating	NtA
iterations	p
itinerancies	p
itinerants	p
itinerated	iA
itinerates	i
itinerating	NiA
itinerations	p
its	p
ixias	p
ixodids	p
ixtles	p
izards	p
izbas	p
izzards	p
jabbed	VA
jabbered	VA
jabberers	p
jabbering	NVA
jabbers	pV
jabberwockies	p
jabbing	NVA
jabirus	p
jabots	p
jabs	pV
jacals	p
jacamars	p
jacanas	p
jacarandas	p
jacinths	p
jackals	p
jackanapeses	p
jackasseries	p
jackasses	p
jackboots	p
jackdaws	p
jacked	tA
jacker	A
jacketed	tA
jacketing	NtA
jackets	pt
jackfishes	p
jackfruits	p
jackhammers	p
jacking	NtA
jackknifed	iA
jackknifes	pi
jackknifing	NiA
jacklights	p
jackpots	p
jacks	pt
jackscrews	p
jackshafts	p
jacksnipes	p
jackstays	p
jackstones	p
jaconets	p
jacquards	p
jactations	p
jactitations	p
jaculated	tA
jaculates	t
jaculating	NtA
jaculations	p
jaculators	p
jaded	VA
jadednesses	p
jadeites	p
jades	pV
jading	NVA
jaegers	p
jagged	VA
jaggeder	A
jaggedest	A
jaggednesses	p
jaggeries	p
jagging	NVA
jags	pV
jaguarondis	p
jaguars	p
jailbirds	p
jailbreaks	p
jailed	tA
jailers	p
jailing	NtA
jails	pt
jakes	p
jakeses	p
jaks	p
jalapins	p
jalaps	p
jalousies	p
jambalayas	p
jambiyas	p
jamborees	p
jambs	p
jammed	VtiA
jammier	A
jammiest	A
jamming	NVtiA
jampans	p
jams	pVti
janes	p
jangled	VtA
janglers	p
jangles	Vt
janglier	A
jangliest	A
jangling	NVtA
janglings	V
janissaries	p
janitors	p
janitorships	p
janitresses	p
japanned	VA
japanner	A
japanners	p
japanning	NVA
japans	pV
japed	VA
japeries	p
japers	p
japes	pV
japing	NVA
japonicas	p
jargoned	iA
jargoneers	p
jargoning	NiA
jargonisations	p
jargonised	tiA
jargonises	ti
jargonising	NtiA
jargonists	p
jargonizations	p
jargonized	tiA
jargonizes	ti
jargonizing	NtiA
jargons	pi
jarldoms	p
jarls	p
jarosites	p
jarovized	tA
jarovizes	t
jarovizing	NtA
jarrahs	p
jarred	ViA
jarring	NViA
jarrings	V
jars	pVi
jasmines	p
jasper	A
jaspers	p
jauked	iA
jauking	NiA
jauks	i
jaundiced	VA
jaundices	pV
jaundicing	NVA
jaunted	iA
jauntinesses	p
jaunting	NiA
jaunts	pi
jaups	p
javelins	p
jawans	p
jawbones	p
jawbonings	V
jawbreakers	p
jawed	iA
jawing	NiA
jaws	i
jaybirds	p
jays	p
jayvees	p
jaywalked	iA
jaywalkers	p
jaywalking	NiA
jaywalks	i
jazzed	iA
jazzers	p
jazzes	pi
jazzinesses	p
jazzing	NiA
jealousnesses	p
jebels	p
jeed	tiA
jeeing	NtiA
jeeps	p
jeered	VA
jeerers	p
jeering	NVA
jeers	pV
jees	ti
jejunenesses	p
jejunities	p
jellabas	p
jelled	VA
jellied	VA
jellies	V
jellifications	p
jellified	VA
jellifies	V
jellifying	NVA
jelling	NVA
jells	pV
jellybeans	p
jellyfishes	p
jellying	NVA
jemadars	p
jemmied	VA
jemmies	p
jemmying	NVA
jennets	p
jeopardised	tA
jeopardises	t
jeopardising	NtA
jeopardized	VtA
jeopardizes	Vt
jeopardizing	NVtA
jerbils	p
jerboas	p
jereeds	p
jeremiads	p
jerids	p
jerked	VtA
jerkers	p
jerkinesses	p
jerking	NVtA
jerkinheads	p
jerkins	p
jerks	pVt
jeroboams	p
jerreeds	p
jerries	p
jessed	tA
jesses	pt
jessing	NtA
jestbooks	p
jested	VA
jesters	p
jesting	NVA
jestings	p
jests	pV
jetliners	p
jetports	p
jets	pV
jetsams	p
jetted	VA
jettier	A
jettiest	A
jettinesses	p
jetting	NVA
jettisoned	tA
jettisoning	NtA
jettisons	pt
jettons	p
jeweled	VA
jewelers	p
jeweling	NVA
jewelled	VA
jewellers	p
jewelling	NVA
jewelries	p
jewels	pV
jewelweeds	p
jewfishes	p
jiaos	p
jibbed	VA
jibbers	p
jibbing	NVA
jibbings	Vti
jibed	ViA
jibers	p
jibes	Vi
jibing	NViA
jibs	pV
jigged	VA
jiggermasts	p
jiggers	p
jigging	NVA
jiggings	pV
jiggled	VA
jiggles	V
jigglier	A
jiggliest	A
jiggling	NVA
jigs	pV
jigsaws	p
jihads	p
jillaroos	p
jillets	p
jillions	p
jills	p
jilted	tA
jilters	p
jilting	NtA
jilts	pt
jimmied	VA
jimmies	V
jimmying	NVA
jimper	A
jimpest	A
jingals	p
jingled	ViA
jinglers	p
jingles	pVi
jinglier	A
jingliest	A
jingling	NViA
jingoisms	p
jingoists	p
jinked	VA
jinkers	p
jinking	NVA
jinks	V
jinrikishas	p
jins	p
jinxed	tA
jinxes	pt
jinxing	NtA
jipijapas	p
jitterbugged	VA
jitterbugging	NVA
jitterbugs	pV
jittered	iA
jitterier	A
jitteriest	A
jittering	NiA
jitters	pi
jived	iA
jives	pi
jiving	NiA
joanneses	p
jobbed	VA
jobberies	p
jobbers	p
jobbing	NVA
jobed	VA
jobholders	p
jobing	NVA
joblessnesses	p
jobs	pV
jockeyed	tA
jockeying	NtA
jockeys	t
jockeyships	p
jocks	p
jockstraps	p
jocktelegs	p
jocosenesses	p
jogged	VtiA
joggers	p
jogging	NVtiA
joggings	V
joggled	VtA
jogglers	p
joggles	pVt
joggling	NVtA
jogs	pVti
johanneses	p
johnnies	p
johnnycakes	p
johns	p
joinders	p
joined	VtiA
joineries	p
joiners	p
joining	NVtiA
joins	pVti
jointed	tA
jointednesses	p
jointer	A
jointers	p
jointing	NtA
jointresses	p
joints	pt
jointures	p
jointworms	p
joisted	tA
joisting	NtA
joists	pt
jojobas	p
joked	iA
jokers	p
jokes	pi
jokesters	p
joking	NiA
joles	p
jollied	tA
jolliers	p
jollies	t
jollifications	p
jollified	VA
jollifies	V
jollifying	NVA
jollinesses	p
jollying	NtA
jolted	tA
jolters	p
joltily	v
jolting	NtA
jolts	pt
jonquils	p
jooked	tA
jooking	NtA
jooks	pt
jordans	p
jorums	p
josephs	p
joshed	VA
joshers	p
joshes	pV
joshing	NVA
joskins	p
jossers	p
josses	p
jostled	VA
jostlers	p
jostles	pV
jostling	NVA
jostlings	V
jots	pV
jotted	VA
jotters	p
jotting	NVA
jottings	p
jouals	p
jouked	tiA
jouking	NtiA
jouks	pti
joules	p
jounced	VA
jounces	pV
jouncing	NVA
journaleses	p
journalised	tiA
journalises	ti
journalising	NtiA
journalisms	p
journalists	p
journalizations	p
journalized	VA
journalizers	p
journalizes	V
journalizing	NVA
journals	p
journeyed	iA
journeyers	p
journeying	NiA
journeys	i
journeyworks	p
journos	p
jousted	iA
jousters	p
jousting	NiA
jousts	pi
jovialities	p
jowed	tiA
jowing	NtiA
jowls	p
jows	pti
joyances	p
joyed	tiA
joyfuller	A
joyfullest	A
joyfulnesses	p
joying	NtiA
joylessnesses	p
joyousnesses	p
joypopped	VA
joypopping	NVA
joypops	V
joyrides	p
joys	pti
js	p
jubas	p
jubbahs	p
jubes	p
jubilances	p
jubilancies	p
jubilated	iA
jubilates	i
jubilating	NiA
jubilations	p
jubilees	p
judases	p
juddered	iA
juddering	NiA
judders	pi
judged	VtA
judgers	p
judges	pVt
judgeships	p
judging	NVtA
judgmentally	v
judgments	p
judicators	p
judicatures	p
judiciousnesses	p
judogis	p
judoists	p
judos	p
juds	p
jugals	p
jugged	VA
juggernauts	p
jugging	NVA
juggled	VtA
jugglers	p
juggles	pVt
juggling	NVtA
jugglings	V
jugheads	p
jugs	pV
jugulars	p
jugulated	tA
jugulates	t
jugulating	NtA
jugums	p
juicers	p
juices	p
juicinesses	p
jujitsus	p
jujubes	p
jujuisms	p
jujuists	p
jujus	p
jukeboxes	p
juleps	p
juliennes	p
jumbled	VtA
jumblers	p
jumbles	pVt
jumbling	NVtA
jumbucks	p
jumped	tiA
jumpers	p
jumpinesses	p
jumping	NtiA
jumpmasters	p
jumps	pti
junctions	p
junctures	p
jungles	p
junglier	A
jungliest	A
juniorates	p
juniorities	p
juniors	p
junipers	p
junked	tA
junketed	ViA
junketeers	p
junketing	NViA
junkets	pVi
junkies	p
junking	NtA
junks	pt
junkyards	p
juntas	p
jupes	p
jurants	p
jurats	p
jurels	p
jurisconsults	p
jurisdictions	p
jurisprudences	p
jurisprudents	p
jurists	p
jurors	p
juster	A
justers	p
justest	A
justicers	p
justices	p
justiceships	p
justiciabilities	p
justiciars	p
justifiabilities	p
justifiablenesses	p
justifications	p
justified	VA
justifiers	p
justifies	V
justifying	NVA
justled	VA
justles	V
justling	NVA
justnesses	p
jutes	p
juts	pV
jutted	VA
juttied	tiA
jutties	ti
jutting	NVA
juttying	NtiA
juvenescences	p
juvenilenesses	p
juveniles	p
juxtaposed	tA
juxtaposes	t
juxtaposing	NtA
juxtapositions	p
kabakas	p
kabalas	p
kabbalas	p
kabs	p
kabukis	p
kachinas	p
kaffiyehs	p
kafs	p
kaftans	p
kagus	p
kahunas	p
kaiaks	p
kaifs	p
kails	p
kailyards	p
kainites	p
kains	p
kaiserdoms	p
kaiserisms	p
kaisers	p
kaiserships	p
kajeputs	p
kakas	p
kalams	p
kalanchoes	p
kaleidoscopes	p
kalendars	p
kales	p
kaleyards	p
kalians	p
kalifates	p
kalifs	p
kaliphs	p
kalmias	p
kalongs	p
kalpaks	p
kalpas	p
kalpises	p
kalsomines	p
kamacites	p
kamalas	p
kamelaukions	p
kames	p
kamikazes	p
kamis	p
kampongs	p
kamseens	p
kanamycins	p
kanas	p
kanes	p
kangarooed	VA
kangarooing	NVA
kangaroos	V
kangas	p
kangs	p
kantars	p
kanteles	p
kanzus	p
kaoliangs	p
kaolinised	tA
kaolinises	t
kaolinising	NtA
kaolinites	p
kaolinized	tA
kaolinizes	t
kaolinizing	NtA
kaolins	p
kaons	p
kapellmeisters	p
kaphs	p
kapoks	p
kappas	p
karabiners	p
karakuls	p
karates	p
karats	p
karmas	p
karmically	v
karoos	p
karosses	p
karris	p
karsts	p
karts	p
karyogamies	p
karyolymphs	p
karyoplasms	p
karyosomes	p
karyotins	p
karyotypes	p
karyotypically	v
kas	p
kasbahs	p
kashas	p
kashers	p
kashruths	p
katakanas	p
katcinas	p
kathodes	p
kations	p
kats	p
katydids	p
katzenjammers	p
kavas	p
kayaks	p
kayoed	VA
kayoing	NVA
kayos	pV
kazachoks	p
keas	p
kebabs	p
kebars	p
kebbucks	p
keblahs	p
kecked	iA
kecking	NiA
kecks	pi
keddahs	p
kedged	VA
kedgerees	p
kedges	pV
kedging	NVA
keds	p
keefs	p
keeked	VA
keeking	NVA
keeks	pV
keelages	p
keelboats	p
keeled	VA
keelhauled	tA
keelhauling	NtA
keelhauls	t
keeling	NVA
keels	pV
keelsons	p
keened	VA
keener	A
keeners	p
keenest	A
keening	NVA
keennesses	p
keens	pV
keepers	p
keeperships	p
keeping	NVtA
keepings	p
keepnets	p
keeps	pVt
keepsakes	p
keeshonds	p
keets	p
keffiyehs	p
kefs	p
keglers	p
kegs	p
keirs	p
keisters	p
keitloas	p
keleps	p
keloids	p
kelps	p
kelsons	p
kelters	p
kelts	p
kelvins	p
kemped	iA
kemping	NiA
kemps	pi
kenafs	p
kenches	p
kendos	p
kenned	VA
kenneled	VA
kenneling	NVA
kennelled	VA
kennelling	NVA
kennels	pV
kenning	NVA
kennings	p
kenos	p
kenosises	p
kens	pV
kented	VA
kentes	p
kenting	NVA
kentledges	p
kents	V
kepped	tA
kepping	NtA
keps	t
keratinizations	p
keratinized	VA
keratinizes	V
keratinizing	NVA
keratins	p
kerbed	tA
kerbing	NtA
kerbs	pt
kerbstones	p
kerchiefs	p
kerfs	p
kerfuffled	tA
kerfuffles	pt
kerfuffling	NtA
kermeses	p
kermises	p
kerned	tA
kerneled	VA
kerneling	NVA
kernelled	VA
kernelling	NVA
kernels	pV
kerning	NtA
kernites	p
kerns	pt
kerogens	p
kerosenes	p
kerseymeres	p
kerygmas	p
kestrels	p
ketches	p
ketchups	p
ketenes	p
ketones	p
ketonurias	p
ketoses	p
ketoximes	p
kettledrummers	p
kettledrums	p
kettles	p
kevels	p
kewpies	p
kexes	p
keyboarded	tA
keyboarding	NtA
keyboards	pt
keyed	tA
keyholes	p
keying	NtA
keynoted	tA
keynoters	p
keynotes	pt
keynoting	NtA
keypunched	tA
keypunchers	p
keypunches	t
keypunching	NtA
keys	t
keystones	p
keystrokes	p
keyways	p
keywords	p
khaddars	p
khakis	p
khalifates	p
khamsins	p
khanates	p
khangas	p
khans	p
khansamahs	p
kharifs	p
khats	p
khedas	p
khedives	p
khediviates	p
khojas	p
khuskhuses	p
kiangs	p
kiaughs	p
kibbled	tA
kibbles	pt
kibbling	NtA
kibbutzes	p
kibbutzniks	p
kibes	p
kibitkas	p
kibitzed	iA
kibitzers	p
kibitzes	i
kibitzing	NiA
kiblahs	p
kiboshed	tA
kiboshes	pt
kiboshing	NtA
kickbacks	pV
kickballs	p
kickboards	p
kickdowns	p
kicked	tiA
kickers	p
kicking	NtiA
kickoffs	p
kicks	pti
kickshaws	p
kicksorters	p
kickstands	p
kickups	p
kidded	ViA
kidders	p
kidding	NViA
kiddles	p
kidnapped	VA
kidnappers	p
kidnapping	NVA
kidnappings	t
kidnaps	V
kids	pVi
kidskins	p
kiefs	p
kiers	p
kieselguhrs	p
kieserites	p
kifs	p
kikes	p
kikumons	p
kilderkins	p
kilergs	p
killdeers	p
killdees	p
killed	VA
killers	p
killicks	p
killifishes	p
killing	NVA
killings	p
killocks	p
kills	pV
kilned	tA
kilning	NtA
kilns	pt
kilobars	p
kilocalories	p
kilocuries	p
kilocycles	p
kilogausses	p
kilograms	p
kilojoules	p
kiloliters	p
kilometers	p
kilometres	p
kilomoles	p
kiloparsecs	p
kilotons	p
kilovolts	p
kilowatts	p
kilted	tA
kilters	p
kilties	p
kilting	NtA
kiltings	p
kilts	pt
kimberlites	p
kimchis	p
kinaesthesias	p
kinaesthetically	v
kinas	p
kinases	p
kinchins	p
kincobs	p
kinder	A
kindergartens	p
kindest	A
kindheartednesses	p
kindled	VA
kindlers	p
kindles	V
kindlily	v
kindlinesses	p
kindling	NVA
kindlings	p
kindnesses	p
kindrednesses	p
kindreds	p
kinds	p
kinematographs	p
kines	p
kinescoped	tA
kinescopes	pt
kinescoping	NtA
kinesiologies	p
kinesthesias	p
kinesthetically	v
kinetographs	p
kinetoplasts	p
kinetoscopes	p
kingbirds	p
kingbolts	p
kingcrafts	p
kingcups	p
kingdoms	p
kinged	tA
kingfishers	p
kingfishes	p
kinghoods	p
kinging	NtA
kinglets	p
kinglinesses	p
kingmakers	p
kingpins	p
kings	pt
kingships	p
kingsnakes	p
kingwoods	p
kinins	p
kinkajous	p
kinkinesses	p
kinkles	p
kinks	p
kinnikinnicks	p
kins	p
kinships	p
kiosks	p
kipped	ViA
kippered	tA
kippering	NtA
kippers	pt
kipping	NViA
kips	pVi
kipukas	p
kirigamis	p
kirmesses	p
kirned	tiA
kirning	NtiA
kirns	pti
kirpans	p
kirschwassers	p
kirtles	p
kisans	p
kishes	p
kishkes	p
kismets	p
kissed	tiA
kissers	p
kisses	pti
kissing	NtiA
kists	p
kistvaens	p
kitcheners	p
kitchenettes	p
kitchens	p
kitchenwares	p
kited	VtiA
kitenges	p
kiters	p
kites	pVti
kitharas	p
kithed	tiA
kithes	ti
kithing	NtiA
kiths	p
kiting	NVtiA
kitlings	p
kits	p
kitsches	p
kittened	VA
kittening	NVA
kittenishnesses	p
kittens	pV
kittiwakes	p
kittled	VA
kittler	A
kittles	V
kittlest	A
kittling	NVA
kittly	v
kivas	p
klaverns	p
klaviers	p
klaxons	p
kleagles	p
klebsiellas	p
klephts	p
kleptomaniacs	p
kleptomanias	p
klipspringers	p
klisters	p
klongs	p
kloofs	p
klootchmans	p
klutzes	p
klutzier	A
klutziest	A
klystrons	p
knackered	tA
knackeries	p
knackering	NtA
knackers	pt
knacks	p
knags	p
knapped	VA
knappers	p
knapping	NVA
knaps	pV
knapsacks	p
knapweeds	p
knars	p
knaves	p
knavishnesses	p
knawels	p
kneaded	tA
kneaders	p
kneading	NtA
kneads	t
kneecapped	VtA
kneecapping	NVtA
kneecaps	pVt
kneed	VA
kneeholes	p
kneeing	NVA
kneelers	p
kneeling	NVA
kneels	pV
kneepads	p
kneepans	p
knees	pV
knelled	tiA
knelling	NtiA
knells	pti
knickknacks	p
knifed	tA
knifers	p
knifes	pt
knifing	NtA
knighted	tA
knightheads	p
knighthoods	p
knighting	NtA
knightlinesses	p
knights	pt
knishes	p
knits	pV
knitted	VA
knitters	p
knitting	NVA
knittings	p
knobbed	VA
knobbinesses	p
knobbled	tA
knobbles	t
knobbling	NtA
knobkerries	p
knobs	pV
knockabouts	p
knockdowns	p
knocked	tiA
knockers	p
knocking	NtiA
knockouts	pV
knocks	pti
knockwursts	p
knolled	VA
knollers	p
knolling	NVA
knolls	pV
knops	p
knosps	p
knotgrasses	p
knotholes	p
knots	pV
knotted	VA
knotters	p
knottinesses	p
knotting	NVA
knottings	p
knotweeds	p
knouts	p
knowers	p
knowes	p
knowing	NVA
knowinger	A
knowingest	A
knowingnesses	p
knowings	p
knowledgeablenesses	p
knowledges	p
knowns	pV
knows	pV
knucklebones	p
knuckled	tiA
knuckleheads	p
knucklers	p
knuckles	pti
knucklier	A
knuckliest	A
knuckling	NtiA
knurled	tA
knurling	NtA
knurls	pt
knurs	p
koalas	p
koas	p
kobolds	p
kobs	p
koels	p
koftgars	p
kohlrabis	p
kohls	p
koines	p
kokanees	p
kolas	p
kolkhozes	p
komatiks	p
konimeters	p
kookaburras	p
kookily	v
kooks	p
kopecks	p
kophs	p
kopjes	p
koppas	p
kops	p
kores	p
kormas	p
kors	p
korunas	p
koses	p
koshers	p
kotowed	iA
kotowers	p
kotowing	NiA
kotows	pi
kottaboses	p
kotwals	p
koumises	p
kourbashed	tA
kourbashes	pt
kourbashing	NtA
kowhais	p
kowtowed	iA
kowtowers	p
kowtowing	NiA
kowtows	pi
kraaled	tA
kraaling	NtA
kraals	pt
krafts	p
kraits	p
krakens	p
kramerias	p
kranses	p
kraters	p
kremlins	p
kreutzers	p
kriegspiels	p
krills	p
krimmers	p
krises	p
kromeskies	p
kroons	p
krullers	p
krumhorns	p
krummhorns	p
kryptons	p
ks	p
kuchens	p
kudus	p
kudzus	p
kugels	p
kukris	p
kulaks	p
kumisses	p
kumquats	p
kundalinis	p
kunzites	p
kurbashed	tA
kurbashes	pt
kurbashing	NtA
kurchatoviums	p
kurrajongs	p
kursaals	p
kurtas	p
kurtosises	p
kvasses	p
kwachas	p
kwanzas	p
kwashiorkors	p
kyacks	p
kyaks	p
kyanised	tA
kyanises	t
kyanising	NtA
kyanites	p
kyanized	tA
kyanizes	t
kyanizing	NtA
kyats	p
kyles	p
kylins	p
kymographs	p
kytes	p
kythed	tiA
kythes	ti
kything	NtiA
kyus	p
laagered	VtA
laagering	NVtA
laagers	pVt
labarums	p
labdanums	p
labefactions	p
labeled	VtA
labelers	p
labeling	NVtA
labelled	VtA
labellers	p
labelling	NVtA
labels	pVt
labialisations	p
labialised	tA
labialises	t
labialising	NtA
labialisms	p
labializations	p
labialized	tA
labializes	t
labializing	NtA
labials	p
labiates	p
labilities	p
labiodentals	p
labionasals	p
labiovelars	p
lablabs	p
labored	VA
laborers	p
laboring	NVA
laboriousnesses	p
labors	pV
laboured	tiA
labourers	p
labouring	NtiA
labourists	p
labours	pti
labradorites	p
labrets	p
labroids	p
labrums	p
labs	p
laburnums	p
labyrinthitises	p
labyrinthodonts	p
labyrinths	p
laccoliths	p
lacebarks	p
laced	VtA
lacerated	VtA
lacerates	Vt
lacerating	NVtA
lacerations	p
lacers	p
lacertids	p
laces	pVt
lacewings	p
lacewoods	p
laceworks	p
lachrymators	p
lachrymosities	p
lacinesses	p
lacing	NVtA
lacings	p
lackadaisicalnesses	p
lacked	VA
lackers	p
lackeyed	VA
lackeying	NVA
lackeys	V
lacking	NVA
lacklusters	p
lacks	pV
laconisms	p
lacquerers	p
lacquers	p
lacrimations	p
lacrimators	p
lacrosses	p
lacs	p
lactalbumins	p
lactams	p
lactases	p
lactated	iA
lactates	pi
lactating	NiA
lactations	p
lacteals	p
lactiferousnesses	p
lactoflavins	p
lactometers	p
lactones	p
lactoproteins	p
lactoscopes	p
lactoses	p
lacunars	p
ladanums	p
laddered	VA
laddering	NVA
ladders	pV
laddies	p
laded	VtA
laders	p
lades	Vt
ladhoods	p
ladies	p
lading	NVtA
ladings	p
ladinos	p
ladled	tA
ladlers	p
ladles	pt
ladling	NtA
ladrones	p
lads	p
ladybirds	p
ladybugs	p
ladyfied	VA
ladyfies	V
ladyfingers	p
ladyfishes	p
ladyfying	NVA
ladyhoods	p
ladykins	p
ladylikenesses	p
ladyloves	p
ladyships	p
laevorotations	p
laevuloses	p
lagans	p
lagers	p
laggardnesses	p
laggards	p
lagged	VA
laggens	p
laggers	p
lagging	NVA
laggings	p
laggins	p
lagniappes	p
lagomorphs	p
lagoons	p
lags	pV
lagunes	p
lahars	p
lahs	p
laicisations	p
laicised	tA
laicises	t
laicising	NtA
laicisms	p
laicizations	p
laicized	tA
laicizes	t
laicizing	NtA
laics	p
laighs	p
laiked	ViA
laiking	NViA
laiks	Vi
lairds	p
lairdships	p
laired	tiA
lairier	A
lairiest	A
lairing	NtiA
lairs	pti
laitances	p
laithly	v
laities	p
lakefronts	p
lakeports	p
lakers	p
lakes	p
lakeshores	p
lakhs	p
laksas	p
lalangs	p
lalapaloozas	p
lallations	p
lalled	iA
lalling	NiA
lalls	i
lamas	p
lambasted	tA
lambastes	t
lambasting	NtA
lambdacisms	p
lambdas	p
lambed	iA
lamberts	p
lambing	NiA
lambkills	p
lambkins	p
lamboys	p
lambrequins	p
lambs	pi
lambskins	p
lamebrains	p
lamed	VtiA
lameds	p
lamellas	p
lamellicorns	p
lamenesses	p
lamentablenesses	p
lamentations	p
lamented	VA
lamenters	p
lamenting	NVA
laments	pV
lames	t
laminarias	p
laminated	VtA
laminates	pVt
laminating	NVtA
laminations	p
laminators	p
laming	NVtiA
lamingtons	p
laminitises	p
lamisters	p
lammed	VtiA
lammergeiers	p
lamming	NVtiA
lammings	V
lampads	p
lampases	p
lampblacks	p
lamperns	p
lamperses	p
lampions	p
lamplighters	p
lamplights	p
lampooned	tA
lampooneries	p
lampooners	p
lampooning	NtA
lampoonists	p
lampoons	pt
lampposts	p
lamprophyres	p
lamps	p
lampshades	p
lampworkings	p
lampyrids	p
lams	pVti
lamsters	p
lanced	tA
lancejacks	p
lancelets	p
lancers	p
lances	pt
lancets	p
lancewoods	p
lancinations	p
lancing	NtA
landammanns	p
landaulets	p
landaus	p
landed	VtiA
landfalls	p
landforms	p
landgraves	p
landgraviates	p
landgravines	p
landholders	p
landholdings	p
landing	NVtiA
landings	p
landlessnesses	p
landlopers	p
landlordisms	p
landlords	p
landlubbers	p
landmarks	p
landmasses	p
landowners	p
landownerships	p
landownings	p
landraces	p
lands	Vti
landscaped	tiA
landscapers	p
landscapes	pti
landscaping	NtiA
landscapists	p
landsides	p
landskips	p
landsknechts	p
landslides	p
landsliding	NVA
lanely	v
lanes	p
langlaufers	p
langlaufs	p
langoustes	p
langrages	p
langsynes	p
languages	p
langues	p
languets	p
languettes	p
languidnesses	p
languished	iA
languishers	p
languishes	i
languishing	NiA
languishments	p
languors	p
langurs	p
laniaries	p
lanker	A
lankest	A
lankier	A
lankiest	A
lankinesses	p
lanknesses	p
lannerets	p
lanners	p
lanolins	p
lanosities	p
lansquenets	p
lantanas	p
lanternfishes	p
lanterns	p
lanthanides	p
lanthanums	p
lanthorns	p
lanuginousnesses	p
lanyards	p
lapboards	p
lapels	p
lapidated	tA
lapidates	t
lapidating	NtA
lapidations	p
lapidified	VA
lapidifies	V
lapidifying	NVA
lapises	p
lappages	p
lapped	VA
lappered	iA
lappering	NiA
lappers	pi
lappets	p
lapping	NVA
lappings	V
laps	pV
lapsed	iA
lapsers	p
lapses	pi
lapsing	NiA
lapstrakes	p
lapwings	p
larboards	p
larceners	p
larches	p
larded	tA
larders	p
larding	NtA
lardons	p
lards	pt
largened	tA
largenesses	p
largening	NtA
largens	t
larges	p
largesses	p
lariats	p
larked	iA
larkers	p
larkier	A
larkiest	A
larkinesses	p
larking	NiA
larks	pi
larkspurs	p
larned	VtA
larning	NVtA
larns	Vt
larrigans	p
larrikins	p
larruped	tA
larrupers	p
larruping	NtA
larrups	t
lars	p
larums	p
larvicides	p
laryngectomees	p
laryngectomized	tA
laryngologies	p
laryngologists	p
laryngopharynxes	p
laryngoscopes	p
laryngoscopists	p
las	p
lasagnes	p
lascars	p
lasciviousnesses	p
lased	iA
lasers	p
lases	i
lashed	tA
lashers	p
lashes	pt
lashing	NtA
lashkars	p
lasing	NiA
laskets	p
lasses	p
lassies	p
lassitudes	p
lassoed	VA
lassoers	p
lassoing	NVA
lassos	V
lasted	VtA
laster	A
lasters	p
lasting	NVtA
lastingnesses	p
lastings	p
lasts	pVt
latched	VA
latches	pV
latchets	p
latching	NVA
latchstrings	p
latecomers	p
lateener	A
latencies	p
latenesses	p
latensifications	p
laterals	p
laterites	p
latests	p
latexes	p
lathed	tA
lathees	p
lathered	VtiA
latherers	p
lathering	NVtiA
lathers	pVti
lathes	pt
lathing	NtA
lathings	pV
lathis	p
laths	pt
latimerias	p
latinos	p
latitudes	p
latitudinarianisms	p
latitudinarians	p
latkes	p
latrias	p
latrines	p
lats	p
lattens	p
latticed	VA
lattices	pV
latticeworks	p
latticing	NVA
latticings	p
laudabilities	p
laudablenesses	p
laudanums	p
laudations	p
laudators	p
lauded	tA
lauders	p
lauding	NtA
lauds	pt
laughablenesses	p
laughed	tiA
laughers	p
laughing	NtiA
laughings	p
laughingstocks	p
laughs	pti
laughters	p
launces	p
launched	VtiA
launchers	p
launches	pVti
launching	NVtiA
laundered	VA
launderers	p
launderettes	p
laundering	NVA
launders	pV
laundresses	p
lauras	p
laureates	p
laureateships	p
laureled	VA
laureling	NVA
laurelled	VA
laurelling	NVA
laurels	pV
laurustinuses	p
lauwines	p
lavabos	p
lavalieres	p
lavas	p
lavations	p
laved	VA
laveered	iA
laveering	NiA
laveers	i
lavenders	p
laverocks	p
lavers	p
laves	V
laving	NVA
lavished	tA
lavisher	A
lavishers	p
lavishes	t
lavishest	A
lavishing	NtA
lavishments	p
lavishnesses	p
lavrocks	p
lavs	p
lawbooks	p
lawbreakers	p
lawbreakings	p
lawfulnesses	p
lawgivers	p
lawines	p
lawings	p
lawlessnesses	p
lawmakers	p
lawmakings	p
lawns	p
lawrenciums	p
laws	p
lawsuits	p
lawyers	p
laxations	p
laxatives	p
laxer	A
laxest	A
laxities	p
laxnesses	p
layabouts	pV
layed	ViA
layer	A
layerages	p
layered	VA
layering	NVA
layerings	p
layers	pV
layettes	p
laying	NViA
layoffs	p
layouts	p
layovers	p
lays	pVi
layups	p
lazars	p
lazed	tiA
lazes	pti
lazinesses	p
lazing	NtiA
lazulis	p
lazulites	p
lazurites	p
leachabilities	p
leached	VA
leachers	p
leaches	pV
leaching	NVA
leaded	VtiA
leadennesses	p
leaders	p
leaderships	p
leading	NVtiA
leadings	p
leadoffs	p
leadplants	p
leads	pVti
leadworts	p
leafages	p
leafbirds	p
leafed	ViA
leafhoppers	p
leafinesses	p
leafing	NViA
leaflets	p
leafs	pVi
leafstalks	p
leagued	VA
leaguers	p
leagues	pV
leaguing	NVA
leakages	p
leaked	ViA
leakers	p
leakier	A
leakiest	A
leakily	v
leakinesses	p
leaking	NViA
leaks	pVi
lealties	p
leaned	ViA
leaner	A
leaners	p
leanest	A
leaning	NViA
leanings	p
leannesses	p
leans	pVi
leaped	VtiA
leapers	p
leapfrogged	ViA
leapfrogging	NViA
leapfrogs	pVi
leaping	NVtiA
leaps	pVti
learier	A
leariest	A
learned	VtiA
learnednesses	p
learners	p
learning	NVtiA
learnings	p
learns	Vti
lears	p
leas	p
leasebacks	p
leased	tA
leaseholders	p
leaseholds	p
leasers	p
leases	pt
leashed	tA
leashes	pt
leashing	NtA
leasing	NtA
leasings	pV
leatherbacks	p
leathered	tA
leatherinesses	p
leathering	NtA
leathernecks	p
leathers	pt
leatherwoods	p
leatherworkers	p
leatherworks	p
leats	p
leaved	VtA
leavened	VtA
leavening	NVtA
leavenings	p
leavens	pVt
leavers	p
leaves	pVt
leaving	NVtA
leavings	Vi
lebbeks	p
lebens	p
lechayims	p
leched	iA
lecherousnesses	p
lechers	p
leches	pi
leching	NiA
lechwes	p
lecithinases	p
lecithins	p
lecterns	p
lections	p
lectorates	p
lectors	p
lectorships	p
lects	p
lectured	VtA
lecturers	p
lectures	pVt
lectureships	p
lecturing	NVtA
ledgered	iA
ledgering	NiA
ledgers	pi
ledges	p
leeboards	p
leeched	tA
leeches	pt
leeching	NtA
leeks	p
leered	iA
leerinesses	p
leering	NiA
leers	pi
leets	p
leewards	p
leeways	p
lefter	A
leftest	A
leftisms	p
leftists	p
leftovers	p
lefts	pV
legaleses	p
legalised	tA
legalises	t
legalising	NtA
legalisms	p
legalists	p
legalizations	p
legalized	tA
legalizes	t
legalizing	NtA
legatees	p
legates	p
legateships	p
legations	p
legators	p
legatos	p
legendists	p
legendries	p
legends	p
legerdemains	p
legerities	p
legers	p
legged	VA
legginesses	p
legging	NVA
leggings	V
leghorns	p
legibilities	p
legionnaires	p
legions	p
legislated	tiA
legislates	ti
legislating	NtiA
legislations	p
legislatives	p
legislators	p
legislatorships	p
legislatures	p
legists	p
legitimacies	p
legitimated	VtA
legitimatenesses	p
legitimates	Vt
legitimating	NVtA
legitimations	p
legitimatised	tA
legitimatises	t
legitimatising	NtA
legitimatized	tA
legitimatizes	t
legitimatizing	NtA
legitimisations	p
legitimised	tA
legitimises	t
legitimising	NtA
legitimisms	p
legitimists	p
legitimizations	p
legitimized	tA
legitimizes	t
legitimizing	NtA
legitims	p
legits	p
leglens	p
legrooms	p
legs	pV
legumes	p
legumins	p
legworks	p
lehayims	p
lehrs	p
lehuas	p
leishmanias	p
leistered	tA
leistering	NtA
leisters	pt
leisurably	v
leisurelinesses	p
leisures	p
leitmotifs	p
leitmotivs	p
leks	p
lekythoses	p
lemans	p
lemmas	p
lemmings	p
lemniscates	p
lemonades	p
lemons	p
lempiras	p
lemuroids	p
lemurs	p
lenders	p
lending	NVtiA
lendings	V
lends	Vti
lengthened	VA
lengtheners	p
lengthening	NVA
lengthens	V
lengthinesses	p
lengths	p
lenitions	p
lenitively	v
lenitives	p
lenticels	p
lenticles	p
lentils	p
lentoids	p
lentos	p
leones	p
leopardesses	p
leopards	p
leotards	p
lepers	p
lepidolites	p
lepidopterans	p
lepidopterists	p
lepidopterologies	p
lepidosirens	p
leporids	p
leprechauns	p
leprosariums	p
leprosies	p
leprousnesses	p
leptocephaluses	p
leptons	p
leptosomes	p
leptotenes	p
les	p
lesbianisms	p
lesbians	p
lesions	p
lespedezas	p
lessees	p
lessened	VtA
lessening	NVtA
lessens	Vt
lessoned	tA
lessoning	NtA
lessons	pt
lessors	p
letdowns	p
lethalities	p
lethargised	tA
lethargises	t
lethargising	NtA
lethargized	tA
lethargizes	t
lethargizing	NtA
lets	pV
letted	VA
lettered	VA
letterers	p
letterheads	p
lettering	NVA
letterings	p
letterpresses	p
letters	pV
letterspaces	t
letterspacing	NtA
letterspacings	t
letting	NVA
lettings	V
lettuces	p
letups	p
leucemias	p
leucines	p
leucites	p
leucocidins	p
leucodermas	p
leucomas	p
leucopenias	p
leucoplasts	p
leucorrheas	p
leucorrhoeas	p
leucotomes	p
leuds	p
leukaemias	p
leukemias	p
leukocytes	p
leukodermas	p
leukomas	p
leukopenias	p
leukorrheas	p
levanted	iA
levanters	p
levanting	NiA
levants	pi
levators	p
levees	p
leveled	VA
leveler	A
levelers	p
levelest	A
leveling	NVA
levelled	VA
leveller	A
levellers	p
levellest	A
levelling	NVA
levelnesses	p
levels	pV
leverages	p
levered	VA
leverets	p
levering	NVA
levers	pV
leviathans	p
levied	VA
leviers	p
levies	pV
levigated	VtA
levigates	Vt
levigating	NVtA
levigations	p
levins	p
levirates	p
levitated	VtA
levitates	Vt
levitating	NVtA
levitations	p
levitators	p
levorotations	p
levuloses	p
levying	NVA
lewder	A
lewdest	A
lewdnesses	p
lewises	p
lewisites	p
lewissons	p
lexemes	p
lexes	p
lexicalities	p
lexicographers	p
lexicographies	p
lexicologically	v
lexicologies	p
lexicologists	p
lexicons	p
lexises	p
leys	p
liaised	iA
liaises	i
liaising	NiA
lianas	p
liangs	p
liars	p
libations	p
libeccios	p
libelants	p
libeled	VtA
libelees	p
libelers	p
libeling	NVtA
libellants	p
libelled	VtA
libellees	p
libelling	NVtA
libels	pVt
liberalisations	p
liberalised	tiA
liberalisers	p
liberalises	ti
liberalising	NtiA
liberalisms	p
liberalists	p
liberalizations	p
liberalized	VA
liberalizers	p
liberalizes	V
liberalizing	NVA
liberalnesses	p
liberals	p
liberated	tA
liberates	t
liberating	NtA
liberations	p
liberators	p
libers	p
libertarianisms	p
libertarians	p
liberticides	p
libertinages	p
libertines	p
libertinisms	p
libidinousnesses	p
libidos	p
librarians	p
librarianships	p
librated	iA
librates	i
librating	NiA
librations	p
librettists	p
libs	p
licences	p
licensed	tA
licensees	p
licensers	p
licenses	t
licensing	NtA
licensors	p
licentiates	p
licentiateships	p
licentiousnesses	p
lichenins	p
lichenologies	p
lichenologists	p
lichens	p
liches	p
lichted	tiA
lichting	NtiA
lichts	pti
licked	tA
lickerishnesses	p
lickers	p
licking	NtA
lickings	p
licks	pt
lickspittles	p
licorices	p
lictors	p
lidocaines	p
lidos	p
lids	p
lied	ViA
liefer	A
liefest	A
lieger	A
lieges	p
liens	p
lienteries	p
liernes	p
liers	p
lies	pVi
lieus	p
lieutenants	p
lifebloods	p
lifeboats	p
lifeguards	p
lifelessnesses	p
lifelikenesses	p
lifelines	p
lifers	p
lifesavers	p
lifesavings	p
lifetimes	p
lifeworks	p
liftboys	p
lifted	VtiA
lifters	p
lifting	NVtiA
liftoffs	pVi
lifts	pVti
ligaments	p
ligands	p
ligans	p
ligated	tA
ligates	t
ligating	NtA
ligations	p
ligatured	tA
ligatures	pt
ligaturing	NtA
ligers	p
lighted	ViA
lightened	VtiA
lighteners	p
lightening	NVtiA
lightenings	p
lightens	Vti
lighter	A
lighterages	p
lighters	p
lightest	A
lightfaces	p
lightfastnesses	p
lightheartednesses	p
lighting	NViA
lightings	p
lightnesses	p
lightnings	p
lights	Vi
lightships	p
lightsomenesses	p
lightweights	p
lightwoods	p
lignifications	p
lignified	VA
lignifies	V
lignifying	NVA
lignins	p
lignites	p
lignocelluloses	p
ligroins	p
ligulas	p
ligules	p
ligures	p
likabilities	p
likablenesses	p
likably	v
likeabilities	p
likeablenesses	p
liked	tA
likelihoods	p
likened	tA
likenesses	p
likening	NtA
likens	t
liker	A
likers	p
likes	pt
likest	A
liking	NtA
likings	p
likins	p
lilacs	p
lilies	p
lilted	iA
lilting	NiA
lilts	pi
limbed	tA
limbered	VA
limberer	A
limberest	A
limbering	NVA
limbernesses	p
limbers	pV
limbing	NtA
limbs	pt
limbuses	p
limeades	p
limed	tiA
limekilns	p
limelighters	p
limelights	p
limens	p
limericks	p
limes	pti
limestones	p
limewaters	p
limewoods	p
liminesses	p
liming	NtiA
limings	V
limitarians	p
limitations	p
limited	tA
limitednesses	p
limiteds	p
limiters	p
limiting	NtA
limitingly	v
limitlessnesses	p
limits	pt
limmers	p
limned	tA
limners	p
limning	NtA
limnologies	p
limnologists	p
limns	t
limonenes	p
limonites	p
limousines	p
limped	iA
limper	A
limpers	p
limpest	A
limpets	p
limpidities	p
limpidnesses	p
limping	NiA
limpkins	p
limpnesses	p
limps	pi
limpsier	A
limpsiest	A
limuloids	p
limuluses	p
linacs	p
linages	p
linalools	p
linches	p
linchpins	p
lindanes	p
lindens	p
lindies	i
lineages	p
lineaments	p
linearisations	p
linearised	tA
linearises	t
linearising	NtA
linearizations	p
linearized	tA
linearizes	t
linearizing	NtA
lineations	p
linebackers	p
linebreedings	p
linecasters	p
lined	tA
linens	p
liners	p
lines	t
lingams	p
lingas	p
lingered	VA
lingerers	p
lingeries	p
lingering	NVA
lingers	V
lings	p
linguals	p
linguas	p
linguisticians	p
linguists	p
linhays	p
liniments	p
lining	NtA
linings	p
linins	p
linkages	p
linkboys	p
linked	VtA
linking	NVtA
links	Vt
linkworks	p
linnets	p
linns	p
linocuts	p
linoleates	p
linoleums	p
linos	p
linotypers	p
linotypists	p
lins	p
linsangs	p
linseeds	p
linstocks	p
lintels	p
linters	p
lints	p
lintwhites	p
lioncels	p
lionesses	p
lionets	p
lionfishes	p
lionisations	p
lionised	tiA
lionisers	p
lionises	ti
lionising	NtiA
lionizations	p
lionized	tA
lionizers	p
lionizes	t
lionizing	NtA
lions	p
lipases	p
lipemias	p
lipids	p
lipocytes	p
lipogrammatists	p
lipograms	p
lipoids	p
lipoproteins	p
lipotropisms	p
lippened	tiA
lippening	NtiA
lippens	pti
lippers	p
lippier	A
lippies	p
lippiest	A
lipping	NVA
lippings	V
lips	pV
lipsticks	p
liquated	tA
liquates	t
liquating	NtA
liquations	p
liquefacients	p
liquefactions	p
liquefied	VA
liquefiers	p
liquefies	V
liquefying	NVA
liquesced	iA
liquescences	p
liquesces	i
liquescing	NiA
liqueurs	p
liquidambars	p
liquidated	VtA
liquidates	Vt
liquidating	NVtA
liquidations	p
liquidators	p
liquidised	tA
liquidises	t
liquidising	NtA
liquidities	p
liquidized	VtA
liquidizers	p
liquidizes	Vt
liquidizing	NVtA
liquidnesses	p
liquids	p
liquiduses	p
liquored	VA
liquoring	NVA
liquors	pV
liripipes	p
lis	p
lisles	p
lisped	VA
lispers	p
lisping	NVA
lisps	pV
lissomenesses	p
lissomnesses	p
listed	VtA
listels	p
listened	iA
listeners	p
listening	NiA
listens	i
listerias	p
listers	p
listing	NVtA
listings	p
listlessnesses	p
lists	Vt
literacies	p
literalisations	p
literalised	tA
literalisers	p
literalises	t
literalising	NtA
literalisms	p
literalists	p
literalizations	p
literalized	tA
literalizers	p
literalizes	t
literalizing	NtA
literalnesses	p
literals	p
literarinesses	p
literates	p
literations	p
literators	p
literatures	p
liters	p
litharges	p
lithemias	p
lithenesses	p
lithias	p
lithiums	p
lithographed	tA
lithographers	p
lithographies	p
lithographing	NtA
lithographs	pt
lithologies	p
lithophanes	p
lithophytes	p
lithopones	p
lithoprints	pt
lithos	p
lithosols	p
lithospheres	p
lithotomists	p
lithotrites	p
lithotritists	p
liths	p
litigants	p
litigated	ViA
litigates	Vi
litigating	NViA
litigations	p
litigators	p
litigiousnesses	p
litmuses	p
litres	p
lits	pV
litterbugs	p
littered	VtA
littering	NVtA
litters	pVt
littlenecks	p
littlenesses	p
littler	A
littlest	A
littorals	p
liturgiologies	p
liturgiologists	p
liturgisms	p
liturgists	p
lituuses	p
livabilities	p
livablenesses	p
liveabilities	p
livebearers	p
lived	VtA
livelihoods	p
livelinesses	p
livelongs	p
livened	VA
liveners	p
livenesses	p
livening	NVA
livens	V
liver	A
liverishnesses	p
livers	p
liverworts	p
liverwursts	p
lives	Vt
livestocks	p
lividities	p
lividnesses	p
living	NVtA
livingnesses	p
livings	p
lixiviated	tA
lixiviates	t
lixiviating	NtA
lixiviations	p
lixiviums	p
lizardfishes	p
lizards	p
llamas	p
loaches	p
loaded	VA
loaders	p
loading	NVA
loadings	p
loads	V
loafed	tiA
loafers	p
loafing	NtiA
loafs	pti
loamed	tA
loamier	A
loamiest	A
loaming	NtA
loams	pt
loaned	VA
loaners	p
loaning	NVA
loanings	p
loans	pV
loanshifts	p
loathed	tA
loather	A
loathers	p
loathes	t
loathing	NtA
loathings	p
loathlier	A
loathliest	A
loathnesses	p
loathsomenesses	p
lobations	p
lobbed	VA
lobbers	p
lobbied	VA
lobbies	V
lobbing	NVA
lobbyers	p
lobbying	NVA
lobbyisms	p
lobbyists	p
lobed	VA
lobelias	p
lobelines	p
lobes	p
lobing	NVA
lobolas	p
lobs	pV
lobscouses	p
lobsterings	p
lobsters	p
lobsticks	p
lobularly	v
lobulations	p
lobules	p
lobworms	p
locales	p
localisations	p
localised	tiA
localisers	p
localises	ti
localising	NtiA
localisms	p
localists	p
localizations	p
localized	VtA
localizers	p
localizes	Vt
localizing	NVtA
localnesses	p
locals	p
located	tiA
locates	ti
locating	NtiA
locations	p
locatives	p
locators	p
lochias	p
lockages	p
lockboxes	p
locked	VtA
lockers	p
lockets	p
locking	NVtA
lockjaws	p
locknuts	p
lockouts	p
locks	pVt
locksmithings	p
locksmiths	p
lockups	p
locoed	tA
locoing	NtA
locoisms	p
locomobiles	p
locomotions	p
locomotives	p
locos	t
locoweeds	p
loculations	p
locules	p
locums	p
locusts	p
locutions	p
lodens	p
lodes	p
lodestars	p
lodestones	p
lodged	VtiA
lodgers	p
lodges	pVti
lodging	NVtiA
lodgments	p
lodicules	p
loed	tiA
loesses	p
lofted	tA
lofters	p
loftinesses	p
lofting	NtA
lofts	pt
logans	p
logaoedics	p
logarithms	p
logbooks	p
loges	p
logged	VA
loggerheads	p
loggers	p
loggias	p
logging	NVA
loggings	p
logicalities	p
logicalnesses	p
logicians	p
logicised	tiA
logicises	ti
logicising	NtiA
logicisms	p
logicized	tiA
logicizes	ti
logicizing	NtiA
logics	p
loginesses	p
logions	p
logisticians	p
logistics	p
logjams	p
loglogs	p
logograms	p
logographers	p
logographies	p
logogriphs	p
logomachists	p
logorrheas	p
logorrhoeas	p
logos	p
logotypes	p
logotypies	p
logrolled	VA
logrollers	p
logrolling	NVA
logrollings	p
logrolls	V
logs	pV
logways	p
logwoods	p
loincloths	p
loitered	iA
loiterers	p
loitering	NiA
loiters	i
lollapaloozas	p
lolled	iA
lollers	p
lolling	NiA
lollipops	p
lolloped	iA
lolloping	NiA
lollops	i
lolls	pi
lollygagged	iA
lollygagging	NiA
lollygags	i
lomas	p
loments	p
lomentums	p
lonelinesses	p
lonely	v
lonenesses	p
loner	A
loners	p
lonesomenesses	p
lonesomes	p
longanimities	p
longans	p
longas	p
longboats	p
longbows	p
longed	iA
longer	A
longerons	p
longes	p
longest	A
longevities	p
longhairs	p
longhands	p
longheadednesses	p
longheads	p
longhorns	p
longicorns	p
longing	NiA
longings	p
longitudes	p
longnesses	p
longs	i
longships	p
longsomenesses	p
longspurs	p
loofahs	p
loofs	p
looies	p
lookdowns	p
looked	VtA
lookers	p
looking	NVtA
lookouts	pV
looks	pVt
loomed	iA
looming	NiA
looms	pi
loonies	p
loonily	v
looninesses	p
loons	p
looped	VA
loopers	p
loopholed	tA
loopholes	pt
loopholing	NtA
loopier	A
loopiest	A
looping	NVA
loops	pV
loos	p
looseboxes	p
loosed	tA
loosened	VtA
looseners	p
loosenesses	p
loosening	NVtA
loosens	Vt
looses	pt
loosestrifes	p
loosing	NtA
looted	VA
looters	p
looting	NVA
loots	pV
loped	ViA
lopers	p
lopes	pi
lophophores	p
loping	NViA
lopoliths	p
lopped	ViA
loppered	tiA
loppering	NtiA
loppers	pti
loppier	A
loppiest	A
lopping	NViA
loppings	V
lops	pVi
lopsidednesses	p
lopsticks	p
loquaciousnesses	p
loquats	p
lorans	p
lorded	tA
lording	NtA
lordings	p
lordlinesses	p
lordlings	p
lords	pt
lordships	p
lores	p
lorgnettes	p
lorikeets	p
lorimers	p
lorises	p
lornnesses	p
losablenesses	p
losels	p
losers	p
loses	Vi
losing	NViA
losses	p
lossier	A
lossiest	A
lotas	p
lotes	p
lotions	p
lots	V
lotted	VA
lotters	p
lotting	NVA
lottos	p
louchely	v
loudened	VA
loudening	NVA
loudens	V
louder	A
loudest	A
loudnesses	p
loudspeakers	p
loughs	p
louies	p
lounged	iA
loungers	p
lounges	pi
lounging	NiA
loungings	V
loupes	p
loups	p
loured	VA
louring	NVA
lours	V
loused	tA
louses	pt
louseworts	p
lousinesses	p
lousing	NtA
louted	iA
louting	NiA
loutishnesses	p
louts	pi
louvers	p
louvres	p
lovabilities	p
lovablenesses	p
lovages	p
lovats	p
lovebirds	p
loved	tiA
lovelessnesses	p
lovelies	p
lovelinesses	p
lovelocks	p
lovelornnesses	p
lovemakings	p
lovers	p
loves	pti
lovesicknesses	p
loveys	p
loving	NtiA
lovingnesses	p
lowans	p
lowboys	p
lowbrows	p
lowed	ViA
lowered	tiA
lowering	NtiA
lowers	pti
lowes	i
lowest	A
lowing	NViA
lowings	i
lowlander	A
lowlands	p
lowliheads	p
lowlinesses	p
lowly	v
lownesses	p
lowns	pti
lows	pV
lowsed	VA
lowses	V
lowsing	NVA
loxodromes	p
loyaler	A
loyalest	A
loyalisms	p
loyalists	p
loyalnesses	p
lozenges	p
ls	p
luaus	p
lubberlinesses	p
lubbers	p
lubes	p
lubras	p
lubricants	p
lubricated	tiA
lubricates	ti
lubricating	NtiA
lubrications	p
lubricators	p
lucarnes	p
lucences	p
lucencies	p
lucernes	p
lucidities	p
lucidnesses	p
luciferases	p
luciferins	p
lucifers	p
lucked	iA
luckinesses	p
lucking	NiA
lucklessnesses	p
lucks	pi
lucrativenesses	p
lucres	p
lucubrated	iA
lucubrates	i
lucubrating	NiA
lucubrations	p
lucubrators	p
ludicrousnesses	p
ludos	p
luds	p
luffas	p
luffed	ViA
luffing	NViA
luffs	pVi
luged	VtA
luges	p
luggages	p
lugged	VtA
luggers	p
luggies	p
lugging	NVtA
luging	NVtA
lugs	pVt
lugsails	p
lugubriousnesses	p
lugworms	p
lukewarmnesses	p
lullabied	tA
lullabies	t
lullabying	NtA
lulled	VA
lullers	p
lulling	NVA
lulls	pV
lulus	p
lumbagos	p
lumbered	tiA
lumberers	p
lumbering	NtiA
lumberings	p
lumberjackets	p
lumberjacks	p
lumbers	pti
lumberyards	p
lumbricalises	p
lumbricals	p
luminances	p
lumined	tA
lumines	t
luminesced	iA
luminescences	p
luminesces	i
luminescing	NiA
lumining	NtA
luminousnesses	p
lummoxes	p
lumped	tiA
lumpenly	v
lumpenproletariats	p
lumpers	p
lumpfishes	p
lumpinesses	p
lumping	NtiA
lumpishnesses	p
lumps	pti
lumpsuckers	p
lunarians	p
lunates	p
lunatics	p
lunations	p
lunched	tiA
luncheonettes	p
luncheons	p
lunchers	p
lunches	pti
lunching	NtiA
lunchrooms	p
lunchtimes	p
lunes	p
lunettes	p
lungans	p
lunged	ViA
lungees	p
lungeing	NViA
lungers	p
lunges	pVi
lungfishes	p
lunging	NViA
lungis	p
lungs	p
lungworms	p
lungworts	p
lunkheads	p
lunted	tiA
lunting	NtiA
lunts	pti
lunulas	p
lupins	p
lupulins	p
lupuses	p
lurched	iA
lurchers	p
lurches	pi
lurching	NiA
lurdans	p
lured	tA
lurers	p
lures	pt
luridnesses	p
luring	NtA
lurked	iA
lurkers	p
lurking	NiA
lurks	pi
lurs	p
lusciousnesses	p
lushed	VA
lusher	A
lushes	pV
lushest	A
lushing	NVA
lushnesses	p
lusted	iA
lustered	tiA
lustering	NtiA
lusters	pti
lusterwares	p
lustfulnesses	p
lustihoods	p
lustinesses	p
lusting	NiA
lustrated	tA
lustrates	t
lustrating	NtA
lustrations	p
lustred	VA
lustres	pV
lustrewares	p
lustring	NVA
lustrings	p
lustrousnesses	p
lusts	pi
lutanists	p
luted	tA
luteinizations	p
luteinized	tiA
luteinizes	ti
luteinizing	NtiA
luteins	p
lutenists	p
luteolins	p
luteotropins	p
lutes	pt
lutestrings	p
lutetiums	p
lutherns	p
luting	NtA
lutings	p
lutists	p
luxated	tA
luxates	t
luxating	NtA
luxations	p
luxes	p
luxuriances	p
luxuriated	iA
luxuriates	i
luxuriating	NiA
luxuriations	p
luxuriousnesses	p
lycanthropes	p
lycanthropies	p
lyceums	p
lyches	p
lychnises	p
lychnoscopes	p
lycopodiums	p
lycopods	p
lyddites	p
lyes	p
lying	NViA
lyings	V
lymphadenitises	p
lymphads	p
lymphatics	p
lymphoblasts	p
lymphocytes	p
lymphomas	p
lymphosarcomas	p
lymphs	p
lynched	tA
lynchers	p
lynches	t
lynchets	p
lynching	NtA
lynchings	p
lynxes	p
lyophilizations	p
lyophilized	tA
lyophilizes	t
lyophilizing	NtA
lyrebirds	p
lyres	p
lyricalnesses	p
lyricised	tiA
lyricises	ti
lyricising	NtiA
lyricisms	p
lyricists	p
lyricized	tiA
lyricizes	ti
lyricizing	NtiA
lyrics	p
lyrisms	p
lyrists	p
lysed	VA
lyses	V
lysimeters	p
lysines	p
lysing	NVA
lysins	p
lysosomes	p
lysozymes	p
lyssas	p
lytically	v
lyttas	p
maars	p
macadamias	p
macadamises	p
macadamized	tA
macadamizes	t
macadamizing	NtA
macadams	p
macaques	p
macaronics	p
macaroons	p
macaws	p
maccaboys	p
macebearers	p
macerated	VA
maceraters	p
macerates	V
macerating	NVA
macerations	p
macerators	p
macers	p
maces	p
machans	p
machicolated	tA
machicolates	t
machicolating	NtA
machicolations	p
machinabilities	p
machinated	VA
machinates	V
machinating	NVA
machinations	p
machinators	p
machined	tA
machineries	p
machines	pt
machining	NtA
machinists	p
machismos	p
machrees	p
machzors	p
mackerels	p
mackinaws	p
mackintoshes	p
mackles	p
macles	p
macrocephalies	p
macroclimates	p
macrocosms	p
macrocytes	p
macrodomes	p
macrogametes	p
macrographies	p
macrographs	p
macromolecules	p
macrons	p
macronutrients	p
macrophages	p
macros	p
macrospores	p
macrostructures	p
macrurans	p
macs	p
maculas	p
maculated	VtA
maculates	Vt
maculating	NVtA
maculations	p
macules	p
macumbas	p
madames	p
madams	p
madcaps	p
madded	VA
maddened	VA
maddening	NVA
maddeningly	v
maddens	V
madder	A
madders	p
madding	NVA
maddingly	v
madeleines	p
madhouses	p
madnesses	p
madrases	p
madrepores	p
madreporites	p
madrigalists	p
madrigals	p
madrilenes	p
mads	V
madtoms	p
maduros	p
madworts	p
maelstroms	p
maenadisms	p
maenads	p
maestosos	p
maestros	p
mafficked	iA
maffickers	p
mafficking	NiA
mafficks	i
maftirs	p
magazines	p
magazinists	p
magdalens	p
magentas	p
mages	p
maggotier	A
maggotiest	A
maggots	p
magicians	p
magics	pt
magilps	p
magistralities	p
magistrates	p
magistrateships	p
magnanimously	v
magnates	p
magnesias	p
magnesites	p
magnesiums	p
magnetisations	p
magnetised	tA
magnetisers	p
magnetises	t
magnetising	NtA
magnetisms	p
magnetites	p
magnetizations	p
magnetized	tA
magnetizers	p
magnetizes	t
magnetizing	NtA
magnetoelectricities	p
magnetographs	p
magnetometers	p
magnetometries	p
magnetons	p
magnetospheres	p
magnetostrictions	p
magnetostrictively	v
magnetrons	p
magnets	p
magnifically	v
magnifications	p
magnificences	p
magnificos	p
magnified	VtA
magnifies	Vt
magnifying	NVtA
magniloquences	p
magnitudes	p
magnolias	p
magnums	p
magots	p
magpies	p
mags	p
magueys	p
mahalebs	p
maharajahs	p
maharanis	p
maharishis	p
mahatmas	p
mahlsticks	p
mahonias	p
mahouts	p
mahseers	p
mahuas	p
maidans	p
maidenhairs	p
maidenheads	p
maidenhoods	p
maidens	p
maidhoods	p
maids	p
maidservants	p
maihems	p
mailabilities	p
mailbags	p
mailboxes	p
mailcoaches	p
mailed	tA
mailers	p
mailing	NtA
maills	p
mails	pt
mailsacks	p
maimed	tA
maimers	p
maiming	NtA
maims	pt
mainbraces	p
mainlanders	p
mainlands	p
mainlined	tiA
mainliners	p
mainlines	ti
mainlining	NtiA
mainmasts	p
mains	p
mainsails	p
mainsheets	p
mainsprings	p
mainstays	p
mainstreamer	A
mainstreams	p
maintained	tA
maintainers	p
maintaining	NtA
maintains	t
maintenances	p
maintops	p
maintopsails	p
mairs	p
maisonettes	p
maizes	p
majolicas	p
majored	iA
majorettes	p
majoring	NiA
majorly	v
majors	pi
majuscules	p
makefasts	p
makers	p
makes	pVi
makeshifts	p
makeups	p
makeweights	p
making	NViA
malabsorptions	p
malaccas	p
malachites	p
malacias	p
malacologies	p
malacologists	p
malacostracans	p
maladaptations	p
maladjustments	p
maladministered	tA
maladministering	NtA
maladministers	t
maladroitnesses	p
malaises	p
malamutes	p
malangas	p
malapertnesses	p
malaperts	p
malapportionments	p
malapropisms	p
malarias	p
malarkeys	p
malars	p
malassimilations	p
malates	p
malcontentednesses	p
malcontents	p
maleates	p
maledicted	tA
maledicting	NtA
maledictions	p
maledicts	t
malefactions	p
malefactors	p
maleficences	p
malemutes	p
malenesses	p
males	p
malfeasances	p
malformations	p
malfunctioned	iA
malfunctioning	NiA
malfunctions	pi
malices	p
maliciousnesses	p
maligned	tA
maligner	A
maligners	p
maligning	NtA
malignities	p
maligns	t
malihinis	p
malingered	iA
malingerers	p
malingering	NiA
malingers	i
malis	p
malisons	p
malkins	p
mallams	p
malleabilities	p
malleablenesses	p
malleably	v
malleated	tA
malleates	t
malleating	NtA
malleations	p
mallees	p
mallemucks	p
mallets	p
malleuses	p
mallows	p
malls	p
malms	p
malmseys	p
malnutritions	p
malocclusions	p
malodorousnesses	p
malpositions	p
malpractices	p
malpractitioners	p
maltases	p
malted	VA
malthas	p
maltier	A
maltiest	A
malting	NVA
maltings	p
maltols	p
maltoses	p
maltreated	tA
maltreating	NtA
maltreats	t
malts	pV
maltsters	p
malvasias	p
malversations	p
malvoisies	p
mamas	p
mambas	p
mamboed	iA
mamboing	NiA
mambos	pi
mamelons	p
mameys	p
mammalians	p
mammalogies	p
mammalogists	p
mammals	p
mammees	p
mammered	iA
mammering	NiA
mammers	i
mammets	p
mammies	p
mammocked	tA
mammocking	NtA
mammocks	pt
mammonisms	p
mammonists	p
mammonites	p
mammons	p
mammoths	p
mams	p
mamzers	p
manacled	tA
manacles	pt
manacling	NtA
manageably	v
managed	ViA
managements	p
manageresses	p
managers	p
managerships	p
manages	pVi
managing	NViA
manakins	p
mananas	p
manas	p
manatees	p
manches	p
manchets	p
manchineels	p
manciples	p
mandalas	p
mandarins	p
mandated	VtA
mandates	pVt
mandating	NVtA
mandatories	p
mandibles	p
mandibulates	p
mandilions	p
mandiocas	p
mandirs	p
mandolas	p
mandolinists	p
mandolins	p
mandorlas	p
mandragoras	p
mandrakes	p
mandrels	p
mandrills	p
manducated	tA
manducates	t
manducating	NtA
manducations	p
maned	VtA
maneuverabilities	p
maneuvered	VA
maneuverers	p
maneuvering	NVA
maneuvers	pV
mangabeys	p
manganates	p
manganeses	p
manganites	p
mangers	p
manges	p
mangily	v
mangled	tA
manglers	p
mangles	pt
mangling	NtA
mangonels	p
mangosteens	p
mangroves	p
manhandled	tA
manhandles	t
manhandling	NtA
manholes	p
manhoods	p
manhunts	p
maniacs	p
manias	p
manically	v
manicottis	p
manics	p
manicured	VtA
manicures	pVt
manicuring	NVtA
manicurists	p
manifestants	p
manifestations	p
manifested	tiA
manifester	A
manifesting	NtiA
manifestly	v
manifestos	p
manifests	pti
manifolded	tA
manifolder	A
manifolders	p
manifolding	NtA
manifoldnesses	p
manifolds	pt
manikins	p
manilles	p
maniocs	p
maniples	p
manipulated	tA
manipulates	t
manipulating	NtA
manipulators	p
manitous	p
mankier	A
mankiest	A
manlily	v
manlinesses	p
mannans	p
mannas	p
manned	VtA
mannequins	p
manner	A
mannerisms	p
mannerists	p
mannerlessnesses	p
mannerlinesses	p
manning	NVtA
mannishnesses	p
mannitols	p
mannoses	p
manoeuvred	tiA
manoeuvres	pti
manoeuvring	NtiA
manometers	p
manometrically	v
manorialisms	p
manors	p
manpowers	p
manropes	p
mans	pVt
mansards	p
manservants	p
manses	p
mansions	p
manslaughters	p
manslayers	p
mansuetudes	p
manteaus	p
mantelets	p
mantellettas	p
mantelpieces	p
mantels	p
manteltrees	p
mantids	p
mantillas	p
mantises	p
mantissas	p
mantled	tiA
mantles	pti
mantlets	p
mantling	NtiA
mantlings	p
mantraps	p
mantras	p
mantuas	p
manuals	p
manubriums	p
manufactured	VtA
manufacturers	p
manufactures	pVt
manufacturing	NVtA
manufacturings	V
manukas	p
manumissions	p
manumits	V
manumitted	VA
manumitters	p
manumitting	NVA
manured	tA
manures	pt
manuring	NtA
manuscripts	p
manuses	p
manzanillas	p
maples	p
mapped	VtA
mapping	NVtA
mappings	p
maps	pVt
maquettes	p
maquillages	p
maquis	p
marabous	p
marabouts	p
maracas	p
maraging	NtA
maras	p
marascas	p
maraschinos	p
marasmuses	p
marathoners	p
marathons	p
marauded	VA
marauders	p
marauding	NVA
marauds	pV
marbled	tA
marbleized	tA
marbleizes	t
marbleizing	NtA
marbler	A
marblers	p
marbles	pt
marbling	NtA
marblings	p
marbly	v
marcasites	p
marcelled	VA
marcelling	NVA
marcels	pV
marched	tiA
marchers	p
marches	pti
marchesas	p
marcheses	p
marching	NtiA
marchionesses	p
marchlands	p
marchpanes	p
marconigrams	p
marconigraphs	p
marcs	p
maremmas	p
mares	p
margarines	p
margaritas	p
margarites	p
margays	p
margents	p
marges	p
marginally	v
marginated	tA
marginates	t
marginating	NtA
marginations	p
margined	tA
margining	NtA
margins	pt
margravates	p
margraves	p
margravines	p
margs	p
marguerites	p
mariachis	p
maricultures	p
marigolds	p
marigraphs	p
marijuanas	p
marimbas	p
marinaded	VA
marinades	pV
marinading	NVA
marinaras	p
marinas	p
marinated	VA
marinates	V
marinating	NVA
marinations	p
mariner	A
mariners	p
marines	p
marionettes	p
mariposas	p
maritages	p
marjorams	p
markdowns	pVt
marked	VtA
markednesses	p
markers	p
marketabilities	p
marketablenesses	p
marketed	ViA
marketers	p
marketing	NViA
marketings	p
marketplaces	p
markets	pVi
marking	NVtA
markings	p
marks	pVt
markups	p
marled	VtA
marlier	A
marliest	A
marlines	p
marlinespikes	p
marling	NVtA
marlins	p
marlites	p
marls	pVt
marmalades	p
marmites	p
marmoreally	v
marmosets	p
marmots	p
marocains	p
marooned	tA
marooning	NtA
maroons	pt
maroquins	p
marors	p
marquees	p
marques	p
marquessates	p
marquesses	p
marquetries	p
marquisates	p
marquisettes	p
marred	VA
marriageabilities	p
marriageablenesses	p
marriages	p
married	VtA
marrieds	p
marries	Vt
marring	NVA
marrons	p
marrowfats	p
marrows	p
marrying	NVtA
mars	pV
marseilles	p
marses	p
marshaled	VA
marshaling	NVA
marshalled	VA
marshalling	NVA
marshallings	V
marshalls	p
marshals	pV
marshes	p
marshinesses	p
marshlands	p
marshmallows	p
marsupials	p
martagons	p
martensites	p
martensitically	v
martialisms	p
martialists	p
martinets	p
martingales	p
martins	p
martlets	p
marts	p
martyrdoms	p
martyred	VA
martyring	NVA
martyrisations	p
martyrised	tA
martyrises	t
martyrising	NtA
martyrized	tA
martyrizes	t
martyrizing	NtA
martyrologies	p
martyrologists	p
martyrs	pV
marveled	VA
marveling	NVA
marvelled	VA
marvelling	NVA
marvellousnesses	p
marvels	pV
marvered	tA
marvering	NtA
marvers	pt
marzipans	p
mas	p
mascaras	p
mascarons	p
mascles	p
mascons	p
mascots	p
masculinenesses	p
masculinities	p
masculinizations	p
masculinized	tA
masculinizes	t
masculinizing	NtA
masers	p
mases	p
mashed	tA
mashes	pt
mashies	p
mashing	NtA
masjids	p
masked	VtA
maskers	p
masking	NVtA
masks	pVt
maslins	p
masochisms	p
masochists	p
masoned	tA
masoning	NtA
masonries	p
masons	pt
masqueraded	iA
masqueraders	p
masquerades	pi
masquerading	NiA
masquers	p
masques	p
massacred	tA
massacres	pt
massacring	NtA
massaged	tA
massagers	p
massages	pt
massaging	NtA
massagists	p
massasaugas	p
massed	VA
masses	V
masseters	p
masseurs	p
masseuses	p
massicots	p
massifs	p
massinesses	p
massing	NVA
massivenesses	p
mastabas	p
masted	tA
masterdoms	p
mastered	tA
masterfulnesses	p
mastering	NtA
masterlinesses	p
masterminded	tA
masterminding	NtA
masterminds	pt
masterpieces	p
masters	pt
masterships	p
mastersingers	p
masterstrokes	p
mastheaded	tA
mastheading	NtA
mastheads	pt
masticated	VA
masticates	V
masticating	NVA
mastications	p
masticatories	p
mastics	p
mastiffs	p
mastigophorans	p
masting	NtA
mastixes	p
mastodons	p
mastoids	p
mastopexies	p
masts	pt
masturbated	VA
masturbates	V
masturbating	NVA
masturbations	p
masuriums	p
matadors	p
matchboards	p
matchbooks	p
matchboxes	p
matched	VA
matchers	p
matches	pV
matching	NVA
matchlessnesses	p
matchlocks	p
matchmakers	p
matchmakings	p
matchsticks	p
matchwoods	p
mated	VtA
matelotes	p
matelots	p
mater	A
materfamiliases	p
materialisations	p
materialised	tiA
materialisers	p
materialises	ti
materialising	NtiA
materialisms	p
materialists	p
materialities	p
materializations	p
materialized	iA
materializers	p
materializes	i
materializing	NiA
materialnesses	p
maternalisms	p
maternalistically	v
maternities	p
maters	p
mates	pVt
mateynesses	p
mateys	p
mathematicians	p
matildas	p
matinesses	p
mating	NVtA
matings	pV
matins	p
matlos	p
matrasses	p
matriarchalisms	p
matriarchates	p
matricides	p
matrics	p
matriculated	ViA
matriculates	pVi
matriculating	NViA
matriculations	p
matriculators	p
matrilineages	p
matrilineally	v
matrilocally	v
matronages	p
matronhoods	p
matronized	tiA
matronizes	ti
matronizing	NtiA
matronlinesses	p
matrons	p
matronymics	p
mats	pVt
mattamores	p
matted	VtA
mattedly	v
matter	A
mattered	iA
mattering	NiA
matters	pi
mattes	p
matting	NVtA
mattings	p
mattocks	p
mattoids	p
mattrasses	p
mattresses	p
matts	pV
maturated	VA
maturates	V
maturating	NVA
maturations	p
matured	ViA
maturenesses	p
maturer	A
maturers	p
matures	Vi
maturest	A
maturing	NViA
maturities	p
matzoons	p
matzos	p
maudlinisms	p
maudlinnesses	p
mauds	p
mauled	tA
mauling	NtA
mauls	pt
maulsticks	p
maulvis	p
maumetries	p
maumets	p
maundered	iA
maunderers	p
maundering	NiA
maunders	i
maundies	p
maunds	p
maungier	A
maungiest	A
mausoleums	p
mauves	p
mavericks	p
mavises	p
mavourneens	p
mawkins	p
mawkishnesses	p
maws	p
maxes	p
maxillaries	p
maxillipeds	p
maximalists	p
maximins	p
maximizations	p
maximized	tA
maximizers	p
maximizes	t
maximizing	NtA
maxims	p
maximums	p
maxisingles	p
maxixes	p
maxwells	p
mayas	p
mayed	VA
mayflowers	p
mayhems	p
maying	NVA
mayonnaises	p
mayoresses	p
mayors	p
mayorships	p
maypoles	p
maypops	p
mays	pV
mayweeds	p
mazards	p
mazarines	p
mazed	VA
mazes	pV
mazinesses	p
mazing	NVA
mazumas	p
mazurkas	p
mazzards	p
meadowlarks	p
meadows	p
meadowsweets	p
meads	p
meagernesses	p
meagrenesses	p
mealies	p
mealinesses	p
meals	p
mealtimes	p
mealworms	p
meandered	iA
meanderers	p
meandering	NiA
meanders	pi
meaned	ViA
meaner	A
meanest	A
meaning	NViA
meaningfulnesses	p
meaninglessnesses	p
meanings	p
means	pVi
meantimes	p
meanwhiles	p
measurabilities	p
measurablenesses	p
measured	tiA
measuredly	v
measurelessnesses	p
measurements	p
measurers	p
measures	ti
measuring	NtiA
measurings	V
meatballs	p
meatheads	p
meatily	v
meatinesses	p
meats	p
mecamylamines	p
mechanicalnesses	p
mechanicals	p
mechanicians	p
mechanics	p
mechanisms	p
mechanistically	v
mechanists	p
mechanizations	p
mechanized	tA
mechanizers	p
mechanizes	t
mechanizing	NtA
mechanotherapies	p
mechanotherapists	p
meclizines	p
meconiums	p
medakas	p
medaled	VA
medaling	NVA
medalled	VA
medalling	NVA
medallions	p
medallists	p
medals	pV
meddled	iA
meddles	i
meddlesomenesses	p
meddling	NiA
mediacies	p
mediaevalisms	p
mediaevalists	p
mediaevally	v
medials	p
medians	p
mediants	p
medias	p
mediated	VtiA
mediatenesses	p
mediates	Vti
mediating	NVtiA
mediations	p
mediatisations	p
mediatised	tA
mediatises	t
mediatising	NtA
mediatizations	p
mediatized	tA
mediatizes	t
mediatizing	NtA
mediatorially	v
mediators	p
medically	v
medicals	p
medicamentally	v
medicaments	p
medicated	tA
medicates	t
medicating	NtA
medications	p
medicinally	v
medicinals	p
medicines	p
medicks	p
medics	p
medievalisms	p
medievalists	p
medievally	v
medinas	p
mediocrely	v
meditated	iA
meditates	i
meditating	NiA
meditations	p
meditativenesses	p
meditators	p
mediuses	p
medlars	p
medusoids	p
meeds	p
meeker	A
meekest	A
meeknesses	p
meerkats	p
meerschaums	p
meeter	A
meeters	p
meeting	NVtA
meetings	p
meetnesses	p
meets	pVt
megabits	p
megabucks	p
megacephalies	p
megacities	p
megacycles	p
megadeaths	p
megagametes	p
megajoules	p
megaliths	p
megaloblasts	p
megalocardias	p
megalocephalies	p
megalomaniacally	v
megalomaniacs	p
megalomanias	p
megalopolises	p
megalopolitans	p
megalosaurs	p
megameters	p
megaphones	p
megapodes	p
megapods	p
megarads	p
megarons	p
megascopes	p
megascopically	v
megaspores	p
megasporophylls	p
megasses	p
megatheres	p
megatons	p
megavolts	p
megawatts	p
megillahs	p
megilps	p
megohms	p
megrims	p
megs	p
meiotically	v
melamines	p
melancholias	p
melancholics	p
melancholinesses	p
melanins	p
melanisms	p
melanites	p
melanocytes	p
melaphyres	p
melatonins	p
melded	VA
melders	p
melding	NVA
melds	pV
melenas	p
melilots	p
melinites	p
meliorated	VA
meliorates	pV
meliorating	NVA
meliorations	p
meliorators	p
meliorisms	p
meliorists	p
meliorities	p
melled	tiA
mellifluently	v
mellifluousnesses	p
melling	NtiA
mellophones	p
mellowed	VA
mellower	A
mellowest	A
mellowing	NVA
mellownesses	p
mellows	V
mells	pti
melodeons	p
melodias	p
melodies	p
melodions	p
melodists	p
melodized	tiA
melodizers	p
melodizes	ti
melodizing	NtiA
melodramas	p
melodramatics	p
melodramatised	tA
melodramatises	t
melodramatising	NtA
melodramatists	p
melodramatized	tA
melodramatizes	t
melodramatizing	NtA
meloids	p
melons	p
mels	p
meltabilities	p
meltages	p
melted	VA
melters	p
melting	NVA
meltingnesses	p
meltons	p
melts	pV
meltwaters	p
members	p
memberships	p
membranes	p
membranously	v
memorabilities	p
memorablenesses	p
memorialisations	p
memorialised	tA
memorialisers	p
memorialises	t
memorialising	NtA
memorialists	p
memorializations	p
memorialized	tA
memorializers	p
memorializes	t
memorializing	NtA
memorials	p
memories	p
memorizations	p
memorized	tA
memorizers	p
memorizes	t
memorizing	NtA
memos	p
mems	p
memsahibs	p
menaced	VA
menacers	p
menaces	pV
menacing	NVA
menadiones	p
menageries	p
menarches	p
mendaciousnesses	p
mended	tiA
mendeleviums	p
menders	p
mendicancies	p
mendicants	p
mendicities	p
mending	NtiA
mendings	p
mends	pti
menes	p
menhirs	p
menials	p
meningoceles	p
menopauses	p
menorahs	p
menorrhagias	p
mens	p
mensed	tA
menses	pt
mensing	NtA
menstruated	iA
menstruates	i
menstruating	NiA
menstruations	p
menstruums	p
mensurabilities	p
mensurations	p
mentalisms	p
mentalists	p
menthenes	p
menthols	p
menticides	p
mentioned	tA
mentioners	p
mentioning	NtA
mentions	pt
mentors	p
mentorships	p
menus	p
meowed	iA
meowing	NiA
meows	i
meperidines	p
mephitises	p
meprobamates	p
merbromins	p
mercantilisms	p
mercaptans	p
mercaptides	p
mercaptopurines	p
mercenarinesses	p
mercerizations	p
mercerized	tA
mercerizers	p
mercerizes	t
mercerizing	NtA
mercers	p
merchandised	VA
merchandisers	p
merchandises	pV
merchandising	NVA
merchandisings	V
merchanted	tA
merchanting	NtA
merchants	pt
merchets	p
mercies	p
mercifulnesses	p
mercilessnesses	p
mercs	p
mercurated	tA
mercurates	t
mercurating	NtA
mercurialisations	p
mercurialised	tA
mercurialises	t
mercurialising	NtA
mercurialisms	p
mercurialized	tA
mercurializes	t
mercurializing	NtA
mercurials	p
merengues	p
merer	A
meres	p
meretriciousnesses	p
merged	VA
mergers	p
merges	V
merging	NVA
mergings	V
mericarps	p
meridians	p
meridionally	v
meridionals	p
meringues	p
meristems	p
meristically	v
merited	tA
meriting	NtA
meritocracies	p
meritoriousnesses	p
merits	t
merkins	p
merks	p
merles	p
merlins	p
merlons	p
mermaids	p
merogonies	p
meroplanktons	p
merozoites	p
merrily	v
merriments	p
merrymakers	p
merrymakings	p
merrythoughts	p
mes	p
mesas	p
mescalines	p
mescals	p
mesembryanthemums	p
mesencephalons	p
mesenchymes	p
mesenteritises	p
mesenterons	p
meshed	ViA
meshes	pVi
meshing	NViA
meshworks	p
mesitylenes	p
mesmerisations	p
mesmerisers	p
mesmerisms	p
mesmerists	p
mesmerizations	p
mesmerized	tA
mesmerizers	p
mesmerizes	t
mesmerizing	NtA
mesnalties	p
mesoblasts	p
mesocarps	p
mesoderms	p
mesogleas	p
mesolites	p
mesomorphies	p
mesomorphisms	p
mesomorphs	p
mesons	p
mesopauses	p
mesophylls	p
mesophytes	p
mesospheres	p
mesotheliomas	p
mesothoriums	p
mesotrons	p
mesquites	p
messaged	tA
messages	pt
messaging	NtA
messalines	p
messans	p
messed	tiA
messengers	p
messes	pti
messinesses	p
messing	NtiA
messmates	p
messuages	p
mestees	p
mestizos	p
mestranols	p
metabolised	tiA
metabolises	ti
metabolising	NtiA
metabolisms	p
metabolites	p
metabolized	VA
metabolizes	V
metabolizing	NVA
metacarpally	v
metacarpals	p
metacarpuses	p
metacenters	p
metacentres	p
metachromatisms	p
metages	p
metagnathisms	p
metalanguages	p
metaled	VtA
metaling	NVtA
metalinguistically	v
metalled	VtA
metalling	NVtA
metallings	V
metallisations	p
metallised	tA
metallises	t
metallising	NtA
metallists	p
metallizations	p
metallized	tA
metallizes	t
metallizing	NtA
metallographers	p
metallographically	v
metallographies	p
metallographists	p
metalloids	p
metallophones	p
metallurgies	p
metally	v
metals	pVt
metalsmiths	p
metalwares	p
metalworkings	p
metalworks	p
metamales	p
metamathematicians	p
metameres	p
metamerisms	p
metamers	p
metamorphically	v
metamorphisms	p
metamorphosed	VA
metamorphoses	V
metamorphosing	NVA
metaphases	p
metaphors	p
metaphosphates	p
metaphrased	tA
metaphrases	pt
metaphrasing	NtA
metaphrasts	p
metaphysically	v
metaphysics	p
metaplasias	p
metaplasms	p
metaproteins	p
metapsychologies	p
metasomatisms	p
metastabilities	p
metastably	v
metastasises	p
metastasized	iA
metastasizes	i
metastasizing	NiA
metastatically	v
metatarsals	p
metatarsuses	p
metathesises	p
metathesized	VA
metathesizes	V
metathesizing	NVA
metathetically	v
metaxylems	p
metazoans	p
meted	VtA
metempiricists	p
meteorites	p
meteorographs	p
meteoroids	p
meteorologies	p
meteors	p
meterages	p
metered	tA
metering	NtA
meters	pt
metes	pVt
metestruses	p
methacrylates	p
methadones	p
methanes	p
methanols	p
metheglins	p
methenamines	p
methionines	p
methodicalnesses	p
methodised	tA
methodisers	p
methodises	t
methodising	NtA
methodized	tA
methodizers	p
methodizes	t
methodizing	NtA
methods	p
methos	p
methotrexates	p
methoxides	p
methoxychlors	p
methylals	p
methylamines	p
methylated	tA
methylates	pt
methylating	NtA
methylations	p
methylators	p
methylbenzenes	p
methyldopas	p
methylenes	p
methylnaphthalenes	p
methyls	p
metics	p
meticulosities	p
meticulousnesses	p
meting	NVtA
metols	p
metonymies	p
metonyms	p
metopes	p
metralgias	p
metres	p
metricated	VA
metricates	V
metricating	NVA
metricians	p
metricised	tA
metricises	t
metricising	NtA
metricized	tA
metricizes	t
metricizing	NtA
metrics	p
metrifications	p
metrified	VA
metrifiers	p
metrifies	V
metrifying	NVA
metrists	p
metritises	p
metrologically	v
metronidazoles	p
metronomes	p
metronymics	p
metropolitanisms	p
metropolitans	p
metrorrhagias	p
mettles	p
meus	p
mewed	tiA
mewing	NtiA
mewled	iA
mewling	NiA
mewls	pi
mews	pti
mewses	p
mezcals	p
mezereons	p
mezereums	p
mezuzahs	p
mezuzas	p
mezzanines	p
mezzos	p
mezzotinted	tA
mezzotinting	NtA
mezzotints	pt
mhos	p
miaoued	VA
miaouing	NVA
miaous	V
miaowed	iA
miaowing	NiA
miaows	pi
miasmas	p
miasmically	v
miauled	iA
miauling	NiA
miauls	i
mibs	p
micas	p
micelles	p
miched	iA
michers	p
miches	i
miching	NiA
michings	i
mickeys	p
mickler	A
mickles	p
micklest	A
micrified	tA
micrifies	t
micrifying	NtA
microamperes	p
microanalysts	p
microbalances	p
microbarographs	p
microbes	p
microbiologies	p
microbiologists	p
microcephalies	p
microchemistries	p
microcircuits	p
microclimates	p
microclimatologies	p
microclimatologists	p
microclines	p
microcosmically	v
microcosms	p
microcrystallinities	p
microcrystals	p
microcuries	p
microcytes	p
microdetectors	p
microdissections	p
microdots	p
microelectronically	v
microelectrophoretically	v
microelements	p
microenvironments	p
microfarads	p
microfilmed	VA
microfilming	NVA
microfilms	pV
microfossils	p
microgametes	p
micrograms	p
micrographers	p
micrographies	p
micrographs	p
microgrooves	p
microhabitats	p
microhms	p
microliters	p
microlites	p
microliths	p
micrologically	v
micrologists	p
microluxes	p
micrometeorites	p
micrometeorologies	p
micrometers	p
micrometries	p
microminiaturizations	p
microminiaturized	tA
microminiaturizes	t
microminiaturizing	NtA
microns	p
micronutrients	p
microorganisms	p
micropalaeontologies	p
micropaleontologies	p
micropaleontologists	p
microparasites	p
microphages	p
microphones	p
microphotographies	p
microphotographs	p
microphotometers	p
microphysically	v
microphytes	p
microprints	p
microprocessors	p
micropyles	p
microreaders	p
microreproductions	p
microscopes	p
microscopically	v
microscopies	p
microscopists	p
microseconds	p
microseisms	p
microsomes	p
microspectrophotometries	p
microspores	p
microsporophylls	p
microstructures	p
microsurgeries	p
microswitches	p
microtomes	p
microtomies	p
microtomists	p
microtonalities	p
microtones	p
microvolts	p
microwatts	p
microwaves	p
micrurgies	p
micturated	iA
micturates	i
micturating	NiA
micturitions	p
midafternoons	p
midairs	p
midbrains	p
midcourses	p
middays	p
middens	p
middest	A
middlebreakers	p
middlebrows	p
middlebusters	p
middled	tA
middler	A
middles	pt
middleweights	p
middling	NtA
midfields	p
midges	p
midgets	p
midguts	p
midirons	p
midlands	p
midlegs	p
midlines	p
midnights	p
midnoons	p
midpoints	p
midribs	p
midriffs	p
mids	p
midsections	p
midships	p
midstreams	p
midsts	p
midsummers	p
midterms	p
midtowns	p
midways	p
midweeks	p
midwiferies	p
midwifes	p
midwinters	p
midyears	p
miens	p
miffed	VA
miffily	v
miffing	NVA
miffs	pV
miggles	p
mightinesses	p
mights	pV
mignonettes	p
migraines	p
migrants	p
migrated	iA
migrates	i
migrating	NiA
migrations	p
migs	p
mihrabs	p
miked	iA
mikes	pi
miking	NiA
mikvahs	p
mildened	VA
mildening	NVA
mildens	V
milder	A
mildest	A
mildewed	VA
mildewing	NVA
mildews	pV
mildnesses	p
milds	p
mileages	p
mileposts	p
milers	p
miles	p
milestones	p
milfoils	p
miliarias	p
milieus	p
militancies	p
militantnesses	p
militants	p
militarinesses	p
militarisations	p
militarised	tA
militarises	t
militarising	NtA
militarisms	p
militarists	p
militarizations	p
militarized	tA
militarizes	t
militarizing	NtA
militated	iA
militates	i
militating	NiA
militias	p
milked	VtiA
milkers	p
milkinesses	p
milking	NVtiA
milkmaids	p
milkos	p
milks	pVti
milksops	p
milkweeds	p
milkwoods	p
milkworts	p
millboards	p
millcakes	p
milldams	p
milled	VtA
millefeuilles	p
millefioris	p
millenarianisms	p
millenarians	p
millenaries	p
millepores	p
millerites	p
millers	p
millets	p
milliards	p
milliares	p
millibars	p
milliers	p
millifarads	p
milligals	p
milligrams	p
milliliters	p
millilitres	p
milliluxes	p
millimes	p
millimeters	p
millimetres	p
millimoles	p
millineries	p
milliners	p
millines	p
milling	NVtA
millings	p
milliohms	p
millionaires	p
millions	p
millionths	p
millipedes	p
millirems	p
milliroentgens	p
milliseconds	p
millivolts	p
millponds	p
millraces	p
millruns	p
mills	pVt
millstones	p
millstreams	p
millworks	p
millwrights	p
milometers	p
milords	p
milos	p
milquetoasts	p
milreises	p
mils	p
milted	VA
milters	p
milting	NVA
milts	pV
mimbars	p
mimed	VA
mimeographed	tA
mimeographing	NtA
mimeographs	pt
mimer	A
mimers	p
mimes	pV
mimesises	p
mimetically	v
mimetites	p
mimickers	p
mimics	pV
miming	NVA
mimmest	A
mimosas	p
minaciously	v
minarets	p
minatorily	v
minced	tiA
mincemeats	p
mincers	p
minces	pti
mincing	NtiA
minded	VtA
minders	p
mindfulnesses	p
minding	NVtA
mindlessnesses	p
minds	pVt
mined	VA
minefields	p
minelayers	p
mineralised	tiA
mineralises	ti
mineralising	NtiA
mineralized	tA
mineralizers	p
mineralizes	t
mineralizing	NtA
mineralocorticoids	p
mineralogies	p
mineralogists	p
minerals	p
miners	p
mines	pV
minestrones	p
minesweepers	p
mingier	A
mingiest	A
mingily	v
mingled	ViA
minglements	p
minglers	p
mingles	Vi
mingling	NViA
minglings	V
miniatures	p
miniaturists	p
miniaturizations	p
miniaturized	tA
miniaturizes	t
miniaturizing	NtA
minibuses	p
minicabs	p
minicams	p
minicomputers	p
minidresses	p
minified	VA
minifies	V
minifying	NVA
minikins	p
minimalists	p
minimaxes	p
minimisations	p
minimised	tA
minimisers	p
minimises	t
minimising	NtA
minimizations	p
minimized	tA
minimizers	p
minimizes	t
minimizing	NtA
minims	p
minimums	p
mining	NVA
minings	p
minions	p
minipills	p
minis	p
miniskirts	p
ministered	tiA
ministerialists	p
ministerially	v
ministering	NtiA
ministers	pti
ministrants	p
ministrations	p
miniums	p
minivers	p
minivets	p
minks	p
minnesingers	p
minnows	p
minored	iA
minoring	NiA
minors	pi
minsters	p
minstrels	p
minstrelsies	p
mintages	p
minted	VtA
minter	A
minters	p
minting	NVtA
mints	pVt
minuends	p
minuets	p
minuscules	p
minuses	p
minuted	tA
minutenesses	p
minuter	A
minutes	t
minutest	A
minuting	NtA
minxes	p
minyans	p
miombos	p
miotics	p
miracles	p
miraculousnesses	p
miradors	p
mirages	p
mired	VtA
mires	pVt
mirinesses	p
miring	NVtA
mirkily	v
mirks	p
mirrored	tA
mirroring	NtA
mirrors	pt
mirs	p
mirthfulnesses	p
mirthlessnesses	p
mirths	p
mirzas	p
mis	p
misacted	iA
misacting	NiA
misacts	i
misadapted	VA
misadapting	NVA
misadapts	V
misadded	VA
misadding	NVA
misaddressed	tA
misaddresses	t
misaddressing	NtA
misadds	V
misadjusted	VA
misadjusting	NVA
misadjusts	V
misadministrations	p
misadventures	p
misadvised	tA
misadvises	t
misadvising	NtA
misaimed	VA
misaiming	NVA
misaims	pV
misalignments	p
misalleged	tA
misalleges	t
misalleging	NtA
misalliances	p
misallied	tA
misallies	t
misallotments	p
misallots	t
misallotted	tA
misallotting	NtA
misallying	NtA
misanthropes	p
misanthropies	p
misapplied	VA
misapplies	V
misapplying	NVA
misapprehended	tA
misapprehending	NtA
misapprehends	t
misapprehensions	p
misapprehensivenesses	p
misappropriated	tA
misappropriates	t
misappropriating	NtA
misarrangements	p
misarticulated	VA
misarticulates	V
misarticulating	NVA
misassigned	VA
misassigning	NVA
misassigns	V
misaverred	tA
misaverring	NtA
misavers	t
misawarded	tA
misawarding	NtA
misawards	t
misbecomes	V
misbecoming	NVA
misbehaved	VA
misbehavers	p
misbehaves	V
misbehaving	NVA
misbehaviors	p
misbeliefs	p
misbestowed	tA
misbestowing	NtA
misbestows	t
misbilled	tA
misbilling	NtA
misbills	t
misbinding	NVA
misbinds	V
misbranded	tA
misbranding	NtA
misbrands	t
misbuilding	NVA
misbuilds	V
miscalculated	tA
miscalculates	t
miscalculating	NtA
miscalculations	p
miscalculators	p
miscalled	tA
miscallers	p
miscalling	NtA
miscalls	t
miscarriages	p
miscarried	VA
miscarries	V
miscarrying	NVA
miscasted	VA
miscasting	NVA
miscasts	V
miscegenations	p
miscellaneously	v
miscellanists	p
mischances	p
mischaracterized	tA
mischaracterizes	t
mischaracterizing	NtA
mischarged	VA
mischarges	V
mischarging	NVA
mischiefs	p
mischievousnesses	p
mischooses	ti
mischoosing	NtiA
misclaimed	tA
misclaiming	NtA
misclaims	t
misclassed	VA
misclasses	V
misclassifications	p
misclassified	tA
misclassifies	t
misclassifying	NtA
misclassing	NVA
miscoined	VA
miscoining	NVA
miscoins	V
miscomputations	p
miscomputed	VA
miscomputes	V
miscomputing	NVA
misconceived	VA
misconceivers	p
misconceives	V
misconceiving	NVA
misconceptions	p
misconducted	VtA
misconducting	NVtA
misconducts	pVt
misconjectured	VA
misconjectures	V
misconjecturing	NVA
misconstructions	p
misconstrued	VA
misconstrues	V
misconstruing	NVA
miscounselled	tA
miscounselling	NtA
miscounsels	t
miscounted	VA
miscounting	NVA
miscounts	pV
miscreances	p
miscreancies	p
miscreants	p
miscreated	VA
miscreates	V
miscreating	NVA
miscreators	p
miscued	iA
miscueing	NiA
miscues	pi
miscuing	NiA
miscuts	V
miscutting	NVA
misdates	p
misdealing	NVA
misdeals	pV
misdeeds	p
misdeemed	tiA
misdeeming	NtiA
misdeems	ti
misdefined	tA
misdefines	t
misdefining	NtA
misdemeanants	p
misdemeaned	VA
misdemeaning	NVA
misdemeanors	p
misdemeanours	p
misdemeans	V
misdescribed	tiA
misdescribes	ti
misdescribing	NtiA
misdirected	tA
misdirecting	NtA
misdirections	p
misdirects	t
misdoers	p
misdoing	NtiA
misdoings	V
misdoubted	VA
misdoubting	NVA
misdoubts	V
misdrawing	NVA
misdrawings	V
misdraws	V
miseases	p
misedited	tA
misediting	NtA
misedits	t
miseducated	tA
miseducates	t
miseducating	NtA
miseducations	p
misemphasises	p
misemphasized	tA
misemphasizes	t
misemphasizing	NtA
miserablenesses	p
misereres	p
misericords	p
miserlinesses	p
misers	p
mises	p
misesteemed	tA
misesteeming	NtA
misesteems	t
misestimated	tA
misestimates	pt
misestimating	NtA
misestimations	p
misfeasances	p
misfeasors	p
misfeatures	p
misfielded	VA
misfielding	NVA
misfields	V
misfiled	VA
misfiles	V
misfiling	NVA
misfired	iA
misfires	pi
misfiring	NiA
misfits	pV
misfitted	VA
misfitting	NVA
misfocused	VA
misfocuses	V
misfocusing	NVA
misformations	p
misformed	VA
misforming	NVA
misforms	V
misfortunes	p
misframed	VA
misframes	V
misframing	NVA
misgived	VA
misgives	V
misgiving	NVA
misgivings	p
misgoverned	VA
misgoverning	NVA
misgoverns	V
misgraded	VA
misgrades	V
misgrading	NVA
misgrafted	VA
misgrafting	NVA
misgrafts	V
misguidances	p
misguided	tA
misguidednesses	p
misguiders	p
misguides	t
misguiding	NtA
mishandled	tA
mishandles	t
mishandling	NtA
mishanters	p
mishaps	p
mishearing	NVA
mishears	V
mishits	pV
mishitting	NVA
mishmashes	p
misidentifications	p
misidentified	VA
misidentifies	V
misidentifying	NVA
misinferred	VA
misinferring	NVA
misinfers	V
misinformants	p
misinformations	p
misinformed	tA
misinformers	p
misinforming	NtA
misinforms	t
misinstructed	tA
misinstructing	NtA
misinstructs	t
misinterpretations	p
misinterpreted	tA
misinterpreters	p
misinterpreting	NtA
misinterprets	t
misjoinders	p
misjoined	VA
misjoining	NVA
misjoins	V
misjudged	VA
misjudges	V
misjudging	NVA
misknowing	NtA
misknowledges	p
misknows	t
mislabeled	tA
mislabeling	NtA
mislabelled	tA
mislabelling	NtA
mislabels	t
mislayers	p
mislaying	NVA
mislays	V
misleaders	p
misleading	NVA
misleadingly	v
misleads	V
mislearned	VA
mislearning	NVA
mislearns	V
misliked	tA
mislikers	p
mislikes	pt
misliking	NtA
mislocated	tA
mislocates	t
mislocating	NtA
mislocations	p
mismakes	V
mismaking	NVA
mismanaged	tA
mismanagements	p
mismanages	t
mismanaging	NtA
mismarriages	p
mismatched	VA
mismatches	pV
mismatching	NVA
mismated	tiA
mismates	ti
mismating	NtiA
mismeasured	VA
mismeasures	V
mismeasuring	NVA
misnomers	p
misogamies	p
misogamists	p
misogynies	p
misogynists	p
misologies	p
misologists	p
misoneisms	p
misos	p
mispaged	tA
mispages	t
mispaging	NtA
misparsed	tA
misparses	t
misparsing	NtA
mispatched	tA
mispatches	t
mispatching	NtA
misperceived	tA
misperceives	t
misperceiving	NtA
misperceptions	p
misphrased	tA
misphrases	t
misphrasing	NtA
mispickels	p
misplaced	tA
misplacements	p
misplaces	t
misplacing	NtA
misplanted	tA
misplanting	NtA
misplants	t
misplayed	tA
misplaying	NtA
misplays	pt
mispleaded	VA
mispleading	NVA
mispleadings	p
mispleads	V
misprinted	VtA
misprinting	NVtA
misprints	pVt
misprisions	p
misprized	VA
misprizes	V
misprizing	NVA
mispronounced	VA
mispronounces	V
mispronouncing	NVA
mispronunciations	p
mispunctuated	tA
mispunctuates	t
mispunctuating	NtA
mispunctuations	p
misquotations	p
misquoted	VA
misquoters	p
misquotes	V
misquoting	NVA
misrated	VA
misrates	V
misrating	NVA
misreading	NVA
misreads	V
misreckoned	tA
misreckoning	NtA
misreckons	pt
misreferences	p
misreferred	VA
misreferring	NVA
misrefers	V
misrelated	VA
misrelates	V
misrelating	NVA
misrelied	iA
misrelies	i
misrelying	NiA
misrendered	tA
misrendering	NtA
misrenders	t
misreported	tA
misreporters	p
misreporting	NtA
misreports	pt
misrepresentations	p
misrepresented	tA
misrepresenters	p
misrepresenting	NtA
misrepresents	t
misruled	tA
misrules	pt
misruling	NtA
missals	p
misseated	tA
misseating	NtA
misseats	t
missed	VtA
misseeming	NtA
missending	NtA
missends	t
misses	Vt
misshaped	VtA
misshapennesses	p
misshapes	pVt
misshaping	NVtA
missileries	p
missiles	p
missing	NVtA
missingly	v
missioned	tA
missioners	p
missioning	NtA
missions	pt
missives	p
missorted	VA
missorting	NVA
missorts	V
missounded	VA
missounding	NVA
missounds	V
misspaced	tA
misspaces	t
misspacing	NtA
misspeaking	NtiA
misspeaks	ti
misspelled	VA
misspelling	NVA
misspellings	p
misspells	V
misspending	NVA
misspends	V
misstarted	VA
misstarting	NVA
misstarts	V
misstated	tA
misstatements	p
misstates	t
misstating	NtA
missteered	VA
missteering	NVA
missteers	V
missteps	p
misstyled	VA
misstyles	V
misstyling	NVA
missuses	p
mistakers	p
mistakes	pV
mistaking	NVA
mistbows	p
misteaches	t
misteaching	NtA
misted	VA
mistered	VA
mistering	NVA
mistermed	tA
misterming	NtA
misterms	t
misters	pV
misthrowing	NVA
misthrows	V
mistily	v
mistimed	tA
mistimes	t
mistiming	NtA
misting	NVA
mistitled	tA
mistitles	t
mistitling	NtA
mistletoes	p
mistraced	VA
mistraces	V
mistracing	NVA
mistrals	p
mistranscribed	tA
mistranscribes	t
mistranscribing	NtA
mistranscriptions	p
mistranslated	tiA
mistranslates	ti
mistranslating	NtiA
mistranslations	p
mistreated	tA
mistreating	NtA
mistreatments	p
mistreats	t
mistresses	p
mistrials	p
mistrusted	VA
mistrusters	p
mistrustfulnesses	p
mistrusting	NVA
mistrusts	pV
mistrysted	tA
mistrysting	NtA
mistrysts	t
mists	pV
mistuned	VA
mistunes	V
mistuning	NVA
mistutored	VA
mistutoring	NVA
mistutors	V
mistyped	VA
mistypes	V
mistyping	NVA
misunderstanding	NVA
misunderstandings	p
misunderstands	V
misunions	p
misusages	p
misused	tA
misusers	p
misuses	pt
misusing	NtA
misvalued	tA
misvalues	t
misvaluing	NtA
misventures	p
misworded	tA
miswording	NtA
miswords	t
misworshipped	VA
misworshipping	NVA
misworships	V
miswrites	t
miswriting	NtA
mitched	iA
mitches	i
mitching	NiA
mitered	VA
miterers	p
mitering	NVA
miters	pV
miterworts	p
mites	p
mithers	p
mithridates	p
mithridatised	tA
mithridatises	t
mithridatising	NtA
mithridatisms	p
mithridatized	tA
mithridatizes	t
mithridatizing	NtA
miticides	p
mitigated	VA
mitigates	V
mitigating	NVA
mitigations	p
mitigators	p
mitises	p
mitrailleuses	p
mitred	tA
mitres	pt
mitreworts	p
mitring	NtA
mittens	p
mitts	p
mitzvahs	p
mixed	tiA
mixednesses	p
mixers	p
mixes	pti
mixing	NtiA
mixologists	p
mixtures	p
mizzenmasts	p
mizzens	p
mizzled	ViA
mizzles	pVi
mizzling	NViA
mizzlings	Vti
mnemes	p
mnemonics	p
moaned	ViA
moaning	NViA
moans	pVi
moas	p
moated	tA
moating	NtA
moats	pt
mobbed	VtA
mobbers	p
mobbing	NVtA
mobbisms	p
mobcaps	p
mobiles	p
mobilisations	p
mobilised	tiA
mobilisers	p
mobilises	ti
mobilising	NtiA
mobilities	pi
mobilizations	p
mobilized	VtA
mobilizers	p
mobilizes	Vt
mobilizing	NVtA
mobocracies	p
mobocrats	p
mobs	Vt
mobsters	p
moccasins	p
mochas	p
mochilas	p
mocked	VtA
mocker	A
mockernuts	p
mocking	NVtA
mockingbirds	p
mocks	pVt
mocs	p
modally	v
modeled	VA
modelers	p
modeling	NVA
modelings	p
modelled	VA
modellers	p
modelling	NVA
modellings	V
models	pV
modems	p
moder	A
moderated	VA
moderatenesses	p
moderates	pV
moderating	NVA
moderations	p
moderators	p
moderatorships	p
moderner	A
modernest	A
modernisations	p
modernised	tiA
modernisers	p
modernises	ti
modernising	NtiA
modernisms	p
modernistically	v
modernizations	p
modernized	tiA
modernizers	p
modernizes	ti
modernizing	NtiA
modernnesses	p
moderns	p
modes	p
modester	A
modestest	A
modicums	p
modifiabilities	p
modifiablenesses	p
modifications	p
modified	ViA
modifiers	p
modifies	Vi
modifying	NViA
modillions	p
modishnesses	p
mods	p
modularities	p
modularly	v
modulated	tA
modulates	t
modulating	NtA
modulations	p
modulators	p
modules	p
mofettes	p
mogs	p
moguls	p
mohairs	p
mohawks	p
mohels	p
mohurs	p
moidores	p
moieties	p
moiled	ViA
moilers	p
moiling	NViA
moils	pVi
moires	p
moistened	VA
moisteners	p
moistening	NVA
moistens	V
moister	A
moistest	A
moistnesses	p
moistures	p
moisturized	tA
moisturizes	t
moisturizing	NtA
moithered	VtiA
moithering	NVtiA
moithers	Vti
moits	pt
mojarras	p
mokes	p
mokshas	p
molarities	p
molars	p
molas	p
molasseses	p
moldboards	p
molded	VA
moldered	VA
moldering	NVA
molders	pV
moldier	A
moldiest	A
moldinesses	p
molding	NVA
moldings	p
molds	pV
moldwarps	p
molecularities	p
molecules	p
molehills	p
moles	p
molestations	p
molested	tA
molesters	p
molesting	NtA
molests	t
mollahs	p
mollifications	p
mollified	VA
mollifiers	p
mollifies	V
mollifying	NVA
molls	p
molluscs	p
mollycoddled	tA
mollycoddlers	p
mollycoddles	pt
mollycoddling	NtA
mols	p
molted	VA
molters	p
molting	NVA
molts	pV
molybdates	p
molybdenites	p
molybdenums	p
momentarinesses	p
momentousnesses	p
moments	p
momentums	p
momes	p
momisms	p
mommies	p
moms	p
momsers	p
monacids	p
monadisms	p
monadnocks	p
monads	p
monals	p
monarchisms	p
monarchists	p
monardas	p
monas	p
monases	p
monasteries	p
monasticisms	p
monastics	p
monatomically	v
monaurally	v
monazites	p
mondes	p
monetarists	p
monetises	p
monetizations	p
monetized	tA
monetizes	t
monetizing	NtA
moneybags	p
moneychangers	p
moneyers	p
moneylenders	p
moneymakers	p
moneymakings	p
moneyworts	p
mongers	p
mongolisms	p
mongoloids	p
mongols	p
mongooses	p
mongos	p
mongrelisations	p
mongrelised	tA
mongrelises	t
mongrelising	NtA
mongrelisms	p
mongrelized	tA
mongrelizes	t
mongrelizing	NtA
mongrels	p
mongs	p
monies	p
monikers	p
monisms	p
monists	p
monitions	p
monitored	VtA
monitorially	v
monitories	p
monitoring	NVtA
monitors	pVt
monitorships	p
monitresses	p
monkeries	p
monkeyed	tiA
monkeying	NtiA
monkeypots	p
monkeys	ti
monkfishes	p
monkhoods	p
monkishly	v
monks	p
monkshoods	p
monoacids	p
monobasicities	p
monocarps	p
monochords	p
monochromaticities	p
monochromatisms	p
monochromats	p
monochromes	p
monochromists	p
monocles	p
monoclines	p
monocoques	p
monocots	p
monocotyledons	p
monocracies	p
monocultures	p
monocycles	p
monocytes	p
monodramas	p
monoecies	p
monoecisms	p
monofilaments	p
monogamies	p
monogamists	p
monogamously	v
monogenisms	p
monogenists	p
monograms	p
monographed	tA
monographers	p
monographing	NtA
monographists	p
monographs	pt
monogynies	p
monohulls	p
monohybrids	p
monohydrates	p
monokinis	p
monolaters	p
monolatries	p
monolayers	p
monoliths	p
monologues	p
monomaniacally	v
monomaniacs	p
monomanias	p
monomarks	p
monomers	p
monometallisms	p
monometers	p
monomials	p
monophobias	p
monophonically	v
monophthongized	tiA
monophthongizes	ti
monophthongizing	NtiA
monophthongs	p
monophyletically	v
monoplanes	p
monoplegias	p
monoploids	p
monopodes	p
monopodiums	p
monopolies	p
monopolisations	p
monopolised	tA
monopolisers	p
monopolises	t
monopolising	NtA
monopolisms	p
monopolists	p
monopolized	tA
monopolizes	t
monopolizing	NtA
monopropellants	p
monopsonies	p
monopterons	p
monopteroses	p
monorails	p
monorhymes	p
monos	p
monosaccharides	p
monosemies	p
monosomes	p
monostrophes	p
monostrophics	p
monosyllabicities	p
monosyllables	p
monotheisms	p
monotints	p
monotones	p
monotonies	p
monotonousnesses	p
monotremes	p
monotypes	p
monovalences	p
monovalencies	p
monoxides	p
mons	p
monsoons	p
monsters	p
monstrances	p
monstrousnesses	p
montages	p
montbretias	p
monteiths	p
monthlies	p
months	p
monticules	p
monumentalised	tA
monumentalises	t
monumentalising	NtA
monumentalities	p
monumentalized	tA
monumentalizes	t
monumentalizing	NtA
monuments	p
monzonites	p
mooched	VtiA
mooches	Vti
mooching	NVtiA
moodinesses	p
moods	p
mooed	iA
mooing	NiA
moolvies	p
moonbeams	p
moonbows	p
mooned	VA
moonfishes	p
moonflowers	p
moonier	A
mooniest	A
mooninesses	p
mooning	NVA
moonlighted	VA
moonlighting	NVA
moonlights	pV
moonquakes	p
moonrakers	p
moonrises	p
moons	pV
moonscapes	p
moonseeds	p
moonsets	p
moonshiners	p
moonshines	p
moonshots	p
moonstones	p
moonworts	p
moorages	p
moorcocks	p
moored	VA
moorhens	p
moorier	A
mooriest	A
mooring	NVA
moorlands	p
moors	pV
moorworts	p
moos	i
moosewoods	p
mooted	tA
mooter	A
mooters	p
mooting	NtA
mootnesses	p
moots	pt
mopboards	p
moped	VtiA
mopeds	p
mopers	p
mopes	i
moping	NVtiA
mopokes	p
mopped	VtA
moppets	p
mopping	NVtA
mops	pVt
moquettes	p
moraines	p
morales	p
moralised	tiA
moralises	ti
moralising	NtiA
moralisms	p
moralists	p
moralized	tiA
moralizes	ti
moralizing	NtiA
moraller	A
morally	v
morals	p
moras	p
morasses	p
moratoriums	p
morbidities	p
morbidly	v
mordacities	p
mordancies	p
mordanted	tA
mordanting	NtA
mordants	pt
mordents	p
moreens	p
morels	p
morenesses	p
morganites	p
morgens	p
morgues	p
moribundities	p
morions	p
mornings	p
morns	p
moroccos	p
moronisms	p
moronities	p
morons	p
morosenesses	p
morosities	p
morphemes	p
morphines	p
morphinisms	p
morphogenetically	v
morphologies	p
morphologists	p
morphophonemes	p
morphs	p
morros	p
morrows	p
mors	p
morsels	p
morses	p
mortadellas	p
mortals	p
mortarboards	p
mortared	tA
mortaring	NtA
mortars	pt
mortgaged	tA
mortgagees	p
mortgages	pt
mortgaging	NtA
mortgagors	p
morticians	p
mortifications	p
mortified	VtA
mortifiers	p
mortifies	Vt
mortifying	NVtA
mortised	tA
mortisers	p
mortises	pt
mortising	NtA
mortlings	p
mortmains	p
morts	p
morwongs	p
mosaicisms	p
mosaicists	p
mosaics	p
mosasaurs	p
moschatels	p
moseyed	iA
moseying	NiA
moseys	i
mosques	p
mosquitofishes	p
mossbacks	p
mossbunkers	p
mosses	p
mossies	p
mossinesses	p
mosstroopers	p
moted	VA
motels	p
motes	pV
motets	p
mothballed	tA
mothballing	NtA
mothballs	pt
mothered	tA
motherfuckers	p
motherhoods	p
mothering	NtA
motherings	p
motherlands	p
motherlessnesses	p
motherlinesses	p
mothers	pt
motherworts	p
mothproofed	tA
mothproofer	A
mothproofing	NtA
mothproofs	t
motifs	p
motiles	p
motilities	p
motioned	VA
motioners	p
motioning	NVA
motionlessly	v
motions	pV
motivated	tA
motivates	t
motivating	NtA
motivationally	v
motivations	p
motived	tA
motives	pt
motiving	NtA
motivities	p
motleyer	A
motleyest	A
motmots	p
motocrosses	p
motoneurons	p
motorbicycles	p
motorbikes	p
motorboatings	p
motorboats	p
motorbuses	p
motorcades	p
motorcars	p
motorcycled	iA
motorcycles	pi
motorcycling	NiA
motorcyclists	p
motored	tiA
motoring	NtiA
motorings	p
motorisations	p
motorised	tA
motorises	t
motorising	NtA
motorists	p
motorizations	p
motorized	tA
motorizes	t
motorizing	NtA
motors	pti
motorways	p
mots	p
mottes	p
mottled	tA
mottlers	p
mottles	pt
mottling	NtA
mouflons	p
moujiks	p
moulages	p
moulded	VtA
mouldered	VA
mouldering	NVA
moulders	pV
moulding	NVtA
mouldings	p
moulds	pVt
mouldwarps	p
moulins	p
moulted	VA
moulters	p
moulting	NVA
moults	pV
mounded	VtA
mounding	NVtA
mounds	pVt
mountaineered	iA
mountaineering	NiA
mountaineerings	p
mountaineers	pi
mountainousnesses	p
mountains	p
mountainsides	p
mountaintops	p
mountebanked	iA
mountebanking	NiA
mountebanks	pi
mounted	VtiA
mounters	p
mounting	NVtiA
mountings	p
mounts	pVti
mourned	VtiA
mourners	p
mournfuller	A
mournfullest	A
mournfully	v
mourning	NVtiA
mournings	p
mourns	Vti
mousebirds	p
moused	VtiA
mousers	p
mouses	pVti
mousetails	p
mousetraps	p
mousinesses	p
mousing	NVtiA
mousings	p
moussakas	p
mousselines	p
mousses	p
moustaches	p
mouthbreeders	p
mouthed	VtiA
mouthinesses	p
mouthing	NVtiA
mouthparts	p
mouthpieces	p
mouths	pVti
mouthwashes	p
mouthwateringly	v
moutons	p
movabilities	p
movablenesses	p
movables	p
moved	VtiA
movelessnesses	p
movements	p
movers	p
moves	pVti
moviemakers	p
movies	p
moving	NVtiA
movingly	v
mowed	VtA
mowers	p
mowing	NVtA
mowings	pV
mows	pVt
moxas	p
moxies	p
mozzarellas	p
mridangs	p
ms	p
muchly	v
muchnesses	p
mucigens	p
mucilages	p
mucilaginously	v
mucins	p
muckamucks	pi
mucked	tA
muckers	p
muckily	v
mucking	NtA
muckraked	iA
muckrakers	p
muckrakes	pi
muckraking	NiA
mucks	pt
muckworms	p
mucopolysaccharides	p
mucoproteins	p
mucosas	p
mucosities	p
mucronations	p
mucros	p
mucuses	p
mudcapped	tA
mudcapping	NtA
mudcaps	t
mudcats	p
mudded	VA
muddied	VA
muddies	pV
muddinesses	p
mudding	NVA
muddled	tA
muddleheadedly	v
muddleheads	p
muddlers	p
muddles	pt
muddling	NtA
muddying	NVA
mudfishes	p
mudguards	p
mudlarks	p
mudpacks	p
mudras	p
muds	pV
mudskippers	p
mudslingers	p
mudslingings	p
mudstones	p
muensters	p
mueslis	p
muezzins	p
muffed	VtA
muffineers	p
muffing	NVtA
muffins	p
muffled	tA
mufflers	p
muffles	pt
muffling	NtA
muffs	pVt
mugged	VA
muggers	p
muggily	v
mugging	NVA
mugginses	p
mugs	pV
mugworts	p
mugwumperies	p
mugwumpisms	p
mugwumps	p
mujiks	p
mukluks	p
mulched	tA
mulches	pt
mulching	NtA
mulcted	tA
mulcting	NtA
mulcts	pt
mules	p
muletas	p
muleteers	p
mulgas	p
muliebrities	p
mulishnesses	p
mullahs	p
mulled	tA
mulleins	p
mullers	p
mullets	p
mulligans	p
mulligatawnies	p
mulling	NtA
mullioned	tA
mullioning	NtA
mullions	pt
mullites	p
mullocks	p
mulls	pt
multeities	p
multichannels	p
multicolors	p
multicourses	p
multicuspids	p
multidisciplines	p
multiengines	p
multifactorially	v
multifariousnesses	p
multifidly	v
multifoils	p
multigravidas	p
multihulls	p
multilingually	v
multimegatons	p
multimeters	p
multimillionaires	p
multimillions	p
multinomials	p
multiparas	p
multipeds	p
multiplanes	p
multiples	p
multiplets	p
multiplexer	A
multiplexes	p
multiplicands	p
multiplications	p
multiplied	VtiA
multipliers	p
multiplies	Vti
multiply	v
multiplying	NVtiA
multiprogrammings	p
multiracialisms	p
multitudes	p
multitudinousnesses	p
multivalences	p
multivibrators	p
multures	p
mumbled	VA
mumblers	p
mumbles	pV
mumbling	NVA
mumblings	V
mummed	ViA
mummer	A
mummeries	p
mummers	p
mummifications	p
mummified	VtiA
mummifies	Vti
mummifying	NVtiA
mumming	NViA
mumms	i
mumped	ViA
mumping	NViA
mumps	Vi
mums	pV
munched	VA
munchers	p
munches	V
munching	NVA
mundified	tA
mundifies	t
mundifying	NtA
mundunguses	p
municipalised	tA
municipalises	t
municipalising	NtA
municipalities	p
municipalizations	p
municipalized	tA
municipalizes	t
municipalizing	NtA
munificences	p
munited	tA
munites	t
muniting	NtA
munitioned	tA
munitioning	NtA
munitions	t
munnions	p
muns	p
munshis	p
muntins	p
muntjacs	p
munts	p
muons	p
murages	p
muralists	p
murals	p
murdered	VA
murderers	p
murdering	NVA
murderousnesses	p
murders	pV
mured	tA
mures	t
murexes	p
murgeons	p
muriates	p
murines	p
muring	NtA
murker	A
murkest	A
murkier	A
murkiest	A
murkily	v
murkly	v
murks	p
murmurations	p
murmured	ViA
murmurers	p
murmuring	NViA
murmurs	pVi
murrains	p
murras	p
murrelets	p
murres	p
murrhines	p
murthered	VA
murthering	NVA
murthers	pV
muscadels	p
muscadines	p
muscarines	p
muscatels	p
muscats	p
muscids	p
muscled	iA
muscles	pi
muscling	NiA
muscovados	p
muscovites	p
muscularities	p
musculatures	p
mused	ViA
musefully	v
museologies	p
museologists	p
musers	p
muses	pVi
museums	p
mushers	p
mushes	p
mushinesses	p
mushroomed	iA
mushrooming	NiA
mushrooms	pi
musicales	p
musicalities	p
musicalnesses	p
musicals	p
musicians	p
musicianships	p
musicologies	p
musicologists	p
musics	p
musing	NViA
musings	pV
musjids	p
muskegs	p
muskellunges	p
musketeers	p
musketries	p
muskets	p
muskily	v
muskinesses	p
muskmelons	p
musks	p
muslins	p
musos	p
musquashes	p
mussed	tA
mussels	p
musses	pt
mussily	v
mussing	NtA
mustaches	p
mustangs	p
mustards	p
musted	VA
mustees	p
mustelines	p
mustered	VtA
mustering	NVtA
musters	pVt
musths	p
mustinesses	p
musting	NVA
musts	pV
mutabilities	p
mutablenesses	p
mutagens	p
mutants	p
mutases	p
mutated	VA
mutates	V
mutating	NVA
mutations	p
mutches	pVti
mutchkins	p
muted	VtA
mutely	v
muter	A
mutes	pVt
mutest	A
mutilated	tA
mutilates	t
mutilating	NtA
mutilations	p
mutilators	p
mutineers	p
muting	NVtA
mutinied	VA
mutinies	V
mutinousnesses	p
mutinying	NVA
mutisms	p
mutoscopes	p
muts	p
muttered	ViA
mutterers	p
muttering	NViA
mutters	pVi
muttonheads	p
muttons	p
mutts	p
mutualisations	p
mutualised	tiA
mutualises	ti
mutualising	NtiA
mutualisms	p
mutualizations	p
mutualized	VtA
mutualizes	Vt
mutualizing	NVtA
mutuels	p
mutules	p
muumuus	p
muzhiks	p
muzzier	A
muzziest	A
muzzinesses	p
muzzled	tA
muzzleloaders	p
muzzlers	p
muzzles	pt
muzzling	NtA
myalgias	p
myalls	p
myasthenias	p
mycetomas	p
mycetozoans	p
mycologies	p
mycologists	p
mycorrhizas	p
mydriatics	p
myelinations	p
myelins	p
myeloblasts	p
myelographies	p
myelomas	p
mylohyoids	p
mylonites	p
mynas	p
myocardiographs	p
myocarditises	p
myocardiums	p
myoclonuses	p
myoglobins	p
myographs	p
myologies	p
myomas	p
myopathies	p
myopes	p
myopias	p
myopically	v
myosins	p
myosotises	p
myotics	p
myotomes	p
myotonias	p
myriads	p
myriapods	p
myricas	p
myriopods	p
myrmecologies	p
myrmecologists	p
myrmecophiles	p
myrobalans	p
myrrhs	p
myrtles	p
mystagogies	p
mystagogues	p
mysteriousnesses	p
mysticalnesses	p
mysticisms	p
mystics	p
mystifications	p
mystified	VA
mystifiers	p
mystifies	V
mystifying	NVA
mystiques	p
mythicised	tA
mythicisers	p
mythicises	t
mythicising	NtA
mythicized	tA
mythicizers	p
mythicizes	t
mythicizing	NtA
mythographers	p
mythologists	p
mythologized	VtiA
mythologizers	p
mythologizes	Vti
mythologizing	NVtiA
mythomaniacs	p
mythomanias	p
mythopoeias	p
mythopoeists	p
myths	p
myxedemas	p
myxoedemas	p
myxomycetes	p
myxoviruses	p
mzees	p
mzungus	p
nabbed	VA
nabbers	p
nabbing	NVA
naboberies	p
nabobisms	p
nabobs	p
nabs	V
nacelles	p
nacres	p
nadirs	p
naethings	p
naganas	p
nagged	VA
nagging	NVA
naggingly	v
nagors	p
nags	pV
naiads	p
naifs	p
nailbrushes	p
nailed	tA
nailers	p
nailheads	p
nailing	NtA
nails	pt
nainsooks	p
nairas	p
naiver	A
naives	p
naivest	A
naiveties	p
nakeder	A
nakedest	A
nakednesses	p
nakers	p
nalorphines	p
namastes	p
named	tA
namelessly	v
nameplates	p
namers	p
names	pt
namesakes	p
nametapes	p
naming	NtA
namings	pV
nanas	p
nances	p
nancies	p
nanisms	p
nankeens	p
nanometers	p
nanometres	p
nanoplanktons	p
nanoseconds	p
nanowatts	p
naoses	p
napalmed	tA
napalming	NtA
napalms	pt
naperies	p
napes	p
naphthalenes	p
naphthalised	tA
naphthalises	t
naphthalising	NtA
naphthalized	tA
naphthalizes	t
naphthalizing	NtA
naphthas	p
naphthenes	p
naphthols	p
naphthyls	p
napkins	p
napoleons	p
nappas	p
napped	VtA
nappers	p
nappes	p
napping	NVtA
naprapathies	p
naps	pVt
narceines	p
narcissisms	p
narcissistically	v
narcissists	p
narcists	p
narcolepsies	p
narcoleptics	p
narcotics	p
narcotisations	p
narcotised	tiA
narcotises	ti
narcotising	NtiA
narcotisms	p
narcotists	p
narcotized	tA
narcotizes	t
narcotizing	NtA
nardoos	p
nards	p
narghiles	p
narrated	VA
narraters	p
narrates	V
narrating	NVA
narrations	p
narratives	p
narrators	p
narrowed	VA
narrower	A
narrowest	A
narrowing	NVA
narrownesses	p
narrows	V
narthexes	p
narwhals	p
nasalisms	p
nasalities	p
nasalizations	p
nasalized	tA
nasalizes	t
nasalizing	NtA
nasals	p
nascences	p
nascencies	p
nasions	p
nasopharynxes	p
nastinesses	p
nasturtiums	p
nasutes	p
natalities	p
natantly	v
natations	p
nationalisers	p
nationalisms	p
nationalists	p
nationalizations	p
nationalized	tA
nationalizers	p
nationalizes	t
nationalizing	NtA
nationals	p
nationhoods	p
nations	p
nativenesses	p
natives	p
nativisms	p
nativists	p
natriums	p
natrolites	p
natrons	p
nats	p
nattered	iA
nattering	NiA
natterjacks	p
natters	pi
nattinesses	p
naturalisations	p
naturalisers	p
naturalisms	p
naturalists	p
naturalizations	p
naturalized	tiA
naturalizers	p
naturalizes	ti
naturalizing	NtiA
naturals	p
natures	p
naturisms	p
naturopathies	p
naturopaths	p
naughties	p
naughtinesses	p
naughts	p
naumachias	p
nauseas	p
nauseated	tA
nauseates	t
nauseating	NtA
nauseations	p
nauseousnesses	p
nautches	p
nautiloids	p
nautiluses	p
navarins	p
navars	p
navels	p
navelworts	p
naves	p
navews	p
navicerts	p
naviculars	p
naviculas	p
navies	p
navigabilities	p
navigablenesses	p
navigated	VtiA
navigates	Vti
navigating	NVtiA
navigationally	v
navigations	p
navigators	p
nawabs	p
nays	p
nazifications	p
nazified	tA
nazifies	t
nazifying	NtA
nazirs	p
neaps	p
neared	VA
nearing	NVA
nearnesses	p
nears	pV
nearsides	p
neatened	tA
neatening	NtA
neatens	t
neater	A
neatest	A
neatnesses	p
neats	p
nebbishes	p
nebrises	p
nebs	p
nebulisations	p
nebulised	tiA
nebulisers	p
nebulises	ti
nebulising	NtiA
nebulizations	p
nebulized	tA
nebulizers	p
nebulizes	t
nebulizing	NtA
nebulosities	p
nebulousnesses	p
necessarians	p
necessitarianisms	p
necessitated	tA
necessitates	t
necessitating	NtA
necessitations	p
necessities	p
necessitousnesses	p
neckbands	p
neckcloths	p
necked	iA
neckerchiefs	p
necking	NiA
neckings	p
necklaces	p
necklets	p
necklines	p
neckpieces	p
necks	pi
neckties	p
necrolatries	p
necrologists	p
necromancers	p
necromancies	p
necrophiles	p
necrophiliacs	p
necrophilias	p
necrophilisms	p
necrophobias	p
necroscopies	p
necrosed	VA
necroses	V
necrosing	NVA
necrotised	tiA
necrotises	ti
necrotising	NtiA
necrotized	tiA
necrotizes	ti
necrotizing	NtiA
nectaries	p
nectarines	p
nectars	p
neddies	p
needed	VtA
needers	p
needfully	v
needinesses	p
needing	NVtA
needlecords	p
needlecrafts	p
needled	tiA
needlefishes	p
needlepoints	p
needles	pti
needlessly	v
needleworks	p
needling	NtiA
needlings	V
needs	pVt
neeps	p
nefariousnesses	p
nefs	p
negated	tA
negaters	p
negates	t
negating	NtA
negationists	p
negations	p
negatived	tA
negativenesses	p
negatives	pt
negativing	NtA
negativisms	p
negativists	p
negativities	p
negators	p
negatrons	p
neglected	tA
neglecters	p
neglectfulnesses	p
neglecting	NtA
neglectors	p
neglects	pt
negligees	p
negligences	p
negligibilities	p
negligiblenesses	p
negotiabilities	p
negotiably	v
negotiants	p
negotiated	VtA
negotiates	Vt
negotiating	NVtA
negotiations	p
negotiators	p
negritudes	p
neighborhoods	p
neighborlinesses	p
neighbors	p
neighboured	VA
neighbourhoods	p
neighbouring	NVA
neighbourlinesses	p
neighbours	pV
neighed	tiA
neighing	NtiA
neighs	pti
nektons	p
nelsons	p
nelumbos	p
nemathelminths	p
nematocysts	p
nematodes	p
nematologies	p
nematologists	p
nemerteans	p
nemesias	p
nenes	p
neoarsphenamines	p
neoclassicisms	p
neoclassicists	p
neocolonialisms	p
neocolonialists	p
neodymiums	p
neoimpressionisms	p
neoliths	p
neologised	iA
neologises	i
neologising	NiA
neologisms	p
neologists	p
neologized	iA
neologizes	i
neologizing	NiA
neomycins	p
neonates	p
neons	p
neophytes	p
neoplasms	p
neoplasticisms	p
neoplasticists	p
neoplasties	p
neoprenes	p
neostigmines	p
neotenies	p
neoterically	v
neoterics	p
neoterized	iA
neoterizes	i
neoterizing	NiA
neotypes	p
nepenthes	p
nepers	p
nephelines	p
nephelinites	p
nephelometers	p
nephews	p
nephograms	p
nephographs	p
nephologies	p
nephologists	p
nephoscopes	p
nephralgias	p
nephrectomised	tA
nephrectomising	NtA
nephrectomized	tA
nephrectomizes	t
nephrectomizing	NtA
nephridiums	p
nephrisms	p
nephrites	p
nephrons	p
nephropathies	p
nephrostomes	p
nephrotomies	p
nephrotoxicities	p
nepits	p
nepotisms	p
neptuniums	p
nerals	p
nereises	p
nerols	p
nervations	p
nerved	tA
nervelessnesses	p
nerves	t
nervier	A
nerviest	A
nervines	p
nervinesses	p
nerving	NtA
nervings	p
nervousnesses	p
nervules	p
nervurations	p
nervures	p
nesciences	p
nesses	p
nested	tiA
nesters	p
nesting	NtiA
nestled	tiA
nestlers	p
nestles	ti
nestling	NtiA
nestlings	p
nests	pti
nets	pV
netsukes	p
netted	VA
netter	A
netting	NVA
nettings	p
nettled	tA
nettlers	p
nettles	pt
nettlier	A
nettliest	A
nettling	NtA
nettly	v
networks	p
neuks	p
neumes	p
neuralgias	p
neurally	v
neurasthenias	p
neurasthenics	p
neurations	p
neurectomies	p
neurilemmas	p
neuroanatomists	p
neuroblasts	p
neurofibrils	p
neurogenically	v
neuroglias	p
neurograms	p
neurohypophysises	p
neurolemmas	p
neurologies	p
neurologists	p
neuromasts	p
neurons	p
neuropathies	p
neuropathologies	p
neuropaths	p
neurophysiologies	p
neurophysiologists	p
neuropsychiatrically	v
neuropsychiatries	p
neuropterans	p
neurosurgeons	p
neurosurgeries	p
neuroticisms	p
neurotics	p
neurotomies	p
neurotropisms	p
neurulas	p
neustons	p
neutered	tA
neutering	NtA
neuters	pt
neutralises	p
neutralisms	p
neutralities	p
neutralizations	p
neutralized	VA
neutralizes	V
neutralizing	NVA
neutrals	p
neutrons	p
neutrophils	p
neverminds	p
newcomers	p
newels	p
newer	A
newest	A
newfanglednesses	p
newlyweds	p
newmarkets	p
newnesses	p
newsagents	p
newsbeats	p
newsboys	p
newsbreaks	p
newscasters	p
newscastings	p
newscasts	p
newsdealers	p
newses	p
newshawks	p
newsily	v
newsinesses	p
newsletters	p
newsmagazines	p
newsmongers	p
newspapers	p
newspeaks	p
newsprints	p
newsreaders	p
newsreels	p
newsstands	p
newsworthier	A
newsworthiest	A
newsworthinesses	p
newtons	p
newts	p
nextly	v
nexuses	p
ngaios	p
niacinamides	p
niacins	p
nibbed	VtA
nibbing	NVtA
nibbled	ViA
nibblers	p
nibbles	pVi
nibbling	NViA
nibblings	V
niblicks	p
nibs	Vt
niccolites	p
nicenesses	p
niched	tA
nichered	iA
nichering	NiA
nichers	pi
niches	pt
niching	NtA
nicked	tiA
nickeled	VA
nickeling	NVA
nickelised	tA
nickelises	t
nickelising	NtA
nickelized	tA
nickelizes	t
nickelizing	NtA
nickelled	VA
nickelling	NVA
nickelodeons	p
nickels	pV
nickered	iA
nickering	NiA
nickers	i
nicking	NtiA
nicknamed	tA
nicknamers	p
nicknames	pt
nicknaming	NtA
nickpoints	p
nicks	pti
nicotianas	p
nicotinamides	p
nicotines	p
nicotinisms	p
nictitated	VA
nictitates	V
nictitating	NVA
nictitations	p
nidderings	p
nides	p
nidificated	iA
nidificates	i
nidificating	NiA
nidifications	p
nidified	VA
nidifies	V
nidifying	NVA
niduses	p
nieces	p
niellists	p
nielloed	VA
nielloing	NVA
niellos	pV
nieves	p
niffs	pV
niftily	v
niggardised	tiA
niggardises	ti
niggardising	NtiA
niggardized	tiA
niggardizes	ti
niggardizing	NtiA
niggardlinesses	p
niggards	p
niggers	p
niggled	tiA
nigglers	p
niggles	ti
niggling	NtiA
nigglingly	v
nigher	A
nighest	A
nighly	v
nightcaps	p
nightclubbers	p
nightclubs	p
nightdresses	p
nightfalls	p
nightgowns	p
nighthawks	p
nightingales	p
nightjars	p
nightlifes	p
nightmares	p
nightriders	p
nights	p
nightshades	p
nightshirts	p
nightsides	p
nightspots	p
nightstands	p
nightwalkers	p
nigrified	VA
nigrifies	V
nigrifying	NVA
nigritudes	p
nigrosines	p
nihilisms	p
nihilistically	v
nihilists	p
nihilities	p
nihils	p
nilled	tiA
nilling	NtiA
nills	ti
nils	p
nimblenesses	p
nimbler	A
nimblest	A
nims	p
nincompooperies	p
nincompoops	p
ninebarks	p
ninepences	p
nines	p
nineteens	p
nineteenthly	v
nineteenths	p
ninetieths	p
ninnyhammers	p
ninons	p
ninths	p
niobites	p
niobiums	p
nipas	p
nipped	ViA
nippier	A
nippiest	A
nippily	v
nipping	NViA
nipples	p
nippleworts	p
nips	pVi
nirvanas	p
nisuses	p
nitchies	p
niters	p
nitons	p
nitrated	tA
nitrates	pt
nitrating	NtA
nitrations	p
nitres	p
nitrides	p
nitridings	p
nitrifications	p
nitrified	VA
nitrifies	V
nitrifying	NVA
nitriles	p
nitrites	p
nitrobenzenes	p
nitrocelluloses	p
nitrochloroforms	p
nitrogenised	tA
nitrogenises	t
nitrogenising	NtA
nitrogenized	VA
nitrogenizes	V
nitrogenizing	NVA
nitrogens	p
nitroglycerins	p
nitrometers	p
nitromethanes	p
nitroparaffins	p
nitrosamines	p
nitrosyls	p
nits	p
nitwits	p
nixed	tA
nixes	t
nixing	NtA
nizamates	p
nobbled	tA
nobblers	p
nobbles	t
nobbling	NtA
nobeliums	p
nobilities	p
noblenesses	p
nobles	p
noblesses	p
nobly	v
nobodies	p
nobs	p
nocently	v
nocked	tA
nocking	NtA
nocks	pt
noctambulisms	p
noctambulists	p
noctilucas	p
noctuids	p
noctules	p
nocturnes	p
nocturns	p
nodally	v
nodded	VtiA
nodding	NVtiA
noddings	V
noddled	VA
noddles	pV
noddling	NVA
nodes	p
nodosities	p
nods	pVti
nodules	p
noesises	p
noggings	p
noggins	p
noggs	p
nogs	p
noils	p
noised	tiA
noiselessnesses	p
noisemakers	p
noises	pti
noisettes	p
noisinesses	p
noising	NtiA
noisomenesses	p
nomadised	tiA
nomadises	ti
nomadising	NtiA
nomadisms	p
nomadized	tiA
nomadizes	ti
nomadizing	NtiA
nomads	p
nombrils	p
nomenclators	p
nomenclatures	p
nomes	p
nominalisms	p
nominalists	p
nominalized	tA
nominalizes	t
nominalizing	NtA
nominally	v
nominals	p
nominated	ViA
nominately	v
nominates	Vi
nominating	NViA
nominations	p
nominatives	p
nominators	p
nominees	p
nomisms	p
nomocracies	p
nomograms	p
nomographers	p
nomologies	p
nomologists	p
noms	p
nonabsorbents	p
nonabstracts	p
nonacademics	p
nonacceptances	p
nonacids	p
nonactions	p
nonactives	p
nonaddicts	p
nonadmissions	p
nonadults	p
nonagenarians	p
nonages	p
nonaggressions	p
nonagons	p
nonagreements	p
nonalignments	p
nonappearances	p
nonarbitrarinesses	p
nonascetics	p
nonathletes	p
nonattachments	p
nonattendances	p
nonavailabilities	p
nonbeings	p
nonbelievers	p
nonbelligerencies	p
nonbelligerents	p
nonblacks	p
nonbreeders	p
nonbreedings	p
noncapitalists	p
noncapitals	p
noncarriers	p
noncelebrations	p
nonces	p
nonchalances	p
nonchemicals	p
nonchurchgoers	p
noncitizens	p
noncoincidences	p
noncombatants	p
noncombustibles	p
noncommercials	p
noncommitments	p
noncommittally	v
noncommunications	p
noncommunists	p
noncompletions	p
noncompliances	p
noncompliants	p
noncomplyings	p
noncomprehensions	p
noncoms	p
nonconclusions	p
nonconcurrences	p
nonconductors	p
nonconfidences	p
nonconformances	p
nonconformists	p
nonconformities	p
nonconfrontations	p
nonconservations	p
nonconservatives	p
nonconstants	p
nonconsumptions	p
noncontacts	p
noncontradictions	p
noncooperationists	p
noncooperations	p
noncooperators	p
noncorrelations	p
noncorrodings	p
noncreativities	p
noncriminals	p
noncultivations	p
nondancers	p
nondecisions	p
nondegenerates	p
nondelegates	p
nonderivatives	p
nondescriptly	v
nondescripts	p
nondestructivenesses	p
nondevelopments	p
nondeviants	p
nondifferentiations	p
nondisclosures	p
nondiscriminations	p
nondisjunctions	p
nondispersions	p
nondomestics	p
nondominants	p
nondrinkers	p
nondrivers	p
nonearnings	p
noneducations	p
noneffectives	p
nonegos	p
nonelections	p
nonelectives	p
nonelectrics	p
nonelectrolytes	p
nonemployments	p
nonenforcements	p
nonengagements	p
nonengineerings	p
nonentertainments	p
nonentities	p
nonequals	p
nonequilibriums	p
nonequivalences	p
nonequivalents	p
nones	p
nonessentials	p
nonestablishments	p
nonesuches	p
nonets	p
nonevents	p
nonexecutives	p
nonexistences	p
nonexperts	p
nonexploitations	p
nonexplosives	p
nonfarmer	A
nonfeasances	p
nonfictions	p
nonfluencies	p
nonfluids	p
nonforfeitures	p
nonfricatives	p
nonfulfillments	p
nonglares	p
nongolfers	p
nongovernments	p
nongraduates	p
nongs	p
nonguilts	p
nonidentities	p
nonillions	p
nonillionths	p
nonimmigrants	p
nonimplications	p
nonimportations	p
noninclusions	p
noninfluences	p
noninsects	p
noninsurances	p
nonintellectuals	p
nonintercourses	p
noninterferences	p
noninterventionists	p
noninterventions	p
nonjoinders	p
nonjurors	p
nonlegumes	p
nonlinearities	p
nonliquids	p
nonlocals	p
nonmanagements	p
nonmanufacturings	p
nonmathematicians	p
nonmembers	p
nonmemberships	p
nonmetals	p
nonmetropolitans	p
nonmigrants	p
nonmilitants	p
nonminerals	p
nonmortals	p
nonmotilities	p
nonnarcotics	p
nonnarratives	p
nonnationals	p
nonnatives	p
nonneutrals	p
nonobediences	p
nonobservances	p
nonoccurrences	p
nonoverlappings	p
nonowners	p
nonpagans	p
nonpalatals	p
nonpapists	p
nonparallels	p
nonpareils	p
nonparticipants	p
nonparticipations	p
nonpayments	p
nonperformances	p
nonperformers	p
nonperishables	p
nonplastics	p
nonpluses	pV
nonplussed	VA
nonplussing	NVA
nonpossessions	p
nonproductivenesses	p
nonprofessionally	v
nonprofessionals	p
nonprogressives	p
nonproliferations	p
nonrandomnesses	p
nonreactors	p
nonreaders	p
nonreceipts	p
nonreciprocals	p
nonrecognitions	p
nonregulations	p
nonrelatives	p
nonrelativistically	v
nonrenewals	p
nonrepentances	p
nonrepresentatives	p
nonresidences	p
nonresidencies	p
nonresidents	p
nonresistances	p
nonrestraints	p
nonrioters	p
nonrivals	p
nonromantics	p
nonroutines	p
nonruminants	p
nonsciences	p
nonscientists	p
nonsegregations	p
nonsenses	p
nonsensicalities	p
nonsensicalnesses	p
nonsmokers	p
nonsocialists	p
nonsolids	p
nonsolutions	p
nonspeakers	p
nonspecialists	p
nonspirituals	p
nonstarters	p
nonstudents	p
nonsubjects	p
nonsubscribers	p
nonsuccesses	p
nonsugars	p
nonsuited	tA
nonsuiting	NtA
nonsuits	pt
nonswimmers	p
nontaxables	p
nontaxes	p
nontemporals	p
nonterrestrials	p
nontreatments	p
nontruths	p
nonunionisms	p
nonunionists	p
nonunions	p
nonuniquenesses	p
nonuniversals	p
nonusers	p
nonuses	p
nonutilitarians	p
nonveterans	p
nonviolences	p
nonvocals	p
nonvoters	p
nonwars	p
nonwhites	p
nonworkers	p
noodles	p
nookies	p
nooks	p
noondays	p
noonings	p
noons	p
noontides	p
noontimes	p
noosed	tA
noosers	p
nooses	pt
noosing	NtA
nopals	p
noradrenalines	p
norepinephrines	p
norias	p
norites	p
norks	p
norlands	p
normalcies	p
normalisations	p
normalised	tiA
normalises	ti
normalising	NtiA
normalities	p
normalized	tA
normalizes	t
normalizing	NtA
normals	p
normativenesses	p
normotensives	p
norms	p
northeaster	A
northeasterner	A
northeasterners	p
northeasters	p
northeasts	p
northeastwardly	v
northeastwards	p
norther	A
northerlies	p
northerner	A
northernnesses	p
northers	p
northings	p
norths	p
northwardly	v
northwards	p
northwester	A
northwesterners	p
northwesters	p
northwests	p
northwestwardly	v
northwestwards	p
nosebags	p
nosebands	p
nosebleeds	p
nosed	tiA
nosegays	p
nosepieces	p
noses	pti
nosewheels	p
nosewings	p
noshed	VA
noshers	p
noshes	pV
noshing	NVA
nosinesses	p
nosing	NtiA
nosings	p
nosographers	p
nosographies	p
nosologically	v
nosologies	p
nostalgias	p
nostocs	p
nostologies	p
nostrils	p
nostrums	p
notablenesses	p
notables	p
notarized	tA
notarizes	t
notarizing	NtA
notated	VA
notates	V
notating	NVA
notations	p
notched	tA
notches	pt
notching	NtA
notebooks	p
notecases	p
noted	tA
notednesses	p
notelets	p
notepapers	p
notes	t
noteworthinesses	p
nothingnesses	p
nothings	p
noticeably	v
noticed	VtA
noticers	p
notices	pVt
noticing	NVtA
notifications	p
notified	VA
notifiers	p
notifies	V
notifying	NVA
noting	NtA
notionalities	p
notitias	p
notochords	p
notoriousnesses	p
notornises	p
notoungulates	p
notums	p
nougats	p
noughts	p
nouns	p
nourished	tA
nourishers	p
nourishes	t
nourishing	NtA
nourishments	p
nouses	p
novaculites	p
novas	p
novations	p
noveleses	p
novelettes	p
novelisations	p
novelised	tA
novelises	t
novelising	NtA
novelists	p
novelized	VA
novelizes	V
novelizing	NVA
novelly	v
novels	p
novemdecillionths	p
novenas	p
novices	p
novitiates	p
novobiocins	p
nowheres	p
nownesses	p
nows	p
nowts	p
noxiousnesses	p
noyades	p
noyaus	p
nozzles	p
ns	p
nubbins	p
nubbles	p
nubilities	p
nubs	p
nucelluses	p
nuchas	p
nucleases	p
nucleated	VA
nucleates	V
nucleating	NVA
nucleations	p
nucleators	p
nucleins	p
nucleons	p
nucleophilically	v
nucleoplasms	p
nucleoproteins	p
nucleosides	p
nucleotidases	p
nucleotides	p
nuclides	p
nudenesses	p
nuder	A
nudes	p
nudest	A
nudged	tA
nudgers	p
nudges	pt
nudging	NtA
nudies	p
nudisms	p
nudists	p
nudniks	p
nuggars	p
nuggets	pt
nuisances	p
nukes	p
nullahs	p
nullificationists	p
nullifications	p
nullifidians	p
nullified	VA
nullifiers	p
nullifies	V
nullifying	NVA
nulliparas	p
numbats	p
numbed	tA
number	A
numbered	VA
numberers	p
numbering	NVA
numberlessly	v
numbers	pV
numbest	A
numbfishes	p
numbing	NtA
numbnesses	p
numbs	t
numbskulls	p
numdahs	p
numerably	v
numerally	v
numerals	p
numerated	VtA
numerates	Vt
numerating	NVtA
numerations	p
numerators	p
numerologies	p
numerousnesses	p
numismatists	p
nummulites	p
numnahs	p
numskulls	p
nunataks	p
nunciatures	p
nuncles	p
nuns	p
nuptially	v
nurled	tA
nurling	NtA
nurls	pt
nursed	VA
nursemaids	p
nursers	p
nurses	pV
nursing	NVA
nurslings	p
nurtured	tA
nurturers	p
nurtures	pt
nurturing	NtA
nus	p
nutations	p
nutcases	p
nutcrackers	p
nutgalls	p
nuthatches	p
nuthouses	p
nutlets	p
nutmeats	p
nutmegs	p
nutpicks	p
nutrias	p
nutrients	p
nutriments	p
nutritionists	p
nutritions	p
nutritiousnesses	p
nuts	V
nutshells	p
nutted	VA
nutters	p
nuttier	A
nuttiest	A
nuttinesses	p
nutting	NVA
nuttings	p
nutwoods	p
nuzzled	VtiA
nuzzles	Vti
nuzzling	NVtiA
nyalas	p
nyanzas	p
nyctalopias	p
nyctitropisms	p
nyctophobias	p
nyes	p
nymphaeums	p
nymphalids	p
nymphets	p
nympholepsies	p
nympholepts	p
nymphomaniacs	p
nymphomanias	p
nymphs	p
nystagmuses	p
nystatins	p
oafs	p
oakmosses	p
oaks	p
oakums	p
oared	VA
oarfishes	p
oaring	NVA
oarlocks	p
oars	pV
oasts	p
oatcakes	p
oaters	p
oatmeals	p
oats	p
obas	p
obbligatos	p
obdurately	v
obeahisms	p
obeahs	p
obeches	p
obediences	p
obedientiaries	p
obeisances	p
obelised	tA
obelises	t
obelising	NtA
obelisks	p
obelized	tA
obelizes	t
obelizing	NtA
obesely	v
obesities	p
obeyed	VA
obeyers	p
obeying	NVA
obeys	V
obfuscated	tA
obfuscates	t
obfuscating	NtA
obfuscations	p
obits	p
objected	tiA
objectified	VA
objectifies	V
objectifying	NVA
objecting	NtiA
objectionablenesses	p
objections	p
objectivenesses	p
objectives	p
objectivisms	p
objectivists	p
objectivities	p
objectivized	tA
objectivizes	t
objectivizing	NtA
objectlessnesses	p
objectors	p
objects	pti
objurgated	tA
objurgates	t
objurgating	NtA
objurgations	p
objurgators	p
oblasts	p
oblates	p
oblations	p
obligated	VA
obligately	v
obligates	V
obligating	NVA
obligations	p
obligators	p
obliged	tA
obligees	p
obligers	p
obliges	t
obliging	NtA
obligingnesses	p
obligors	p
obliqued	iA
obliques	pi
obliquing	NiA
obliterated	tA
obliterates	t
obliterating	NtA
obliterations	p
oblivions	p
obliviousnesses	p
oblongs	p
obnoxiousnesses	p
obnubilated	tA
obnubilates	t
obnubilating	NtA
oboes	p
oboles	p
obscenely	v
obscener	A
obscenest	A
obscenities	p
obscurantisms	p
obscurantists	p
obscurants	p
obscurations	pt
obscured	tA
obscurenesses	p
obscurer	A
obscures	pt
obscurest	A
obscuring	NtA
obscurities	p
obsecrated	tA
obsecrates	t
obsecrating	NtA
obsecrations	p
obsequiously	v
observabilities	p
observances	p
observations	p
observed	tA
observers	p
observes	t
observing	NtA
obsessed	tA
obsesses	t
obsessing	NtA
obsessionally	v
obsessions	p
obsessively	v
obsidians	p
obsolesced	iA
obsolesces	i
obsolescing	NiA
obsoletenesses	p
obstacles	p
obstetricians	p
obstinacies	p
obstinatenesses	p
obstipations	p
obstreperousnesses	p
obstructed	tA
obstructers	p
obstructing	NtA
obstructionisms	p
obstructionists	p
obstructions	p
obstructivenesses	p
obstructors	p
obstructs	pt
obstruents	p
obtained	tiA
obtaining	NtiA
obtains	ti
obtestations	p
obtested	VtA
obtesting	NVtA
obtests	Vt
obtruded	VtA
obtruders	p
obtrudes	Vt
obtruding	NVtA
obtrudings	V
obtrusivenesses	p
obtunded	tA
obtunding	NtA
obtunds	pt
obturated	tA
obturates	t
obturating	NtA
obturations	p
obturators	p
obtusely	v
obtuser	A
obtusest	A
obumbrated	tA
obumbrates	t
obumbrating	NtA
obumbrations	p
obversely	v
obverses	p
obversions	p
obverted	tA
obverting	NtA
obverts	t
obviated	tA
obviates	t
obviating	NtA
obviously	v
obviousnesses	p
obvolutions	p
ocarinas	p
ocas	p
occasionalisms	p
occasioned	tA
occasioning	NtA
occasions	t
occidents	p
occipitally	v
occipitals	p
occiputs	p
occluded	tA
occludes	t
occluding	NtA
occlusions	p
occlusives	p
occultations	p
occulted	ViA
occulter	A
occulters	p
occulting	NViA
occultisms	p
occultists	p
occultnesses	p
occults	Vi
occupancies	p
occupants	p
occupations	p
occupied	VA
occupiers	p
occupies	V
occupying	NVA
occurred	VA
occurrences	p
occurring	NVA
occurs	V
oceanariums	p
oceanfronts	p
oceanographers	p
oceanographies	p
oceanologies	p
oceans	p
ocellations	p
ocelots	p
ochered	VA
ochering	NVA
ochers	pV
ochlocracies	p
ochlocrats	p
ochlophobias	p
ochred	tA
ochres	pt
ochring	NtA
ockers	p
octachords	p
octads	p
octagons	p
octahedrally	v
octameters	p
octanes	p
octangles	p
octans	p
octants	p
octaroons	p
octaves	p
octennially	v
octets	p
octillions	p
octillionths	p
octocentenaries	p
octodecillions	p
octodecillionths	p
octogenarians	p
octopods	p
octoroons	p
octosyllables	p
octupled	tA
octuples	pt
octuplets	pt
octupling	NtA
octuply	v
ocularists	p
ocularly	v
oculars	p
oculists	p
odalisques	p
oddballs	p
odder	A
oddest	A
oddities	p
oddments	p
oddnesses	p
odes	p
odeums	p
odiousnesses	p
odiums	p
odometers	p
odometries	p
odontalgias	p
odontoblasts	p
odontoglossums	p
odontographs	p
odontolites	p
odontologically	v
odontologies	p
odontophores	p
odoriferousnesses	p
odorlessly	v
odorously	v
odors	p
odours	p
ods	p
odyls	p
oecologies	p
oedemas	p
oedipally	v
oenologies	p
oenologists	p
oenomels	p
oersteds	p
oes	p
oestradiols	p
oestrins	p
oestriols	p
oestrogens	p
oestrones	p
oestruses	p
oeuvres	p
ofays	p
offals	p
offbeats	p
offcasts	p
offences	p
offended	VtiA
offenders	p
offending	NVtiA
offends	Vti
offenses	p
offensivenesses	p
offensives	p
offer	A
offered	VtiA
offerers	p
offering	NVtiA
offerings	p
offerors	p
offers	pVti
officeholders	p
officered	tA
officering	NtA
officers	pt
offices	p
officialdoms	p
officialeses	p
officialisms	p
officials	p
officiants	p
officiaries	p
officiated	iA
officiates	i
officiating	NiA
officiations	p
officiators	p
officinals	p
officiousnesses	p
offings	p
offishnesses	p
offprinted	tA
offprinting	NtA
offprints	pt
offs	p
offscourings	p
offsets	pti
offsetting	NtiA
offshoots	p
offsider	A
offsides	p
offtakes	p
oftener	A
oftenest	A
ogams	p
ogdoads	p
ogees	p
oghams	p
ogives	p
ogled	VtA
ogles	pVt
ogling	NVtA
ogres	p
ohmages	p
ohmically	v
ohmmeters	p
ohms	p
oiks	p
oilbirds	p
oilcans	p
oilcloths	p
oilcups	p
oiled	tA
oilers	p
oilfields	p
oilily	v
oilinesses	p
oiling	NtA
oils	pt
oilseeds	p
oilskins	p
oilstones	p
ointments	p
oiticicas	p
okas	p
okayed	tA
okaying	NtA
okays	pt
okes	p
okras	p
oktas	p
oldies	p
olds	p
oldsters	p
oleaginously	v
oleaginousnesses	p
oleanders	p
oleandomycins	p
oleasters	p
oleates	p
olecranons	p
olefines	p
olefins	p
oleins	p
oleographies	p
oleographs	p
oleomargarines	p
oleoresins	p
oleums	p
olfactions	p
olibanums	p
oligochaetes	p
oligoclases	p
oligopolies	p
oligopsonies	p
oligosaccharides	p
oligotrophies	p
oligurias	p
olivenites	p
oliver	A
olives	p
olivines	p
ollas	p
olms	p
olorosos	p
omadhauns	p
ombers	p
ombres	p
omegas	p
omelets	p
omelettes	p
omened	tA
omening	NtA
omens	pt
omentums	p
omers	p
omicrons	p
ominousnesses	p
omissions	p
omits	V
omitted	VA
omitting	NVA
ommatophores	p
omnifariously	v
omnificences	p
omnipotences	p
omnipotents	p
omnipresences	p
omniranges	p
omnisciences	p
omnivores	p
omnivorousnesses	p
omophorions	p
omphaloses	p
onagers	p
onanisms	p
onanists	p
oncers	p
onces	p
oncologies	p
oncomings	p
oncosts	p
ondines	p
ondings	p
ondograms	p
oneirically	v
oneiromancies	p
onenesses	p
oner	A
onerousnesses	p
oners	p
ones	p
onions	p
onionskins	p
onlaying	NtA
onlays	pt
onliest	A
onlookers	p
onomastically	v
onomatologies	p
onomatologists	p
onomatopoeias	p
onrushes	p
ons	p
onsets	p
onslaughts	p
ontogenies	p
ontologically	v
ontologies	p
ontologists	p
onwardly	v
onychophorans	p
onyxes	p
oocytes	p
oofs	p
oogamies	p
oogoniums	p
oolites	p
ooliths	p
oologically	v
oologies	p
oolongs	p
oomiaks	p
oompahs	p
oomphs	p
oophoritises	p
oophytes	p
ooses	pV
oosperms	p
oospheres	p
oospores	p
ootids	p
oozed	tiA
oozes	pti
oozily	v
oozing	NtiA
opacified	tiA
opacifiers	p
opacifies	ti
opacifying	NtiA
opacities	p
opahs	p
opalesced	iA
opalescently	v
opalesces	i
opalescing	NiA
opalines	p
opals	p
opaqued	VtA
opaquenesses	p
opaquer	A
opaques	pVt
opaquest	A
opaquing	NVtA
opcodes	p
oped	VA
opened	VtiA
opener	A
openers	p
openest	A
openhandednesses	p
opening	NVtiA
openings	p
openly	v
opens	pVti
openworks	p
operabilities	p
operands	p
operantly	v
operants	p
operas	p
operated	VtiA
operates	Vti
operatically	v
operating	NVtiA
operationalisms	p
operationally	v
operations	p
operativenesses	p
operatives	p
operatized	tA
operatizes	t
operatizing	NtA
operators	p
operculums	p
operettas	p
operettists	p
operons	p
operosenesses	p
opes	V
ophicleides	p
ophidians	p
ophiolaters	p
ophiologies	p
ophiologists	p
ophites	p
ophthalmias	p
ophthalmitises	p
ophthalmologically	v
ophthalmologies	p
ophthalmologists	p
ophthalmometers	p
ophthalmoscopes	p
ophthalmoscopically	v
opiated	VtA
opiates	pVt
opiating	NVtA
opined	VA
opines	V
oping	NVA
opining	NVA
opinionatednesses	p
opinionativenesses	p
opinions	p
opisthognathisms	p
opiumisms	p
opiums	p
oppidans	p
oppilated	tA
oppilates	t
oppilating	NtA
oppilations	p
opponencies	p
opponents	p
opportunisms	p
opportunists	p
opposabilities	p
opposed	tiA
opposers	p
opposes	ti
opposing	NtiA
oppositenesses	p
opposites	p
oppositions	p
oppressed	tA
oppresses	t
oppressing	NtA
oppressions	p
oppressivenesses	p
oppressors	p
opprobriousnesses	p
opprobriums	p
oppugned	tA
oppugners	p
oppugning	NtA
oppugns	t
ops	p
opsimaths	p
opsins	p
opsonins	p
opsonized	tA
opsonizes	t
opsonizing	NtA
optatives	p
opted	VA
optically	v
opticians	p
opticists	p
optics	p
optimally	v
optimes	p
optimises	p
optimisms	p
optimists	p
optimizations	p
optimized	tiA
optimizes	ti
optimizing	NtiA
optimums	p
opting	NVA
optionalities	p
optionees	p
options	p
optometers	p
optometries	p
optometrists	p
opts	V
opulences	p
opuntias	p
opuscules	p
oraches	p
oracies	p
oracularities	p
orals	p
orangeades	p
oranges	p
orangewoods	p
orangier	A
orangiest	A
orangs	p
orangutans	p
orarions	p
orariums	p
orated	iA
orates	i
orating	NiA
orations	p
orators	p
oratrixes	p
orbed	VtA
orbicularities	p
orbing	NVtA
orbitals	p
orbited	VtiA
orbiting	NVtiA
orbits	pVti
orbs	pVt
orcas	p
orceins	p
orchardists	p
orchards	p
orchestras	p
orchestrated	tA
orchestrates	t
orchestrating	NtA
orchestrations	p
orchestrators	p
orchestrions	p
orchidologists	p
orchids	p
orchils	p
orchises	p
orchitises	p
orcinols	p
orcs	p
ordained	tA
ordainers	p
ordaining	NtA
ordainments	p
ordains	t
ordeals	p
ordered	tA
ordering	NtA
orderlies	p
orders	pt
ordinals	p
ordinances	p
ordinands	p
ordinarier	A
ordinaries	p
ordinariest	A
ordinately	v
ordinates	p
ordinations	p
ordnances	p
ordos	p
ords	pi
ordures	p
oreads	p
oreganos	p
ores	p
orexises	p
orfes	p
orfrays	p
organdies	p
organelles	p
organicisms	p
organicists	p
organicities	p
organics	p
organised	tiA
organises	ti
organising	NtiA
organisms	p
organists	p
organizations	p
organized	VtiA
organizers	p
organizes	Vti
organizing	NVtiA
organographically	v
organographies	p
organoleptically	v
organologies	p
organologists	p
organons	p
organotherapies	p
organs	p
organums	p
organzas	p
organzines	p
orgasmically	v
orgasms	p
orgastically	v
orgeats	p
oribis	p
oriels	p
orientated	VtA
orientates	Vt
orientating	NVtA
orientations	p
oriented	VA
orienteerings	p
orienter	A
orienting	NVA
orients	pV
orifices	p
oriflammes	p
origans	p
originalities	p
originals	p
originated	ViA
originates	Vi
originating	NViA
originations	p
originators	p
origins	p
orinasals	p
orioles	p
orisons	p
orles	p
orlops	p
ormers	p
ormolus	p
ornamentals	p
ornamentations	p
ornamented	VtA
ornamenting	NVtA
ornaments	pVt
ornatenesses	p
ornerier	A
orneriest	A
ornerinesses	p
ornises	p
ornithines	p
ornithischians	p
ornithologies	p
ornithologists	p
ornithopods	p
ornithopters	p
orogenically	v
orogenies	p
orographies	p
oroides	p
orologically	v
orologists	p
orometers	p
orotundities	p
orphanages	p
orphaned	tA
orphanhoods	p
orphaning	NtA
orphans	pt
orpharions	p
orpiments	p
orpines	p
orrises	p
orrisroots	p
ors	p
orseilles	p
ortaniques	p
orthicons	p
orthocenters	p
orthocentres	p
orthoclases	p
orthodontically	v
orthodontists	p
orthodoxly	v
orthoepies	p
orthogenetically	v
orthogonalities	p
orthogonalizations	p
orthogonalized	tA
orthogonalizes	t
orthogonalizing	NtA
orthographers	p
orthopedists	p
orthophosphates	p
orthopraxies	p
orthopsychiatries	p
orthopterans	p
orthopterons	p
orthotropically	v
orthotropisms	p
orthroses	p
ortolans	p
oryxes	p
oscillated	iA
oscillates	i
oscillating	NiA
oscillations	p
oscillators	p
oscillograms	p
oscillographs	p
oscilloscopes	p
oscitances	p
oscitancies	p
oscitantly	v
osculated	ViA
osculates	Vi
osculating	NViA
osculations	p
osculums	p
oses	p
osiers	p
osmically	v
osmiridiums	p
osmiums	p
osmometers	p
osmometries	p
osmosed	VA
osmoses	pV
osmosing	NVA
osmundas	p
osmunds	p
osnaburgs	p
ospreys	p
osseins	p
osselets	p
ossicles	p
ossifications	p
ossified	ViA
ossifiers	p
ossifies	Vi
ossifrages	p
ossifying	NViA
ossuaries	p
ostentations	p
ostentatiousnesses	p
osteoblasts	p
osteoclasts	p
osteologies	p
osteologists	p
osteomalacias	p
osteopathies	p
osteopaths	p
osteophytes	p
osteoplasties	p
osteotomes	p
osteotomists	p
ostinatos	p
ostioles	p
ostlers	p
ostmarks	p
ostosises	p
ostracises	p
ostracisms	p
ostracized	tA
ostracizes	t
ostracizing	NtA
ostracoderms	p
ostracods	p
ostriches	p
otalgias	p
othernesses	p
otiosely	v
otocysts	p
otolaryngologies	p
otolaryngologists	p
otoliths	p
otologies	p
otologists	p
otorhinolaryngologies	p
otoscopes	p
otoscopies	p
ottars	p
ottavas	p
ottomans	p
ottos	p
ouabains	p
oubliettes	p
ouches	p
ouds	p
oughted	VA
oughting	NVA
oughts	pV
ounces	p
ouphes	p
ouraris	p
ousels	p
ousted	tA
ousters	p
ousting	NtA
ousts	t
outacted	tA
outacting	NtA
outacts	t
outages	p
outargued	tA
outargues	t
outarguing	NtA
outbacker	A
outbacks	p
outbaked	tA
outbakes	t
outbaking	NtA
outbalanced	tA
outbalances	t
outbalancing	NtA
outbargained	tA
outbargaining	NtA
outbargains	t
outbarked	tA
outbarking	NtA
outbarks	t
outbarred	tA
outbarring	NtA
outbars	t
outbawled	tA
outbawling	NtA
outbawls	t
outbeamed	tA
outbeaming	NtA
outbeams	t
outbegged	tA
outbegging	NtA
outbegs	t
outbidding	NVA
outbids	V
outblazed	tA
outblazes	t
outblazing	NtA
outbleated	tA
outbleating	NtA
outbleats	t
outblessed	tA
outblesses	t
outblessing	NtA
outbloomed	tA
outblooming	NtA
outblooms	t
outbluffed	tA
outbluffing	NtA
outbluffs	t
outblushed	tA
outblushes	t
outblushing	NtA
outblustered	tA
outblustering	NtA
outblusters	t
outboards	p
outboasted	tA
outboasting	NtA
outboasts	t
outboxed	tA
outboxes	t
outboxing	NtA
outbragged	tA
outbragging	NtA
outbrags	t
outbraved	tA
outbraves	t
outbraving	NtA
outbreaks	p
outbreathed	tA
outbreathes	t
outbreathing	NtA
outbreeding	NVA
outbreedings	t
outbreeds	V
outbribed	tA
outbribes	t
outbribing	NtA
outbuilding	NtA
outbuildings	p
outbuilds	t
outbulged	VA
outbulges	V
outbulging	NVA
outbulked	tA
outbulking	NtA
outbulks	t
outbullied	tA
outbullies	t
outbullying	NtA
outburned	tA
outburning	NtA
outburns	t
outbursts	p
outcapered	tA
outcapering	NtA
outcapers	t
outcasted	tA
outcastes	pt
outcasting	NtA
outcasts	p
outcaviled	tA
outcaviling	NtA
outcavilled	tA
outcavilling	NtA
outcavils	t
outcharmed	tA
outcharming	NtA
outcharms	t
outcheated	tA
outcheating	NtA
outcheats	t
outchided	tA
outchides	t
outchiding	NtA
outclassed	tA
outclasses	t
outclassing	NtA
outcomes	p
outcrawled	tA
outcrawling	NtA
outcrawls	t
outcried	tA
outcries	pt
outcropped	iA
outcropping	NiA
outcroppings	V
outcrops	pi
outcrossed	VA
outcrosses	pV
outcrossing	NVA
outcrossings	pt
outcrowded	tA
outcrowding	NtA
outcrowds	t
outcrowed	tA
outcrowing	NtA
outcrows	t
outcrying	NtA
outcursed	tA
outcurses	t
outcursing	NtA
outcurves	p
outdanced	tA
outdances	t
outdancing	NtA
outdared	tA
outdares	t
outdaring	NtA
outdated	tA
outdatedly	v
outdates	t
outdating	NtA
outdazzled	tA
outdazzles	t
outdazzling	NtA
outdistanced	tA
outdistances	t
outdistancing	NtA
outdodged	tA
outdodges	t
outdodging	NtA
outdoing	NVA
outdrawing	NtA
outdraws	t
outdressed	tA
outdresses	t
outdressing	NtA
outdrinking	NtA
outdrinks	t
outdrives	t
outdriving	NtA
outeating	NtA
outeats	t
outechoed	tA
outechoing	NtA
outed	tiA
outedges	t
outers	p
outfabled	tA
outfables	t
outfabling	NtA
outfaced	tA
outfaces	t
outfacing	NtA
outfalls	p
outfasted	tA
outfasting	NtA
outfasts	t
outfawned	tA
outfawning	NtA
outfawns	t
outfeasted	tA
outfeasting	NtA
outfeasts	t
outfenced	tA
outfences	t
outfencing	NtA
outfielders	p
outfields	p
outfighting	NtA
outfights	t
outfigured	tA
outfigures	t
outfiguring	NtA
outfished	tA
outfishes	t
outfishing	NtA
outfits	pV
outfitted	VA
outfitters	p
outfitting	NVA
outflanked	tA
outflanking	NtA
outflanks	t
outflashed	tA
outflashes	t
outflashing	NtA
outflies	t
outflings	t
outfloated	tA
outfloating	NtA
outfloats	t
outflows	p
outflying	NtA
outfooled	tA
outfooling	NtA
outfools	t
outfooted	tA
outfooting	NtA
outfoots	t
outfoxed	tA
outfoxes	t
outfoxing	NtA
outfrowned	tA
outfrowning	NtA
outfrowns	t
outgained	tA
outgaining	NtA
outgains	t
outgases	V
outgassed	VA
outgassing	NVA
outgazed	tA
outgazes	t
outgazing	NtA
outgeneraled	VA
outgeneraling	NVA
outgeneralled	VA
outgeneralling	NVA
outgenerals	V
outglared	tA
outglares	t
outglaring	NtA
outgleamed	tA
outgleaming	NtA
outgleams	t
outglittered	tA
outglittering	NtA
outglitters	t
outglowed	tA
outglowing	NtA
outglows	t
outgnawed	tA
outgnawing	NtA
outgnaws	t
outgoing	NtA
outgrinned	tA
outgrinning	NtA
outgrins	t
outgroups	p
outgrowing	NVA
outgrows	V
outgrowths	p
outguards	p
outguessed	tA
outguesses	t
outguessing	NtA
outgunned	tA
outgunning	NtA
outguns	t
outgushed	tA
outgushes	t
outgushing	NtA
outhauls	p
outhearing	NtA
outhears	t
outhired	tA
outhires	t
outhiring	NtA
outhits	t
outhitting	NtA
outhowled	tA
outhowling	NtA
outhowls	t
outhumored	tA
outhumoring	NtA
outhumors	t
outhunted	tA
outhunting	NtA
outhunts	t
outing	NtiA
outings	p
outjested	tA
outjesting	NtA
outjests	t
outjets	t
outjetting	NtA
outjettings	t
outjinxed	tA
outjinxes	t
outjinxing	NtA
outjockeyed	tA
outjockeying	NtA
outjockeys	t
outjumped	tA
outjumping	NtA
outjumps	t
outjuts	t
outjutted	tA
outjutting	NtA
outjuttings	t
outkicked	tA
outkicking	NtA
outkicks	t
outkilled	tA
outkilling	NtA
outkills	t
outkissed	tA
outkisses	t
outkissing	NtA
outlander	A
outlanders	p
outlandishnesses	p
outlands	p
outlashes	t
outlasted	tA
outlasting	NtA
outlasts	t
outlaughed	tA
outlaughing	NtA
outlaughs	t
outlawed	tA
outlawing	NtA
outlaws	pt
outlaying	NtA
outlays	pt
outleading	NtA
outleads	t
outleaped	VA
outleaping	NVA
outleaps	V
outlearned	tA
outlearning	NtA
outlearns	t
outlets	p
outliers	p
outlined	tA
outlines	pt
outlining	NtA
outlived	tA
outlivers	p
outlives	t
outliving	NtA
outlooks	p
outloved	tA
outloves	t
outloving	NtA
outmanned	VA
outmanning	NVA
outmanoeuvred	tA
outmanoeuvres	t
outmanoeuvring	NtA
outmans	V
outmarched	tA
outmarches	t
outmarching	NtA
outmatched	tA
outmatches	t
outmatching	NtA
outmeasured	tA
outmeasures	t
outmeasuring	NtA
outmoded	tiA
outmodes	ti
outmoding	NtiA
outmoved	tA
outmoves	t
outmoving	NtA
outnumbered	tA
outnumbering	NtA
outnumbers	t
outpaced	tA
outpaces	t
outpacing	NtA
outpainted	tA
outpainting	NtA
outpaints	t
outparishes	p
outpassed	tA
outpasses	t
outpassing	NtA
outpatients	p
outpeeped	tA
outpeeping	NtA
outpeeps	t
outperformed	tA
outperforming	NtA
outperforms	t
outpitched	tA
outpitches	t
outpitching	NtA
outpitied	tA
outpities	t
outpitying	NtA
outplanned	tA
outplanning	NtA
outplans	t
outplayed	tA
outplaying	NtA
outplays	t
outplodded	tA
outplodding	NtA
outplods	t
outplots	t
outplotted	tA
outplotting	NtA
outpointed	tA
outpointing	NtA
outpoints	t
outpolled	tA
outpolling	NtA
outpolls	t
outpopulated	tA
outpopulates	t
outpopulating	NtA
outports	p
outposts	p
outpoured	VA
outpouring	NVA
outpourings	p
outpours	pV
outprayed	tA
outpraying	NtA
outprays	t
outpreened	tA
outpreening	NtA
outpreens	t
outpriced	tA
outprices	t
outpricing	NtA
outproduced	tA
outproduces	t
outproducing	NtA
outpromised	tA
outpromises	t
outpromising	NtA
outpulled	tA
outpulling	NtA
outpulls	t
outpupils	p
outpushed	tA
outpushes	t
outpushing	NtA
outputs	p
outquoted	tA
outquotes	t
outquoting	NtA
outraced	tA
outraces	t
outracing	NtA
outraged	tA
outrageousnesses	p
outrages	pt
outraging	NtA
outrances	p
outranged	VtA
outranges	t
outranging	NVtA
outranked	tA
outranking	NtA
outranks	t
outrated	tA
outrates	t
outrating	NtA
outraved	tA
outraves	t
outraving	NtA
outreached	VtA
outreaches	pVt
outreaching	NVtA
outreading	NtA
outreads	t
outreddened	tA
outreddening	NtA
outreddens	t
outreigned	tA
outreigning	NtA
outreigns	t
outremers	p
outriders	p
outrides	pV
outriding	NVA
outrigged	tA
outriggers	p
outrigging	NtA
outrightly	v
outrightnesses	p
outrigs	t
outringing	NtiA
outrings	ti
outrivaled	tA
outrivaling	NtA
outrivalled	tA
outrivalling	NtA
outrivals	t
outroared	tA
outroaring	NtA
outroars	t
outrooted	tA
outrooting	NtA
outroots	t
outrowed	tA
outrowing	NtA
outrows	t
outrunners	p
outrunning	NVA
outruns	V
outrushes	p
outs	pti
outsailed	tA
outsailing	NtA
outsails	t
outsavored	tA
outsavoring	NtA
outsavors	t
outsaying	NtA
outsays	t
outscolded	tA
outscolding	NtA
outscolds	t
outscored	tA
outscores	t
outscoring	NtA
outscorned	tA
outscorning	NtA
outscorns	t
outseeing	NtA
outsees	t
outselling	NVA
outsells	V
outserts	p
outsets	p
outshamed	tA
outshames	t
outshaming	NtA
outshines	Vti
outshining	NVtiA
outshooting	NtA
outshoots	pt
outshots	p
outshouted	tA
outshouting	NtA
outshouts	t
outsider	A
outsiders	p
outsides	p
outsinging	NtiA
outsings	ti
outsinned	tA
outsinning	NtA
outsins	t
outsits	t
outsitting	NtA
outsizes	p
outsmarted	tA
outsmarting	NtA
outsmarts	t
outsmelled	tA
outsmelling	NtA
outsmells	t
outsmiled	tA
outsmiles	t
outsmiling	NtA
outsnored	tA
outsnores	t
outsnoring	NtA
outsoared	tA
outsoaring	NtA
outsoars	t
outsoles	p
outspanned	VA
outspanning	NVA
outspans	pV
outsparkled	tA
outsparkles	t
outsparkling	NtA
outspeaking	NVtA
outspeaks	Vt
outspeeding	NtA
outspeeds	t
outspelled	tA
outspelling	NtA
outspells	t
outspokennesses	p
outspreading	NVA
outspreads	pV
outspringing	NtA
outsprings	t
outsprinted	tA
outsprinting	NtA
outsprints	t
outstanding	NVtiA
outstandingly	v
outstands	Vti
outstared	tA
outstares	t
outstaring	NtA
outstated	tA
outstates	t
outstating	NtA
outstations	p
outstayed	tA
outstaying	NtA
outstays	t
outstepped	tA
outstepping	NtA
outsteps	t
outstrained	tA
outstraining	NtA
outstrains	t
outstretched	tA
outstretches	t
outstretching	NtA
outstrides	t
outstriding	NtA
outstrikes	t
outstriking	NtA
outstripped	VA
outstripping	NVA
outstrips	V
outstudied	tA
outstudies	t
outstudying	NtA
outstunted	tA
outstunting	NtA
outstunts	t
outsulked	tA
outsulking	NtA
outsulks	t
outsummed	tA
outsumming	NtA
outsums	t
outswearing	NtA
outswears	t
outsweeping	NtA
outsweeps	t
outsweetened	tA
outsweetening	NtA
outsweetens	t
outswimming	NVA
outswims	V
outswingers	p
outswings	p
outtalked	tA
outtalking	NtA
outtalks	t
outtelling	NtA
outtells	t
outthinking	NVA
outthinks	V
outthrobbed	tA
outthrobbing	NtA
outthrobs	t
outthrowing	NtiA
outthrows	pti
outtowered	tA
outtowering	NtA
outtowers	t
outtraded	VA
outtrades	V
outtrading	NVA
outtravelled	tA
outtravelling	NtA
outtravels	t
outtricked	tA
outtricking	NtA
outtricks	t
outtrots	t
outtrotted	tA
outtrotting	NtA
outtrumped	tA
outtrumping	NtA
outtrumps	t
outturns	p
outvalued	tA
outvalues	t
outvaluing	NtA
outvaunted	tA
outvaunting	NtA
outvaunts	t
outvied	tA
outvies	t
outvoiced	tA
outvoices	t
outvoicing	NtA
outvoted	tA
outvotes	t
outvoting	NtA
outvying	NtA
outwaited	tA
outwaiting	NtA
outwaits	t
outwalked	tA
outwalking	NtA
outwalks	t
outwardnesses	p
outwards	p
outwarred	tA
outwarring	NtA
outwars	t
outwashes	p
outwasted	tA
outwastes	t
outwasting	NtA
outwearied	tA
outwearies	t
outwearing	NVA
outwears	V
outwearying	NtA
outweeping	NtA
outweeps	t
outweighed	tA
outweighing	NtA
outweighs	t
outwelled	tA
outwelling	NtA
outwells	t
outwhirled	tA
outwhirling	NtA
outwhirls	t
outwiled	tA
outwiles	t
outwiling	NtA
outwilled	tA
outwilling	NtA
outwills	t
outwinded	tA
outwinding	NtA
outwinds	t
outwinged	tA
outwinging	NtA
outwings	t
outwished	tA
outwishes	t
outwishing	NtA
outwits	V
outwitted	VA
outwitting	NVA
outworked	VA
outworkers	p
outworking	NVA
outworks	pV
outwrestled	tA
outwrestles	t
outwrestling	NtA
outwrites	t
outwriting	NtA
outyelled	tA
outyelling	NtA
outyells	t
outyelped	tA
outyelping	NtA
outyelps	t
outyielded	tA
outyielding	NtA
outyields	t
ouzels	p
ouzos	p
ovalities	p
ovalnesses	p
ovals	p
ovariectomies	p
ovariectomized	tA
ovariotomists	p
ovately	v
ovations	p
ovenbirds	p
ovens	p
ovenwares	p
overabounded	iA
overabounding	NiA
overabounds	i
overabundances	p
overaccentuated	tA
overaccentuates	t
overaccentuating	NtA
overachieved	iA
overachieves	i
overachieving	NiA
overacted	VA
overacting	NVA
overactions	p
overacts	V
overaggressivenesses	p
overalls	p
overambitiousnesses	p
overanalyzed	VA
overanalyzes	V
overanalyzing	NVA
overanxieties	p
overarched	tA
overarches	t
overarching	NtA
overasserted	tA
overasserting	NtA
overassertions	p
overasserts	t
overassessed	tA
overassesses	t
overassessing	NtA
overattentions	p
overawed	tA
overawes	t
overawing	NtA
overbaked	VA
overbakes	V
overbaking	NVA
overbalanced	VtA
overbalances	pVt
overbalancing	NVtA
overbearing	NVtA
overbearingnesses	p
overbears	Vt
overbets	pV
overbetted	VA
overbetting	NVA
overbidding	NVA
overbids	pV
overbilled	tA
overbilling	NtA
overbills	t
overbites	p
overbleached	VA
overbleaches	V
overbleaching	NVA
overblouses	p
overblowing	NVA
overblows	V
overboldly	v
overbooked	tA
overbooking	NtA
overbooks	t
overborrowed	VA
overborrowing	NVA
overborrows	V
overbreeding	NtA
overbreeds	t
overbrowsed	tA
overbrowses	t
overbrowsing	NtA
overbuilding	NVA
overbuilds	V
overburdened	VtA
overburdening	NVtA
overburdens	pVt
overbuying	NtiA
overbuys	pti
overcalled	VA
overcalling	NVA
overcalls	pV
overcapitalisations	p
overcapitalised	tA
overcapitalises	t
overcapitalising	NtA
overcapitalizations	p
overcapitalized	tA
overcapitalizes	t
overcapitalizing	NtA
overcasted	VA
overcasting	NVA
overcastings	p
overcasts	pV
overcautioned	tA
overcautioning	NtA
overcautions	pt
overcautiousnesses	p
overcentralizations	p
overcentralized	VA
overcentralizes	V
overcentralizing	NVA
overcharged	VtA
overcharges	pVt
overcharging	NVtA
overchecks	p
overchilled	VA
overchilling	NVA
overchills	V
overcivilized	VA
overclaimed	tA
overclaiming	NtA
overclaims	t
overclouded	VA
overclouding	NVA
overclouds	V
overcloyed	tA
overcloying	NtA
overcloys	t
overcoatings	p
overcoats	p
overcoloring	NVA
overcolors	V
overcomers	p
overcomes	Vti
overcoming	NVtiA
overcommercializations	p
overcommercialized	tA
overcommercializes	t
overcommercializing	NtA
overcompensated	ViA
overcompensates	Vi
overcompensating	NViA
overcompensations	p
overcomplicated	tA
overcomplicates	t
overcomplicating	NtA
overconcentrations	p
overconcerned	tA
overconcerning	NtA
overconcerns	pt
overconfidences	p
overconsumed	VA
overconsumes	V
overconsuming	NVA
overconsumptions	p
overcontrolled	tA
overcontrolling	NtA
overcontrols	pt
overcooked	tA
overcooking	NtA
overcooks	t
overcorrected	VA
overcorrecting	NVA
overcorrects	V
overcriticalnesses	p
overcropped	VA
overcropping	NVA
overcrops	V
overcrowded	tiA
overcrowding	NtiA
overcrowds	ti
overcultivations	p
overdecorated	VA
overdecorates	V
overdecorating	NVA
overdecorations	p
overdemanding	NVA
overdependences	p
overdeveloped	tA
overdeveloping	NtA
overdevelopments	p
overdevelops	t
overdiscounted	tA
overdiscounting	NtA
overdiscounts	t
overdiversified	VA
overdiversities	p
overdoing	NVA
overdosed	VtA
overdoses	pVt
overdosing	NVtA
overdrafts	p
overdramatized	VA
overdramatizes	V
overdramatizing	NVA
overdraughts	p
overdrawing	NVtA
overdraws	Vt
overdressed	VA
overdresses	pV
overdressing	NVA
overdrinking	NtA
overdrinks	t
overdrives	pt
overdriving	NtA
overdyed	tA
overdyeing	NtA
overdyers	p
overdyes	t
overeagernesses	p
overeaters	p
overeating	NVtiA
overeats	ti
overedited	VA
overediting	NVA
overedits	V
overeducated	tA
overeducates	t
overeducating	NtA
overeducations	p
overelaborated	tA
overelaborates	pt
overelaborating	NtA
overembellished	tA
overembellishes	t
overembellishing	NtA
overembellishments	p
overemphasises	p
overemphasized	tA
overemphasizes	t
overemphasizing	NtA
overenthusiasms	p
overestimated	VtA
overestimates	pVt
overestimating	NVtA
overestimations	p
overexaggerated	VA
overexaggerates	V
overexaggerating	NVA
overexcited	tA
overexcites	t
overexciting	NtA
overexercised	tA
overexercises	t
overexercising	NtA
overexerted	tA
overexerting	NtA
overexertions	p
overexerts	t
overexpanded	VA
overexpanding	NVA
overexpands	V
overexpansions	p
overexplained	VA
overexplaining	NVA
overexplains	V
overexposed	tA
overexposes	t
overexposing	NtA
overexposures	p
overextended	VA
overextending	NVA
overextends	V
overeyed	tA
overeyeing	NtA
overeyes	t
overfalls	p
overfamiliarities	p
overfatigued	VA
overfatigues	V
overfavored	tA
overfavoring	NtA
overfavors	t
overfilled	tiA
overfilling	NtiA
overfills	ti
overfished	tiA
overfishes	ti
overfishing	NtiA
overflies	V
overflights	p
overflowed	VtiA
overflowing	NVtiA
overflows	pVti
overflying	NVA
overfolds	p
overgarments	p
overgeneralizations	p
overgeneralized	tA
overgeneralizes	t
overgeneralizing	NtA
overgenerosities	p
overgilded	tA
overgilding	NtA
overgilds	t
overgirded	tA
overgirding	NtA
overgirds	t
overglanced	tA
overglances	t
overglancing	NtA
overgoaded	tA
overgoading	NtA
overgoads	t
overgoverned	tA
overgoverning	NtA
overgoverns	t
overgrazed	tA
overgrazes	t
overgrazing	NtA
overgrowing	NVtiA
overgrows	Vti
overgrowths	p
overhanded	VA
overhanding	NVA
overhandled	tA
overhandles	t
overhandling	NtA
overhands	V
overhanging	NVtA
overhangs	pVt
overhauled	VtA
overhauling	NVtA
overhauls	pVt
overheaped	tA
overheaping	NtA
overheaps	t
overhearing	NVA
overhears	V
overheated	VtA
overheating	NVtA
overheats	pVt
overhunted	tA
overhunting	NtA
overhunts	t
overhurried	VA
overidealized	VA
overidealizes	V
overidealizing	NVA
overidentified	VA
overidentifies	V
overidentifying	NVA
overimpressed	tA
overimpresses	t
overimpressing	NtA
overinclined	VA
overindulged	tiA
overindulgences	p
overindulges	ti
overindulging	NtiA
overindustrialized	VA
overindustrializes	V
overindustrializing	NVA
overinflated	tA
overinflates	t
overinflating	NtA
overinflations	p
overinsured	tA
overinsures	t
overinsuring	NtA
overintellectualizations	p
overintellectualized	VA
overintellectualizes	V
overintellectualizing	NVA
overintensities	p
overinvestments	p
overissued	VA
overissues	pV
overissuing	NVA
overjoyed	tA
overjoying	NtA
overjoys	t
overkills	p
overlander	A
overlands	V
overlapped	ViA
overlapping	NViA
overlaps	pVi
overlarded	tA
overlarding	NtA
overlards	t
overlaying	NtA
overlayings	V
overlays	pt
overlearned	tA
overlearning	NtA
overlearns	t
overlies	V
overlights	p
overlived	VA
overlives	V
overliving	NVA
overloaded	VtA
overloading	NVtA
overloads	pVt
overlooked	VtA
overlookers	p
overlooking	NVtA
overlooks	pVt
overlords	p
overloved	VA
overloves	V
overloving	NVA
overlying	NVA
overmanaged	tA
overmanages	t
overmanaging	NtA
overmanned	tA
overmanning	NtA
overmans	pt
overmantels	p
overmastered	tA
overmastering	NtA
overmasters	t
overmasts	p
overmatched	VtA
overmatches	pVt
overmatching	NVtA
overmatters	p
overmeasures	p
overmelted	VA
overmelting	NVA
overmelts	V
overmixed	VA
overmixes	V
overmixing	NVA
overmuches	p
overmultiplied	VA
overmultiplies	V
overmultiplying	NVA
overnicely	v
overnighter	A
overnourished	tA
overnourishes	t
overnourishing	NtA
overoptimisms	p
overoptimists	p
overorganized	tiA
overorganizes	pti
overorganizing	NtiA
overornamented	tA
overornamenting	NtA
overornaments	t
overpacked	VA
overpacking	NVA
overpacks	V
overpassed	tA
overpasses	pt
overpassing	NtA
overpaying	NVA
overpayments	p
overpays	V
overpeopled	tA
overpeoples	t
overpeopling	NtA
overpersuaded	tA
overpersuades	t
overpersuading	NtA
overpersuasions	p
overpitched	VA
overpitches	V
overpitching	NVA
overplanted	tA
overplanting	NtA
overplants	t
overplayed	tA
overplaying	NtA
overplays	t
overplied	VA
overplies	V
overpluses	p
overplying	NVA
overpolished	tA
overpopulated	tA
overpopulates	t
overpopulating	NtA
overpopulations	p
overpowered	tA
overpowering	NtA
overpowers	t
overpraised	tA
overpraises	pt
overpraising	NtA
overpressed	tA
overpresses	t
overpressing	NtA
overpriced	tA
overprices	t
overpricing	NtA
overprinted	VtA
overprinting	NVtA
overprints	pVt
overprized	tA
overprizes	t
overprizing	NtA
overpromised	tA
overpromises	t
overpromising	NtA
overproportioned	tA
overproportioning	NtA
overproportions	pt
overprotected	tA
overprotecting	NtA
overprotections	p
overprotects	t
overqualified	tA
overraked	tA
overrakes	t
overraking	NtA
overrated	tA
overrates	t
overrating	NtA
overreached	tiA
overreaches	ti
overreaching	NtiA
overreacted	iA
overreacting	NiA
overreactions	p
overreacts	i
overrefined	VA
overrefinements	p
overrefines	V
overrefining	NVA
overregulated	VA
overregulates	V
overregulating	NVA
overregulations	p
overrelaxed	VA
overreliances	p
overrepresentations	p
overrepresented	tA
overrepresenting	NtA
overrepresents	t
overriders	p
overrides	V
overriding	NVA
overridingly	v
overripened	VA
overripening	NVA
overripens	V
overroasted	VA
overroasting	NVA
overroasts	V
overruled	tA
overrulers	p
overrules	t
overruling	NtA
overrunning	NtiA
overruns	pti
overs	p
oversalted	tA
oversalting	NtA
oversalts	t
oversaturated	tA
oversaturates	t
oversaturating	NtA
oversaturations	p
overscored	tA
overscores	t
overscoring	NtA
oversecretions	p
overseed	VA
overseeded	VA
overseeding	NVA
overseeds	V
overseeing	NVA
overseers	p
oversees	V
overselling	NVtA
oversells	Vt
oversets	Vt
oversetting	NVtA
oversewed	VA
oversewing	NVA
oversews	V
overshaded	tA
overshades	t
overshading	NtA
overshadowed	tA
overshadowing	NtA
overshadows	t
overshirts	p
overshoes	p
overshooting	NVtA
overshoots	Vt
oversights	p
oversimplifications	p
oversimplified	VA
oversimplifies	V
oversimplifying	NVA
oversizes	p
overskirts	p
overslaughed	tA
overslaughing	NtA
overslaughs	pt
oversleeping	NVA
oversleeps	V
oversleeves	p
overslipped	tA
overslipping	NtA
overslips	t
oversoaked	VA
oversoaking	NVA
oversoaks	V
oversouls	p
overspecializations	p
overspecialized	VA
overspecializes	V
overspecializing	NVA
overspeculated	iA
overspeculates	i
overspeculating	NiA
overspeculations	p
overspending	NVtA
overspends	Vt
overspins	p
overspreading	NtA
overspreads	t
overstaffed	tA
overstaffing	NtA
overstaffs	t
overstands	p
overstated	tA
overstates	t
overstating	NtA
overstayed	tA
overstaying	NtA
overstays	t
oversteered	iA
oversteering	NiA
oversteers	i
overstepped	VA
overstepping	NVA
oversteps	V
overstimulated	VA
overstimulates	V
overstimulating	NVA
overstimulations	p
overstirred	VA
overstirring	NVA
overstirs	V
overstocked	tA
overstocking	NtA
overstocks	pt
overstrained	tiA
overstraining	NtiA
overstrains	ti
overstressed	tA
overstresses	t
overstressing	NtA
overstretched	tA
overstretches	t
overstretching	NtA
overstrides	t
overstriding	NtA
overstrikes	t
overstriking	NtA
overstudied	tiA
overstudies	pti
overstudying	NtiA
overstuffed	tA
overstuffing	NtA
overstuffs	t
oversubscribed	tA
oversubscribes	t
oversubscribing	NtA
oversubscriptions	p
oversupped	VA
oversupping	NVA
oversupplied	tA
oversupplies	t
oversupplying	NtA
oversups	V
oversweetnesses	p
overtakes	Vt
overtaking	NVtA
overtasked	tA
overtasking	NtA
overtasks	t
overtaxations	p
overtaxed	tA
overtaxes	t
overtaxing	NtA
overthrowers	p
overthrowing	NtA
overthrows	pt
overthrusts	p
overtimed	VtA
overtimes	pVt
overtiming	NVtA
overtired	tiA
overtires	ti
overtiring	NtiA
overtoiled	VA
overtoiling	NVA
overtoils	V
overtones	p
overtopped	VA
overtopping	NVA
overtops	V
overtraded	iA
overtrades	i
overtrading	NiA
overtreatments	p
overtricks	p
overtrimmed	VA
overtrimming	NVA
overtrims	V
overtrumped	VA
overtrumping	NVA
overtrumps	V
overtrusted	VA
overtrusting	NVA
overtrusts	V
overtured	tA
overtures	pt
overturing	NtA
overturned	VtA
overturning	NVtA
overturns	pVt
overurged	VA
overurges	V
overurging	NVA
overused	tA
overuses	pt
overusing	NtA
overvaluations	p
overvalued	tA
overvalues	t
overvaluing	NtA
overviews	p
overvoltages	p
overwatched	tA
overwatches	t
overwatching	NtA
overwearied	tA
overwearies	t
overwearying	NtA
overweened	iA
overweening	NiA
overweens	i
overweighed	tA
overweighing	NtA
overweighs	t
overweighted	VtA
overweighting	NVtA
overweights	pVt
overwets	t
overwetted	tA
overwetting	NtA
overwhelmed	tA
overwhelming	NtA
overwhelms	t
overwinding	NVA
overwinds	V
overwintered	iA
overwintering	NiA
overwinters	i
overwords	p
overworked	VA
overworking	NVA
overworks	pV
overwrites	V
overwriting	NVA
overzealousnesses	p
oviducts	p
oviparities	p
oviposited	iA
ovipositing	NiA
ovipositions	p
ovipositors	p
oviposits	i
ovisacs	p
ovoids	p
ovolos	p
ovoviviparities	p
ovoviviparousnesses	p
ovulated	iA
ovulates	i
ovulating	NiA
ovules	p
owed	ViA
owes	Vi
owing	NViA
owlets	p
owlishly	v
owlishnesses	p
owls	p
owned	tA
owners	p
ownerships	p
owning	NtA
owns	t
oxalates	p
oxalises	p
oxazines	p
oxbows	p
oxcarts	p
oxes	p
oxeyes	p
oxfords	p
oxgangs	p
oxhearts	p
oxidants	p
oxidases	p
oxidated	VA
oxidates	V
oxidating	NVA
oxidations	p
oxidatively	v
oxides	p
oxidised	tiA
oxidises	ti
oxidising	NtiA
oxidizations	p
oxidized	VA
oxidizers	p
oxidizes	V
oxidizing	NVA
oxidoreductases	p
oximes	p
oximeters	p
oximetries	p
oxlips	p
oxpeckers	p
oxtails	p
oxters	p
oxtongues	p
oxyacetylenes	p
oxyacids	p
oxycephalies	p
oxygenates	p
oxygenations	p
oxygenators	p
oxygenized	tA
oxygenizes	t
oxygenizing	NtA
oxygens	p
oxyhaemoglobins	p
oxysalts	p
oxytetracyclines	p
oxytocias	p
oxytocics	p
oxytocins	p
oyers	p
oyezes	p
oys	p
oystercatchers	p
oystered	iA
oystering	NiA
oysterings	p
oysters	pi
ozocerites	p
ozones	p
ozonides	p
ozonized	tA
ozonizers	p
ozonizes	t
ozonizing	NtA
ozonospheres	p
pabulums	p
pacas	p
paced	tiA
pacemakers	p
pacers	p
paces	pti
pacesetters	p
pachadoms	p
pachalics	p
pachas	p
pachinkos	p
pachisis	p
pachoulis	p
pachyderms	p
pachysandras	p
pachytenes	p
pacificated	tA
pacificates	t
pacificating	NtA
pacifications	p
pacificisms	p
pacificists	p
pacified	VA
pacifiers	p
pacifies	V
pacifisms	p
pacifists	p
pacifying	NVA
pacing	NtiA
packaged	tA
packages	pt
packaging	NtA
packagings	p
packed	VtiA
packers	p
packeted	tA
packeting	NtA
packets	pt
packhorses	p
packing	NVtiA
packings	p
packs	pVti
packsacks	p
packsaddles	p
packthreads	p
pactions	p
pacts	p
padangs	p
padauks	p
padded	VtA
padding	NVtA
paddings	p
paddleboards	p
paddled	VtiA
paddlefishes	p
paddlers	p
paddles	pVti
paddling	NVtiA
paddlings	Vi
paddocked	tA
paddocking	NtA
paddocks	pt
paddymelons	p
paddywhacks	p
pademelons	p
padlocked	tA
padlocking	NtA
padlocks	pt
padnags	p
padouks	p
pads	pVt
padsaws	p
paeanisms	p
paeans	p
paederastically	v
paediatricians	p
paedobaptists	p
paedologies	p
paedophilias	p
paellas	p
paenulas	p
paeonies	p
paeons	p
pagandoms	p
paganisations	p
paganised	tiA
paganisers	p
paganises	ti
paganising	NtiA
paganisms	p
paganists	p
paganizations	p
paganized	VA
paganizes	V
paganizing	NVA
pagans	p
pageants	p
pageboys	p
paged	tA
pages	pt
paginated	tA
paginates	t
paginating	NtA
paging	NtA
pagings	V
pagodas	p
pagurians	p
pagurids	p
pahoehoes	p
paigles	p
paiked	tA
paiking	NtA
paiks	pt
pails	p
pained	tA
painfuller	A
painfullest	A
painfulnesses	p
paining	NtA
painkillers	p
painlessly	v
pains	t
paintboxes	p
paintbrushes	p
painted	VtA
painters	p
painting	NVtA
paintings	p
paints	pVt
paired	VA
pairing	NVA
pairs	V
paisas	p
pakehas	p
palaces	p
paladins	p
palaeoanthropologies	p
palaeobiologies	p
palaeobiologists	p
palaeobotanically	v
palaeobotanies	p
palaeoclimatologies	p
palaeoclimatologists	p
palaeoecologies	p
palaeoecologists	p
palaeoliths	p
palaeomagnetisms	p
palaeontographies	p
palaeontologists	p
palaeozoologies	p
palaeozoologists	p
palanquins	p
palatabilities	p
palatablenesses	p
palatalizations	p
palatalized	tA
palatalizes	t
palatalizing	NtA
palatally	v
palatals	p
palates	p
palatialnesses	p
palatinates	p
palatines	p
palavered	tiA
palaverers	p
palavering	NtiA
palavers	pti
palazzos	p
paled	VtiA
paleethnologies	p
palefaces	p
paleobiologies	p
paleobiologists	p
paleobotanies	p
paleoclimatologies	p
paleoclimatologists	p
paleoecologies	p
paleoecologists	p
paleogeographies	p
paleographers	p
paleographies	p
paleoliths	p
paleomagnetically	v
paleomagnetisms	p
paleontographies	p
paleopathologists	p
paleozoologies	p
paleozoologists	p
pales	pVti
paletots	p
palets	p
palettes	p
palfreys	p
palier	A
paliest	A
palikars	p
palimpsests	p
palindromes	p
palindromists	p
paling	NVtiA
palingenesists	p
palings	p
palinodes	p
palisaded	tA
palisades	t
palisading	NtA
palkis	p
palladiums	p
pallbearers	p
palled	VtiA
palletizations	p
pallets	p
pallettes	p
palliasses	p
palliated	tA
palliates	t
palliating	NtA
palliations	p
palliatively	v
palliatives	p
palliators	p
pallidnesses	p
pallier	A
palliest	A
palling	NVtiA
palliums	p
pallors	p
palls	pti
palmations	p
palmed	tA
palmers	p
palmerworms	p
palmettes	p
palming	NtA
palmistries	p
palmists	p
palmitates	p
palmitins	p
palms	pt
palmyras	p
palookas	p
paloverdes	p
palpabilities	p
palpablenesses	p
palpated	tA
palpates	t
palpating	NtA
palpations	p
palpitated	iA
palpitates	i
palpitating	NiA
palpitations	p
palps	p
pals	pV
palsgraves	p
palsgravines	p
palsied	VtA
palsies	Vt
palstaves	p
palsying	NVtA
paltered	iA
palterers	p
paltering	NiA
palters	i
paltrinesses	p
paludamentums	p
paludisms	p
palynologies	p
pampered	tA
pamperers	p
pampering	NtA
pamperos	p
pampers	t
pamphleteered	iA
pamphleteering	NiA
pamphleteers	pi
pamphlets	p
pams	p
panaceas	p
panaches	p
panadas	p
panatellas	p
pancaked	VA
pancakes	pV
pancaking	NVA
panchaxes	p
panchromatisms	p
pancratiums	p
pancreases	p
pancreatins	p
pandas	p
pandects	p
pandemias	p
pandemics	p
pandemoniums	p
pandered	iA
pandering	NiA
panders	pi
pandiculations	p
pandied	VA
pandies	pV
pandits	p
pandoras	p
pandores	p
pandours	p
pandying	NVA
paned	VA
panegyrics	p
panegyrized	VA
panegyrizes	V
panegyrizing	NVA
paneled	VtA
paneling	NVtA
panelings	p
panelists	p
panelled	VtA
panelling	NVtA
panellings	p
panellists	p
panels	pVt
panes	p
pangas	p
pangolins	p
pangs	p
panhandled	VA
panhandles	pV
panhandling	NVA
panickier	A
panickiest	A
panicles	p
panicmongers	p
panics	pV
panjandrums	p
panleukopenias	p
panmixias	p
pannages	p
panned	VA
panner	A
pannes	p
panniers	p
pannikins	p
panning	NVA
pannings	V
panochas	p
panoramas	p
panpsychists	p
pans	pV
pansies	p
pansophies	p
pansophists	p
panspermias	p
pantechnicons	p
panted	ViA
pantheisms	p
pantheons	p
panthers	p
pantiles	p
panting	NViA
pantisocracies	p
pantofles	p
pantographers	p
pantographs	p
pantomimed	VA
pantomimes	pV
pantomiming	NVA
pantomimists	p
pantoums	p
pants	Vi
pantsuits	p
pantywaists	p
panzers	p
papacies	p
papains	p
papalises	p
papas	p
papaverines	p
papayas	p
paperbacks	p
paperbarks	p
paperboards	p
paperbounds	p
paperboys	p
paperclips	p
papered	VtA
paperer	A
paperers	p
papergirls	p
paperhangers	p
paperhangings	p
paperinesses	p
papering	NVtA
papers	pVt
paperweights	p
paperworks	p
papeteries	p
papillomas	p
papillons	p
papillotes	p
papisms	p
papistries	p
papists	p
papooses	p
pappier	A
pappiest	A
pappuses	p
paprikas	p
paps	p
papules	p
papyrologies	p
papyrologists	p
parablasts	p
parables	p
parabolas	p
paraboles	p
parabolised	tA
parabolises	t
parabolising	NtA
parabolists	p
parabolized	tA
parabolizes	t
parabolizing	NtA
paraboloids	p
parabrakes	p
paracetamols	p
parachors	p
parachronisms	p
parachuted	VA
parachuters	p
parachutes	pV
parachuting	NVA
parachutists	p
paracletes	p
paraded	VtiA
paraders	p
parades	pVti
paradiddles	p
paradigms	p
parading	NVtiA
paradisaically	v
paradises	p
paradisiacally	v
paradoses	p
paradoxes	p
paradoxicalities	p
paradoxicalnesses	p
paradrops	p
paraesthesias	p
paraffined	tA
paraffining	NtA
paraffins	pt
paraformaldehydes	p
paragenetically	v
paragliders	p
paragoges	p
paragoned	tA
paragoning	NtA
paragons	pt
paragraphed	tA
paragraphers	p
paragraphias	p
paragraphically	v
paragraphing	NtA
paragraphs	pt
parakeets	p
paralanguages	p
paraldehydes	p
parallaxes	p
paralleled	VtA
parallelepipeds	p
paralleling	NVtA
parallelised	tA
parallelises	t
parallelising	NtA
parallelisms	p
parallelized	tA
parallelizes	t
parallelizing	NtA
parallelograms	p
parallels	pVt
paralogisms	p
paralysations	p
paralysed	tA
paralysers	p
paralyses	t
paralysing	NtA
paralytically	v
paralytics	p
paralyzations	p
paralyzed	tA
paralyzers	p
paralyzes	t
paralyzing	NtA
paramagnetically	v
paramagnetisms	p
paramagnets	p
paramattas	p
paramedics	p
paraments	p
parameters	p
parametrically	v
paramnesias	p
paramorphines	p
paramorphisms	p
paramorphs	p
paramountcies	p
paramounts	p
paramours	p
parangs	p
paranoiacs	p
paranoias	p
paranoids	p
paranormally	v
paranymphs	p
parapets	p
paraphrased	VA
paraphrasers	p
paraphrases	V
paraphrasing	NVA
paraphrasts	p
paraphs	p
paraplegias	p
paraplegics	p
paraprofessionals	p
parapsychologically	v
parapsychologies	p
parasangs	p
parasites	p
parasiticides	p
parasitisms	p
parasitized	tA
parasitizes	t
parasitizing	NtA
parasitologically	v
parasitologies	p
parasitologists	p
parasols	p
parathions	p
parathyroidectomized	tA
parathyroids	p
paratrooper	A
paratroopers	p
paratyphoids	p
paravanes	p
parazoans	p
parboiled	tA
parboiling	NtA
parboils	t
parbuckled	tA
parbuckles	pt
parbuckling	NtA
parceled	VtA
parceling	NVtA
parcelled	VtA
parcelling	NVtA
parcels	pVt
parcenaries	p
parceners	p
parched	VtA
parches	Vt
parching	NVtA
parchmentized	tA
parchmentizes	t
parchmentizing	NtA
parchments	p
parcloses	p
pardahs	p
pardalotes	p
pardners	p
pardonablenesses	p
pardoned	tA
pardoners	p
pardoning	NtA
pardons	pt
pards	p
parecisms	p
pared	tA
paregorics	p
pareiras	p
parenchymas	p
parenchymatously	v
parentages	p
parenthesises	p
parenthesized	tA
parenthesizes	t
parenthesizing	NtA
parenthoods	p
parents	p
parer	A
parergons	p
pares	t
paresthesias	p
paretics	p
pareus	p
parfaits	p
parfleches	p
pargasites	p
pargeted	VA
pargeting	NVA
pargetings	p
pargets	pV
pargetted	VA
pargetting	NVA
pargettings	V
pargings	p
pariahs	p
parietals	p
paring	NtA
parings	p
parishes	p
parishioners	p
parisons	p
parities	p
parkas	p
parked	VtA
parkier	A
parkiest	A
parking	NVtA
parkings	p
parkins	p
parklands	p
parks	pVt
parkways	p
parlances	p
parlayed	tA
parlaying	NtA
parlays	pt
parled	tiA
parles	pti
parleyed	tiA
parleyers	p
parleying	NtiA
parleys	ti
parleyvooed	iA
parleyvooing	NiA
parleyvoos	pi
parliamentarians	p
parliaments	p
parling	NtiA
parlormaids	p
parlors	p
parlours	p
parlousnesses	p
parly	v
parochialised	tiA
parochialises	ti
parochialising	NtiA
parochialisms	pti
parodied	VA
parodies	pV
parodists	p
parodying	NVA
paroled	tA
parolees	p
paroles	pt
paroling	NtA
parols	p
paronomasias	p
paronychias	p
paronyms	p
paroquets	p
parotids	p
parotitises	p
parotoids	p
paroxysms	p
paroxytones	p
parpends	p
parpens	p
parqueted	tA
parqueting	NtA
parquetries	p
parquets	pt
parramattas	p
parrels	p
parricidally	v
parricides	p
parried	VtA
parries	pVt
parrokets	p
parroted	tA
parrotfishes	p
parroting	NtA
parrots	pt
parrs	p
parrying	NVtA
pars	p
parsecs	p
parsed	ViA
parsers	p
parses	pVi
parsimonies	p
parsimoniousnesses	p
parsing	NViA
parsings	t
parsleys	p
parsnips	p
parsonages	p
parsons	p
partakers	p
partakes	Vt
partaking	NVtA
partakings	V
partans	p
parted	VtiA
parterres	p
parthenocarpies	p
partialised	tA
partialises	t
partialising	NtA
partially	v
partials	p
participances	p
participants	p
participated	iA
participates	pi
participating	NiA
participations	p
participles	p
particles	p
particularisations	p
particularised	tiA
particularises	ti
particularising	NtiA
particularisms	p
particularizations	p
particularized	VtA
particularizers	p
particularizes	Vt
particularizing	NVtA
particulars	p
partier	A
parties	p
parting	NVtiA
partings	p
partisanly	v
partisans	p
partisanships	p
partitas	p
partitioned	tA
partitioners	p
partitioning	NtA
partitionists	p
partitionments	p
partitions	pt
partitives	p
partlets	p
partnered	VA
partnering	NVA
partners	V
partnerships	p
partons	p
parts	Vti
parturiencies	p
parturifacients	p
parturitions	p
parulises	p
parures	p
parvenus	p
parvises	p
pas	p
pascals	p
paschals	p
paseos	p
pases	p
pashadoms	p
pashaliks	p
pashas	p
pashed	VA
pashes	pV
pashing	NVA
pashms	p
pasqueflowers	p
pasquils	p
pasquinaded	VA
pasquinades	pV
pasquinading	NVA
passablenesses	p
passacaglias	p
passades	p
passaged	VA
passages	pV
passageways	p
passaging	NVA
passaments	p
passbooks	p
passed	VtiA
passels	p
passementeries	p
passengers	p
passepieds	p
passer	A
passerines	p
passers	p
passes	pVti
passibilities	p
passibly	v
passing	NVtiA
passings	p
passionals	p
passionatenesses	p
passionflowers	p
passionlessnesses	p
passions	p
passively	v
passives	p
passivisms	p
passivists	p
passports	p
passuses	p
passwords	p
pastas	p
pasteboards	p
pasted	tA
pastelists	p
pastels	p
paster	A
pasterns	p
pasters	p
pastes	pt
pasteurisations	p
pasteurised	tA
pasteurises	t
pasteurising	NtA
pasteurizations	p
pasteurized	tA
pasteurizers	p
pasteurizes	t
pasteurizing	NtA
pasticcios	p
pastiches	p
pasties	p
pastilles	p
pastily	v
pastimes	p
pastinesses	p
pasting	NtA
pastises	p
pastorales	p
pastoralisms	p
pastoralists	p
pastorals	p
pastorates	p
pastors	p
pastorships	p
pastramis	p
pasts	p
pasturages	p
pastured	tA
pasturers	p
pastures	pt
pasturing	NtA
patacas	p
patched	tA
patchers	p
patches	pt
patchily	v
patching	NtA
patchoulis	p
patchworks	p
pated	VtiA
patellas	p
patencies	p
patens	p
patentabilities	p
patented	tA
patentees	p
patenting	NtA
patentors	p
patents	pt
paternalisms	p
paternities	p
paternosters	p
pates	p
pathfinders	p
pathfindings	p
pathics	p
pathogenically	v
pathogens	p
pathographies	p
pathologies	p
pathoses	p
paths	p
pathways	p
patiences	p
patienter	A
patientest	A
patients	p
patinas	p
patins	p
patly	v
patnesses	p
patrials	p
patriarchates	p
patricians	p
patriciates	p
patricides	p
patrilineally	v
patrilocally	v
patriotisms	p
patriots	p
patristically	v
patrolled	VA
patrollers	p
patrolling	NVA
patrols	pV
patronages	p
patronised	tA
patronisers	p
patronises	t
patronising	NtA
patronized	VA
patronizers	p
patronizes	V
patronizing	NVA
patrons	p
patronymics	p
patroons	p
patroonships	p
pats	pVti
patted	VtiA
pattens	p
patter	A
pattered	VtiA
patterers	p
pattering	NVtiA
patterned	VA
patterning	NVA
patternmakings	p
patterns	pV
patters	pVti
patting	NVtiA
pattles	p
patulousnesses	p
pauas	p
paucities	p
pauldrons	p
paulownias	p
paunched	VA
paunches	pV
paunchier	A
paunchiest	A
paunchinesses	p
paunching	NVA
pauperisations	p
pauperised	tA
pauperises	t
pauperising	NtA
pauperisms	p
pauperizations	p
pauperized	tA
pauperizes	t
pauperizing	NtA
paupers	p
paused	iA
pausers	p
pauses	pi
pausing	NiA
pausings	V
pavages	p
pavanes	p
paved	tA
pavements	p
pavers	p
paves	t
pavilioned	tA
pavilioning	NtA
pavilions	pt
pavillons	p
paving	NtA
pavings	p
pavins	p
paviors	p
paviours	p
pavisers	p
pavises	p
pawed	VtA
pawers	p
pawing	NVtA
pawkier	A
pawkiest	A
pawkily	v
pawls	p
pawnages	p
pawnbrokers	p
pawned	tA
pawners	p
pawning	NtA
pawns	pt
pawnshops	p
pawpaws	p
paws	pVt
paxes	p
paxwaxes	p
paychecks	p
paydays	p
payed	VtiA
payees	p
payers	p
paying	NVtiA
payings	t
payloads	p
paymasters	p
payments	p
paynims	p
payoffs	p
payolas	p
payrolls	p
pays	pVti
peaceablenesses	p
peaced	iA
peacefuller	A
peacefullest	A
peacemakers	p
peacemakings	p
peaces	pi
peacetimes	p
peachblows	p
peached	iA
peachers	p
peaches	pi
peachily	v
peachinesses	p
peaching	NiA
peacing	NiA
peacoats	p
peacocked	VA
peacockier	A
peacockiest	A
peacocking	NVA
peacocks	V
peags	p
peahens	p
peaked	tiA
peakier	A
peakiest	A
peaking	NtiA
peaks	pti
pealed	tiA
pealing	NtiA
peals	pti
peans	p
peanuts	p
peapods	p
pearled	VtiA
pearler	A
pearlers	p
pearlies	p
pearlinesses	p
pearling	NVtiA
pearlites	p
pearls	pVti
pearmains	p
pears	p
pearter	A
peartest	A
peas	p
peasantries	p
peasants	p
peasecods	p
peashooters	p
peasoupers	p
peats	p
pebas	pt
pebbled	VtA
pebbles	pVt
pebblier	A
pebbliest	A
pebbling	NVtA
pebblings	p
pecans	p
peccancies	p
pecked	VtiA
peckers	p
pecking	NVtiA
pecks	pVti
pectases	p
pectates	p
pectens	p
pectinations	p
pectins	p
pectized	VA
pectizes	V
pectizing	NVA
pectorally	v
pectorals	p
peculated	VA
peculates	V
peculating	NVA
peculiarised	tA
peculiarises	t
peculiarising	NtA
peculiarities	p
peculiarized	tA
peculiarizes	t
peculiarizing	NtA
peculiars	p
peculiums	p
pedagogies	p
pedagogueries	p
pedagogues	p
pedaled	VA
pedaler	A
pedalfers	p
pedaling	NVA
pedalled	VA
pedaller	A
pedalling	NVA
pedalos	p
pedals	pV
pedants	p
peddled	VtiA
peddlers	p
peddles	Vti
peddling	NVtiA
pederasties	p
pederasts	p
pedestals	p
pedestrianised	iA
pedestrianises	i
pedestrianising	NiA
pedestrianisms	p
pedestrianized	tA
pedestrianizes	t
pedestrianizing	NtA
pedestrianly	v
pedestrians	p
pediatricians	p
pedicabs	p
pedicels	p
pedicles	p
pediculates	p
pedicures	p
pedicurists	p
pedigrees	p
pediments	p
pedipalps	p
pedlars	p
pedocals	p
pedodontists	p
pedologically	v
pedologies	p
pedologists	p
pedometers	p
peds	p
peduncles	p
peed	VA
peeing	NVA
peekaboos	p
peeked	iA
peeking	NiA
peeks	pi
peeled	tiA
peelers	p
peeling	NtiA
peelings	p
peels	pti
peened	tA
peening	NtA
peens	pt
peeped	iA
peepers	p
peepholes	p
peeping	NiA
peeps	pi
peepshows	p
peepuls	p
peerages	p
peered	iA
peeresses	p
peeries	p
peering	NiA
peerlessnesses	p
peers	pi
pees	pV
peetweets	p
peeved	tA
peeves	pt
peeving	NtA
peevishnesses	p
peewees	p
peewits	p
pegboards	p
pegboxes	p
pegged	VA
pegging	NVA
peghed	iA
peghing	NiA
peghs	pi
pegmatites	p
pegs	pV
pehs	p
peignoirs	p
peised	tiA
peises	ti
peising	NtiA
pejorations	p
pejoratives	p
pekans	p
pekes	p
pekins	p
pekoes	p
pelages	p
pelargoniums	p
pelecypods	p
pelerines	p
peles	p
pelfs	p
pelhams	p
pelicans	p
pelisses	p
pelites	p
pellagras	p
pellagrins	p
pelleted	tA
pelleting	NtA
pellets	pt
pellicles	p
pellitories	p
pellucidities	p
pellucidnesses	p
pelmets	p
peloids	p
pelorias	p
pelorized	tA
peloruses	p
peltasts	p
peltations	p
pelted	tiA
pelters	p
pelting	NtiA
peltingly	v
peltries	p
pelts	pti
pemmicans	p
pemphiguses	p
penalisations	p
penalised	tA
penalises	t
penalising	NtA
penalizations	p
penalized	tA
penalizes	t
penalizing	NtA
penally	v
penanced	tA
penances	pt
penancing	NtA
penangs	p
pencels	p
penchants	p
penciled	VtA
penciling	NVtA
pencilings	V
pencilled	VtA
pencilling	NVtA
pencillings	V
pencils	pVt
pendants	p
pended	iA
pendencies	p
pendentives	p
pendents	p
pending	NiA
pendragons	p
pends	i
pendulously	v
pendulums	p
pened	VA
peneplains	p
penetrabilities	p
penetrameters	p
penetrances	p
penetrants	p
penetrated	VtiA
penetrates	Vti
penetrating	NVtiA
penetrations	p
penetrators	p
penetrometers	p
penguins	p
penholders	p
penicillations	p
penicillins	p
penicilliums	p
penicils	p
pening	NVA
peninsulas	p
peninsulated	tA
peninsulates	t
peninsulating	NtA
penises	p
penitences	p
penitentials	p
penitents	p
penlights	p
penmanships	p
pennants	p
penned	VA
pennilessnesses	p
penning	NVA
penninites	p
pennis	p
pennoncels	p
pennons	p
pennycresses	p
pennyroyals	p
pennyweights	p
pennyworths	p
pennyworts	p
penologically	v
penologies	p
penologists	p
penoncels	p
penpushers	p
pens	pV
pensils	p
pensioned	tA
pensioners	p
pensioning	NtA
pensions	pt
pensively	v
penstemons	p
penstocks	p
pentachlorophenols	p
pentacles	p
pentadactylisms	p
pentads	p
pentagons	p
pentagrams	p
pentahedrons	p
pentalphas	p
pentameries	p
pentamerisms	p
pentameters	p
pentanes	p
pentangles	p
pentaprisms	p
pentaquines	p
pentarchies	p
pentathlons	p
pentenes	p
pentlandites	p
pentobarbitals	p
pentodes	p
pentosans	p
pentoses	p
pentoxides	p
pents	V
pentstemons	p
pentylenetetrazols	p
pentyls	p
penuches	p
penuchles	p
penultimately	v
penultimates	p
penults	p
penumbras	p
penuries	p
penuriously	v
penuriousnesses	p
peonages	p
peonisms	p
peons	p
peopled	tA
peoplers	p
peoples	t
peopling	NtA
peperonis	p
pepos	p
pepped	VA
peppercorns	p
peppered	tA
pepperers	p
peppergrasses	p
pepperidges	p
peppering	NtA
peppermints	p
peppers	pt
pepperworts	p
peppinesses	p
pepping	NVA
peps	pV
pepsinogens	p
pepsins	p
peptidases	p
peptides	p
peptized	tA
peptizes	t
peptizing	NtA
peptones	p
peptonisations	p
peptonised	tA
peptonises	t
peptonising	NtA
peptonizations	p
peptonized	tA
peptonizes	t
peptonizing	NtA
peracids	p
peradventures	p
perambulated	VtA
perambulates	Vt
perambulating	NVtA
perambulations	p
perambulators	p
perborates	p
percales	p
percalines	p
perceivably	v
perceived	VtA
perceivers	p
perceives	Vt
perceiving	NVtA
percentages	p
percentiles	p
percents	p
perceptibilities	p
perceptions	p
perceptivenesses	p
perceptivities	p
percepts	p
perched	VtA
perchers	p
perches	pVt
perching	NVtA
perchlorates	p
perchlorides	p
perchloroethylenes	p
percipiences	p
percipiencies	p
percipiently	v
percipients	p
percoids	p
percolated	ViA
percolates	pVi
percolating	NViA
percolations	p
percolators	p
percussed	tA
percusses	t
percussing	NtA
percussionists	p
percussions	p
percussivenesses	p
percussors	p
percutaneously	v
perditions	p
perdurabilities	p
perdured	iA
perdures	i
perduring	NiA
perdus	p
peregrinated	tiA
peregrinates	ti
peregrinating	NtiA
peregrinations	p
peregrinators	p
peremptorily	v
perennated	iA
perennates	i
perennating	NiA
perennials	p
perfected	VtA
perfecter	A
perfecters	p
perfectest	A
perfectibilists	p
perfectibilities	p
perfecting	NVtA
perfectionisms	p
perfectionists	p
perfections	p
perfectivenesses	p
perfectivities	p
perfectnesses	p
perfects	pVt
perfervidly	v
perfidiousnesses	p
perfins	p
perforated	VtA
perforates	Vt
perforating	NVtA
perforations	p
perforators	p
performances	p
performed	VtiA
performers	p
performing	NVtiA
performs	Vti
perfumed	VtA
perfumers	p
perfumes	pVt
perfuming	NVtA
perfunctorinesses	p
perfused	tA
perfuses	t
perfusing	NtA
perfusions	p
pergolas	p
perianths	p
periapts	p
periblems	p
pericarps	p
perichaetiums	p
perichondriums	p
periclases	p
periclines	p
pericraniums	p
pericycles	p
pericynthions	p
periderms	p
peridiums	p
peridotites	p
peridots	p
peridromes	p
perigees	p
perigones	p
perigoniums	p
perigons	p
perilousnesses	p
perils	p
perilunes	p
perilymphs	p
perimeters	p
perimorphisms	p
perimorphs	p
perimysiums	p
perinatally	v
perinephriums	p
perineums	p
perineuriums	p
periodates	p
periodicalists	p
periodicals	p
periodicities	p
periodizations	p
periodontally	v
periods	p
perionychiums	p
periostitises	p
periostracums	p
peripatetics	p
peripeteias	p
peripheries	p
periphrastically	v
periphytons	p
periques	p
perisarcs	p
periscopes	p
perishabilities	p
perishablenesses	p
perishables	p
perished	iA
perishes	i
perishing	NiA
perishingly	v
perisperms	p
perispomenons	p
perissodactyls	p
peristaliths	p
peristomes	p
peristyles	p
peritoneums	p
peritonitises	p
periwigs	p
periwinkles	p
perjured	tA
perjurers	p
perjures	t
perjuring	NtA
perked	ViA
perkily	v
perking	NViA
perks	pVi
perlites	p
perlocutions	p
permafrosts	p
permalloys	p
permanences	p
permanentnesses	p
permanganates	p
permeabilities	p
permeameters	p
permeances	p
permeated	VA
permeates	V
permeating	NVA
permed	tA
permillages	p
perming	NtA
permissibilities	p
permissiblenesses	p
permissions	p
permissivenesses	p
permits	pVt
permitted	VtA
permitting	NVtA
perms	pt
permutabilities	p
permutated	tA
permutates	t
permutating	NtA
permutations	p
permuted	tA
permuters	p
permutes	t
permuting	NtA
perniciousnesses	p
pernicketinesses	p
peroneuses	p
perorated	iA
perorates	i
perorating	NiA
perorations	p
peroxidases	p
peroxidations	p
peroxided	tA
peroxides	pt
peroxiding	NtA
peroxidized	tiA
peroxidizes	ti
peroxidizing	NtiA
perpended	VA
perpendicularities	p
perpendiculars	p
perpending	NVA
perpends	pV
perpents	p
perpetrated	tA
perpetrates	t
perpetrating	NtA
perpetrations	p
perpetrators	p
perpetualities	p
perpetuals	p
perpetuances	p
perpetuated	tA
perpetuates	t
perpetuating	NtA
perpetuations	p
perpetuators	p
perphenazines	p
perplexed	tA
perplexes	t
perplexing	NtA
perquisites	p
persalts	p
persecuted	tA
persecutes	t
persecuting	NtA
persecutions	p
persecutors	p
perseities	p
perseverances	p
perseverations	p
persevered	iA
perseveres	i
persevering	NiA
persiflages	p
persimmons	p
persisted	iA
persistences	p
persisting	NiA
persists	i
personablenesses	p
personages	p
personalisations	p
personalisms	p
personalists	p
personalizations	p
personalized	tA
personalizes	t
personalizing	NtA
personals	p
personalties	p
personas	p
personated	tA
personates	t
personating	NtA
personations	p
personators	p
personifications	p
personified	VA
personifiers	p
personifies	V
personifying	NVA
personnels	p
persons	p
perspectives	p
perspectivists	p
perspicaciousnesses	p
perspicuities	p
perspicuousnesses	p
perspirations	p
perspired	VA
perspires	V
perspiring	NVA
persuadabilities	p
persuaded	tA
persuaders	p
persuades	t
persuading	NtA
persuasibilities	p
persuasions	p
persuasivenesses	p
pertained	iA
pertaining	NiA
pertains	i
perter	A
pertest	A
pertinaciousnesses	p
pertinacities	p
pertinently	v
pertnesses	p
perturbations	p
perturbators	p
perturbed	tA
perturbers	p
perturbing	NtA
perturbs	t
pertussises	p
perukes	p
perusals	p
perused	tA
perusers	p
peruses	t
perusing	NtA
pervaded	tA
pervades	t
pervading	NtA
pervasions	p
pervasivenesses	p
perversenesses	p
perversions	p
perversities	p
perverted	VtA
pervertedly	v
perverters	p
perverting	NVtA
perverts	pVt
perviously	v
perviousnesses	p
pervs	pi
pes	p
pesades	p
pesewas	p
pesos	p
pessimisms	p
pessimists	p
pestered	tA
pesterers	p
pestering	NtA
pesters	t
pestholes	p
pesthouses	p
pesticides	p
pestiferousnesses	p
pestilences	p
pestilently	v
pestled	VA
pestles	pV
pestling	NVA
pests	p
petalages	p
petalodies	p
petals	p
petards	p
petasuses	p
petcocks	p
petered	iA
petering	NiA
peters	pi
petershams	p
petioles	p
petiolules	p
petitenesses	p
petitioned	tiA
petitioners	p
petitioning	NtiA
petitionists	p
petitions	pti
petrels	p
petrifactions	p
petrified	VtA
petrifiers	p
petrifies	Vt
petrifying	NVtA
petrochemicals	p
petrochemistries	p
petrodollars	p
petroglyphs	p
petrograms	p
petrographers	p
petrographies	p
petrolatums	p
petroleums	p
petrologies	p
petrologists	p
petrols	p
petronels	p
pets	pV
petted	VA
petticoats	p
pettifogged	VA
pettifoggers	p
pettifogging	NVA
pettifogs	V
pettily	v
petting	NVA
pettings	V
pettishnesses	p
pettled	tA
pettles	t
pettling	NtA
petulances	p
petunias	p
petuntses	p
pewees	p
pewholders	p
pewits	p
pews	p
pewterer	A
pewters	p
peytrals	p
pfennigs	p
phacolites	p
phaetons	p
phagedenas	p
phages	p
phagocytes	p
phagocytized	tA
phagocytizes	t
phagocytizing	NtA
phagocytosed	tA
phagocytoses	t
phagocytosing	NtA
phalangers	p
phalansterians	p
phalanxes	p
phalaropes	p
phallically	v
phallicisms	p
phallicists	p
phallists	p
phanerogams	p
phanerophytes	p
phantasmagorias	p
phantasmally	v
phantasms	p
phantoms	p
pharmaceuticals	p
pharmacists	p
pharmacodynamically	v
pharmacognosies	p
pharmacognosists	p
pharmacologies	p
pharmacologists	p
pharmacopoeias	p
pharmacopoeists	p
pharyngeals	p
pharyngologies	p
pharyngoscopes	p
pharyngoscopies	p
pharyngotomies	p
phased	tA
phases	t
phasing	NtA
phasmids	p
phatically	v
pheasants	p
phellems	p
phelloderms	p
phellogens	p
phelonions	p
phenacaines	p
phenacetins	p
phenacites	p
phenanthrenes	p
phenazines	p
phenetically	v
phenetidines	p
phenetoles	p
phenixes	p
phenmetrazines	p
phenobarbitals	p
phenocopies	p
phenocrysts	p
phenolated	tA
phenolates	pt
phenologically	v
phenologies	p
phenolphthaleins	p
phenols	p
phenomenalisms	p
phenomenalists	p
phenomenalized	tA
phenomenalizes	t
phenomenalizing	NtA
phenomenas	p
phenomenized	tA
phenomenizes	t
phenomenizing	NtA
phenomenologies	p
phenomenons	p
phenothiazines	p
phenotypes	p
phenoxides	p
phenylalanines	p
phenylketonurias	p
phenyls	p
phenylthioureas	p
pheons	p
pheromones	p
phials	p
philabegs	p
philadelphuses	p
philandered	iA
philanderers	p
philandering	NiA
philanders	i
philanthropised	tiA
philanthropises	ti
philanthropising	NtiA
philanthropists	p
philanthropized	tiA
philanthropizes	ti
philanthropizing	NtiA
philatelies	p
philatelists	p
philharmonics	p
philhellenes	p
philhellenisms	p
philibegs	p
philippics	p
phillumenists	p
philodendrons	p
philogynies	p
philologers	p
philologians	p
philologies	p
philologists	p
philomels	p
philopenas	p
philosophers	p
philosophies	p
philosophised	iA
philosophisers	p
philosophises	i
philosophising	NiA
philosophized	tiA
philosophizers	p
philosophizes	ti
philosophizing	NtiA
philtered	tA
philtering	NtA
philters	pt
philtres	p
phizes	p
phlebotomised	tA
phlebotomises	t
phlebotomising	NtA
phlebotomists	p
phlebotomized	tA
phlebotomizes	t
phlebotomizing	NtA
phlegms	p
phloems	p
phlogistons	p
phlogopites	p
phobias	p
phocomelias	p
phoebes	p
phoenixes	p
phonated	iA
phonates	i
phonating	NiA
phonations	p
phonautographs	p
phoned	VA
phonematically	v
phonemes	p
phonemically	v
phonemicists	p
phonemicized	tA
phonemicizes	t
phonemicizing	NtA
phonendoscopes	p
phones	pV
phonetically	v
phoneticians	p
phonetists	p
phonically	v
phonies	p
phonily	v
phoninesses	p
phoning	NVA
phonocardiograms	p
phonocardiographies	p
phonocardiographs	p
phonograms	p
phonographers	p
phonographically	v
phonographies	p
phonographists	p
phonographs	p
phonolites	p
phonologies	p
phonologists	p
phonometers	p
phonons	p
phonophores	p
phonoreceptions	p
phonoscopes	p
phonotypes	p
phonotypies	p
phonotypists	p
phons	p
phoresies	p
phoronids	p
phosgenes	p
phosphatases	p
phosphates	p
phosphatides	p
phosphatisations	p
phosphatised	tA
phosphatises	t
phosphatising	NtA
phosphatizations	p
phosphatized	tA
phosphatizes	t
phosphatizing	NtA
phosphaturias	p
phosphenes	p
phosphides	p
phosphines	p
phosphites	p
phosphocreatines	p
phospholipids	p
phosphoniums	p
phosphoproteins	p
phosphorated	VtA
phosphorates	Vt
phosphorating	NVtA
phosphoresced	iA
phosphorescences	p
phosphoresces	i
phosphorescing	NiA
phosphorised	tA
phosphorises	t
phosphorising	NtA
phosphorisms	p
phosphorites	p
phosphors	p
phosphoruses	p
phosphorylases	p
phosphorylated	tA
phosphorylates	t
phosphorylating	NtA
phosphorylations	p
photically	v
photoautotrophically	v
photocathodes	p
photocells	p
photochemistries	p
photochemists	p
photochronographs	p
photocomposed	tA
photocomposers	p
photocomposes	t
photocomposing	NtA
photocompositions	p
photoconductivities	p
photoconductors	p
photocopied	VA
photocopiers	p
photocopies	pV
photocopying	NVA
photocurrents	p
photodisintegrations	p
photodissociations	p
photodramas	p
photoduplicates	p
photoduplications	p
photoelectrons	p
photoemissions	p
photoengraved	tA
photoengravers	p
photoengraves	t
photoengraving	NtA
photoengravings	p
photofinishers	p
photofinishings	p
photoflashes	p
photofloods	p
photofluorographies	p
photogenes	p
photogens	p
photogeologies	p
photogrammetries	p
photograms	p
photographed	VA
photographers	p
photographies	p
photographing	NVA
photographs	pV
photogravures	p
photoionizations	p
photojournalisms	p
photojournalists	p
photolithographed	tA
photolithographers	p
photolithographically	v
photolithographies	p
photolithographing	NtA
photolithographs	pt
photoluminescences	p
photolytically	v
photomapped	VA
photomapping	NVA
photomaps	pV
photometers	p
photometries	p
photometrists	p
photomicrographies	p
photomicrographs	p
photomicroscopes	p
photomontages	p
photomultipliers	p
photomurals	p
photons	p
photoperiodically	v
photoperiodisms	p
photoperiods	p
photophobias	p
photophores	p
photophosphorylations	p
photopias	p
photoplays	p
photopolymers	p
photoreceptions	p
photoreceptors	p
photoreconnaissances	p
photosensitized	tA
photosensitizes	t
photosensitizing	NtA
photosets	V
photosetting	NVA
photospheres	p
photosynthates	p
photosynthesises	p
photosynthesized	VA
photosynthesizes	V
photosynthesizing	NVA
phototelegraphies	p
phototelegraphs	p
phototherapies	p
phototonuses	p
phototransistors	p
phototrophs	p
phototropisms	p
phototubes	p
phototyped	tA
phototypes	pt
phototypesettings	p
phototyping	NtA
phototypographically	v
phototypographies	p
phots	p
phrasally	v
phrased	tA
phraseograms	p
phraseographs	p
phraseologies	p
phraseologists	p
phrases	pt
phrasing	NtA
phrasings	p
phratries	p
phreatophytes	p
phrenitises	p
phrenologies	p
phrenologists	p
phthaleins	p
phthalocyanines	p
phthisics	p
phuts	p
phycocyanins	p
phycologies	p
phycologists	p
phycomycetes	p
phyles	p
phyllites	p
phylloclades	p
phyllodes	p
phyllomes	p
phyllopods	p
phylloquinones	p
phylloxeras	p
phylogenetically	v
phylogenies	p
physiatrists	p
physicalisms	p
physicals	p
physicians	p
physicists	p
physics	pVt
physiocrats	p
physiognomists	p
physiographies	p
physiologies	p
physiologists	p
physiotherapies	p
physiotherapists	p
physiques	p
physostigmines	p
phytogeographers	p
phytogeographies	p
phytographers	p
phytographies	p
phytohormones	p
phytologies	p
phytons	p
phytopathologies	p
phytopathologists	p
phytoplanktons	p
phytosociologies	p
phytotoxins	p
phytotrons	p
piaffes	p
pianettes	p
pianisms	p
pianists	p
pianofortes	p
pians	p
piassavas	p
piastres	p
piazzas	p
picadors	p
picaroons	p
picas	p
picayunes	p
piccanins	p
piccoloists	p
pichiciagos	ti
pichiciegos	p
pickaroons	p
pickaxed	VtiA
pickaxes	Vti
pickaxing	NVtiA
picked	VtA
pickeered	iA
pickeering	NiA
pickeers	i
pickerels	p
pickerelweeds	p
pickers	p
picketed	VtA
picketers	p
picketing	NVtA
pickets	pVt
picking	NVtA
pickled	tA
pickles	pt
pickling	NtA
picklocks	p
pickpockets	p
picks	pVt
pickthanks	p
pickwicks	p
picnickers	p
picnics	pV
picocuries	p
picofarads	p
picolines	p
picongs	p
picoseconds	p
picotees	p
picots	p
picrates	p
picrites	p
picrotoxins	p
pics	p
pictograms	p
pictographs	p
pictorialisations	p
pictorialised	tA
pictorialises	t
pictorialising	NtA
pictorializations	p
pictorialnesses	p
pictorials	p
pictured	tA
picturegoers	p
pictures	pt
picturesquely	v
picturesquenesses	p
picturing	NtA
picturizations	p
picturized	tA
picturizes	t
picturizing	NtA
piculs	p
piddled	iA
piddlers	p
piddles	i
piddling	NiA
piddocks	p
pidginizations	p
pidgins	p
piebalds	p
pieced	tA
piecers	p
pieces	pt
pieceworkers	p
pieceworks	p
piecing	NtA
piecings	V
piecrusts	p
pied	VtA
pieforts	p
piends	p
pieplants	p
pierced	ViA
piercers	p
pierces	Vi
piercing	NViA
piers	p
pies	p
pietisms	p
piets	p
piezoelectricities	p
piezometers	p
piezometries	p
piffled	iA
piffles	pi
piffling	NiA
pigboats	p
pigeonholed	tA
pigeonholes	pt
pigeonholing	NtA
pigeonites	p
pigeons	p
pigeonwings	p
pigged	VA
piggier	A
piggiest	A
pigging	NVA
piggins	p
piggishnesses	p
piggybacks	p
piglets	p
piglings	p
pigmentations	p
pigments	p
pignolias	p
pignuts	p
pigpens	p
pigs	pV
pigskins	p
pigsticked	iA
pigstickers	p
pigsticking	NiA
pigsticks	i
pigswills	p
pigtails	p
pigweeds	p
piing	NVtA
pikas	p
piked	tA
pikelets	p
pikeperches	p
pikers	p
pikes	pt
pikestaffs	p
piking	NtA
pilafs	p
pilasters	p
pilchards	p
pilches	p
piled	VtiA
piles	Vti
pileups	p
pileworts	p
pilferages	p
pilfered	VA
pilferers	p
pilfering	NVA
pilfers	V
pilgarlics	p
pilgrimaged	iA
pilgrimages	pi
pilgrimaging	NiA
pilgrims	p
piling	NVtiA
pilings	p
pilis	p
pillaged	VA
pillages	pV
pillaging	NVA
pillared	tA
pillaring	NtA
pillars	pt
pillboxes	p
pilled	VtiA
pilling	NVtiA
pillions	p
pilliwinkses	p
pilloried	VtA
pillories	Vt
pillorying	NVtA
pillowcases	p
pillowed	tA
pillowing	NtA
pillows	pt
pills	Vti
pillworts	p
pilocarpines	p
pilosities	p
pilotages	p
piloted	tA
pilotfishes	p
piloting	NtA
pilotings	p
pilotis	p
pilots	pt
pilules	p
pimentos	p
pimped	iA
pimpernels	p
pimping	NiA
pimples	p
pimps	pi
pinacoids	p
pinafores	p
pinangs	p
pinasters	p
pinballs	p
pinchbecks	p
pinchcocks	p
pinched	VtiA
pinchers	p
pinches	pVti
pinching	NVtiA
pinchpennies	p
pincushions	p
pineapples	p
pined	VtiA
pinenes	p
pineries	p
pines	pti
pinfeathers	p
pinfolded	tA
pinfolding	NtA
pinfolds	pt
pinged	iA
pinging	NiA
pingos	p
pings	pi
pinguidities	p
pinheads	p
pinholes	p
pining	NVtiA
pinioned	tA
pinioning	NtA
pinions	pt
pinites	p
pinitols	p
pinked	tiA
pinker	A
pinkest	A
pinkeyes	p
pinking	NtiA
pinkly	v
pinkroots	p
pinks	pti
pinnaces	p
pinnacled	tA
pinnacles	pt
pinnacling	NtA
pinnas	p
pinned	VtA
pinners	p
pinnies	p
pinning	NVtA
pinnings	V
pinnipeds	p
pinnulas	p
pinnules	p
pinochles	p
pinoles	p
pinpointed	tA
pinpointing	NtA
pinpoints	pt
pinpricked	tA
pinpricking	NtA
pinpricks	pt
pins	pVt
pinsetters	p
pinspotters	p
pinstripes	p
pintails	p
pintas	p
pintles	p
pints	p
pinups	p
pinweeds	p
pinwheels	p
pinworks	p
pinworms	p
piolets	p
pioneered	VtA
pioneering	NVtA
pioneers	pVt
pions	p
piosities	p
piousnesses	p
pipages	p
pipals	p
pipas	p
piped	VtA
pipefishes	p
pipefittings	p
pipelined	tA
pipelines	pt
pipelining	NtA
piperazines	p
piperidines	p
piperines	p
piperonals	p
pipers	p
pipes	pVt
pipestones	p
pipetted	tA
pipettes	pt
pipetting	NtA
pipeworts	p
piping	NVtA
pipings	p
pipistrelles	p
pipits	p
pipkins	p
pipped	VA
pipping	NVA
pippins	p
pips	pV
pipsissewas	p
pipsqueaks	p
piquancies	p
piquantnesses	p
piqued	VtA
piques	pVt
piquets	p
piquing	NVtA
piracies	p
piraguas	p
piranhas	p
pirated	tA
pirates	pt
pirating	NtA
pirns	p
pirogues	p
pirouetted	iA
pirouettes	pi
pirouetting	NiA
pis	Vt
piscatorially	v
piscators	p
piscicultures	p
pisciculturists	p
piscinas	p
pished	VA
pishes	V
pishing	NVA
pishogues	p
pisiforms	p
pismires	p
pisolites	p
pissed	tiA
pisses	pti
pissing	NtiA
pistareens	p
pistes	p
pistils	p
pistoled	VA
pistoleers	p
pistoles	p
pistoling	NVA
pistolled	VA
pistolling	NVA
pistols	pV
pistons	p
pitahayas	p
pitapats	pV
pitapatted	VA
pitapatting	NVA
pitas	p
pitchblendes	p
pitched	VtiA
pitchers	p
pitches	pVti
pitchforked	tA
pitchforking	NtA
pitchforks	pt
pitchily	v
pitchinesses	p
pitching	NVtiA
pitchings	p
pitchouts	p
pitchstones	p
piteously	v
piteousnesses	p
pitfalls	p
pitheads	p
pithed	tA
pithier	A
pithiest	A
pithinesses	p
pithing	NtA
pithoses	p
piths	pt
pitiablenesses	p
pitied	VA
pitiers	p
pities	pV
pitifuller	A
pitifullest	A
pitifulnesses	p
pitilessnesses	p
pits	pV
pitsaws	p
pittances	p
pittas	p
pitted	VA
pitting	NVA
pittings	V
pituris	p
pitying	NVA
pivoted	tiA
pivoting	NtiA
pivots	pti
pixels	p
pixes	p
pixies	p
pizes	t
pizzas	p
pizzerias	p
pizzles	p
placabilities	p
placably	v
placarded	tA
placarders	p
placarding	NtA
placards	pt
placated	tA
placates	t
placating	NtA
placed	ViA
placements	p
placentations	p
placers	p
places	pVi
placets	p
placidities	p
placidnesses	p
placing	NViA
placings	V
plackets	p
placks	p
placoderms	p
plagiaries	p
plagiarised	tiA
plagiarisers	p
plagiarises	ti
plagiarising	NtiA
plagiarisms	p
plagiarists	p
plagiarized	VA
plagiarizes	V
plagiarizing	NVA
plagioclases	p
plagiotropisms	p
plagued	VtA
plaguers	p
plagues	pVt
plaguing	NVtA
plaices	p
plaids	p
plainchants	p
plained	VA
plainer	A
plainest	A
plaining	NVA
plainnesses	p
plains	V
plainsongs	p
plaintiffs	p
plaintivenesses	p
plaints	p
plaisters	p
plaited	tA
plaiting	NtA
plaitings	p
plaits	pt
planarians	p
planations	p
planches	p
planchets	p
planchettes	p
planed	VtiA
planer	A
planers	p
planes	pti
planetesimals	p
planetoids	p
planetologies	p
planets	p
planforms	p
plangently	v
planigraphs	p
planimeters	p
planimetrically	v
planimetries	p
planing	NVtiA
planished	tA
planishes	t
planishing	NtA
planispheres	p
planked	tA
planking	NtA
plankings	p
planks	pt
plankters	p
planktons	p
planned	VA
planning	NVA
plannings	V
planoblasts	p
planogametes	p
planographies	p
planometers	p
planometries	p
planosols	p
plans	pV
plantains	p
plantations	p
planted	tA
planters	p
plantigrades	p
planting	NtA
plantocracies	p
plants	pt
plaques	p
plashed	VA
plashers	p
plashes	pV
plashing	NVA
plasmacytes	p
plasmagels	p
plasmagenes	p
plasmas	p
plasmasols	p
plasmins	p
plasmodesmas	p
plasmodiums	p
plasmogamies	p
plasmolysed	VA
plasmolyses	V
plasmolysing	NVA
plasmons	p
plasmosomes	p
plasms	p
plasterboards	p
plastered	VtA
plasterers	p
plastering	NVtA
plasterings	p
plasters	pVt
plasterworks	p
plasticisations	p
plasticised	tiA
plasticises	ti
plasticising	NtiA
plasticities	p
plasticizations	p
plasticized	VA
plasticizers	p
plasticizes	V
plasticizing	NVA
plastics	p
plastids	p
plastiques	p
plastrons	p
platans	p
platbands	p
plated	VtA
platelayers	p
platelets	p
platens	p
platers	p
plates	pt
platforms	p
platinas	p
plating	NVtA
platings	p
platinisations	p
platinised	tA
platinises	t
platinising	NtA
platinizations	p
platinized	tA
platinizes	t
platinizing	NtA
platinocyanides	p
platinotypes	p
platinums	p
platitudes	p
platitudinised	iA
platitudinises	i
platitudinising	NiA
platitudinized	iA
platitudinizes	i
platitudinizing	NiA
platoons	p
plats	pV
platted	VA
platters	p
platting	NVA
plattings	V
platyhelminths	p
platypuses	p
platyrrhines	p
plaudits	p
plausibly	v
playactings	p
playbacks	pV
playbills	p
playbooks	p
playboys	p
playdays	p
playdowns	p
played	VtiA
players	p
playfulnesses	p
playgirls	p
playgoers	p
playgrounds	p
playing	NVtiA
playlets	p
playmakers	p
playmates	p
playpens	p
playrooms	p
plays	pVti
playschools	p
playsuits	p
playthings	p
playtimes	p
playwrights	p
playwritings	p
plazas	p
pleached	VA
pleaches	V
pleaching	NVA
pleaded	VtiA
pleaders	p
pleading	NVtiA
pleads	Vti
pleas	p
pleasances	p
pleasanter	A
pleasantest	A
pleasantly	v
pleasantnesses	p
pleased	VA
pleasers	p
pleases	V
pleasing	NVA
pleasingnesses	p
pleasurablenesses	p
pleasured	VA
pleasures	pV
pleasuring	NVA
pleated	tA
pleaters	p
pleating	NtA
pleats	pt
plebbier	A
plebbiest	A
plebeianised	tA
plebeianises	t
plebeianising	NtA
plebeianisms	p
plebeianized	tA
plebeianizes	t
plebeianizing	NtA
plebeians	p
plebes	p
plebiscites	p
plebs	p
plectognaths	p
plectrons	p
plectrums	p
pledged	VtA
pledgees	p
pledgers	p
pledges	pVt
pledgets	p
pledging	NVtA
pledgors	p
pleiads	p
pleiotaxies	p
pleiotropisms	p
plenaries	p
plenarily	v
plenished	tA
plenishes	t
plenishing	NtA
plenitudes	p
plenteousnesses	p
plenties	p
plentifulnesses	p
plenums	p
pleochroisms	p
pleomorphisms	p
pleonasms	p
pleons	p
pleopods	p
plesiosaurs	p
plessors	p
plethoras	p
plethorically	v
plethysmographs	p
pleuras	p
pleurisies	p
pleurodonts	p
pleurodynias	p
pleuropneumonias	p
pleurotomies	p
pleustons	p
plews	p
pleximeters	p
plexors	p
pliabilities	p
pliablenesses	p
pliancies	p
pliantnesses	p
plicately	v
plications	p
plied	ViA
plies	pVi
plighted	tA
plighting	NtA
plights	pt
plimmed	tiA
plimming	NtiA
plims	ti
plimsolls	p
plinked	tiA
plinkers	p
plinking	NtiA
plinks	pti
plinths	p
plisses	p
ploated	tA
ploating	NtA
ploats	t
plodded	ViA
plodders	p
plodding	NViA
ploddingnesses	p
ploddings	V
plodged	iA
plodges	pi
plodging	NiA
plods	pVi
plonked	VA
plonking	NVA
plonks	pV
plopped	VA
plopping	NVA
plops	pV
plosions	p
plosives	p
plotlessnesses	p
plots	pV
plottages	p
plotted	VA
plotters	p
plotting	NVA
ploughboys	p
ploughed	ViA
ploughers	p
ploughing	NViA
ploughs	pVi
ploughshares	p
plovers	p
plowboys	p
plowed	VA
plowers	p
plowing	NVA
plowmanships	p
plows	pV
plowshares	p
ploys	p
plucked	tA
pluckers	p
pluckinesses	p
plucking	NtA
plucks	pt
plugged	VA
pluggers	p
plugging	NVA
pluggings	V
plugs	pV
plumages	p
plumber	A
plumbers	p
plumbings	p
plumbisms	p
plumbnesses	p
plumbs	p
plumbums	p
plumcots	p
plumed	tA
plumes	pt
pluming	NtA
plummer	A
plummest	A
plummeted	iA
plummeting	NiA
plummets	pi
plumosities	p
plumped	ViA
plumper	A
plumpers	p
plumpest	A
plumping	NViA
plumply	v
plumps	pVi
plums	p
plumules	p
plunderages	p
plundered	VtA
plundering	NVtA
plunders	pVt
plunged	ViA
plungers	p
plunges	pVi
plunging	NViA
plungings	V
plunked	VA
plunkers	p
plunking	NVA
plunks	pV
pluperfects	p
pluralisations	p
pluralised	tiA
pluralisers	p
pluralises	ti
pluralising	NtiA
pluralisms	p
pluralizations	p
pluralized	iA
pluralizers	p
pluralizes	i
pluralizing	NiA
plurals	p
plus	p
pluses	p
plushes	p
plushly	v
plushnesses	p
pluteuses	p
plutocrats	p
plutoniums	p
plutons	p
pluvials	p
pluviometers	p
pluviometrically	v
pluviometries	p
pluviosities	p
plyers	p
plying	NViA
plywoods	p
pneumas	p
pneumaticities	p
pneumatics	p
pneumatologies	p
pneumatologists	p
pneumatometers	p
pneumatophores	p
pneumographs	p
pneumonias	p
pneumothoraxes	p
poached	ViA
poachers	p
poaches	Vi
poaching	NViA
pochards	p
pochettes	p
pocketbooks	p
pocketed	tA
pocketing	NtA
pockets	pt
pockmarked	tA
pockmarking	NtA
pockmarks	pt
pocks	p
pococuranteisms	p
pococurantes	p
pococurantisms	p
pocosins	p
podagras	p
podded	VA
podding	NVA
podiatries	p
podiatrists	p
podites	p
podomeres	p
podophyllins	p
podophyllums	p
pods	pV
podsolizations	p
podzolizations	p
podzolized	tiA
podzolizes	ti
podzolizing	NtiA
podzols	p
poems	p
poesies	p
poetasters	p
poetesses	p
poeticised	tiA
poeticises	ti
poeticising	NtiA
poeticized	tiA
poeticizes	ti
poeticizing	NtiA
poetisers	p
poetized	tiA
poetizers	p
poetizes	ti
poetizing	NtiA
poetries	p
poets	p
pogeys	p
pogges	p
pogies	p
pogonias	p
pogroms	p
poignancies	p
poikilothermisms	p
poils	p
poincianas	p
poinded	tA
poinding	NtA
poinds	t
poinsettias	p
pointed	VtiA
pointednesses	p
pointels	p
pointers	p
pointes	p
pointillisms	p
pointillists	p
pointing	NVtiA
pointings	p
pointlessnesses	p
points	pVti
pois	p
poised	VtA
poisers	p
poises	pVt
poising	NVtA
poisoned	tA
poisoners	p
poisoning	NtA
poisonings	p
poisonously	v
poisons	pt
poked	tiA
pokers	p
pokes	pti
pokies	p
pokinesses	p
poking	NtiA
polaccas	p
polacres	p
polarimeters	p
polarisabilities	p
polarisations	p
polariscopes	p
polarisers	p
polarities	p
polarizations	p
polarized	VA
polarizes	V
polarizing	NVA
polarographically	v
polarographies	p
polders	p
poleaxed	tA
poleaxes	pt
poleaxing	NtA
poled	tA
polemics	p
polemists	p
polentas	p
polers	p
poles	pt
poleyns	p
policed	tA
polices	pt
policing	NtA
policlinics	p
policyholders	p
polies	p
poling	NtA
polings	V
polios	p
polished	VtA
polishers	p
polishes	pVt
polishing	NVtA
politenesses	p
politer	A
politesses	p
politest	A
politicalizations	p
politicalized	tA
politicalizes	t
politicalizing	NtA
politically	v
politicians	p
politicised	tiA
politicises	ti
politicising	NtiA
politicized	tiA
politicizes	ti
politicizing	NtiA
politicked	iA
politicking	NiA
politickings	p
politicks	i
polkaed	VA
polkaing	NVA
polkas	V
pollacks	p
pollans	p
pollarded	tA
pollarding	NtA
pollards	pt
polled	VA
pollens	p
pollicitations	p
pollinated	tA
pollinates	t
pollinating	NtA
pollinations	p
pollinators	p
polling	NVA
pollinizations	p
pollinized	tA
pollinizes	t
pollinizing	NtA
polliwogs	p
polls	pV
pollsters	p
pollutants	p
polluted	tA
pollutedly	v
polluters	p
pollutes	t
polluting	NtA
pollutions	p
poloists	p
polonaises	p
polonies	p
poloniums	p
polos	p
pols	p
poltergeists	p
poltrooneries	p
poltroons	p
polyacrylonitriles	p
polyamides	p
polyamines	p
polyandries	p
polyandrists	p
polybasites	p
polycarpies	p
polycentrisms	p
polychaetes	p
polychromes	p
polychromies	p
polyclinics	p
polycotyledons	p
polycrystals	p
polycythemias	p
polydactylisms	p
polydactyls	p
polydipsias	p
polyembryonies	p
polyesters	p
polyethylenes	p
polygalas	p
polygamies	p
polygamists	p
polygenes	p
polygenists	p
polyglots	p
polygonally	v
polygons	p
polygonums	p
polygraphers	p
polygraphists	p
polygraphs	p
polygynies	p
polygynists	p
polyhedrons	p
polyhistories	p
polyhistors	p
polyimides	p
polymaths	p
polymerically	v
polymerisms	p
polymerizations	p
polymerized	VA
polymerizes	V
polymerizing	NVA
polymers	p
polymorphisms	p
polymorphously	v
polymorphs	p
polymyxins	p
polynomials	p
polynucleotides	p
polynyas	p
polypeptides	p
polyphagias	p
polyphones	p
polyphonies	p
polypidoms	p
polyploidies	p
polyploids	p
polypneas	p
polypodies	p
polypods	p
polypropylenes	p
polyprotodonts	p
polyps	p
polypuses	p
polyrhythms	p
polysaccharides	p
polysemies	p
polystyrenes	p
polysulfides	p
polysyllabically	v
polysyllables	p
polysyllogisms	p
polysyndetons	p
polysynthetically	v
polytechnics	p
polytetrafluoroethylenes	p
polytheisms	p
polytheists	p
polythenes	p
polytonalities	p
polyunsaturates	p
polyurethanes	p
polyurias	p
polyvalences	p
polyvinyls	p
polyzoans	p
polyzoariums	p
pomaces	p
pomaded	tA
pomades	pt
pomading	NtA
pomanders	p
pomatums	p
pombes	p
pomegranates	p
pomes	p
pomfrets	p
pomicultures	p
pommeled	VA
pommeling	NVA
pommelled	VA
pommelling	NVA
pommels	pV
pommies	p
pomologies	p
pomologists	p
pompadours	p
pompanos	p
pompoms	p
pomps	p
ponceaus	p
ponced	iA
ponces	pi
poncing	NiA
ponderables	p
pondered	VA
ponderers	p
pondering	NVA
ponderosities	p
ponderousnesses	p
ponders	V
pondokkies	p
ponds	p
pondweeds	p
pones	p
ponged	iA
pongees	p
pongids	p
ponging	NiA
pongs	pi
poniarded	tA
poniarding	NtA
poniards	pt
pontages	p
pontianaks	p
pontics	p
pontiffs	p
pontificated	ViA
pontificates	pVi
pontificating	NViA
pontils	p
pontlevises	p
pontoniers	p
pontoons	p
ponts	p
ponytails	p
pooches	p
poodles	p
poods	p
poofs	p
pooftahs	p
pookas	p
pooled	tA
pooling	NtA
poolrooms	p
pools	t
poonces	p
poons	p
pooped	VtiA
pooping	NVtiA
poops	pVti
poorer	A
poorest	A
poorhouses	p
poornesses	p
poortiths	p
poorts	p
pooves	p
popcorns	p
popedoms	p
poperies	p
popes	p
popguns	p
popinjays	p
popishnesses	p
poplars	p
poplins	p
popovers	p
poppadoms	p
poppas	p
popped	VtiA
popper	A
poppers	p
poppets	p
popping	NVtiA
poppled	iA
popples	i
poppling	NiA
poppycocks	p
poppyheads	p
pops	pVti
popsies	p
populaces	p
popularisations	p
popularised	tA
popularisers	p
popularises	t
popularising	NtA
popularities	p
popularizations	p
popularized	tA
popularizers	p
popularizes	t
popularizing	NtA
populated	tA
populates	t
populating	NtA
populations	p
populists	p
populousnesses	p
porbeagles	p
porcelainized	tA
porcelainizes	t
porcelainizing	NtA
porcelains	p
porches	p
porcupines	p
pored	iA
pores	pi
porgies	p
poring	NiA
porisms	p
porkers	p
porkinesses	p
porkpies	p
porks	p
pornographers	p
pornographies	p
poromerics	p
porosities	p
porousnesses	p
porphyrias	p
porphyrins	p
porphyroids	p
porphyropsins	p
porpoises	p
porrected	tA
porrecting	NtA
porrections	p
porrects	t
porridges	p
porringers	p
portables	p
portably	v
portaged	VA
portages	pV
portaging	NVA
portals	p
portamentos	p
portances	p
portcullises	p
ported	VtA
portended	tA
portending	NtA
portends	t
portentousnesses	p
portents	p
porterages	p
porteresses	p
porters	p
portfolios	p
portholes	p
porting	NVtA
portioned	tA
portioners	p
portioning	NtA
portions	pt
portlinesses	p
portraitists	p
portraits	p
portraitures	p
portrayals	p
portrayed	tA
portrayers	p
portraying	NtA
portrays	t
portresses	p
ports	pVt
portulacas	p
posed	VtiA
posers	p
poses	pVti
poseurs	p
posher	A
poshest	A
poshly	v
posies	p
posing	NVtiA
posings	Vt
posited	tA
positifs	p
positing	NtA
positionally	v
positioned	tA
positioning	NtA
positions	pt
positiver	A
positives	p
positivest	A
positivisms	p
positivists	p
positroniums	p
positrons	p
posits	pt
posologies	p
posses	pt
possessed	tA
possessedly	v
possesses	t
possessing	NtA
possessions	p
possessively	v
possessivenesses	p
possessives	p
possessors	p
possets	p
possibler	A
possibles	p
possiblest	A
possums	p
postages	p
postbags	p
postboxes	p
postboys	p
postcards	p
postcodes	p
postdated	tA
postdates	t
postdating	NtA
postdiluvians	p
posted	tiA
posteriorly	v
posteriors	p
posterities	p
posterns	p
posters	p
postfixed	VtA
postfixes	pVt
postfixing	NVtA
postgraduates	p
posthastes	p
postheats	t
posthumousnesses	p
postiches	p
posties	p
postilions	p
postilled	VA
postilling	NVA
postils	pV
postimpressionisms	p
posting	NtiA
postings	p
postludes	p
postmarks	p
postmasters	p
postmasterships	p
postmillennialisms	p
postmillennialists	p
postmistresses	p
postmortems	p
postoperatively	v
postponed	tA
postpones	t
postponing	NtA
postpositionally	v
postpositions	p
postpositives	p
postresurrections	p
postriders	p
posts	pti
postscripts	p
postsynaptically	v
postulants	p
postulated	VtA
postulates	pVt
postulating	NVtA
postulationally	v
postulations	p
postulators	p
postured	ViA
posturers	p
postures	pVi
posturing	NViA
posturings	V
potabilities	p
potablenesses	p
potables	p
potages	p
potashes	p
potassiums	p
potations	p
potboilers	p
potboys	p
potches	p
poted	VA
poteens	p
potences	p
potentates	p
potentialities	p
potentially	v
potentials	p
potentiated	tA
potentiates	t
potentiating	NtA
potentiations	p
potentiators	p
potentillas	p
potentiometers	p
potentnesses	p
potfuls	p
potheads	p
pothecaries	p
potheens	p
potherbs	p
pothered	VA
pothering	NVA
pothers	pV
potholders	p
potholers	p
potholes	p
pothooks	p
pothouses	p
pothunters	p
pothuntings	p
poting	NVA
potions	p
potlatches	p
potlines	p
potlucks	p
potometers	p
potpies	p
potpourris	p
pots	pV
potsherds	p
potsies	p
potstones	p
pottages	p
potted	VA
pottered	tiA
pottering	NtiA
potters	pti
potting	NVA
pottles	p
pottos	p
potts	p
pouched	tA
pouches	pt
pouching	NtA
poufs	p
poulards	p
poulterers	p
poultices	p
poultries	p
poults	p
pounced	tiA
pounces	pti
pouncing	NtiA
poundages	p
poundals	p
pounded	VtiA
pounders	p
pounding	NVtiA
pounds	pVti
poured	VtiA
pourers	p
pouring	NVtiA
pourparlers	p
pourpoints	p
pours	pVti
poussetted	iA
poussettes	pi
poussetting	NiA
poussies	p
poussins	p
pouted	VtiA
pouters	p
pouting	NVtiA
pouts	pVti
poverties	p
powans	p
powdered	VtA
powdering	NVtA
powders	pVt
powerboats	p
powered	tiA
powerfulnesses	p
powerhouses	p
powering	NtiA
powerlessnesses	p
powers	pti
powwowed	iA
powwowing	NiA
powwows	pi
poxes	p
pozzies	p
pozzuolanas	p
praams	p
practicably	v
practicalities	p
practicalnesses	p
practiced	VA
practicer	A
practicers	p
practices	pV
practicing	NVA
practicums	p
practised	VtA
practises	Vt
practising	NVtA
practitioners	p
prads	p
praedialities	p
praefects	p
praelected	iA
praelecting	NiA
praelects	i
praemunires	p
praenomens	p
praepostors	p
praetorians	p
praetors	p
praetorships	p
pragmaticisms	p
pragmatisms	p
pragmatists	p
prahus	p
prairies	p
praised	tA
praises	pt
praiseworthinesses	p
praising	NtA
praisings	V
prajnas	p
pralines	p
pralltrillers	p
prams	p
pranas	p
pranced	tiA
prancers	p
prances	pti
prancing	NtiA
prancings	V
pranged	VA
pranging	NVA
prangs	pV
pranked	tiA
pranking	NtiA
prankishnesses	p
pranks	pti
pranksters	p
praseodymiums	p
prases	p
prated	tiA
praters	p
prates	pti
pratfalls	p
pratincoles	p
prating	NtiA
pratiques	p
prats	p
prattled	tiA
prattlers	p
prattles	pti
prattling	NtiA
praus	p
prawners	p
prawns	p
praxises	p
prayed	VtA
prayerfulnesses	p
prayers	p
praying	NVtA
prays	Vt
preached	VA
preachers	p
preaches	V
preachified	VA
preachifies	V
preachifying	NVA
preachily	v
preaching	NVA
preachments	p
preacquainted	tA
preacquainting	NtA
preacquaints	t
preacted	tA
preacting	NtA
preacts	t
preadaptations	p
preadapted	tA
preadapting	NtA
preadapts	t
preadmissions	p
preadmits	t
preadmitted	tA
preadmitting	NtA
preadmonished	tA
preadmonishes	t
preadmonishing	NtA
preadmonitions	p
preadopted	tA
preadopting	NtA
preadopts	t
preaged	VA
preallots	t
preallotted	tA
preallotting	NtA
prealtered	tA
prealtering	NtA
prealters	t
preambles	p
preamplifiers	p
preanesthetics	p
preannounced	tA
preannounces	t
preannouncing	NtA
preapplied	tA
preapplies	t
preapplying	NtA
preappointed	tA
preappointing	NtA
preappoints	t
preapproved	VA
preapproves	V
preapproving	NVA
prearmed	tA
prearming	NtA
prearms	t
prearranged	tA
prearrangements	p
prearranges	t
prearranging	NtA
preassembled	tA
preassigned	tA
preassigning	NtA
preassigns	t
preassurances	p
preaverred	tA
preaverring	NtA
preavers	t
prebends	p
prebidding	NVA
prebids	pV
prebilled	tA
prebilling	NtA
prebills	t
preblessed	tA
preblesses	t
preblessing	NtA
preboiled	tA
preboiling	NtA
preboils	t
precanceled	VA
precanceling	NVA
precancellations	p
precancels	pV
precapitalists	p
precariousnesses	p
precasting	NVtA
precasts	Vt
precautions	p
preceded	VtA
precedences	p
precedently	v
precedents	p
precedes	Vt
preceding	NVtA
precentors	p
precentorships	p
preceptors	p
preceptorships	p
precepts	p
precertifications	p
precertified	tA
precertifies	t
precertifying	NtA
precessed	VA
precesses	V
precessing	NVA
precessions	p
prechecked	tA
prechecking	NtA
prechecks	pt
prechilled	tA
prechilling	NtA
prechills	t
prechooses	t
prechoosing	NtA
precipices	p
precipitantly	v
precipitants	p
precipitated	VtA
precipitatenesses	p
precipitates	pVt
precipitating	NVtA
precipitations	p
precipitators	p
precipitins	p
precipitousnesses	p
precisenesses	p
preciser	A
precises	pt
precisest	A
precisianisms	p
precisians	p
precisions	p
precited	tA
precleaned	tA
precleaning	NtA
precleans	t
preclinically	v
precluded	tA
precludes	t
precluding	NtA
precociousnesses	p
precocities	p
precognitions	p
precolleges	p
precombustions	p
preconceived	tA
preconceives	t
preconceiving	NtA
preconceptions	p
preconcerted	tA
preconcerting	NtA
preconcerts	t
precondemned	tA
precondemning	NtA
precondemns	t
preconditioned	tA
preconditioning	NtA
preconditions	pt
preconises	p
preconizations	p
preconized	tA
preconizes	t
preconizing	NtA
preconsciouses	p
preconstructed	tA
preconstructing	NtA
preconstructs	t
preconsumed	tA
preconsumes	t
preconsuming	NtA
precontracted	VA
precontracting	NVA
precontracts	pV
preconventions	p
preconvictions	p
precooked	tA
precooking	NtA
precooks	t
precooled	tA
precooling	NtA
precools	t
precured	tA
precures	pt
precuring	NtA
precursors	p
predated	tA
predates	t
predating	NtA
predations	p
predatorily	v
predators	p
predeaths	p
predeceased	VA
predeceases	pV
predeceasing	NVA
predecessors	p
predefined	tA
predefines	t
predefining	NtA
predefinitions	p
predellas	p
predepartures	p
predesignated	tA
predesignates	t
predesignating	NtA
predesigned	tA
predesigning	NtA
predesigns	t
predestinarianisms	p
predestinarians	p
predestinated	VtA
predestinates	Vt
predestinating	NVtA
predestinations	p
predestined	tA
predestines	t
predestining	NtA
predeterminately	v
predeterminations	p
predetermined	tA
predeterminers	p
predetermines	t
predetermining	NtA
predeveloped	VA
predeveloping	NVA
predevelopments	p
predevelops	V
predicabilities	p
predicablenesses	p
predicables	p
predicaments	p
predicants	p
predicated	VA
predicates	pV
predicating	NVA
predications	p
predictabilities	p
predicted	tA
predicting	NtA
predictions	p
predictivenesses	p
predictors	p
predicts	t
predigested	tA
predigesting	NtA
predigestions	p
predigests	t
predikants	p
predilections	p
predischarged	tA
predischarges	pt
predischarging	NtA
predisposals	p
predisposed	tA
predisposes	t
predisposing	NtA
predispositions	p
prednisones	p
predominances	p
predominantly	v
predominated	tiA
predominates	ti
predominating	NtiA
predominations	p
predominators	p
predoomed	tA
predooming	NtA
predooms	t
predried	tA
predries	t
predrilled	tA
predrilling	NtA
predrills	t
predrying	NtA
predusks	p
preedited	tA
preediting	NtA
preedits	t
preelected	tA
preelecting	NtA
preelections	p
preelects	t
preemies	p
preeminences	p
preeminently	v
preemployments	p
preempted	tiA
preempting	NtiA
preemptions	p
preemptively	v
preemptors	p
preempts	pti
preenacted	tA
preenacting	NtA
preenacts	t
preened	VA
preeners	p
preening	NVA
preenrollments	p
preens	pV
preerected	tA
preerecting	NtA
preerects	t
preestablished	tA
preestablishes	t
preestablishing	NtA
preexisted	tiA
preexistences	p
preexisting	NtiA
preexists	ti
preexperiments	p
prefabricated	tA
prefabricates	t
prefabricating	NtA
prefabrications	p
prefabricators	p
prefabs	p
prefaced	tA
prefacers	p
prefaces	pt
prefacing	NtA
prefatorily	v
prefects	p
prefectures	p
preferabilities	p
preferablenesses	p
preferences	p
preferentialists	p
preferments	p
preferred	VtA
preferrers	p
preferring	NVtA
prefers	Vt
prefigurations	p
prefigurativenesses	p
prefigured	tA
prefigurements	p
prefigures	t
prefiguring	NtA
prefinanced	tA
prefinances	t
prefinancing	NtA
prefixed	VtA
prefixes	pVt
prefixing	NVtA
prefixions	p
preflights	p
preformations	p
preformed	tA
preforming	NtA
preforms	pt
preformulated	tA
preformulates	t
preformulating	NtA
prefreezes	t
prefreezing	NtA
pregnabilities	p
preguided	tA
preguides	t
preguiding	NtA
preharvests	p
prehearings	p
preheated	tA
preheaters	p
preheating	NtA
preheats	t
prehensions	p
prehistorians	p
prehominids	p
preignitions	p
preincorporations	p
preinductions	p
preinstalled	tA
preinterviewed	tA
preinterviewing	NtA
preinterviews	pt
prejudged	tA
prejudgements	p
prejudgers	p
prejudges	t
prejudging	NtA
prejudgments	p
prejudiced	tA
prejudices	pt
prejudicially	v
prejudicing	NtA
prekindergartens	p
prelacies	p
prelates	p
prelateships	p
prelatically	v
prelatisms	p
prelatists	p
prelatures	p
prelected	iA
prelecting	NiA
prelections	p
prelects	i
prelibations	p
prelimits	p
preluded	VtA
preluders	p
preludes	pVt
preluding	NVtA
premanufactured	tA
premanufactures	t
premanufacturing	NtA
premaritally	v
premarriages	p
prematurenesses	p
prematurities	p
premeasured	tA
premeasures	t
premeasuring	NtA
premedicated	tA
premedicates	t
premedicating	NtA
premedications	p
premeditated	VA
premeditates	V
premeditating	NVA
premeditations	p
premeditators	p
premeds	p
premenstrually	v
premieres	p
premiers	p
premierships	p
premillenarianisms	p
premillenarians	p
premillennialisms	p
premillennialists	p
premised	VA
premises	V
premising	NVA
premiums	p
premixed	tA
premixes	t
premixing	NtA
premodifications	p
premodified	tA
premodifies	t
premodifying	NtA
premolars	p
premolded	tA
premolding	NtA
premolds	pt
premonished	tA
premonishes	t
premonishing	NtA
premonitions	p
premonitorily	v
premunitions	p
prenegotiated	VA
prenegotiates	V
prenegotiating	NVA
prenominated	tA
prenominates	t
prenominating	NtA
prenominations	p
prenotified	tA
prenotifies	t
prenotifying	NtA
prenotions	p
prentices	p
prenumbered	tA
prenumbering	NtA
prenumbers	pt
preoccupancies	p
preoccupants	p
preoccupations	p
preoccupied	VA
preoccupies	V
preoccupying	NVA
preopening	NtA
preoptions	p
preorally	v
preordained	tA
preordaining	NtA
preordains	t
preorders	p
preordinances	p
prepackaged	tA
prepackages	t
prepackaging	NtA
preparations	p
preparatives	p
preparators	p
prepared	VtA
preparednesses	p
prepares	Vt
preparing	NVtA
prepaved	tA
prepaves	t
prepaving	NtA
prepaying	NVA
prepayments	p
prepays	V
prepensely	v
preplaced	tA
preplaces	t
preplacing	NtA
preplanned	VA
preplanning	NVA
preplans	V
preplanting	NtA
prepollexes	p
preponderances	p
preponderated	iA
preponderates	i
preponderating	NiA
prepositions	p
prepositives	p
prepositors	p
prepossessed	tA
prepossesses	t
prepossessing	NtA
prepossessingnesses	p
prepossessions	p
preposterousnesses	p
prepostors	p
prepotencies	p
prepriced	tA
preprices	t
prepricing	NtA
preprints	p
preps	p
prepublications	p
prepuces	p
prepurchased	tA
prepurchases	pt
prepurchasing	NtA
prequalifications	p
prequalified	VA
prequalifies	V
prequalifying	NVA
prerecorded	tA
prerecording	NtA
prerecords	t
preregistered	tiA
preregistering	NtiA
preregisters	ti
preregistrations	p
prereleases	p
prerequired	tA
prerequires	t
prerequiring	NtA
prerequisites	p
prerogatively	v
prerogatives	p
presaged	VtiA
presagers	p
presages	pVti
presaging	NVtiA
presanctified	tA
presanctifies	t
presanctifying	NtA
presbyopes	p
presbyopias	p
presbyterates	p
presbyterially	v
presbyteries	p
presbyters	p
preschooler	A
preschools	p
presciences	p
prescinded	VtiA
prescinding	NVtiA
prescinds	Vti
prescribed	VA
prescribers	p
prescribes	V
prescribing	NVA
prescriptions	p
prescriptivenesses	p
prescriptivisms	p
prescriptivists	t
prescripts	p
preseasons	p
preselections	p
preselectors	p
presences	p
presentabilities	p
presentablenesses	p
presentations	p
presented	VtA
presentees	p
presentenced	tA
presentences	t
presentencing	NtA
presentencings	t
presenter	A
presentiments	p
presenting	NVtA
presentments	p
presents	Vt
preservabilities	p
preservations	p
preservatives	p
preserved	ViA
preservers	p
preserves	pVi
preserving	NViA
preses	p
presets	V
presetting	NVA
presettlements	p
preshaped	tA
preshapes	pt
preshaping	NtA
preshipped	tA
preshipping	NtA
preships	t
preshowed	tA
preshowing	NtA
preshows	t
presided	iA
presidents	p
presidentships	p
presiders	p
presides	i
presiding	NiA
presifted	tA
presifting	NtA
presifts	t
presignified	VA
presignifies	V
presignifying	NVA
presolved	tA
presolves	t
presolving	NtA
prespecified	tA
prespecifies	t
prespecifying	NtA
pressboards	p
pressed	VtiA
pressers	p
presses	pVti
pressies	p
pressing	NVtiA
pressingnesses	p
pressings	p
pressmarks	p
pressrooms	p
pressruns	p
pressured	tA
pressures	pt
pressuring	NtA
pressurizations	p
pressurized	tA
pressurizes	t
pressurizing	NtA
pressworks	p
prestamped	tA
prestamping	NtA
prestamps	pt
prester	A
prestidigitations	p
prestidigitators	p
prestiges	p
prestigiously	v
prestissimos	p
prestorages	p
prestos	p
prestressed	tA
prestresses	t
prestressing	NtA
prests	p
presumed	VtA
presumers	p
presumes	Vt
presuming	NVtA
presumptions	p
presumptuousnesses	p
presupposed	tA
presupposes	t
presupposing	NtA
pretasted	tA
pretastes	pt
pretasting	NtA
pretelling	NVA
pretells	V
pretences	p
pretended	VtiA
pretenders	p
pretending	NVtiA
pretends	Vti
pretenses	p
pretensions	p
pretentiously	v
preterists	p
preterites	p
preteritions	p
preterits	p
pretermissions	p
pretermits	V
pretermitted	VA
pretermitters	p
pretermitting	NVA
preternaturalisms	p
preternaturalnesses	p
pretexts	p
pretorians	p
pretors	p
pretournaments	p
pretrained	tA
pretraining	NtA
pretrains	t
pretties	p
prettifications	p
prettified	VA
prettifiers	p
prettifies	V
prettifying	NVA
prettinesses	p
pretzels	p
preunited	tA
preunites	t
preuniting	NtA
prevailed	iA
prevailing	NiA
prevailingnesses	p
prevails	i
prevalences	p
prevalued	tA
prevalues	t
prevaluing	NtA
prevaricated	iA
prevaricates	i
prevaricating	NiA
prevaricators	p
prevented	tiA
preventers	p
preventing	NtiA
preventions	p
preventively	v
preventivenesses	p
preventives	p
prevents	ti
previewed	tA
previewing	NtA
previews	pt
previously	v
prevised	tA
previses	t
prevising	NtA
previsions	p
previsited	VA
previsiting	NVA
previsits	pV
previsors	p
prewarmed	tA
prewarming	NtA
prewarms	t
prewarned	tA
prewarning	NtA
prewarns	t
prewashed	tA
prewashes	pt
prewashing	NtA
preweighed	tA
preweighing	NtA
preweighs	t
prewired	tA
prewires	t
prewiring	NtA
prewrapped	tA
prewrapping	NtA
prewraps	t
preyed	iA
preyers	p
preying	NiA
preys	pi
priapisms	p
priced	tA
pricelessly	v
pricelessnesses	p
pricers	p
prices	pt
pricing	NtA
pricked	ViA
prickers	p
prickets	p
pricking	NViA
prickings	p
prickled	VtA
prickles	pVt
prickling	NVtA
pricklings	V
pricks	pVi
prided	tiA
pridefulnesses	p
prides	pti
priding	NtiA
pried	VA
priers	p
pries	p
priestcrafts	p
priested	tA
priestesses	p
priesthoods	p
priesting	NtA
priestlinesses	p
priests	pt
prigged	VA
prigging	NVA
priggings	V
prigs	pV
prilled	tA
prilling	NtA
prills	pt
primages	p
primally	v
primaquines	p
primatals	p
primates	p
primateships	p
primatologies	p
primatologists	p
primaveras	pi
primed	VtiA
primely	v
primenesses	p
primer	A
primeros	p
primers	p
primes	pVti
primigravidas	p
primines	p
priming	NVtiA
primings	p
primiparas	p
primitivenesses	p
primitives	p
primitivisms	p
primitivists	p
primitivities	p
primmed	VA
primmer	A
primmest	A
primming	NVA
primnesses	p
primogenitors	p
primogenitures	p
primordialities	p
primordials	p
primordiums	p
primos	p
primped	VA
primping	NVA
primps	V
primroses	p
prims	V
primulas	p
princedoms	p
princekins	p
princelinesses	p
princelings	p
princes	p
princeships	p
princesses	p
principals	p
principalships	p
principates	p
principles	p
prinked	ViA
prinkers	p
prinking	NViA
prinks	Vi
printabilities	p
printed	VtA
printers	p
printing	NVtA
printings	p
printmakers	p
printmakings	p
prints	pVt
prions	p
priorates	p
prioresses	p
priories	p
priorly	v
priors	p
priorships	p
prisages	p
prised	tA
prises	pt
prising	NtA
prismatoids	p
prismoids	p
prisms	p
prisoners	p
prisons	p
prissier	A
prissiest	A
prissinesses	p
pristinely	v
privatdocents	p
privateered	iA
privateering	NiA
privateers	pi
privatenesses	p
privater	A
privates	p
privatest	A
privations	p
privets	p
privies	p
privileged	tA
privileges	pt
privileging	NtA
prized	VtA
prizefighters	p
prizefightings	p
prizefights	p
prizes	pVt
prizing	NVtA
proas	p
probabilisms	p
probabilities	p
probables	p
probands	p
probangs	p
probated	tA
probates	pt
probating	NtA
probationers	p
probations	p
probed	tA
probers	p
probes	pt
probing	NtA
probings	V
probities	p
problematically	v
problems	p
proboscideans	p
probs	p
procaines	p
procambiums	p
procarps	p
procathedrals	p
procedures	p
proceeded	iA
proceeders	p
proceeding	NiA
proceedings	p
proceeds	i
processed	tiA
processes	pti
processing	NtiA
processionally	v
processionals	p
processioned	iA
processioning	NiA
processions	pi
processors	p
prochronisms	p
proclaimed	tA
proclaimers	p
proclaiming	NtA
proclaims	t
proclamations	p
proclitics	p
proconsulates	p
proconsuls	p
procrastinated	VA
procrastinates	V
procrastinating	NVA
procrastinations	p
procrastinators	p
procreants	pti
procreated	VtA
procreates	Vt
procreating	NVtA
procreations	p
procreators	p
procryptically	v
proctodaeums	p
proctodeums	p
proctologies	p
proctologists	p
proctors	p
proctorships	p
proctoscopes	p
proctoscopies	p
procurances	p
procurations	p
procurators	p
procuratorships	p
procured	tA
procurements	p
procurers	p
procures	t
procuring	NtA
prodded	VtA
prodders	p
prodding	NVtA
prodigally	v
prodigals	p
prodigiousnesses	p
prodromes	p
prods	pVt
produced	VtA
producers	p
produces	pVt
producing	NVtA
productions	p
productivenesses	p
productivities	p
products	p
proems	p
proenzymes	p
proestruses	p
profaned	tA
profanenesses	p
profaner	A
profanes	t
profaning	NtA
profanities	p
professed	VtA
professedly	v
professes	Vt
professing	NVtA
professionalisations	p
professionalised	tiA
professionalises	ti
professionalising	NtiA
professionalisms	p
professionalizations	p
professionalized	tiA
professionalizes	ti
professionalizing	NtiA
professionals	p
professions	p
professorates	p
professoriates	p
professors	p
professorships	p
proffered	tA
profferers	p
proffering	NtA
proffers	pt
proficiencies	p
proficients	p
profiled	tA
profilers	p
profiles	pt
profiling	NtA
profitabilities	p
profitablenesses	p
profited	VA
profiteered	iA
profiteering	NiA
profiteers	pi
profiteroles	p
profiting	NVA
profits	pV
profligatenesses	p
profligates	p
profounder	A
profoundest	A
profoundnesses	p
profounds	p
profs	p
profusenesses	p
profusions	p
progenies	p
progenitors	p
progesterones	p
progestins	p
progged	VA
progging	NVA
prognosticated	VtA
prognosticates	Vt
prognosticating	NVtA
prognostications	p
prognostics	p
programmatically	v
programmed	VA
programmers	p
programmes	pV
programming	NVA
programmings	V
programs	pV
progressed	ViA
progresses	pVi
progressing	NViA
progressionists	p
progressions	p
progressists	p
progressivenesses	p
progressives	p
progressivists	p
progs	pV
prohibited	tA
prohibiters	p
prohibiting	NtA
prohibitionists	p
prohibitions	p
prohibitivenesses	p
prohibitors	p
prohibits	t
projected	VtiA
projectiles	p
projecting	NVtiA
projectionists	p
projections	p
projectivities	p
projectors	p
projects	pVti
projets	p
prolactins	p
prolamines	p
prolamins	p
prolans	p
prolapsed	iA
prolapses	pi
prolapsing	NiA
prolatenesses	p
prolations	p
prolegs	p
proles	p
proletarianised	tA
proletarianises	t
proletarianising	NtA
proletarianizations	p
proletarians	p
proletariats	p
prolicides	p
proliferated	VA
proliferates	V
proliferating	NVA
proliferations	p
proliferously	v
prolifically	v
prolines	p
prolixities	p
prolocutors	p
prolocutorships	p
prologised	iA
prologises	i
prologising	NiA
prologized	iA
prologizes	i
prologizing	NiA
prologued	VA
prologues	pV
prologuing	NVA
prologuised	iA
prologuises	i
prologuising	NiA
prologuized	iA
prologuizes	i
prologuizing	NiA
prolongated	tA
prolongates	t
prolongating	NtA
prolongations	p
prolonged	tA
prolongers	p
prolonging	NtA
prolongments	p
prolongs	t
prolusions	p
promenaded	VtiA
promenaders	p
promenades	pVti
promenading	NVtiA
promethiums	p
prominences	p
prominently	v
promiscuousnesses	p
promised	VtA
promisees	p
promisers	p
promises	pVt
promising	NVtA
promisingly	v
promisors	p
promoted	tA
promoters	p
promotes	t
promoting	NtA
promotions	p
promotivenesses	p
promptbooks	p
prompted	tA
prompter	A
prompters	p
promptest	A
prompting	NtA
promptitudes	p
promptnesses	p
prompts	pt
proms	p
promulgated	tA
promulgates	t
promulgating	NtA
promulgations	p
promulgators	p
promulged	tA
promulges	t
promulging	NtA
promyceliums	p
pronated	tA
pronates	t
pronating	NtA
pronations	p
pronators	p
pronenesses	p
pronephroses	p
pronged	tA
pronging	NtA
prongs	pt
pronounced	VtA
pronouncednesses	p
pronouncements	p
pronouncers	p
pronounces	Vt
pronouncing	NVtA
pronouns	p
pronunciamentos	p
pronunciations	p
proofed	tA
proofer	A
proofing	NtA
proofings	p
proofreaders	p
proofreading	NVA
proofreads	V
proofs	pt
propaedeutics	p
propagandas	p
propagandised	tiA
propagandises	ti
propagandising	NtiA
propagandisms	p
propagandists	p
propagandized	tiA
propagandizes	ti
propagandizing	NtiA
propagated	VtA
propagates	Vt
propagating	NVtA
propagations	p
propagators	p
propagules	p
propagulums	p
propanes	p
proparoxytones	p
propellants	p
propelled	VA
propellers	p
propelling	NVA
propels	V
propended	iA
propending	NiA
propends	i
propenes	p
propenols	p
properer	A
properest	A
propernesses	p
propers	p
prophages	p
prophases	p
prophesied	ViA
prophesiers	p
prophesies	Vi
prophesying	NViA
prophets	p
prophylactically	v
prophylactics	p
propined	tA
propines	pt
propining	NtA
propinquities	p
propionates	p
propitiated	tA
propitiates	t
propitiating	NtA
propitiousnesses	p
propjets	p
propolises	p
proponed	tA
proponents	p
propones	t
proponing	NtA
proportionalities	p
proportionally	v
proportionals	p
proportionated	VtA
proportionatenesses	p
proportionates	Vt
proportionating	NVtA
proportioned	tA
proportioners	p
proportioning	NtA
proportionments	p
proportions	pt
proposals	p
proposed	VtiA
proposers	p
proposes	Vti
proposing	NVtiA
propositioned	tA
propositioning	NtA
propositions	pt
propounded	tA
propounding	NtA
propounds	t
propped	VtiA
propping	NVtiA
propraetors	p
propranolols	p
proprietarily	v
proprietors	p
proprietorships	p
proprietresses	p
proprioceptors	p
props	pVti
propulsions	p
propylenes	p
propylites	p
propyls	p
prorated	VA
prorates	V
prorating	NVA
prorogations	p
prorogued	VA
prorogues	V
proroguing	NVA
pros	p
prosaicnesses	p
prosaisms	p
prosceniums	p
prosciuttos	p
proscribed	tA
proscribers	p
proscribes	t
proscribing	NtA
proscriptions	p
prosected	tA
prosecting	NtA
prosectors	p
prosects	t
prosecuted	tiA
prosecutes	ti
prosecuting	NtiA
prosecutions	p
prosecutors	p
prosed	VA
proselyted	VA
proselyters	p
proselytes	pV
proselyting	NVA
proselytisations	p
proselytised	tiA
proselytisers	p
proselytises	ti
proselytising	NtiA
proselytisms	p
proselytizations	p
proselytized	VA
proselytizes	V
proselytizing	NVA
prosencephalons	p
prosenchymas	p
prosers	p
proses	pV
prosier	A
prosiest	A
prosily	v
prosimians	p
prosing	NVA
prosodically	v
prosodies	p
prosodists	p
prosopopoeias	p
prospected	VtiA
prospecting	NVtiA
prospectively	v
prospectors	p
prospects	pVti
prospered	VA
prospering	NVA
prosperously	v
prosperousnesses	p
prospers	V
prosses	pi
prostaglandins	p
prostates	p
prostatitises	p
prosthetists	p
prosthodontists	p
prostituted	tA
prostitutes	pt
prostituting	NtA
prostitutions	p
prostitutors	p
prostomiums	p
prostrated	VtA
prostrates	Vt
prostrating	NVtA
prostrations	p
prostyles	p
protactiniums	p
protagonisms	p
protagonists	p
protamines	p
protanopes	p
protanopias	p
proteas	p
proteases	p
protected	tA
protecting	NtA
protectionisms	p
protectionists	p
protections	p
protectives	p
protectorates	p
protectories	p
protectors	p
protectorships	p
protects	t
proteinases	p
proteins	p
proteinurias	p
proteolytically	v
proteoses	p
protestations	p
protested	VtA
protesters	p
protesting	NVtA
protests	pVt
prothalluses	p
prothrombins	p
protistans	p
protistologies	p
protists	p
protiums	p
protoactiniums	p
protocols	p
protohistories	p
protohumans	p
protolanguages	p
protomartyrs	p
protonemas	p
protonotaries	p
protons	p
protopathies	p
protophloems	p
protoplasms	p
protoplasts	p
protostars	p
protosteles	p
prototypes	p
protoxides	p
protoxylems	p
protozoans	p
protozoologies	p
protozoologists	p
protozoons	p
protracted	tA
protractednesses	p
protractilities	p
protracting	NtA
protractions	p
protractors	p
protracts	t
protruded	VA
protrudes	V
protruding	NVA
protrusions	p
protrusively	v
protuberated	iA
protuberates	i
protuberating	NiA
protyles	p
prouder	A
proudest	A
proudnesses	p
proustites	p
provabilities	p
provablenesses	p
proved	ViA
provenances	p
provenders	p
proveniences	p
proventriculuses	p
proverbed	tA
proverbing	NtA
proverbs	pt
provers	p
proves	Vi
provided	ViA
providences	p
providers	p
provides	Vi
providing	NViA
provinces	p
provincialisms	p
provincials	p
proving	NViA
provisionals	p
provisioned	tA
provisioners	p
provisioning	NtA
provisions	pt
provitamins	p
provocations	p
provocativenesses	p
provoked	tA
provokes	t
provoking	NtA
provolones	p
provosts	p
provostships	p
prowesses	p
prowled	VA
prowlers	p
prowling	NVA
prowls	pV
prows	p
proximatenesses	p
proximations	p
proximities	p
prudences	p
prudentially	v
prudes	p
prudishnesses	p
pruned	VA
prunellas	p
prunelles	p
pruners	p
prunes	pV
pruning	NVA
prunings	t
prunts	p
pruriences	p
pruriencies	p
prurigos	p
prurituses	p
prussianised	tA
prussianises	t
prussianising	NtA
prussianizations	p
prussianized	tA
prussianizes	t
prussianizing	NtA
prussiates	p
prying	NVA
pryings	V
prythees	p
ps	p
psalmbooks	p
psalmists	p
psalmodists	p
psalms	p
psammites	p
pschents	p
psellisms	p
psephites	p
psephologically	v
psephologies	p
psephologists	p
pseudocarps	p
pseudoclassicisms	p
pseudocoels	p
pseudohermaphrodites	p
pseudohermaphroditisms	p
pseudomorphisms	p
pseudomorphs	p
pseudonymities	p
pseudonymousnesses	p
pseudonyms	p
pseudoscopes	p
pseudoscorpions	p
pseuds	p
psilanthropists	p
psilocybins	p
psilomelanes	p
psoases	p
psocids	p
psoraleas	p
psychasthenias	p
psyched	tA
psychedelias	p
psychedelically	v
psyches	pt
psychiatries	p
psychiatrists	p
psychics	p
psyching	NtA
psychoanalysed	tA
psychoanalyses	t
psychoanalysing	NtA
psychobiologically	v
psychobiologies	p
psychobiologists	p
psychochemicals	p
psychodramas	p
psychogenically	v
psychohistories	p
psychologisms	p
psychologists	p
psychologized	iA
psychologizes	i
psychologizing	NiA
psychometricians	p
psychometries	p
psychometrists	p
psychoneurotics	p
psychopathies	p
psychopathists	p
psychopathologically	v
psychopathologies	p
psychopathologists	p
psychopaths	p
psychopharmacologies	p
psychophysiologies	p
psychophysiologists	p
psychopomps	p
psychosexually	v
psychosocially	v
psychosomatically	v
psychosurgeries	p
psychotherapies	p
psychotherapists	p
psychotically	v
psychotics	p
psychotomimetically	v
psychrometers	p
psychrometries	p
psychrophiles	p
psyllids	p
pteranodons	p
pteridologies	p
pteridologists	p
pteridophytes	p
pteridosperms	p
pterodactyls	p
pteropods	p
pterosaurs	p
pterygoids	p
pterylographically	v
ptisans	p
ptomaines	p
ptyalins	p
ptyalisms	p
pubbed	VA
pubbing	NVA
puberties	p
pubises	p
publically	v
publicans	p
publications	p
publicists	p
publicities	p
publicized	tA
publicizes	t
publicizing	NtA
publicnesses	p
publics	p
published	VtiA
publishers	p
publishes	Vti
publishing	NVtiA
publishings	p
pubs	pV
puccoons	p
puces	p
puckered	VA
puckerers	p
puckerier	A
puckeriest	A
puckering	NVA
puckers	pV
pucks	p
puddings	p
puddled	tA
puddlers	p
puddles	pt
puddlier	A
puddliest	A
puddling	NtA
puddlings	p
puddocks	p
pudencies	p
pudgier	A
pudgiest	A
pudginesses	p
puerilely	v
puerilisms	p
puerperiums	p
puffballs	p
puffbirds	p
puffed	VtA
puffers	p
puffily	v
puffing	NVtA
puffins	p
puffs	pVt
pugarees	p
puggarees	p
pugged	VA
puggier	A
puggiest	A
pugging	NVA
puggings	p
puggrees	p
pugilisms	p
pugnaciousnesses	p
pugnacities	p
pugs	pV
puissances	p
pujas	p
puked	VA
pukes	pV
puking	NVA
pulchritudes	p
puled	iA
pulers	p
pules	i
puling	NiA
pulis	p
pulkas	p
pulled	ViA
pullets	p
pulling	NViA
pullovers	p
pulls	pVi
pullulated	iA
pullulates	i
pullulating	NiA
pulmonates	p
pulmonics	p
pulped	VtA
pulpily	v
pulping	NVtA
pulpiteers	p
pulpits	p
pulpitums	p
pulps	pVt
pulpwoods	p
pulques	p
puls	p
pulsars	p
pulsated	iA
pulsates	i
pulsating	NiA
pulsations	p
pulsators	p
pulsed	iA
pulsejets	p
pulses	pi
pulsimeters	p
pulsing	NiA
pulsojets	p
pulsometers	p
pulverisations	p
pulverised	tiA
pulverisers	p
pulverises	ti
pulverising	NtiA
pulverizations	p
pulverized	VtA
pulverizers	p
pulverizes	Vt
pulverizing	NVtA
pulverulences	p
pumas	p
pumiced	tA
pumicers	p
pumices	pt
pumicing	NtA
pummeled	VA
pummeling	NVA
pummelled	VA
pummelling	NVA
pummels	V
pumped	VtiA
pumpernickels	p
pumping	NVtiA
pumpkins	p
pumpkinseeds	p
pumps	pVti
punas	p
punces	pt
punchballs	p
punchboards	p
punched	VtA
puncheons	p
punchers	p
punches	pVt
punchily	v
punching	NVtA
punctations	p
punctilios	p
punctiliousnesses	p
punctualities	p
punctualnesses	p
punctuated	VA
punctuates	V
punctuating	NVA
punctuations	p
punctuators	p
punctured	tA
punctures	pt
puncturing	NtA
pundits	p
pungencies	p
pungs	p
punily	v
puninesses	p
punished	VtA
punishers	p
punishes	Vt
punishing	NVtA
punishments	p
punitivenesses	p
punkahs	p
punkas	p
punker	A
punkest	A
punkies	p
punks	p
punned	VA
punners	p
punnets	p
punning	NVA
punnings	V
puns	pV
punsters	p
punted	ViA
punters	p
punties	p
punting	NViA
punts	pVi
pupated	iA
pupates	i
pupating	NiA
pupillages	p
pupils	p
pupped	VA
puppeteers	p
puppets	p
pupping	NVA
puppydoms	p
puppyhoods	p
pups	pV
purblindnesses	p
purchased	tA
purchasers	p
purchases	pt
purchasing	NtA
purdahs	p
purebreds	p
pureed	VA
pureeing	NVA
purees	pV
purenesses	p
purfled	VA
purflers	p
purfles	pV
purfling	NVA
purgations	p
purgatives	p
purgatories	p
purged	tiA
purgers	p
purges	pti
purging	NtiA
purgings	V
purificators	p
purified	VtA
purifies	Vt
purifying	NVtA
purines	p
purisms	p
purists	p
puritanicalnesses	p
puritans	p
purities	p
purled	ViA
purlers	p
purlieus	p
purling	NViA
purlins	p
purloined	VA
purloiners	p
purloining	NVA
purloins	V
purls	pVi
purplehearts	p
purplenesses	p
purpler	A
purples	p
purplest	A
purply	v
purported	VtA
purporting	NVtA
purports	pVt
purposed	tA
purposefully	v
purposelessnesses	p
purposes	pt
purposing	NtA
purposivenesses	p
purprestures	p
purpuras	p
purpures	p
purpurins	p
purred	tiA
purring	NtiA
purrs	pti
pursed	tA
pursers	p
purses	pt
pursinesses	p
pursing	NtA
purslanes	p
pursuances	p
pursuantly	v
pursued	VA
pursuers	p
pursues	V
pursuing	NVA
pursuings	V
pursuits	p
pursuivants	p
purtenances	p
purulences	p
purveyances	p
purveyed	tA
purveying	NtA
purveyors	p
purveys	t
purviews	p
puses	p
pushballs	p
pushcards	p
pushcarts	p
pushchairs	p
pushed	VtiA
pushers	p
pushes	pVti
pushily	v
pushinesses	p
pushing	NVtiA
pushovers	p
pushpins	p
pushrods	p
pusillanimities	p
pusillanimously	v
pusses	p
pussleys	p
pussyfooted	iA
pussyfooting	NiA
pussyfoots	pi
pustulants	p
pustulated	VA
pustulates	V
pustulating	NVA
pustulations	p
pustules	p
putlogs	p
putrefactions	p
putrefied	VA
putrefiers	p
putrefies	V
putrefying	NVA
putrescences	p
putrescines	p
putridities	p
putridnesses	p
puts	pV
putted	VA
puttees	p
puttered	VA
puttering	NVA
putters	pV
puttied	VA
puttiers	p
putties	V
putting	NVA
puttings	V
putts	pV
puttying	NVA
puttyroots	p
puzzled	VtiA
puzzlements	p
puzzlers	p
puzzles	pVti
puzzling	NVtiA
puzzlings	V
pyaemias	p
pyas	p
pycnidiums	p
pycnometers	p
pyelitises	p
pyelographies	p
pyemias	p
pyes	p
pygidiums	p
pygmies	p
pygmyisms	p
pyins	p
pylons	p
pyloruses	p
pyodermas	p
pyorrheas	p
pyorrhoeas	p
pyracanthas	p
pyralids	p
pyramided	VtA
pyramiding	NVtA
pyramidions	p
pyramids	pVt
pyrans	p
pyrargyrites	p
pyrazoles	p
pyrenes	p
pyrenocarps	p
pyrenoids	p
pyres	p
pyrethrins	p
pyrethrums	p
pyrexias	p
pyrheliometers	p
pyridines	p
pyridoxals	p
pyridoxamines	p
pyridoxines	p
pyrimidines	p
pyrites	p
pyrocatechols	p
pyroconductivities	p
pyroelectricities	p
pyroelectrics	p
pyrogallols	p
pyrogens	p
pyrographers	p
pyrologies	p
pyrolusites	p
pyrolytically	v
pyromancers	p
pyromancies	p
pyromaniacs	p
pyromanias	p
pyrometallurgies	p
pyrometers	p
pyrometries	p
pyromorphites	p
pyrones	p
pyropes	p
pyrophosphates	p
pyrophotometers	p
pyrophyllites	p
pyrosises	p
pyrostats	p
pyrosulfates	p
pyroxenes	p
pyroxenites	p
pyroxylins	p
pyrrhics	p
pyrrhotites	p
pyrrhuloxias	p
pyrroles	p
pythonesses	p
pythons	p
pyurias	p
pyxes	p
pyxies	p
qadis	p
qaids	p
qats	p
qiblas	p
qintars	p
qophs	p
qs	p
quacked	iA
quackeries	p
quacking	NiA
quacks	pi
quacksalvers	p
quadragenarians	p
quadrangles	p
quadrants	p
quadrated	VtA
quadrates	pVt
quadratics	p
quadrating	NVtA
quadrats	p
quadratures	p
quadrellas	p
quadrennials	p
quadrenniums	p
quadricentennials	p
quadrics	p
quadrilaterals	p
quadrilles	p
quadrillions	p
quadriplegias	p
quadriplegics	p
quadriremes	p
quadrisected	VA
quadrisecting	NVA
quadrisections	p
quadrisects	V
quadrisyllables	p
quadrivalences	p
quadrivalencies	p
quadriviums	p
quadroons	p
quadrumanes	p
quadrupeds	p
quadrupled	VA
quadruples	pV
quadruplets	p
quadruplicated	VA
quadruplicates	pV
quadruplicating	NVA
quadruplicities	p
quadrupling	NVA
quads	p
quaeres	p
quaestors	p
quaestorships	p
quaffed	VA
quaffers	p
quaffing	NVA
quaffs	V
quaggas	p
quagmires	p
quags	p
quahogs	p
quaiches	p
quailed	iA
quailing	NiA
quails	pi
quainter	A
quaintest	A
quaintnesses	p
quaked	iA
quakes	pi
quakinesses	p
quaking	NiA
quakings	V
qualifications	p
qualified	VtiA
qualifiers	p
qualifies	Vti
qualifying	NVtiA
qualifyings	V
qualities	p
qualmishnesses	p
qualms	p
quamashes	p
quandongs	p
quangos	p
quanted	VA
quantics	p
quantified	VA
quantifiers	p
quantifies	V
quantifying	NVA
quanting	NVA
quantitativenesses	p
quantities	p
quantizations	p
quantized	tA
quantizes	t
quantizing	NtA
quantongs	p
quants	pV
quaquaversally	v
quarantined	tA
quarantines	pt
quarantining	NtA
quarks	p
quarreled	ViA
quarrelers	p
quarreling	NViA
quarrelings	V
quarrelled	ViA
quarrellers	p
quarrelling	NViA
quarrellings	V
quarrels	pVi
quarrelsomenesses	p
quarrians	p
quarried	VA
quarriers	p
quarries	V
quarrying	NVA
quarterages	p
quarterbacks	p
quarterdecks	p
quartered	tiA
quarterfinalists	p
quarterfinals	p
quartering	NtiA
quarterings	p
quarterlies	p
quarterlights	p
quartermasters	p
quarterns	p
quarters	ti
quartersawed	VA
quartersawing	NVA
quartersaws	V
quartes	p
quartets	p
quartics	p
quartiles	p
quarts	p
quartzes	p
quartzites	p
quasars	p
quashed	tA
quashes	t
quashing	NtA
quasses	p
quassias	p
quatercentenaries	p
quaternaries	p
quaternions	p
quaternities	p
quatrains	p
quatrefoils	p
quatres	p
quattrocentos	p
quattuordecillionths	p
quavered	ViA
quaverers	p
quavering	NViA
quavers	pVi
quayages	p
quays	p
quaysides	p
queans	p
queasinesses	p
quebrachos	p
queendoms	p
queened	VtiA
queenhoods	p
queening	NVtiA
queenings	p
queenlinesses	p
queens	pVti
queered	tA
queerer	A
queerest	A
queering	NtA
queerly	v
queers	pt
quelled	tA
quellers	p
quelling	NtA
quells	t
quenched	tA
quenchers	p
quenches	t
quenching	NtA
quenelles	p
quercetins	p
quercitrons	p
queried	VtA
queries	pVt
querists	p
querns	p
quersprungs	p
querulously	v
querying	NVtA
quested	VA
questers	p
questing	NVA
questionabilities	p
questionablenesses	p
questioned	VA
questioners	p
questioning	NVA
questionnaires	p
questions	pV
quests	pV
quetsches	p
quetzals	p
queued	VA
queuers	p
queues	pV
queuing	NVA
queuings	V
quibbled	iA
quibblers	p
quibbles	pi
quibbling	NiA
quiches	p
quickened	VA
quickening	NVA
quickens	V
quicker	A
quickest	A
quickies	p
quicklimes	p
quicknesses	p
quicks	p
quicksands	p
quicksets	p
quicksilvers	p
quicksteps	pV
quidnuncs	p
quids	p
quiescences	p
quieted	VA
quietened	VtA
quietening	NVtA
quietens	Vt
quieter	A
quieters	p
quietest	A
quieting	NVA
quietisms	p
quietists	p
quietnesses	p
quiets	pV
quietudes	p
quietuses	p
quiffs	p
quillais	p
quilled	tA
quillets	p
quilling	NtA
quillings	p
quillons	p
quills	pt
quillworts	p
quilted	tA
quilters	p
quilting	NtA
quiltings	p
quilts	pt
quims	p
quinacrines	p
quincentenaries	p
quinces	p
quincunxes	p
quindecennials	p
quindecillionths	p
quinidines	p
quinines	p
quinoas	p
quinoidines	p
quinoids	p
quinolines	p
quinols	p
quinones	p
quinonimines	p
quinquagenarians	p
quinquennially	v
quinquennials	p
quinquenniums	p
quinqueremes	p
quinquevalences	p
quinquevalencies	p
quins	p
quinsies	p
quintains	p
quintals	p
quintes	p
quintessences	p
quintets	p
quintiles	p
quintillions	p
quintillionths	p
quints	p
quintupled	VA
quintuples	pV
quintuplets	p
quintuplicated	VA
quintuplicates	pV
quintuplicating	NVA
quintuplications	p
quintupling	NVA
quips	pV
quipsters	p
quipus	p
quires	p
quirkinesses	p
quirks	p
quirted	tA
quirting	NtA
quirts	pt
quislings	p
quists	p
quitches	p
quitclaimed	tA
quitclaiming	NtA
quitclaims	pt
quited	VtA
quiting	NVtA
quitrents	p
quits	Vt
quittances	p
quittors	p
quivered	iA
quiverers	p
quiverfuls	p
quivering	NiA
quivers	pi
quixotisms	p
quizes	pVt
quizmasters	p
quizzers	p
quizzicalities	p
quizzings	V
quodlibets	p
quods	p
quoins	p
quokkas	p
quorums	p
quotably	v
quotas	p
quotations	p
quoted	VtA
quoters	p
quotes	pVt
quotidians	p
quotients	p
quoting	NVtA
rabbeted	VA
rabbeting	NVA
rabbets	pV
rabbinates	p
rabbinically	v
rabbinisms	p
rabbins	p
rabbited	iA
rabbiters	p
rabbiting	NiA
rabbits	pi
rabbled	tA
rabblements	p
rabblers	p
rabbles	pt
rabbling	NtA
rabblings	Vti
rabidities	p
rabidnesses	p
rabis	p
racecards	p
racecourses	p
raced	VA
racegoers	p
racehorses	p
racemes	p
racemisms	p
racemizations	p
racemized	VA
racemizes	V
racemizing	NVA
racemosely	v
racers	p
racerunners	p
races	V
racetracks	p
raceways	p
rachillas	p
rachises	p
racialisms	p
racialists	p
racinesses	p
racing	NVA
racings	p
racists	p
racked	tiA
racketed	tiA
racketeered	iA
racketeering	NiA
racketeers	pi
racketier	A
racketiest	A
racketing	NtiA
rackets	pti
racketts	p
racking	NtiA
racks	pti
rackworks	p
racons	p
raconteurs	p
radars	p
radarscopes	p
raddled	VtA
raddles	pVt
raddling	NVtA
radially	v
radials	p
radiances	p
radians	p
radiants	p
radiated	VtiA
radiately	v
radiates	Vti
radiating	NVtiA
radiationally	v
radiations	p
radiators	p
radicalisms	p
radicalnesses	p
radicals	p
radicands	p
radicels	p
radicles	p
radioactivities	p
radioautographies	p
radioautographs	p
radiobiologically	v
radiobiologies	p
radiobiologists	p
radiobroadcasted	tiA
radiobroadcasters	p
radiobroadcasting	NtiA
radiobroadcasts	pti
radiocarbons	p
radiochemically	v
radiochemistries	p
radiochemists	p
radioed	VA
radioelements	p
radiograms	p
radiographers	p
radiographies	p
radiographs	p
radioing	NVA
radioisotopes	p
radioisotopically	v
radiolarians	p
radiolocations	p
radiologies	p
radiologists	p
radiolucencies	p
radiometers	p
radiometrically	v
radiometries	p
radionuclides	p
radiopacities	p
radiophones	p
radiophotographies	p
radiophotographs	p
radios	pV
radioscopes	p
radioscopies	p
radiosondes	p
radiostrontiums	p
radiotelegrams	p
radiotelegraphies	p
radiotelegraphs	pV
radiotelemetries	p
radiotelephones	pV
radiotelephonies	p
radioteletypes	p
radiotherapies	p
radiotherapists	p
radiothoriums	p
radiotracers	p
radishes	p
radiums	p
radixes	p
radomes	p
radons	p
rads	p
radulas	p
raffias	p
raffinates	p
raffinoses	p
raffishnesses	p
raffled	tA
raffles	pt
rafflesias	p
raffling	NtA
raffs	p
rafted	VA
rafters	p
rafting	NVA
rafts	pV
ragamuffins	p
ragas	p
ragbags	p
ragbolts	p
raged	ViA
rages	pi
ragfishes	p
ragged	VA
raggeder	A
raggedest	A
raggedier	A
raggediest	A
raggednesses	p
ragging	NVA
raggings	Vt
raggles	p
raging	NViA
ragis	p
raglans	p
ragouted	VA
ragouting	NVA
ragouts	pV
ragpickers	p
rags	V
ragtags	p
ragtimes	p
ragweeds	p
ragworms	p
ragworts	p
raias	p
raided	VA
raiders	p
raiding	NVA
raids	pV
railcars	p
railed	tiA
railers	p
railheads	p
railing	NtiA
railings	p
railleries	p
railroaded	tA
railroaders	p
railroading	NtA
railroadings	p
railroads	pt
rails	pti
railways	p
raiments	p
rainbands	p
rainbirds	p
rainbows	p
raincoats	p
raindrops	p
rained	tiA
rainfalls	p
raininesses	p
raining	NtiA
rainmakers	p
rainmakings	p
rainouts	p
rainproofed	tA
rainproofing	NtA
rainproofs	t
rains	ti
rainstorms	p
rainwaters	p
raisers	p
raises	pV
raising	NVA
raisings	p
raisins	p
rajahs	p
raked	VtiA
rakees	p
rakehells	p
rakers	pt
rakes	pVti
raking	NVtiA
rakings	Vi
rakis	p
rakishnesses	p
rales	p
rallied	ViA
ralliers	p
rallies	pVi
rallyes	p
rallying	NViA
rallyings	t
ramblas	p
rambled	iA
ramblers	p
rambles	pi
rambling	NiA
ramblings	V
rambunctiously	v
rambutans	p
ramekins	p
ramies	p
ramifications	p
ramified	ViA
ramifies	Vi
ramifying	NViA
ramis	p
ramjets	p
rammed	VA
rammers	p
ramming	NVA
ramosely	v
rampaged	ViA
rampageously	v
rampagers	p
rampages	pVi
rampaging	NViA
ramparted	tA
ramparting	NtA
ramparts	pt
ramped	iA
rampikes	pt
ramping	NiA
rampions	p
ramps	pi
ramrods	p
rams	pV
ramtils	p
rances	p
ranched	iA
rancheries	p
rancheros	p
ranchers	p
ranches	pi
ranching	NiA
rancidities	p
rancidnesses	p
rancorousnesses	p
rancours	p
randans	p
randier	A
randies	p
randiest	A
randily	v
randomized	tA
randomizes	t
randomizing	NtA
randomnesses	p
randoms	p
rands	p
ranees	p
ranged	VtiA
rangefinders	p
rangers	p
ranges	pVti
ranging	NVtiA
ranked	tA
ranker	A
rankers	p
rankest	A
ranking	NtA
rankings	p
rankled	iA
rankles	i
rankling	NiA
ranknesses	p
ranks	pt
ransacked	tA
ransackers	p
ransacking	NtA
ransacks	t
ransomed	tA
ransomers	p
ransoming	NtA
ransoms	pt
ranted	ViA
ranters	p
ranting	NViA
rants	pVi
ranulas	p
rapaciousnesses	p
rapacities	p
raped	VtiA
rapes	pV
rapeseeds	p
raphes	p
raphias	p
rapider	A
rapidest	A
rapidities	p
rapiers	p
rapines	p
raping	NVtiA
rapists	p
rapparees	p
rapped	VtiA
rappees	p
rappeled	VA
rappeling	NVA
rappelled	VA
rappelling	NVA
rappels	pV
rappers	p
rapping	NVtiA
rapporteurs	p
rapports	p
rapprochements	p
raps	pVti
rapscallions	p
raptly	v
raptorially	v
raptors	p
raptured	tA
raptures	pt
rapturing	NtA
rapturousnesses	p
rarebits	p
rarefactions	p
rarefied	VA
rarefiers	p
rarefies	V
rarefying	NVA
rarenesses	p
rareripes	p
rasboras	p
rascals	p
rascasses	p
rasers	p
rasher	A
rashers	p
rashes	p
rashest	A
raspatories	p
raspberries	p
rasped	tA
raspers	p
rasping	NtA
rasps	pt
rasses	p
rasters	p
rastled	tiA
rastles	pti
rastling	NtiA
rasures	p
ratabilities	p
ratablenesses	p
ratafias	p
ratals	p
ratans	p
rataplanned	iA
rataplanning	NiA
rataplans	pi
ratas	p
ratatouilles	p
ratbags	p
ratches	p
ratchets	p
rated	VtA
ratels	p
ratepayers	p
raters	p
rates	Vt
ratfinks	p
ratfishes	p
rather	A
rathest	A
ratholes	p
raths	p
rathskellers	p
ratified	VA
ratifiers	p
ratifies	V
ratifying	NVA
ratines	p
rating	NVtA
ratings	p
ratiocinated	iA
ratiocinates	i
ratiocinating	NiA
ratiocinations	p
ratiocinators	p
rationales	p
rationalisations	p
rationalised	tiA
rationalisers	p
rationalises	ti
rationalising	NtiA
rationalisms	p
rationalities	p
rationalizations	p
rationalized	VtA
rationalizers	p
rationalizes	Vt
rationalizing	NVtA
rationalnesses	p
rationed	tA
rationing	NtA
rations	t
ratites	p
ratlines	p
ratooned	VA
ratooning	NVA
ratoons	pV
rats	pV
ratsbanes	p
rattans	p
ratted	VA
ratteens	p
rattened	tA
ratteners	p
rattening	NtA
rattenings	p
rattens	t
ratters	p
rattily	v
ratting	NVA
rattleboxes	p
rattlebrains	p
rattled	VtiA
rattlepates	p
rattles	pVti
rattlesnakes	p
rattletraps	p
rattlier	A
rattliest	A
rattling	NVtiA
rattons	p
rattooned	VA
rattooning	NVA
rattoons	pV
rattraps	p
raucities	p
raucousnesses	p
raunchier	A
raunchiest	A
raunchily	v
rauwolfias	p
ravaged	VA
ravagements	p
ravagers	p
ravages	pV
ravaging	NVA
raved	ViA
raveled	VtA
ravelers	p
raveling	NVtA
ravelings	p
ravelins	p
ravelled	VtA
ravellers	p
ravelling	NVtA
ravelments	p
ravels	pVt
ravened	VA
ravening	NVA
ravens	pV
ravers	p
raves	pVi
ravigotes	p
ravined	VA
ravines	p
raving	NViA
ravingly	v
ravining	NVA
ravins	V
raviolis	p
ravished	tA
ravishers	p
ravishes	t
ravishing	NtA
ravishments	p
rawer	A
rawest	A
rawhides	p
rawins	p
rawinsondes	p
rawnesses	p
raws	p
rayahs	p
rayed	VtiA
raying	NVtiA
raylessnesses	p
raylets	p
rayons	p
rays	pVti
razed	tA
razeed	VA
razeeing	NVA
razees	pV
razers	p
razes	t
razing	NtA
razoos	p
razorbacks	p
razorbills	p
razored	tA
razoring	NtA
razors	pt
razzed	tA
razzes	pt
razzias	p
razzing	NtA
reabsorbed	tA
reabsorbing	NtA
reabsorbs	t
reabsorptions	p
reacceded	tA
reaccedes	t
reacceding	NtA
reaccelerated	tA
reaccelerates	t
reaccelerating	NtA
reaccented	tA
reaccenting	NtA
reaccents	t
reaccepted	tA
reaccepting	NtA
reaccepts	t
reaccessions	p
reacclimatized	VA
reacclimatizes	V
reacclimatizing	NVA
reaccredited	tA
reaccrediting	NtA
reaccredits	t
reaccused	tA
reaccuses	t
reaccusing	NtA
reaccustomed	tA
reaccustoming	NtA
reaccustoms	t
reached	tiA
reachers	p
reaches	pti
reaching	NtiA
reacquaintances	p
reacquainted	tA
reacquainting	NtA
reacquaints	t
reacquired	tA
reacquires	t
reacquiring	NtA
reacquisitions	p
reactances	p
reactants	p
reacted	iA
reacting	NiA
reactionaries	p
reactionaryisms	p
reactions	p
reactivated	tA
reactivates	t
reactivating	NtA
reactivations	p
reactors	p
reacts	i
readabilities	p
readaptations	p
readapted	tA
readapting	NtA
readapts	t
readded	tA
readding	NtA
readdressed	tA
readdresses	t
readdressing	NtA
readds	t
reader	A
readers	p
readerships	p
readies	p
readinesses	p
reading	NVtiA
readings	p
readjusted	VA
readjusters	p
readjusting	NVA
readjustments	p
readjusts	V
readmissions	p
readmits	V
readmittances	p
readmitted	VA
readmitting	NVA
readopted	tA
readopting	NtA
readoptions	p
readopts	t
readorned	tA
readorning	NtA
readorns	t
reads	pVti
readvertised	VA
readvertises	V
readvertising	NVA
readvertized	VA
readvertizing	NVA
readvised	VA
readvises	V
readvising	NVA
reaffirmations	p
reaffirmed	tA
reaffirming	NtA
reaffirms	t
reafforested	tA
reafforesting	NtA
reafforests	t
reagents	p
reaggregated	VA
reaggregates	V
reaggregating	NVA
reaggregations	p
realer	A
realest	A
realgars	p
realigned	VA
realigning	NVA
realignments	p
realigns	V
realisations	p
realised	VA
realisers	p
realises	V
realising	NVA
realisms	p
realists	p
realized	VtA
realizers	p
realizes	Vt
realizing	NVtA
realliances	p
reallocated	tA
reallocates	t
reallocating	NtA
reallocations	p
reallotments	p
reallots	t
reallotted	tA
reallotting	NtA
realms	p
realpolitiks	p
realtered	VA
realtering	NVA
realters	V
realties	p
reamed	tA
reamended	VA
reamending	NVA
reamendments	p
reamends	V
reamers	p
reaming	NtA
reams	pt
reanalyzed	tA
reanalyzes	t
reanalyzing	NtA
reanimations	p
reannexations	p
reannexed	tA
reannexes	t
reannexing	NtA
reanointed	tA
reanointing	NtA
reanoints	t
reaped	VtA
reapers	p
reaping	NVtA
reappearances	p
reappeared	iA
reappearing	NiA
reappears	i
reapplications	p
reapplied	VA
reapplies	V
reapplying	NVA
reappointed	tA
reappointing	NtA
reappointments	p
reappoints	t
reapportioned	tA
reapportioning	NtA
reapportionments	p
reapportions	t
reappraisals	p
reappraised	tA
reappraises	t
reappraising	NtA
reappropriated	tA
reappropriates	t
reappropriating	NtA
reapproved	VA
reapproves	V
reapproving	NVA
reaps	Vt
reared	tiA
rearguards	p
reargued	VA
reargues	V
rearguing	NVA
rearguments	p
rearing	NtiA
rearises	i
rearising	NiA
rearmed	VtA
rearming	NVtA
rearms	Vt
rearousals	p
rearoused	VA
rearouses	V
rearousing	NVA
rearranged	tA
rearrangements	p
rearranges	t
rearranging	NtA
rearrested	tA
rearresting	NtA
rearrests	pt
rears	pti
rearticulated	VA
rearticulates	V
rearticulating	NVA
rearwards	p
reascended	VA
reascending	NVA
reascends	V
reascents	p
reasonabilities	p
reasonablenesses	p
reasoned	VtiA
reasoners	p
reasoning	NVtiA
reasonings	p
reasons	pVti
reassembled	VA
reassembles	V
reassembling	NVA
reasserted	tA
reasserting	NtA
reassertions	p
reasserts	t
reassessed	tA
reassesses	t
reassessing	NtA
reassessments	p
reassigned	tA
reassigning	NtA
reassignments	p
reassigns	t
reassociated	VA
reassociates	V
reassociating	NVA
reassorted	VA
reassorting	NVA
reassorts	V
reassumed	tA
reassumes	t
reassuming	NtA
reassumptions	p
reassurances	p
reassured	tA
reassurers	p
reassures	t
reassuring	NtA
reasted	VA
reasting	NVA
reasts	V
reatas	p
reattached	VA
reattaches	V
reattaching	NVA
reattachments	p
reattacked	VA
reattacking	NVA
reattacks	V
reattained	tA
reattaining	NtA
reattains	t
reattempted	tA
reattempting	NtA
reattempts	t
reauthorizations	p
reauthorized	tA
reauthorizes	t
reauthorizing	NtA
reaved	VtA
reaves	Vt
reaving	NVtA
reavowed	tA
reavowing	NtA
reavows	t
reawakened	VA
reawakening	NVA
reawakenings	p
reawakens	V
reawakes	V
reawaking	NVA
rebaited	tA
rebaiting	NtA
rebaits	t
rebalanced	VA
rebalances	V
rebalancing	NVA
rebaptisms	p
rebaptized	VA
rebaptizes	V
rebaptizing	NVA
rebarbatively	v
rebated	VtA
rebatements	p
rebates	pVt
rebating	NVtA
rebbes	p
rebecs	p
rebeldoms	p
rebelled	ViA
rebelling	NViA
rebellions	p
rebelliousnesses	p
rebels	pVi
rebilled	tA
rebilling	NtA
rebills	t
rebinding	NVA
rebinds	V
rebirths	p
reblended	VA
reblending	NVA
reblends	V
rebloomed	iA
reblooming	NiA
reblooms	i
reblossomed	iA
reblossoming	NiA
reblossoms	i
reboarded	tA
reboarding	NtA
reboards	t
reboiled	VA
reboiling	NVA
reboils	V
rebops	p
rebored	VtA
rebores	pVt
reboring	NVtA
rebounded	ViA
rebounders	p
rebounding	NViA
rebounds	pVi
rebraced	tA
rebraces	t
rebracing	NtA
rebreeding	NVA
rebreeds	V
rebroadcasting	NtA
rebroadcasts	pt
rebs	p
rebuffed	tA
rebuffing	NtA
rebuffs	pt
rebuilded	tiA
rebuilding	NtiA
rebuilds	ti
rebuked	tA
rebukes	pt
rebuking	NtA
reburials	p
reburied	tA
reburies	t
reburying	NtA
rebuses	p
rebuts	V
rebuttals	p
rebutted	VA
rebutters	p
rebutting	NVA
rebuttoned	tA
rebuttoning	NtA
rebuttons	t
recalcitrances	p
recalcitrancies	p
recalcitrantly	v
recalcitrants	p
recalcitrated	iA
recalcitrates	i
recalcitrating	NiA
recalcitrations	p
recalculated	tA
recalculates	t
recalculating	NtA
recalculations	p
recalesced	iA
recalescences	p
recalesces	i
recalescing	NiA
recalled	tA
recalling	NtA
recalls	pt
recaned	tA
recanes	t
recaning	NtA
recanted	VA
recanters	p
recanting	NVA
recants	V
recapitalizations	p
recapitalized	tA
recapitalizes	t
recapitalizing	NtA
recapitulated	VtA
recapitulates	Vt
recapitulating	NVtA
recapitulations	p
recapped	VA
recapping	NVA
recaps	pV
recaptions	p
recaptured	tA
recaptures	pt
recapturing	NtA
recarpeted	tA
recarpeting	NtA
recarpets	t
recarried	tA
recarries	t
recarrying	NtA
recasters	p
recasting	NtA
recasts	pt
recataloged	tA
recataloging	NtA
recatalogs	t
recced	VA
recceing	NVA
recces	pV
receded	iA
recedes	i
receding	NiA
receipted	tA
receipting	NtA
receiptors	p
receipts	pt
receivables	p
received	ViA
receivers	p
receiverships	p
receives	Vi
receiving	NViA
recemented	VA
recementing	NVA
recements	V
recencies	p
recensions	p
recensored	tA
recensoring	NtA
recensors	t
recenter	A
recentest	A
recentnesses	p
recentralizations	p
receptacles	p
receptionists	p
receptions	p
receptively	v
receptors	p
recepts	p
recertifications	p
recertified	tA
recertifies	t
recertifying	NtA
recessed	VtA
recesses	pVt
recessing	NVtA
recessionals	p
recessions	p
recessivenesses	p
recessives	p
rechallenged	tA
rechallenges	t
rechallenging	NtA
rechanneled	tA
rechanneling	NtA
rechannels	t
recharged	VA
rechargers	p
recharges	V
recharging	NVA
recharted	tA
rechartered	tA
rechartering	NtA
recharters	t
recharting	NtA
recharts	t
rechecked	VA
rechecking	NVA
rechecks	pV
rechooses	V
rechoosing	NVA
rechristened	tA
rechristening	NtA
rechristens	t
recidivated	iA
recidivates	i
recidivating	NiA
recidivisms	p
recidivists	p
recipes	p
recipiences	p
recipients	p
reciprocalities	p
reciprocalnesses	p
reciprocals	p
reciprocated	ViA
reciprocates	Vi
reciprocating	NViA
reciprocations	p
reciprocators	p
reciprocities	p
recircled	VA
recircles	V
recircling	NVA
recirculated	VA
recirculates	V
recirculating	NVA
recirculations	p
recisions	p
recitals	p
recitations	p
recitatives	p
recitativos	p
recited	VtA
reciters	p
recites	Vt
reciting	NVtA
recked	VA
recking	NVA
recklessly	v
reckoned	VtiA
reckoners	p
reckoning	NVtiA
reckonings	p
reckons	Vti
recks	V
reclaimably	v
reclaimants	p
reclaimed	tA
reclaimers	p
reclaiming	NtA
reclaims	pt
reclamations	p
reclasped	tA
reclasping	NtA
reclasps	t
reclassifications	p
recleaned	tA
recleaning	NtA
recleans	t
reclimbed	tA
reclimbing	NtA
reclimbs	t
reclinations	p
reclined	VA
recliners	p
reclines	V
reclining	NVA
reclothed	tA
reclothes	t
reclothing	NtA
reclusely	v
recluses	p
reclusions	p
reclusively	v
recoated	tA
recoating	NtA
recoats	t
recoded	tA
recodes	t
recodifications	p
recodified	tA
recodifies	t
recodifying	NtA
recoding	NtA
recognisably	v
recognised	tA
recognisers	p
recognises	t
recognising	NtA
recognitions	p
recognizances	p
recognized	tiA
recognizers	p
recognizes	ti
recognizing	NtiA
recoiled	ViA
recoiling	NViA
recoils	pVi
recoinages	p
recoined	tA
recoining	NtA
recoins	t
recollected	VA
recollecting	NVA
recollections	p
recollects	V
recolonisations	p
recolonised	tA
recolonises	t
recolonising	NtA
recolonizations	p
recolonized	tA
recolonizes	t
recolonizing	NtA
recolored	tA
recoloring	NtA
recolors	t
recoloured	tA
recolouring	NtA
recolours	t
recombed	VA
recombinations	p
recombined	VA
recombines	V
recombing	NVA
recombining	NVA
recombs	V
recomforted	tA
recomforting	NtA
recomforts	t
recommenced	VA
recommencements	p
recommences	V
recommencing	NVA
recommendably	v
recommendations	p
recommended	tA
recommenders	p
recommending	NtA
recommends	t
recommissioned	tA
recommissioning	NtA
recommissions	pt
recommitments	p
recommits	V
recommittals	p
recommitted	VA
recommitting	NVA
recompensed	tA
recompenses	pt
recompensing	NtA
recompilations	p
recompiled	tA
recompiles	t
recompiling	NtA
recomposed	tA
recomposes	t
recomposing	NtA
recompositions	p
recomputations	p
recomputed	tA
recomputes	t
recomputing	NtA
reconcentrated	VA
reconcentrates	V
reconcentrating	NVA
reconcentrations	p
reconcilabilities	p
reconcilablenesses	p
reconciled	tA
reconcilements	p
reconcilers	p
reconciles	t
reconciling	NtA
recondensations	p
recondensed	VA
recondenses	V
recondensing	NVA
reconditenesses	p
reconditioned	tA
reconditioning	NtA
reconditions	t
reconferred	VA
reconferring	NVA
reconfers	V
reconfined	tA
reconfines	t
reconfining	NtA
reconfirmations	p
reconfirmed	tA
reconfirming	NtA
reconfirms	t
reconnaissances	p
reconnected	tA
reconnecting	NtA
reconnections	p
reconnects	t
reconnoitered	tiA
reconnoiterers	p
reconnoitering	NtiA
reconnoiters	ti
reconnoitred	VA
reconnoitrers	p
reconnoitres	pV
reconnoitring	NVA
reconquered	tA
reconquering	NtA
reconquers	t
reconquests	p
recons	p
reconsecrated	tA
reconsecrates	t
reconsecrating	NtA
reconsecrations	p
reconsiderations	p
reconsidered	VA
reconsidering	NVA
reconsiders	V
reconsigned	tA
reconsigning	NtA
reconsignments	p
reconsigns	t
reconsolidated	VA
reconsolidates	V
reconsolidating	NVA
reconstituted	tA
reconstitutes	pt
reconstituting	NtA
reconstitutions	p
reconstructed	tA
reconstructing	NtA
reconstructions	p
reconstructs	t
recontacted	VA
recontacting	NVA
recontacts	pV
reconvened	VA
reconvenes	V
reconvening	NVA
reconversions	p
reconverted	tA
reconverting	NtA
reconverts	t
reconveyances	p
reconvicted	tA
reconvicting	NtA
reconvictions	p
reconvicts	t
recooked	VA
recooking	NVA
recooks	V
recopied	tA
recopies	t
recopying	NtA
recorded	VA
recorders	p
recording	NVA
recordings	p
records	pV
recountals	p
recounted	tA
recounting	NtA
recounts	t
recouped	VtA
recouping	NVtA
recoupments	p
recoups	pVt
recourses	p
recovered	tiA
recoverers	p
recovering	NtiA
recovers	ti
recrated	tA
recrates	t
recrating	NtA
recreances	p
recreancies	p
recreants	p
recreated	VA
recreates	V
recreating	NVA
recreationally	v
recreations	p
recreators	p
recrements	p
recriminated	iA
recriminates	i
recriminating	NiA
recriminations	p
recriminators	p
recrossed	VA
recrosses	V
recrossing	NVA
recrowned	tA
recrowning	NtA
recrowns	t
recrudesced	iA
recrudescences	p
recrudesces	i
recrudescing	NiA
recruited	VtA
recruiters	p
recruiting	NVtA
recruitments	p
recruits	pVt
recrystallised	tiA
recrystallises	ti
recrystallising	NtiA
recrystallizations	p
recrystallized	VA
recrystallizes	V
recrystallizing	NVA
recs	p
rectally	v
rectangles	p
rectangularities	p
rectifications	p
rectified	VA
rectifiers	p
rectifies	V
rectifying	NVA
rectilinearly	v
rectitudes	p
rectoceles	p
rectorials	p
rectories	p
rectors	p
recultivated	tA
recultivates	t
recultivating	NtA
recumbently	v
recuperated	iA
recuperates	i
recuperating	NiA
recuperations	p
recuperators	p
recured	VA
recuring	NVA
recurred	VA
recurrences	p
recurring	NVA
recurs	V
recursions	p
recursively	v
recurved	VA
recurves	V
recurving	NVA
recusancies	p
recusants	p
recuts	V
recutting	NVA
recycled	tA
recycles	pt
recycling	NtA
redacted	tA
redacting	NtA
redactions	p
redactors	p
redacts	t
redamaged	tA
redamages	t
redamaging	NtA
redans	p
redated	VA
redates	V
redating	NVA
redbirds	p
redbones	p
redbreasts	p
redbricks	p
redbuds	p
redbugs	p
redcaps	p
redcoats	p
redcurrants	p
redded	VA
reddened	ViA
reddening	NViA
reddens	Vi
redding	NVA
reddings	t
reddled	VA
reddles	pV
reddling	NVA
redds	pV
redealing	NVA
redeals	pV
redecided	VA
redecides	V
redeciding	NVA
redecorated	VA
redecorates	V
redecorating	NVA
redecorations	p
reded	VtA
rededicated	tA
rededicates	t
rededicating	NtA
rededications	p
redeemabilities	p
redeemed	tA
redeemers	p
redeeming	NtA
redeems	t
redefeated	VA
redefeating	NVA
redefeats	pV
redefied	tA
redefies	t
redefined	tA
redefines	t
redefining	NtA
redefinitions	p
redefying	NtA
redelivered	tA
redeliverers	p
redelivering	NtA
redelivers	t
redemanded	tA
redemanding	NtA
redemands	t
redemonstrated	VA
redemonstrates	V
redemonstrating	NVA
redemptioners	p
redemptions	p
redenied	tA
redenies	t
redenying	NtA
redeployed	VA
redeploying	NVA
redeployments	p
redeploys	V
redeposited	VA
redepositing	NVA
redeposits	pV
redes	pt
redescended	VA
redescending	NVA
redescends	V
redescribed	tA
redescribes	t
redescribing	NtA
redescriptions	p
redesigned	VA
redesigning	NVA
redesigns	V
redetermined	VA
redetermines	V
redetermining	NVA
redeveloped	tA
redevelopers	p
redeveloping	NtA
redevelopments	p
redevelops	t
redeyes	p
redfins	p
redfishes	p
redheads	p
redhorses	p
redias	p
redigested	tA
redigesting	NtA
redigestions	p
redigests	t
reding	NVtA
redingotes	p
redintegrated	tiA
redintegrates	ti
redintegrating	NtiA
redintegrations	p
redipped	VA
redipping	NVA
redips	V
redirected	tA
redirecting	NtA
redirects	t
rediscovered	tA
rediscovering	NtA
rediscovers	t
rediscussed	tA
rediscusses	t
rediscussing	NtA
redisplayed	tA
redisplaying	NtA
redisplays	t
redisposed	tA
redisposes	t
redisposing	NtA
redispositions	p
redissolutions	p
redissolved	VA
redissolves	V
redissolving	NVA
redistillations	p
redistilled	tA
redistilling	NtA
redistills	t
redistributed	tA
redistributes	t
redistributing	NtA
redistributions	p
redistricted	tA
redistricting	NtA
redistricts	t
redivided	VA
redivides	V
redividing	NVA
redivisions	p
redlegs	p
rednecks	p
rednesses	p
redocked	VA
redocking	NVA
redocks	V
redoing	NVA
redolences	p
redolencies	p
redos	V
redoubled	VA
redoubles	pV
redoubling	NVA
redoubts	p
redounded	tiA
redounding	NtiA
redounds	ti
redowas	p
redoxes	p
redpolls	p
redrafted	VtA
redrafting	NVtA
redrafts	pVt
redrawers	p
redrawing	NVA
redraws	V
redressed	tA
redressers	p
redresses	pt
redressing	NtA
redressors	p
redried	VA
redries	V
redrilled	VA
redrilling	NVA
redrills	V
redrives	V
redriving	NVA
redroots	p
redrying	NVA
reds	pV
redshanks	p
redskins	p
redstarts	p
redtops	p
reduced	VA
reducers	p
reduces	V
reducibilities	p
reducing	NVA
reductases	p
reductionisms	p
reductions	p
reductors	p
reduplicated	VA
reduplicates	V
reduplicating	NVA
reduplications	p
reduplicatively	v
reduviids	p
redwares	p
redwings	p
redwoods	p
redyed	tA
redyeing	NtA
redyes	t
reearned	tA
reearning	NtA
reearns	t
reeboks	p
reedbirds	p
reeded	tA
reedified	tA
reedifies	t
reedifying	NtA
reedily	v
reedinesses	p
reeding	NtA
reedings	p
reedited	tA
reediting	NtA
reedits	t
reedlings	p
reeds	pt
reeducated	tA
reeducates	t
reeducating	NtA
reeducations	p
reefed	VtA
reefers	p
reefing	NVtA
reefs	pVt
reejected	tA
reejecting	NtA
reejects	t
reeked	tiA
reekers	p
reekier	A
reekiest	A
reeking	NtiA
reeks	pti
reelected	tA
reelecting	NtA
reelections	p
reelects	t
reeled	VtA
reelers	p
reeligibilities	p
reeling	NVtA
reels	pVt
reembarked	VA
reembarking	NVA
reembarks	V
reembodied	tA
reembodies	t
reembodying	NtA
reembraced	tA
reembraces	t
reembracing	NtA
reemerged	iA
reemergences	p
reemerges	i
reemerging	NiA
reemissions	p
reemits	t
reemitted	tA
reemitting	NtA
reemphasises	p
reemphasized	tA
reemphasizes	t
reemphasizing	NtA
reemployed	tA
reemploying	NtA
reemployments	p
reemploys	t
reenacted	tA
reenacting	NtA
reenactments	p
reenacts	t
reencountered	VA
reencountering	NVA
reencounters	pV
reendorsed	tA
reendorsing	NtA
reendowed	tA
reendowing	NtA
reendows	t
reenergized	tA
reenergizes	t
reenergizing	NtA
reengaged	VA
reengagements	p
reengages	V
reengaging	NVA
reengraved	tA
reengraves	t
reengraving	NtA
reenjoyed	tA
reenjoying	NtA
reenjoys	t
reenlistments	p
reens	p
reentered	tiA
reentering	NtiA
reenters	ti
reentrances	pt
reentrants	p
reequips	t
reerected	tA
reerecting	NtA
reerects	t
reestablished	tA
reestablishes	t
reestablishing	NtA
reestablishments	p
reested	iA
reestimated	tA
reestimates	pt
reestimating	NtA
reesting	NiA
reests	i
reevaluated	tA
reevaluates	t
reevaluating	NtA
reevaluations	p
reeves	pV
reeving	NVA
reexamined	tA
reexamines	t
reexamining	NtA
reexhibited	tA
reexhibiting	NtA
reexhibits	t
reexpelled	tA
reexpelling	NtA
reexpels	t
reexperienced	VA
reexperiences	V
reexperiencing	NVA
reexplained	tA
reexplaining	NtA
reexplains	t
reexplored	VA
reexplores	V
reexploring	NVA
reexportations	p
reexposed	tA
reexposes	t
reexposing	NtA
reexposures	p
reexpressed	tA
reexpresses	t
reexpressing	NtA
refaced	tA
refaces	t
refacing	NtA
refashioned	tA
refashioning	NtA
refashions	t
refastened	tA
refastening	NtA
refastens	t
refected	tA
refecting	NtA
refections	p
refectories	p
refects	t
refeeding	NVA
refeeds	V
refeeling	NVA
refeels	V
refereed	tiA
refereeing	NtiA
referees	pti
referenced	tA
references	pt
referencing	NtA
referents	p
referrals	p
referred	VtiA
referrer	A
referring	NVtiA
refers	pVti
refiled	VA
refiles	V
refiling	NVA
refilled	VA
refilling	NVA
refills	pV
refilmed	tA
refilming	NtA
refilms	t
refiltered	tA
refiltering	NtA
refilters	t
refinanced	tiA
refinances	ti
refinancing	NtiA
refinding	NtA
refinds	t
refined	VtiA
refinements	p
refines	Vti
refining	NVtiA
refinings	V
refinished	tA
refinishes	pt
refinishing	NtA
refired	VA
refires	V
refiring	NVA
refits	pV
refitted	VA
refitting	NVA
refixed	tA
refixes	t
refixing	NtA
reflated	VA
reflates	V
reflating	NVA
reflations	p
reflectances	p
reflected	VtiA
reflecting	NVtiA
reflections	p
reflectivenesses	p
reflectivities	p
reflectometers	p
reflectorized	tA
reflectorizes	pt
reflectorizing	NtA
reflectors	p
reflects	Vti
reflets	p
reflexed	VtA
reflexes	pVt
reflexing	NVtA
reflexivenesses	p
reflexives	p
reflexivities	p
refloated	VA
refloating	NVA
refloats	V
reflowed	VA
reflowers	p
reflowing	NVA
reflows	V
refluences	p
refluxed	VA
refluxes	pV
refluxing	NVA
refocused	VA
refocuses	V
refocusing	NVA
refolded	VA
refolding	NVA
refolds	V
reforged	tA
reforges	t
reforging	NtA
reformabilities	p
reformations	p
reformed	tA
reformers	p
reforming	NtA
reformisms	p
reforms	pt
reformulated	tA
reformulates	t
reformulating	NtA
reformulations	p
refortifications	p
refortified	tA
refortifies	t
refortifying	NtA
refracted	VtA
refracting	NVtA
refractions	p
refractivenesses	p
refractivities	p
refractometers	p
refractometries	p
refractorinesses	p
refractors	p
refracts	Vt
refractured	VA
refractures	V
refracturing	NVA
refrained	iA
refraining	NiA
refrainments	p
refrains	pi
reframed	tA
reframes	t
reframing	NtA
refreezes	V
refreezing	NVA
refreshed	VtA
refreshened	tA
refreshening	NtA
refreshens	t
refreshers	p
refreshes	Vt
refreshing	NVtA
refreshments	p
refried	VA
refries	V
refrigerants	p
refrigerated	VA
refrigerates	V
refrigerating	NVA
refrigerations	p
refrigerators	p
refringences	p
refrying	NVA
refs	p
refueled	VA
refueling	NVA
refuels	V
refuged	VA
refugees	p
refuges	pV
refuging	NVA
refulgences	p
refulgencies	p
refunded	VtA
refunders	p
refunding	NVtA
refundments	p
refunds	pVt
refurbished	tA
refurbishes	t
refurbishing	NtA
refurnished	tA
refurnishes	t
refurnishing	NtA
refusals	p
refused	tA
refusers	p
refuses	pt
refusing	NtA
refutabilities	p
refutations	p
refuted	tA
refuters	p
refutes	t
refuting	NtA
regained	tA
regainers	p
regaining	NtA
regains	t
regaled	tA
regaler	A
regales	pt
regaling	NtA
regals	p
regarded	VtA
regardfulnesses	p
regarding	NVtA
regardlessly	v
regards	pVt
regathered	VA
regathering	NVA
regathers	V
regattas	p
regauged	tA
regauges	t
regauging	NtA
regeared	VA
regearing	NVA
regears	V
regelated	VA
regelates	V
regelating	NVA
regelations	p
regeneracies	p
regenerated	VtA
regenerately	v
regeneratenesses	p
regenerates	Vt
regenerating	NVtA
regenerations	p
regenerators	p
regents	p
regerminated	VA
regerminates	V
regerminating	NVA
reggaes	p
regicides	p
regilded	tA
regilding	NtA
regilds	t
regimens	p
regimentations	p
regimented	VtA
regimenting	NVtA
regiments	pVt
regimes	p
reginas	p
regionalisms	p
regionalists	p
regionalized	tA
regionalizes	t
regionalizing	NtA
regions	p
registered	tiA
registerers	p
registering	NtiA
registers	pti
registrants	p
registrars	p
registrarships	p
registrations	p
regives	V
regiving	NVA
reglazed	tA
reglazes	t
reglazing	NtA
reglets	p
reglued	tA
reglues	t
regluing	NtA
regoliths	p
regorged	tiA
regorges	ti
regorging	NtiA
regosols	p
regraded	tA
regrades	t
regrading	NtA
regrafted	VA
regrafting	NVA
regrafts	V
regranted	tA
regranting	NtA
regrants	pt
regrated	tA
regraters	p
regrates	t
regrating	NtA
regreeted	tiA
regreeting	NtiA
regreets	ti
regressed	VtiA
regresses	pVti
regressing	NVtiA
regressions	p
regressivenesses	p
regressors	p
regretfulnesses	p
regrets	pV
regrettablenesses	p
regretted	VA
regretters	p
regretting	NVA
regrinding	NVA
regrinds	V
regrouped	VtA
regrouping	NVtA
regroups	Vt
regrowing	NVA
regrows	V
regrowths	p
regularities	p
regularizations	p
regularized	tA
regularizers	p
regularizes	t
regularizing	NtA
regulars	p
regulated	tA
regulates	t
regulating	NtA
regulations	p
regulators	p
regurgitated	ViA
regurgitates	Vi
regurgitating	NViA
regurgitations	p
rehabilitated	tA
rehabilitates	t
rehabilitating	NtA
rehabilitations	p
rehammered	tA
rehammering	NtA
rehammers	t
rehandled	tA
rehandles	t
rehandling	NtA
rehandlings	t
rehanged	tA
rehanging	NtA
rehangs	t
rehardened	VA
rehardening	NVA
rehardens	V
rehashed	tA
rehashes	pt
rehashing	NtA
rehearing	NVA
rehearings	p
rehears	V
rehearsals	p
rehearsed	VtA
rehearsers	p
rehearses	Vt
rehearsing	NVtA
rehearsings	V
reheated	VtA
reheaters	p
reheating	NVtA
reheats	pVt
reheeled	tA
reheeling	NtA
reheels	t
rehemmed	tA
rehemming	NtA
rehems	t
rehinged	tA
rehinges	t
rehinging	NtA
rehired	tA
rehires	t
rehiring	NtA
rehoboams	p
rehospitalizations	p
rehospitalized	tA
rehospitalizes	t
rehospitalizing	NtA
rehumanized	VA
rehumanizes	V
rehumanizing	NVA
rehypnotized	tA
rehypnotizes	t
rehypnotizing	NtA
reidentified	tA
reidentifies	t
reidentifying	NtA
reified	VA
reifies	V
reifs	p
reifying	NVA
reigned	iA
reigning	NiA
reignited	tA
reignites	t
reigniting	NtA
reignitions	p
reigns	pi
reimaged	tA
reimages	t
reimaging	NtA
reimbursed	tA
reimburses	t
reimbursing	NtA
reimplantations	p
reimplanted	tA
reimplanting	NtA
reimplants	t
reimportations	p
reimported	VtA
reimporting	NVtA
reimports	pVt
reimposed	VA
reimposes	V
reimposing	NVA
reimpositions	p
reimpressions	p
reimprisoned	tA
reimprisoning	NtA
reimprisons	t
reincarnated	VA
reincarnates	V
reincarnating	NVA
reincarnationists	p
reincarnations	p
reincited	tA
reincites	t
reinciting	NtA
reincorporated	VA
reincorporates	V
reincorporating	NVA
reincreased	VA
reincreases	V
reincreasing	NVA
reincurred	tA
reincurring	NtA
reincurs	t
reindexed	tA
reindexes	t
reindexing	NtA
reindicted	tA
reindicting	NtA
reindictments	p
reindicts	t
reinduced	tA
reinduces	t
reinducing	NtA
reinducted	tA
reinducting	NtA
reinducts	t
reindustrializations	p
reindustrialized	tA
reindustrializes	t
reindustrializing	NtA
reined	tA
reinfected	tA
reinfecting	NtA
reinfections	p
reinfects	t
reinfestations	p
reinflated	VA
reinflates	V
reinflating	NVA
reinflations	p
reinforced	tA
reinforcements	p
reinforcers	p
reinforces	t
reinforcing	NtA
reinformed	tA
reinforming	NtA
reinforms	t
reinfused	tA
reinfuses	t
reinfusing	NtA
reinhabited	tA
reinhabiting	NtA
reinhabits	t
reining	NtA
reinjected	tA
reinjecting	NtA
reinjects	t
reinjured	tA
reinjures	t
reinjuring	NtA
reinked	tA
reinking	NtA
reinks	t
reinoculated	VA
reinoculates	V
reinoculating	NVA
reinoculations	p
reins	t
reinscribed	tA
reinscribes	t
reinscribing	NtA
reinserted	tA
reinserting	NtA
reinsertions	p
reinserts	t
reinspected	tA
reinspecting	NtA
reinspections	p
reinspects	t
reinspired	VA
reinspires	V
reinspiring	NVA
reinstallations	p
reinstalled	tA
reinstalling	NtA
reinstalls	t
reinstalments	p
reinstated	tA
reinstatements	p
reinstates	t
reinstating	NtA
reinstations	p
reinstators	p
reinstituted	tA
reinstitutes	t
reinstituting	NtA
reinstructed	tA
reinstructing	NtA
reinstructs	t
reinsurances	p
reinsured	tA
reinsurers	p
reinsures	t
reinsuring	NtA
reintegrated	VA
reintegrates	V
reintegrating	NVA
reintegrations	p
reinterments	p
reinterpretations	p
reinterpreted	VA
reinterpreting	NVA
reinterprets	V
reinterred	tA
reinterring	NtA
reinterrogated	VA
reinterrogates	V
reinterrogating	NVA
reinters	t
reinterviewed	tA
reinterviewing	NtA
reinterviews	pt
reintroduced	tA
reintroduces	t
reintroducing	NtA
reintroductions	p
reinvaded	tA
reinvades	t
reinvading	NtA
reinvasions	p
reinvented	tA
reinventing	NtA
reinventions	p
reinvents	t
reinvested	tA
reinvestigated	VA
reinvestigates	V
reinvestigating	NVA
reinvestigations	p
reinvesting	NtA
reinvestments	p
reinvests	t
reinvigorated	tA
reinvigorates	t
reinvigorating	NtA
reinvigorations	p
reinvited	VA
reinvites	V
reinviting	NVA
reinvoked	tA
reinvokes	t
reinvoking	NtA
reinvolved	tA
reinvolves	t
reinvolving	NtA
reises	p
reissued	VA
reissues	V
reissuing	NVA
reisted	iA
reisting	NiA
reists	i
reiterated	tA
reiterates	t
reiterating	NtA
reiteratively	v
reived	iA
reivers	p
reives	i
reiving	NiA
rejected	VtA
rejectees	p
rejecters	p
rejecting	NVtA
rejections	p
rejects	pVt
rejigged	VtA
rejiggered	tA
rejiggering	NtA
rejiggers	t
rejigging	NVtA
rejigs	Vt
rejoiced	VtA
rejoices	Vt
rejoicing	NVtA
rejoicings	V
rejoinders	p
rejoined	VtA
rejoining	NVtA
rejoins	Vt
rejudged	VA
rejudges	V
rejudging	NVA
rejuvenated	tA
rejuvenates	t
rejuvenating	NtA
rejuvenesced	VA
rejuvenescences	p
rejuvenesces	V
rejuvenescing	NVA
rejuvenised	tA
rejuvenises	t
rejuvenising	NtA
rejuvenized	tA
rejuvenizes	t
rejuvenizing	NtA
rekindled	VA
rekindles	V
rekindling	NVA
reknits	V
reknitted	VA
reknitting	NVA
reknots	V
reknotted	VA
reknotting	NVA
relabeled	tA
relabeling	NtA
relabelled	tA
relabelling	NtA
relabels	t
relaced	VA
relaces	V
relacing	NVA
relacquered	tA
relacquering	NtA
relacquers	t
relanded	VA
relanding	NVA
relands	V
relapsed	iA
relapsers	p
relapses	pi
relapsing	NiA
related	tiA
relatedly	v
relatednesses	p
relaters	p
relates	ti
relating	NtiA
relationally	v
relationships	p
relatively	v
relativenesses	p
relatives	p
relativisms	p
relativistically	v
relativists	p
relativities	p
relativized	VtA
relativizes	Vt
relativizing	NVtA
relaunched	tA
relaunches	t
relaunching	NtA
relaundered	tA
relaundering	NtA
relaunders	t
relaxants	p
relaxations	p
relaxed	ViA
relaxednesses	p
relaxes	Vi
relaxing	NViA
relaxins	p
relayed	VtA
relaying	NVtA
relays	pVt
relearned	VA
relearning	NVA
relearns	V
releasabilities	p
releasably	v
released	tA
releasers	p
releases	pt
releasing	NtA
relegated	tA
relegates	t
relegating	NtA
relegations	p
relending	NtA
relends	t
relented	iA
relenting	NiA
relentlessnesses	p
relents	i
relets	V
relettered	tA
relettering	NtA
reletters	t
reletting	NVA
relevances	p
relevancies	p
reliabilities	p
reliances	p
relicensed	tA
relicenses	t
relicensing	NtA
relics	p
relicts	p
relied	VA
reliefs	p
reliers	p
relies	V
relieved	tA
relievers	p
relieves	t
relieving	NtA
relighted	VA
relighting	NVA
relights	V
religionisms	p
religionists	p
religions	p
religiosities	p
religiousnesses	p
relined	tA
relines	t
relining	NtA
relinked	tA
relinking	NtA
relinks	t
relinquished	tA
relinquishers	p
relinquishes	t
relinquishing	NtA
relinquishments	p
reliquefied	VA
reliquefies	V
reliquefying	NVA
reliques	p
relished	tA
relishes	pt
relishing	NtA
relisted	tA
relisting	NtA
relists	t
relived	tA
relives	t
reliving	NtA
reloaded	VA
reloading	NVA
reloads	pV
reloaned	tA
reloaning	NtA
reloans	pt
relocated	tA
relocates	t
relocating	NtA
relocations	p
relubricated	tA
relubricates	t
relubricating	NtA
reluctances	p
relucted	iA
relucting	NiA
reluctivities	p
relucts	i
relumed	tA
relumes	t
reluming	NtA
relying	NVA
remailed	tA
remailing	NtA
remails	t
remaindered	tA
remaindering	NtA
remainders	pt
remained	VA
remaining	NVA
remains	V
remakers	p
remakes	pVt
remaking	NVtA
remanded	tA
remanding	NtA
remands	pt
remanences	p
remanned	tA
remanning	NtA
remans	t
remanufactured	tA
remanufactures	t
remanufacturing	NtA
remapped	tA
remapping	NtA
remaps	t
remarkably	v
remarked	VtA
remarkers	p
remarketed	tA
remarketing	NtA
remarkets	t
remarking	NVtA
remarks	pVt
remarques	p
remarriages	p
remarried	VA
remarries	V
remarrying	NVA
remastered	tA
remastering	NtA
remasters	t
rematched	VtA
rematches	pVt
rematching	NVtA
rematerialized	VA
rematerializes	V
rematerializing	NVA
remeasured	tA
remeasurements	p
remeasures	t
remeasuring	NtA
remediablenesses	p
remediably	v
remedially	v
remediated	tA
remediates	t
remediating	NtA
remediations	p
remedied	tA
remedies	t
remedilessly	v
remedying	NtA
remelted	tA
remelting	NtA
remelts	t
remembered	VtA
rememberers	p
remembering	NVtA
remembers	Vt
remembrancers	p
remembrances	p
remended	VA
remending	NVA
remends	V
remerged	VA
remerges	V
remerging	NVA
remigrated	iA
remigrates	i
remigrating	NiA
remigrations	p
remilitarizations	p
remilitarized	tA
remilitarizes	t
remilitarizing	NtA
reminded	tA
reminding	NtA
reminds	t
reminisced	iA
reminiscences	p
reminiscently	v
reminisces	i
reminiscing	NiA
reminted	tA
reminting	NtA
remints	t
remised	tA
remises	pt
remising	NtA
remissibilities	p
remissibly	v
remissions	p
remissnesses	p
remits	pV
remittances	p
remitted	VA
remittees	p
remittences	p
remittencies	p
remitters	p
remitting	NVA
remittors	p
remixed	VA
remixes	V
remixing	NVA
remnants	p
remobilizations	p
remobilized	VA
remobilizes	V
remobilizing	NVA
remodeled	tA
remodelers	p
remodeling	NtA
remodelled	tA
remodelling	NtA
remodels	t
remodifications	p
remodified	VA
remodifies	V
remodifying	NVA
remolades	p
remolded	VA
remolding	NVA
remolds	V
remonetisations	p
remonetised	tA
remonetises	t
remonetising	NtA
remonetizations	p
remonetized	tA
remonetizes	t
remonetizing	NtA
remonstrances	p
remonstrantly	v
remonstrants	p
remonstrated	iA
remonstrates	i
remonstrating	NiA
remonstrations	p
remonstrators	p
remontants	p
remoras	p
remorsefulnesses	p
remorselessnesses	p
remorses	p
remortgaged	tA
remortgages	t
remortgaging	NtA
remotenesses	p
remotions	p
remoulded	VtA
remoulding	NVtA
remoulds	pVt
remounted	VtA
remounting	NVtA
remounts	pVt
removabilities	p
removablenesses	p
removals	p
removed	ViA
removednesses	p
removers	p
removes	pVi
removing	NViA
rems	p
remunerabilities	p
remunerated	tA
remunerates	t
remunerating	NtA
remunerations	p
remunerativenesses	p
remunerators	p
renailed	tA
renailing	NtA
renails	t
renamed	tA
renames	t
renaming	NtA
renascences	p
renationalized	VA
renationalizes	V
renationalizing	NVA
rended	VtA
rendered	tA
renderers	p
rendering	NtA
renderings	p
renders	pt
rendezvoused	VA
rendezvouses	pV
rendezvousing	NVA
rending	NVtA
renditions	p
rends	Vt
rendzinas	p
renegades	p
renegados	p
renegates	t
renegations	p
reneged	ViA
renegers	p
reneges	pVi
reneging	NViA
renegotiated	tiA
renegotiates	ti
renegotiating	NtiA
renegotiations	p
renewals	p
renewed	VA
renewers	p
renewing	NVA
renews	V
rengas	p
renins	p
renitences	p
renitencies	p
rennets	p
rennins	p
renominated	tA
renominates	t
renominating	NtA
renominations	p
renormalizations	p
renormalized	tA
renormalizes	t
renormalizing	NtA
renotified	tA
renotifies	t
renotifying	NtA
renounced	tiA
renouncements	p
renouncers	p
renounces	pti
renouncing	NtiA
renovated	tA
renovates	t
renovating	NtA
renovations	p
renovators	p
renowns	p
rentabilities	p
rentaller	A
rentals	p
rented	VtiA
renters	p
rentes	p
renting	NVtiA
rents	pVti
renumbered	tA
renumbering	NtA
renumbers	t
renunciations	p
renvois	p
reobjected	tA
reobjecting	NtA
reobjects	t
reobserved	VA
reobserves	V
reobserving	NVA
reobtained	tA
reobtaining	NtA
reobtains	t
reoccupations	p
reoccupied	tA
reoccupies	t
reoccupying	NtA
reoccurred	iA
reoccurrences	p
reoccurring	NiA
reoccurs	i
reoffended	VA
reoffending	NVA
reoffends	V
reoffered	VA
reoffering	NVA
reoffers	pV
reoiled	VA
reoiling	NVA
reoils	V
reopened	tiA
reopening	NtiA
reopens	ti
reoperated	tA
reoperates	t
reoperating	NtA
reoperations	p
reopposed	tA
reopposes	t
reopposing	NtA
reorchestrated	VA
reorchestrates	V
reorchestrating	NVA
reorchestrations	p
reordained	tA
reordaining	NtA
reordains	t
reordered	tA
reordering	NtA
reorders	pt
reorganised	tiA
reorganisers	p
reorganises	ti
reorganising	NtiA
reorganizations	p
reorganized	tiA
reorganizers	p
reorganizes	ti
reorganizing	NtiA
reorientated	tA
reorientates	t
reorientating	NtA
reorientations	p
reoriented	tiA
reorienting	NtiA
reorients	ti
reoutfits	t
reoutfitted	tA
reoutfitting	NtA
reoxidised	VA
reoxidises	V
reoxidising	NVA
reoxidized	VA
reoxidizes	V
reoxidizing	NVA
repacified	tA
repacifies	t
repacifying	NtA
repackaged	tA
repackages	t
repackaging	NtA
repacked	VA
repacking	NVA
repacks	V
repaginated	tA
repaginates	t
repaginating	NtA
repainted	tA
repainting	NtA
repaints	pt
repaired	tiA
repairers	p
repairing	NtiA
repairs	pti
repandly	v
repaneled	tA
repaneling	NtA
repanels	t
repapered	tA
repapering	NtA
repapers	t
reparations	p
reparked	VA
reparking	NVA
reparks	V
repartees	p
repartitioned	tA
repartitioning	NtA
repartitions	pt
repassages	p
repasted	tiA
repasting	NtiA
repasts	pi
repatched	VA
repatches	V
repatching	NVA
repatriated	VtA
repatriates	pVt
repatriating	NVtA
repatterned	tA
repatterning	NtA
repatterns	t
repaved	tA
repaves	t
repaving	NtA
repaying	NVA
repayments	p
repays	V
repealed	tA
repealers	p
repealing	NtA
repeals	pt
repeatabilities	p
repeatably	v
repeated	VtiA
repeaters	p
repeating	NVtiA
repeats	pVti
repechages	p
repelled	VA
repellences	p
repellencies	p
repellents	p
repellers	p
repelling	NVA
repels	V
repentances	p
repented	VA
repenter	A
repenting	NVA
repents	V
repeopled	tA
repeoples	t
repeopling	NtA
repercussions	p
repertoires	p
reperusals	p
reperused	tA
reperuses	t
reperusing	NtA
repetends	p
repetitions	p
repetitiously	v
repetitivenesses	p
rephotographed	tA
rephotographing	NtA
rephotographs	pt
rephrased	tA
rephrases	t
rephrasing	NtA
repined	tiA
repiners	p
repines	i
repining	NtiA
repinings	i
repinned	tA
repinning	NtA
repins	t
replaced	tA
replacements	p
replaces	t
replacing	NtA
replanned	tA
replanning	NtA
replans	t
replanted	tA
replanting	NtA
replants	t
replastered	tA
replastering	NtA
replasters	t
replated	tA
replates	t
replating	NtA
replayed	VA
replaying	NVA
replays	pV
repleaded	VA
repleaders	p
repleading	NVA
repleads	V
repledged	tA
repledges	t
repledging	NtA
replenished	tA
replenishes	t
replenishing	NtA
repletenesses	p
repletions	p
replevied	VA
replevies	pV
replevined	VA
replevining	NVA
replevins	pV
replevying	NVA
replicas	p
replicated	VA
replicates	V
replicating	NVA
replications	p
replied	VtA
repliers	p
replies	pVt
replots	t
replotted	tA
replotting	NtA
replowed	tA
replowing	NtA
replows	t
replunged	VA
replunges	V
replunging	NVA
replying	NVtA
repointed	tA
repointing	NtA
repoints	t
repolarizations	p
repolarized	tA
repolarizes	t
repolarizing	NtA
repolished	VA
repolishes	pV
repolishing	NVA
reponed	tA
repones	t
reponing	NtA
repopularized	tA
repopularizes	t
repopularizing	NtA
repopulated	tA
repopulates	t
repopulating	NtA
repopulations	p
reportages	p
reported	VtiA
reporters	p
reporting	NVtiA
reports	pVti
reposals	p
reposed	VtiA
reposefulnesses	p
reposers	p
reposes	pVti
reposing	NVtiA
reposited	tA
repositing	NtA
repositioned	tA
repositioning	NtA
repositions	pt
reposits	t
repossessed	tA
repossesses	t
repossessing	NtA
repossessions	p
repossessors	p
reposted	tA
reposting	NtA
reposts	t
repots	V
repotted	VA
repotting	NVA
repoured	tA
repouring	NtA
repours	t
repoussages	p
repps	p
reprehended	tA
reprehenders	p
reprehending	NtA
reprehends	t
reprehensibilities	p
reprehensiblenesses	p
reprehensions	p
representationalisms	p
representationalists	p
representationally	v
representations	p
representativenesses	p
representatives	p
represented	tA
representing	NtA
represents	t
repressed	tA
repressers	p
represses	t
repressibly	v
repressing	NtA
repressions	p
repressivenesses	p
repressors	p
repriced	tA
reprices	t
repricing	NtA
reprieved	tA
reprieves	pt
reprieving	NtA
reprimanded	tA
reprimanding	NtA
reprimands	pt
reprimed	tA
reprimes	t
repriming	NtA
reprinted	VtA
reprinters	p
reprinting	NVtA
reprints	pVt
reprisals	p
reprised	VA
reprises	pV
reprising	NVA
reproachablenesses	p
reproached	tA
reproachers	p
reproaches	pt
reproachfulnesses	p
reproaching	NtA
reprobated	tA
reprobater	A
reprobates	pt
reprobating	NtA
reprobations	p
reprobed	VA
reprobes	V
reprobing	NVA
reprocessed	tA
reprocesses	t
reprocessing	NtA
reproduced	ViA
reproducers	p
reproduces	Vi
reproducibilities	p
reproducibly	v
reproducing	NViA
reproductions	p
reproductivenesses	p
reprogrammed	VtA
reprogramming	NVtA
reprograms	Vt
reprographies	p
reproofs	p
repros	p
reprovals	p
reproved	tA
reproves	t
reproving	NtA
reprovings	V
reprovisioned	VA
reprovisioning	NVA
reprovisions	V
reps	p
reptiles	p
reptilianly	v
reptilians	p
republicanisations	p
republicanised	tA
republicanises	t
republicanising	NtA
republicanisms	p
republicanizations	p
republicanized	tA
republicanizes	t
republicanizing	NtA
republicans	p
republications	p
republics	p
republished	tA
republishes	t
republishing	NtA
repudiated	tA
repudiates	t
repudiating	NtA
repudiations	p
repugnances	p
repugnantly	v
repugned	VA
repugning	NVA
repugns	V
repulsed	tA
repulsers	p
repulses	pt
repulsing	NtA
repulsions	p
repulsivenesses	p
repunctuations	p
repurified	VA
repurifies	V
repurifying	NVA
repurposed	tA
repursued	tA
repursues	t
repursuing	NtA
reputabilities	p
reputations	p
reputed	tA
reputes	pt
reputing	NtA
requalifications	p
requalified	VA
requalifies	V
requalifying	NVA
requested	tA
requesting	NtA
requests	pt
requickened	VA
requickening	NVA
requickens	V
requiescats	p
required	VA
requirements	p
requires	V
requiring	NVA
requirings	t
requisitenesses	p
requisites	p
requisitioned	tA
requisitioning	NtA
requisitionists	p
requisitions	pt
requitals	p
requited	tA
requitements	p
requiters	p
requites	t
requiting	NtA
requoted	tA
requotes	t
requoting	NtA
reradiated	VA
reradiates	V
reradiating	NVA
reradiations	p
rereading	NVA
rereadings	V
rereads	V
reredoses	p
reregistered	VA
reregistering	NVA
reregisters	V
reregistrations	p
reregulated	tA
reregulates	t
reregulating	NtA
reregulations	p
rerented	tA
rerenting	NtA
rerents	t
rerises	V
rerising	NVA
rerolled	VA
rerolling	NVA
rerolls	V
rerouted	VA
reroutes	V
rerouting	NVA
rerunning	NVtA
reruns	pVt
resaddled	VA
resaddles	V
resaddling	NVA
resailed	iA
resailing	NiA
resails	i
resales	p
resaluted	VA
resalutes	V
resaluting	NVA
resampled	tA
resamples	t
resampling	NtA
resawed	tA
resawing	NtA
resaws	pt
rescheduled	tA
reschedules	t
rescheduling	NtA
reschooled	tA
reschooling	NtA
reschools	t
rescinded	tA
rescinding	NtA
rescinds	t
rescissions	p
rescripts	p
rescued	VA
rescues	pV
rescuing	NVA
resealed	tA
resealing	NtA
reseals	t
researched	VA
researches	pV
researching	NVA
reseasoned	VA
reseasoning	NVA
reseasons	V
reseated	tA
reseating	NtA
reseats	t
resections	p
resects	p
resecured	VA
resecures	V
resecuring	NVA
resedas	p
reseeded	VA
reseeding	NVA
reseeds	V
reseeking	NtA
reseeks	t
resegregated	VA
resegregates	V
resegregating	NVA
resegregations	p
reseized	tA
reseizes	t
reseizing	NtA
reselected	tA
reselecting	NtA
reselections	p
reselects	t
resellers	p
reselling	NVA
resells	V
resemblances	p
resembled	tA
resembles	t
resembling	NtA
resending	NtA
resends	t
resensitized	tA
resensitizes	t
resensitizing	NtA
resented	tA
resentenced	tA
resentences	pt
resentencing	NtA
resentfulnesses	p
resenting	NtA
resentments	p
resents	t
reserpines	p
reservations	p
reserved	tA
reservednesses	p
reserves	pt
reserviced	tA
reservices	t
reservicing	NtA
reserving	NtA
reservists	p
reservoirs	p
reses	p
resets	pVt
resetters	p
resetting	NVtA
resettled	VA
resettlements	p
resettles	V
resettling	NVA
resewed	tA
resewing	NtA
resews	t
reshaped	tA
reshapes	t
reshaping	NtA
resharpened	VA
resharpening	NVA
resharpens	V
reshaved	VA
reshaves	V
reshaving	NVA
reshes	p
reshined	VA
reshines	V
reshingled	tA
reshingles	t
reshingling	NtA
reshining	NVA
reshipments	p
reshoeing	NtA
reshoes	t
reshooting	NVA
reshoots	V
reshowed	VA
reshowered	VA
reshowering	NVA
reshowers	V
reshowing	NVA
reshows	V
reshuffled	tA
reshuffles	pt
reshuffling	NtA
resided	iA
residences	p
residencies	p
residenter	A
residentially	v
residentiaries	p
residents	p
residentships	p
residers	p
resides	i
residing	NiA
residually	v
residuals	p
residues	p
residuums	p
resifted	tA
resifting	NtA
resifts	t
resighted	tA
resighting	NtA
resights	t
resignations	p
resigned	VtA
resignedly	v
resigning	NVtA
resigns	Vt
resiled	iA
resiles	i
resiliences	p
resiling	NiA
resilvered	tA
resilvering	NtA
resilvers	t
resinated	tA
resinates	t
resinating	NtA
resined	tA
resinified	tiA
resinifies	ti
resinifying	NtiA
resining	NtA
resinoids	p
resinousnesses	p
resins	pt
resistances	p
resistants	p
resisted	VtA
resisters	p
resistibilities	p
resisting	NVtA
resistivenesses	p
resistivities	p
resistlessnesses	p
resistors	p
resists	pVt
resited	VA
resiting	NVA
resits	V
resitting	NVA
resittings	V
resituated	tA
resituates	t
resituating	NtA
resketched	tA
resketches	t
resketching	NtA
resmoothed	tA
resmoothing	NtA
resmooths	t
resnatrons	p
resoaked	VA
resoaking	NVA
resoaks	V
resoftened	VA
resoftening	NVA
resoftens	V
resoiled	tA
resoiling	NtA
resoils	t
resoldered	VA
resoldering	NVA
resolders	V
resolidifications	p
resolidified	VA
resolidifies	V
resolidifying	NVA
resolubilities	p
resolublenesses	p
resolutenesses	p
resoluter	A
resolutest	A
resolutioners	p
resolutions	p
resolvabilities	p
resolvablenesses	p
resolved	VA
resolvednesses	p
resolvents	p
resolvers	p
resolves	pV
resolving	NVA
resonances	p
resonated	VA
resonates	V
resonating	NVA
resonations	p
resonators	p
resorbed	tA
resorbing	NtA
resorbs	t
resorcinols	p
resorptions	p
resorted	iA
resorting	NiA
resorts	pi
resounded	iA
resounding	NiA
resounds	i
resourcefulnesses	p
resources	p
resowed	tA
resowing	NtA
resows	t
respaced	tA
respaces	t
respacing	NtA
respaded	tA
respades	t
respading	NtA
respectably	v
respected	tA
respecters	p
respectfulnesses	p
respecting	NtA
respectivenesses	p
respects	pt
respirabilities	p
respirations	p
respirators	p
respired	ViA
respires	Vi
respiring	NViA
respirometries	p
respited	tA
respites	pt
respiting	NtA
resplendences	p
resplendently	v
respliced	tA
resplices	t
resplicing	NtA
responded	ViA
respondences	p
respondents	p
responding	NViA
responds	pVi
responsers	p
responses	p
responsiblenesses	p
responsions	p
responsivenesses	p
responsors	p
resprayed	VA
respraying	NVA
resprays	V
respreading	NVA
respreads	V
respringing	NVA
resprings	V
ressentiments	pti
restabilized	tA
restabilizes	t
restabilizing	NtA
restabled	tA
restables	t
restabling	NtA
restacked	tA
restacking	NtA
restacks	t
restaffed	tA
restaffing	NtA
restaffs	t
restaged	tA
restages	t
restaging	NtA
restamped	VA
restamping	NVA
restamps	V
restarted	VA
restarting	NVA
restarts	pV
restated	tA
restatements	p
restates	t
restating	NtA
restaurants	p
restaurateurs	p
rested	VtiA
resterilized	tA
resterilizes	t
resterilizing	NtA
resters	p
restfuller	A
restfullest	A
restfulnesses	p
restharrows	p
restimulated	tA
restimulates	t
restimulating	NtA
restimulations	p
resting	NVtiA
restitched	tA
restitches	t
restitching	NtA
restitutions	p
restivenesses	p
restlessnesses	p
restocked	tiA
restocking	NtiA
restocks	ti
restorations	p
restoratively	v
restoratives	p
restored	tA
restorers	p
restores	t
restoring	NtA
restraightened	VA
restraightening	NVA
restraightens	V
restrained	tA
restrainers	p
restraining	NtA
restrains	t
restraints	p
restrengthened	VA
restrengthening	NVA
restrengthens	V
restressed	tA
restresses	t
restressing	NtA
restricted	VA
restricting	NVA
restrictions	p
restrictivenesses	p
restricts	V
restrikes	pti
restriking	NtiA
restringed	VA
restringing	NVA
restrings	V
restrives	i
restriving	NiA
restructured	VA
restructures	V
restructuring	NVA
restructurings	V
rests	pVti
restuffed	tA
restuffing	NtA
restuffs	t
restyled	VA
restyles	V
restyling	NVA
resubmerged	VA
resubmerges	V
resubmerging	NVA
resubmissions	p
resubmits	V
resubmitted	VA
resubmitting	NVA
resubscribed	VA
resubscribes	V
resubscribing	NVA
resultantly	v
resultants	p
resulted	iA
resulting	NiA
results	pi
resumed	VtA
resumers	p
resumes	Vt
resuming	NVtA
resummoned	tA
resummoning	NtA
resummons	t
resumptions	p
resupplied	tA
resupplies	t
resupplying	NtA
resurfaced	tA
resurfaces	t
resurfacing	NtA
resurged	iA
resurgences	p
resurges	i
resurging	NiA
resurrected	VtA
resurrecting	NVtA
resurrectionisms	p
resurrectionists	p
resurrections	p
resurrects	Vt
resuscitated	tA
resuscitates	t
resuscitating	NtA
resuscitations	p
resuscitators	p
resynthesises	p
resynthesized	tA
resynthesizes	t
resynthesizing	NtA
resystematized	tA
resystematizes	t
resystematizing	NtA
retables	p
retabulated	tA
retabulates	t
retabulating	NtA
retacked	tA
retacking	NtA
retacks	t
retailed	VtA
retailer	A
retailers	p
retailing	NVtA
retails	pVt
retained	tA
retainers	p
retaining	NtA
retains	t
retakers	p
retakes	pVt
retaking	NVtA
retaliated	tiA
retaliates	ti
retaliating	NtiA
retaliations	p
retaliators	p
retaped	tA
retapes	t
retaping	NtA
retardants	p
retardates	p
retardations	p
retarded	tA
retarders	p
retarding	NtA
retardments	p
retards	t
retasted	VA
retastes	V
retasting	NVA
retaxed	tA
retaxes	t
retaxing	NtA
retched	iA
retches	pi
retching	NiA
reteaches	V
reteaching	NVA
retearing	NVA
retears	V
retelevised	tA
retelevises	t
retelevising	NtA
retelling	NVA
retellings	V
retells	V
retempered	tA
retempering	NtA
retempers	t
retems	p
retenes	p
retentionists	p
retentions	p
retentively	v
retentivities	p
retes	p
retested	tA
retestified	VA
retestifies	V
retestifying	NVA
retesting	NtA
retests	pt
rethinking	NVA
rethinks	pV
rethreaded	VA
rethreading	NVA
rethreads	V
retiariuses	p
reticently	v
reticles	p
reticulated	VA
reticulates	V
reticulating	NVA
reticulations	p
reticules	p
reticulocytes	p
reticulums	p
retied	tA
reties	t
retightened	VA
retightening	NVA
retightens	V
retiled	tA
retiles	t
retiling	NtA
retimed	tA
retimes	t
retiming	NtA
retinenes	p
retinites	p
retinols	p
retinoscopes	p
retinoscopies	p
retinted	tA
retinting	NtA
retints	t
retinues	p
retired	VtA
retirednesses	p
retirees	p
retirements	p
retirers	p
retires	Vt
retiring	NVtA
retiringly	v
retitled	tA
retitles	t
retitling	NtA
retooled	VA
retooling	NVA
retools	V
retorsions	p
retorted	VtA
retorters	p
retorting	NVtA
retortions	p
retorts	pVt
retotaled	tA
retotaling	NtA
retotals	t
retouched	tA
retouchers	p
retouches	pt
retouching	NtA
retraced	tA
retraces	t
retracing	NtA
retracked	VA
retracking	NVA
retracks	V
retractabilities	p
retractations	p
retracted	tiA
retractibilities	p
retractilities	p
retracting	NtiA
retractions	p
retractivenesses	p
retractors	p
retracts	ti
retrained	VA
retraining	NVA
retrains	V
retransferred	tA
retransferring	NtA
retransfers	pt
retranslated	tA
retranslates	t
retranslating	NtA
retranslations	p
retransmissions	p
retransmits	t
retransmitted	tA
retransmitting	NtA
retreaded	VtA
retreading	NVtA
retreads	pVt
retreated	VtA
retreating	NVtA
retreats	pVt
retrenched	VtA
retrenches	Vt
retrenching	NVtA
retrenchments	p
retrials	p
retributions	p
retried	VA
retries	V
retrievably	v
retrievals	p
retrieved	VA
retrievers	p
retrieves	pV
retrieving	NVA
retrievings	V
retroacted	iA
retroacting	NiA
retroactions	p
retroactively	v
retroacts	i
retroceded	tiA
retrocedes	ti
retroceding	NtiA
retrocessions	p
retrochoirs	p
retrofires	p
retrofits	V
retrofitted	VA
retrofitting	NVA
retroflexions	p
retrogradations	p
retrograded	iA
retrogrades	i
retrograding	NiA
retrogressed	iA
retrogresses	i
retrogressing	NiA
retrogressions	p
retrogressively	v
retrojected	tA
retrojecting	NtA
retrojects	t
retropacks	p
retrorockets	p
retros	p
retrospected	ViA
retrospecting	NViA
retrospections	p
retrospectives	p
retrospects	pVi
retroversions	p
retrying	NVA
rets	V
retsinas	p
retted	VA
retting	NVA
retuned	tA
retunes	t
retuning	NtA
returfed	tA
returfing	NtA
returfs	t
returned	tiA
returnees	p
returning	NtiA
returns	pti
retwisted	VA
retwisting	NVA
retwists	V
retying	NtA
retyped	tA
retypes	t
retyping	NtA
reunifications	p
reunified	VA
reunifies	V
reunifying	NVA
reunionisms	p
reunionists	p
reunions	p
reunited	VA
reuniters	p
reunites	V
reuniting	NVA
reupholstered	tA
reupholstering	NtA
reupholsters	t
reusabilities	p
reused	VA
reuses	V
reusing	NVA
reutilised	tA
reutilises	t
reutilising	NtA
reutilizations	p
reutilized	tA
reutilizes	t
reutilizing	NtA
reuttered	tA
reuttering	NtA
reutters	t
revaccinated	tA
revaccinates	t
revaccinating	NtA
revaccinations	p
revalidated	tA
revalidates	t
revalidating	NtA
revalidations	p
revalorized	tA
revalorizes	t
revalorizing	NtA
revaluated	tA
revaluates	t
revaluating	NtA
revaluations	p
revalued	VtA
revalues	Vt
revaluing	NVtA
revamped	tA
revampers	p
revamping	NtA
revampments	p
revamps	pt
revanches	p
revanchisms	p
revarnished	tA
revarnishes	t
revarnishing	NtA
revealed	tA
revealers	p
revealing	NtA
revealments	p
reveals	pt
revegetated	iA
revegetates	i
revegetating	NiA
revegetations	p
reveilles	p
revelationists	p
revelations	p
revelators	p
reveled	VA
reveling	NVA
revelings	V
revelled	VA
revelling	NVA
revellings	V
revelries	p
revels	pV
revenants	p
revenged	tA
revengefulnesses	p
revengers	p
revenges	pt
revenging	NtA
revengings	V
revenuers	p
revenues	p
reverberated	tiA
reverberates	ti
reverberating	NtiA
reverberations	p
reverberatively	v
reverberators	p
revered	tA
reverenced	tA
reverencers	p
reverences	pt
reverencing	NtA
reverends	p
reverently	v
reverers	p
reveres	t
reveries	p
reverifications	p
reverified	tA
reverifies	t
reverifying	NtA
revering	NtA
reversals	p
reversed	VA
reverser	A
reversers	p
reverses	pV
reversibilities	p
reversiblenesses	p
reversibles	p
reversing	NVA
reversioners	p
reversions	p
reversos	p
reverted	ViA
reverters	p
reverting	NViA
reverts	pVi
revested	VA
revesting	NVA
revests	V
revetments	p
revets	V
revetted	VA
revetting	NVA
revictualed	VA
revictualing	NVA
revictuals	V
reviewed	VA
reviewing	NVA
reviews	pV
reviled	VA
revilements	p
revilers	p
reviles	V
reviling	NVA
revilings	V
revindicated	tA
revindicates	t
revindicating	NtA
revindications	p
revisals	p
revised	tA
revises	pt
revising	NtA
revisionisms	p
revisionists	p
revisions	p
revisitations	p
revisited	VA
revisiting	NVA
revisits	V
revisualizations	p
revisualized	VA
revisualizes	V
revisualizing	NVA
revitalisations	p
revitalised	tA
revitalises	t
revitalising	NtA
revitalizations	p
revitalized	tA
revitalizes	t
revitalizing	NtA
revivabilities	p
revivalisms	p
revivalists	p
revivals	p
revived	VtA
revivers	p
revives	Vt
revivifications	p
revivified	VA
revivifies	V
revivifying	NVA
reviving	NVtA
revivings	V
reviviscences	p
revivors	p
revocabilities	p
revocations	p
revoiced	iA
revoices	i
revoicing	NiA
revoked	tiA
revokes	pti
revoking	NtiA
revolted	iA
revolters	p
revolting	NiA
revolts	pi
revolutionarinesses	p
revolutionised	tA
revolutionisers	p
revolutionises	t
revolutionising	NtA
revolutionists	p
revolutionized	tA
revolutionizers	p
revolutionizes	t
revolutionizing	NtA
revolutions	p
revolved	ViA
revolvers	p
revolves	Vi
revolving	NViA
revoted	VA
revotes	pV
revoting	NVA
revs	pV
revues	p
revuists	p
revulsions	p
revved	VA
revving	NVA
rewaked	VA
rewakened	VA
rewakening	NVA
rewakens	V
rewakes	V
rewaking	NVA
rewarded	tA
rewarding	NtA
rewardingly	v
rewards	pt
rewarmed	VA
rewarming	NVA
rewarms	V
rewashed	VA
rewashes	V
rewashing	NVA
rewaxed	VA
rewaxes	V
rewaxing	NVA
rewearing	NVA
rewears	V
reweaves	V
reweaving	NVA
rewedded	VA
rewedding	NVA
reweds	V
reweighed	VA
reweighing	NVA
reweighs	V
rewelded	VA
rewelding	NVA
rewelds	V
rewets	V
rewetted	VA
rewetting	NVA
rewidened	VA
rewidening	NVA
rewidens	V
rewinded	VtA
rewinding	NVtA
rewinds	pVt
rewinning	NtA
rewins	t
rewired	tA
rewires	t
rewiring	NtA
reworded	tA
rewording	NtA
rewords	t
reworked	tA
reworking	NtA
reworks	t
rewrapped	VA
rewrapping	NVA
rewraps	V
rewriters	p
rewrites	pVt
rewriting	NVtA
rexes	p
rezoned	tA
rezones	t
rezoning	NtA
rhabdomancies	p
rhabdomyomas	p
rhachises	p
rhamphothecas	p
rhapsodically	v
rhapsodists	p
rhapsodized	ViA
rhapsodizes	Vi
rhapsodizing	NViA
rheas	p
rheboks	p
rheniums	p
rheobases	p
rheologically	v
rheologies	p
rheologists	p
rheometers	p
rheostats	p
rheotropes	p
rheotropisms	p
rhetorically	v
rhetoricians	p
rhetorics	p
rhetors	p
rheumatics	p
rheumatisms	p
rheumatologies	p
rheumier	A
rheumiest	A
rheums	p
rhinestones	p
rhinologies	p
rhinologists	p
rhinoplasties	p
rhinoscopes	p
rhinoscopies	p
rhizocephalans	p
rhizoids	p
rhizomes	p
rhizomorphs	p
rhizopodans	p
rhizopods	p
rhizopuses	p
rhizospheres	p
rhodamines	p
rhodiums	p
rhodochrosites	p
rhododendrons	p
rhodolites	p
rhodonites	p
rhodopsins	p
rhombohedrons	p
rhomboids	p
rhombs	p
rhos	p
rhotacisms	p
rhubarbing	NVA
rhubarbs	pV
rhumbas	p
rhumbs	p
rhymed	VA
rhymes	pV
rhymesters	p
rhyming	NVA
rhynchocephalians	p
rhyolites	p
rhythmically	v
rhythmics	p
rhythmists	p
rhythms	p
rhytons	p
rials	p
rialtos	p
rias	p
riatas	p
ribaldries	p
ribalds	p
ribands	p
ribbands	p
ribbed	VtA
ribbing	NVtA
ribbings	p
ribboned	tA
ribbonfishes	p
ribboning	NtA
ribbons	pt
ribgrasses	p
riboflavins	p
ribonucleases	p
riboses	p
ribosomes	p
ribs	pVt
ribworts	p
ricebirds	p
riced	tA
ricercares	p
ricercars	p
ricers	p
rices	pt
richer	A
richest	A
richnesses	p
richweeds	p
ricing	NtA
ricins	p
ricked	tA
ricketier	A
ricketiest	A
ricketily	v
ricketinesses	p
ricking	NtA
rickles	pt
rickracks	p
ricks	pt
rickshaws	p
ricocheted	VA
ricocheting	NVA
ricochets	pV
ricottas	p
rictuses	p
riddances	p
ridders	p
ridding	NVA
riddled	VtiA
riddles	pVti
riddling	NVtiA
riddlings	V
riders	p
rides	pVti
ridged	VA
ridgelings	p
ridgepoles	p
ridges	pV
ridgeways	p
ridging	NVA
ridgings	V
ridiculed	tA
ridiculers	p
ridicules	pt
ridiculing	NtA
ridiculousnesses	p
riding	NVtiA
ridings	p
rids	V
riels	p
riempies	p
rieslings	p
rifenesses	p
rifer	A
rifest	A
riffed	iA
riffing	NiA
riffled	VA
rifflers	p
riffles	pV
riffling	NVA
riffraffs	p
riffs	pi
riflebirds	p
rifled	tA
rifleries	p
riflers	p
rifles	pt
rifling	NtA
riflings	p
rifted	VA
rifting	NVA
rifts	pV
rigadoons	p
rigatonis	p
rigged	VA
riggers	p
rigging	NVA
riggings	p
righted	VA
rightened	tA
rightening	NtA
rightens	t
righteousnesses	p
righter	A
rightest	A
rightfulnesses	p
righties	p
righting	NVA
rightisms	p
rightists	p
rightnesses	p
rights	pV
rigidified	VA
rigidifies	V
rigidifying	NVA
rigidly	v
rigmaroles	p
rigols	p
rigorisms	p
rigorists	p
rigorously	v
rigors	p
rigs	pV
rikishas	p
riled	tA
riles	t
rilievos	p
riling	NtA
rillets	p
rills	p
rimed	VtA
rimers	p
rimes	pt
rimesters	p
rimier	A
rimiest	A
riming	NVtA
rimmed	VtA
rimming	NVtA
rimosities	p
rimpled	tiA
rimples	pti
rimpling	NtiA
rimrocks	p
rims	pVt
rimus	p
rinderpests	p
rinds	p
ringbolts	p
ringbones	p
ringdoves	p
ringed	VtA
ringers	p
ringgits	p
ringhalses	p
ringing	NVtA
ringings	V
ringleaders	p
ringlets	p
ringmasters	p
ringnecks	p
rings	pVt
ringsides	p
ringsters	p
ringtails	p
ringworms	p
rinks	p
rins	p
rinsed	tA
rinses	pt
rinsing	NtA
rinsings	V
rioted	tiA
rioters	p
rioting	NtiA
riotousnesses	p
riots	pti
riparians	p
ripcords	p
riped	VtiA
ripened	VA
ripenesses	p
ripening	NVA
ripens	V
riper	A
ripest	A
ripienos	p
riping	NVtiA
riposted	iA
ripostes	pi
riposting	NiA
ripped	VtiA
rippers	p
ripping	NVtiA
rippled	tiA
rippler	A
ripplers	p
ripples	pti
ripplets	p
ripplier	A
rippliest	A
rippling	NtiA
ripplings	V
ripply	v
riprapped	tA
riprapping	NtA
ripraps	pt
rips	pVti
ripsaws	p
ripsnorters	p
riptides	p
risers	p
rises	pVt
rishis	p
risibly	v
rising	NVtA
risings	p
risked	tA
riskers	p
riskinesses	p
risking	NtA
risks	pt
risottos	p
rites	p
ritornellos	p
rits	p
ritters	p
ritualises	p
ritualisms	p
ritualists	p
ritualizations	p
ritualized	tiA
ritualizes	ti
ritualizing	NtiA
rituals	p
ritzes	pt
ritzinesses	p
rivages	p
rivaled	VtA
rivaling	NVtA
rivalled	VtA
rivalling	NVtA
rivals	pVt
rived	VA
riverbanks	p
riverheads	p
rivers	p
rives	V
riveted	tA
riveters	p
riveting	NtA
rivets	pt
riving	NVA
rivulets	p
riyals	p
roaches	p
roadabilities	p
roadbeds	p
roadblocks	p
roadholdings	p
roadrunners	p
roads	p
roadsteads	p
roadsters	p
roadways	p
roadworks	p
roamed	VA
roaming	NVA
roams	pV
roans	p
roared	VtA
roarers	p
roaring	NVtA
roarings	p
roars	pVt
roasted	ViA
roasters	p
roasting	NViA
roastings	p
roasts	pVi
robands	p
robbed	VtA
robbers	p
robbing	NVtA
robbins	p
robed	VtA
robers	p
robes	pV
robing	NVtA
robinias	p
robins	p
robles	p
roborants	p
robotizations	p
robotized	tA
robotizes	t
robotizing	NtA
robots	p
robs	Vt
robuster	A
robustest	A
robustnesses	p
rocailles	p
rocamboles	p
rochets	p
rockabillies	p
rockaways	p
rocked	VtiA
rockers	p
rocketed	tiA
rocketeers	p
rocketing	NtiA
rocketries	p
rockets	pti
rocketsondes	p
rockfishes	p
rockily	v
rockinesses	p
rocking	NVtiA
rockoons	p
rockroses	p
rocks	pVti
rockshafts	p
rockweeds	p
rococos	p
rocs	p
roded	VA
rodenticides	p
rodents	p
rodes	pV
roding	NVA
rodomontaded	iA
rodomontades	pi
rodomontading	NiA
rods	p
roebucks	p
roemers	p
roentgenized	tA
roentgenizes	t
roentgenizing	NtA
roentgenograms	p
roentgenographies	p
roentgenologies	p
roentgenologists	p
roentgenotherapies	p
roentgens	p
roes	p
rogations	p
rogered	VA
rogering	NVA
rogers	V
rogued	tA
rogues	pt
roguing	NtA
roguishnesses	p
roiled	tiA
roiling	NtiA
roils	ti
roistered	iA
roisterers	p
roistering	NiA
roisters	i
rokes	p
roles	p
rollaways	p
rollbacks	p
rollbars	p
rolled	VtiA
rollers	p
rollicked	iA
rollicking	NiA
rollicks	pi
rolling	NVtiA
rollmops	p
rollnecks	p
rollocks	p
rolls	pVti
rollways	p
romaines	p
romajis	p
romanced	ViA
romancers	p
romances	pVi
romancing	NViA
romanticises	p
romanticisms	p
romanticizations	p
romanticized	tiA
romanticizes	ti
romanticizing	NtiA
romantics	p
romaunts	p
romped	iA
romping	NiA
romps	pi
roms	p
rondelets	p
rondelles	p
rondels	p
rondes	p
rondures	p
rones	p
ronggengs	p
ronyons	p
roods	p
roofed	tA
roofers	p
roofing	NtA
roofings	p
roofs	pt
rooftrees	p
rooineks	p
rooked	tA
rookies	p
rooking	NtA
rooks	pt
roomed	iA
roomers	p
roomettes	p
roomfuls	p
roominesses	p
rooming	NiA
roommates	p
rooms	pi
roorbacks	p
roos	p
roosed	tA
rooses	t
roosing	NtA
roosted	iA
roosters	p
roosting	NiA
roosts	pi
rootages	p
rooted	tiA
rootedly	v
rooters	p
rooting	NtiA
rootled	iA
rootles	i
rootlessly	v
rootlessnesses	p
rootlets	p
rootling	NiA
roots	pti
rootstocks	p
rootworms	p
roped	tiA
ropedancers	p
ropedancings	p
ropers	p
ropes	pti
ropewalks	p
ropeways	p
ropinesses	p
roping	NtiA
ropings	pV
roques	p
roqueted	VA
roqueting	NVA
roquets	pV
rorquals	p
rorts	p
rosaces	p
rosanilines	p
rosarians	p
roseately	v
rosebays	p
rosebuds	p
rosebushes	p
rosed	VtA
rosefishes	p
rosehips	p
rosellas	p
roselles	p
rosemalings	p
roseolas	p
roseries	p
roses	pVt
rosets	p
rosettes	p
rosewoods	p
rosier	A
rosiest	A
rosined	tA
rosinesses	p
rosing	NVtA
rosining	NtA
rosins	pt
rosinweeds	p
rostellums	p
rostered	tA
rostering	NtA
rosters	pt
rostrally	v
rostrocarinates	p
rostrums	p
rotas	p
rotated	VA
rotates	V
rotating	NVA
rotations	p
roted	VtiA
rotenones	p
rotes	p
rotguts	p
rotifers	p
roting	NVtiA
rotis	p
rotisseries	p
rotls	p
rotogravures	p
rotors	p
rots	pVti
rotted	VtiA
rottener	A
rottenest	A
rottenly	v
rottenstones	p
rotters	p
rottes	p
rotting	NVtiA
rotundas	p
rotundly	v
roubles	p
rouged	tA
rouges	pt
roughages	p
roughcaster	A
roughcasters	p
roughcasting	NVA
roughcasts	pV
roughed	tA
roughened	VA
roughening	NVA
roughens	V
rougher	A
roughers	p
roughest	A
roughhoused	VA
roughhouses	pV
roughhousing	NVA
roughing	NtA
roughnecks	p
roughnesses	p
roughriders	p
roughs	pt
rouging	NtA
roulades	p
rouletted	tA
roulettes	pt
rouletting	NtA
rounces	p
roundaboutly	v
roundabouts	p
rounded	VtA
roundednesses	p
roundelays	p
roundels	p
rounder	A
rounders	p
roundest	A
roundheadednesses	p
rounding	NVtA
roundings	p
roundishnesses	p
roundlets	p
roundnesses	p
rounds	pVt
roundups	pV
roundworms	p
rouped	tA
roupier	A
roupiest	A
rouping	NtA
roups	pt
rouseabouts	p
roused	VtiA
rousers	p
rouses	pVti
rousing	NVtiA
roustabouts	p
rousted	tA
rousting	NtA
rousts	t
routed	VtiA
routeing	NtA
routers	p
routes	pt
rouths	p
routines	p
routing	NVtiA
routings	pV
routinisms	p
routinists	p
routinized	tA
routinizes	t
routinizing	NtA
routs	pVti
roved	VtiA
rovers	p
roves	pVti
roving	NVtiA
rovings	pV
rowans	p
rowboats	p
rowdier	A
rowdies	p
rowdiest	A
rowdinesses	p
rowdyisms	p
rowed	VtiA
roweled	VtA
roweling	NVtA
rowelled	VtA
rowelling	NVtA
rowels	pVt
rowens	p
rowers	p
rowing	NVtiA
rowlocks	p
rows	pVti
royalised	tiA
royalises	ti
royalising	NtiA
royalisms	p
royalists	p
royalized	tiA
royalizes	ti
royalizing	NtiA
royals	p
rozzers	p
rs	p
rubaboos	p
rubasses	p
rubatos	p
rubbed	VtA
rubberier	A
rubberiest	A
rubberised	tA
rubberises	t
rubberising	NtA
rubberized	tA
rubberizes	t
rubberizing	NtA
rubbernecked	iA
rubbernecking	NiA
rubbernecks	pi
rubbers	p
rubbies	p
rubbing	NVtA
rubbings	p
rubbished	tA
rubbishes	pt
rubbishing	NtA
rubbles	p
rubbleworks	p
rubdowns	p
rubefactions	p
rubefied	tA
rubefies	pt
rubefying	NtA
rubellas	p
rubellites	p
rubeolas	p
rubes	p
rubescences	p
rubicundities	p
rubidiums	p
rubles	p
rubricated	tA
rubricates	t
rubricating	NtA
rubrications	p
rubricators	p
rubricians	p
rubrics	p
rubs	pVt
rubstones	p
ruches	p
ruchings	p
rucked	ViA
rucking	NViA
rucks	pVi
rucksacks	p
ruckuses	p
ructions	p
rudbeckias	p
rudderfishes	p
rudderposts	p
rudders	p
ruddinesses	p
ruddled	VA
ruddles	V
ruddling	NVA
ruddocks	p
rudds	p
rudenesses	p
ruder	A
ruderals	p
rudest	A
rudimentarinesses	p
rudiments	p
rued	VA
ruefully	v
rueing	NVA
ruers	p
rues	pV
rufescences	p
ruffes	p
ruffianisms	p
ruffians	p
ruffled	VtiA
rufflers	p
ruffles	pVti
ruffling	NVtiA
rufflings	V
ruffs	p
rugbies	p
ruggeder	A
ruggedest	A
ruggedized	tA
ruggedizes	t
ruggedizing	NtA
ruggers	p
ruggings	p
rugosities	p
rugs	p
ruinations	p
ruined	tiA
ruiners	p
ruing	NVA
ruings	V
ruining	NtiA
ruinousnesses	p
ruins	pti
ruled	VtiA
rulers	p
rules	pVti
ruling	NVtiA
rulings	p
rumbas	p
rumbled	VtiA
rumblers	p
rumbles	pVti
rumbling	NVtiA
rumbustiously	v
rumens	p
ruminants	p
ruminated	VA
ruminates	V
ruminating	NVA
rumly	v
rummaged	VA
rummagers	p
rummages	pV
rummaging	NVA
rummer	A
rummers	p
rummest	A
rummier	A
rummies	p
rummiest	A
rummily	v
rumored	tA
rumoring	NtA
rumormongers	p
rumors	t
rumoured	tA
rumouring	NtA
rumours	pt
rumpled	VA
rumples	pV
rumpling	NVA
rumps	p
rumrunners	p
rumrunnings	p
rums	p
runabouts	pV
runagates	p
runbacks	p
runches	p
rundles	p
rundlets	p
rundowns	p
runed	VtiA
runes	p
rungs	pV
runkles	p
runlets	p
runnels	p
runners	p
running	NVtiA
runningly	v
runnings	p
runoffs	p
runouts	p
runrounds	p
runs	Vti
runtinesses	p
runts	p
runways	p
rupees	p
rupiahs	p
ruptured	VA
ruptures	pV
rupturing	NVA
ruralisations	p
ruralised	tiA
ruralises	ti
ruralising	NtiA
ruralisms	p
ruralists	p
ruralites	p
ruralizations	p
ruralized	tiA
ruralizes	ti
ruralizing	NtiA
rurally	v
ruses	p
rushed	VtiA
rushees	p
rusher	A
rushers	p
rushes	pVti
rushing	NVtiA
rushings	p
rusks	p
russets	p
rusted	VA
rusticated	VtA
rusticates	Vt
rusticating	NVtA
rustications	p
rusticators	p
rusticly	v
rustics	p
rustinesses	p
rusting	NVA
rustled	VA
rustlers	p
rustles	pV
rustling	NVA
rustlings	V
rusts	pV
rutabagas	p
rutheniums	p
rutherfordiums	p
rutherfords	p
ruthfulnesses	p
ruthlessnesses	p
ruths	p
rutiles	p
rutins	p
ruts	pV
rutted	VA
ruttinesses	p
rutting	NVA
ruttings	V
ruttishly	v
ruttishnesses	p
ryals	p
ryegrasses	p
ryes	p
rykes	p
ryokans	p
ryots	p
sabadillas	p
sabatons	p
sabayons	p
sabbaticals	p
sabbats	p
sabered	VA
sabering	NVA
sabers	pV
sabins	p
sables	p
sabotaged	tA
sabotages	pt
sabotaging	NtA
saboteurs	p
sabots	p
sabras	p
sabred	tA
sabres	pt
sabretaches	p
sabring	NtA
sabulosities	p
sacatons	p
sacbuts	p
saccharases	p
saccharates	p
saccharides	p
saccharifies	p
saccharimeters	p
saccharimetries	p
saccharinities	p
saccharins	p
saccharometers	p
saccharoses	p
sacculations	p
saccules	p
sacerdotalisms	p
sacerdotalists	p
sacerdotally	v
sachems	p
sachets	p
sackbuts	p
sackcloths	p
sacked	tA
sackers	p
sacking	NtA
sackings	p
sacks	pt
sacques	p
sacramentalisms	p
sacramentalists	p
sacramentalities	p
sacramentals	p
sacraments	p
sacrariums	p
sacredly	v
sacrificed	VA
sacrificers	p
sacrifices	pV
sacrificially	v
sacrificing	NVA
sacrileges	p
sacrilegiousnesses	p
sacrings	p
sacristans	p
sacristies	p
sacroiliacs	p
sacrosanctities	p
sacrosanctly	v
sacrosanctnesses	p
sacrums	p
sacs	p
saddened	VA
saddening	NVA
saddens	V
sadder	A
saddest	A
saddlebacks	p
saddlebags	p
saddlebills	p
saddlebows	p
saddled	VtiA
saddlers	p
saddles	pVti
saddletrees	p
saddling	NVtiA
sadhes	p
sadhus	p
sadirons	p
sadis	p
sadisms	p
sadists	p
sadnesses	p
sadomasochisms	p
safeguarded	tA
safeguarding	NtA
safeguards	pt
safekeepings	p
safelights	p
safenesses	p
safer	A
safes	p
safest	A
saffians	p
safflowers	p
saffrons	p
safranines	p
safroles	p
sagaciousnesses	p
sagacities	p
sagamores	p
sagas	p
sagbuts	p
sagebrushes	p
sager	A
sages	p
sagest	A
saggars	p
sagged	VA
saggers	p
sagging	NVA
saggings	V
sagos	p
sags	pV
sahibs	p
saices	p
saidest	A
saids	pV
saigas	p
sailboats	p
sailcloths	p
sailed	VtA
sailers	p
sailfishes	p
sailing	NVtA
sailings	p
sailorings	p
sailors	p
sailplanes	p
sails	pVt
sained	tA
sainfoins	p
saining	NtA
sains	t
saintdoms	p
sainted	tA
sainthoods	p
sainting	NtA
saintlinesses	p
saints	pt
saithes	p
saiths	V
sakais	p
sakers	p
sakes	p
sakis	p
sakkoses	p
salaamed	VA
salaaming	NVA
salaams	pV
salabilities	p
salaciousnesses	p
salacities	p
salades	p
salads	p
salals	p
salamanders	p
salamis	p
salaried	VA
salaries	V
salarying	NVA
salchows	p
saleps	p
saleratuses	p
salerooms	p
sales	p
salesclerks	p
salesgirls	p
salesmanships	p
salespersons	p
salesrooms	p
salets	p
salicins	p
salicionals	p
salicornias	p
salicylates	p
saliences	p
salientians	p
salients	p
salified	VA
salifies	V
salifying	NVA
salimeters	p
salinas	p
salines	p
salinities	p
salinometers	p
salivas	p
salivated	tiA
salivates	ti
salivating	NtiA
salivations	p
salivators	p
sallets	p
sallied	ViA
salliers	p
sallies	Vi
sallowed	tA
sallower	A
sallowest	A
sallowing	NtA
sallowly	v
sallownesses	p
sallows	pt
sallying	NViA
salmagundis	p
salmis	p
salmonoids	p
salmons	p
salols	p
saloons	p
saloops	p
salopettes	p
salpicons	p
salpiglossises	p
salpingectomies	p
salpingitises	p
salpinxes	p
sals	p
salsifies	p
saltarellos	p
saltations	p
saltboxes	p
saltbushes	p
saltcellars	p
saltchucks	p
salted	tA
salter	A
salterns	p
salters	p
saltest	A
saltfishes	p
saltiers	p
saltiest	A
saltines	p
saltinesses	p
salting	NtA
saltires	p
saltly	v
saltnesses	p
saltpans	p
saltpeters	p
saltpetres	p
salts	t
saltworts	p
salubriousnesses	p
salubrities	p
salutarinesses	p
salutations	p
salutatorians	p
saluted	tA
saluters	p
salutes	pt
saluting	NtA
salvaged	tA
salvagers	p
salvages	pt
salvaging	NtA
salvationisms	p
salvationists	p
salvations	p
salved	VtA
salvers	p
salves	pVt
salvias	p
salving	NVtA
salvings	Vt
salvors	p
samadhis	p
samaras	p
samariums	p
samarskites	p
sambaed	VA
sambaing	NVA
sambars	p
sambas	V
sambucas	p
samekhs	p
samely	v
samenesses	p
samfoos	p
samiels	p
samisens	p
samites	p
samitis	p
samizdats	p
samlets	p
samovars	p
sampans	p
samphires	p
sampled	tA
samplers	p
samples	pt
sampling	NtA
samplings	p
samps	p
samsaras	p
samshus	p
samurais	p
sanatoriums	p
sanctifications	p
sanctified	VA
sanctifiedly	v
sanctifiers	p
sanctifies	V
sanctifying	NVA
sanctimonies	p
sanctimoniousnesses	p
sanctioned	tA
sanctioners	p
sanctioning	NtA
sanctions	pt
sanctities	p
sanctitudes	p
sandals	p
sandalwoods	p
sandaracs	p
sandbagged	VtA
sandbagging	NVtA
sandbags	pVt
sandbanks	p
sandblasted	tA
sandblasters	p
sandblasting	NtA
sandblasts	pt
sandblindnesses	p
sandboxes	p
sandburs	p
sanded	tA
sanderlings	p
sanders	p
sandfishes	p
sandglasses	p
sandgrouses	p
sandhogs	p
sanding	NtA
sandivers	p
sandlots	p
sandlotter	A
sandpapered	tA
sandpapering	NtA
sandpapers	pt
sandpipers	p
sandpits	p
sands	pt
sandsoaps	p
sandstones	p
sandstorms	p
sandwiched	tA
sandwiches	pt
sandwiching	NtA
sandworms	p
sandworts	p
sanenesses	p
sangarees	p
sangrias	p
sangs	V
sanguinarias	p
sanguinenesses	p
sanguines	p
sanicles	p
sanidines	p
sanitarians	p
sanitarinesses	p
sanitariums	p
sanitations	p
sanities	p
sanitisations	p
sanitised	tA
sanitises	t
sanitising	NtA
sanitizations	p
sanitized	tA
sanitizers	p
sanitizes	t
sanitizing	NtA
sanjaks	p
sannyasis	p
sansevierias	p
santals	p
santirs	p
santonicas	p
santonins	p
sapajous	p
sapeles	p
sapheads	p
sapidities	p
sapidnesses	p
sapiences	p
sapiencies	p
saplessnesses	p
saplings	p
sapodillas	p
saponaceousnesses	p
saponifications	p
saponified	VA
saponifiers	p
saponifies	V
saponifying	NVA
saponins	p
saponites	p
sapors	p
sapotas	p
sappanwoods	p
sapped	VtA
sapper	A
sappers	p
sapphires	p
sapphirines	p
sapphisms	p
sappily	v
sappinesses	p
sapping	NVtA
sapraemias	p
sapremias	p
saprobes	p
saprolegnias	p
saprolites	p
sapropels	p
saprophytes	p
saps	pVt
sapsagos	p
sapsuckers	p
sapwoods	p
sarabands	p
sarangis	p
sarans	p
sarcasms	p
sarcenets	p
sarcocarps	p
sarcodes	p
sarcoids	p
sarcomas	p
sarcoplasms	p
sardars	p
sardines	p
sardiuses	p
sardonicisms	p
sardonyxes	p
sards	p
sargassos	p
sargassums	p
sarges	p
sarkier	A
sarkiest	A
sarongs	p
saroses	p
sarpanches	p
sarracenias	p
sarrazins	p
sarrusophones	p
sarsaparillas	p
sarsenets	p
sarsens	p
sartors	p
sashayed	iA
sashaying	NiA
sashays	i
sashed	tA
sashes	pt
sashing	NtA
sasins	p
saskatoons	p
sassafrases	p
sassed	iA
sasses	pi
sassiest	A
sassily	v
sassing	NiA
sastrugas	p
satangs	p
satanicalnesses	p
satchels	p
sated	VtA
sateens	p
satellites	p
sates	Vt
satiabilities	p
satiated	tA
satiates	t
satiating	NtA
satiations	p
satieties	p
satinets	p
sating	NVtA
satinpods	p
satins	p
satinwoods	p
satires	p
satirised	tA
satirisers	p
satirises	t
satirising	NtA
satirists	p
satirized	VA
satirizes	V
satirizing	NVA
satisfactions	p
satisfactorinesses	p
satisfied	VA
satisfiers	p
satisfies	V
satisfying	NVA
satoris	p
satrapies	p
satraps	p
satsumas	p
saturabilities	p
saturants	p
saturated	VtA
saturates	Vt
saturating	NVtA
saturations	p
saturators	p
saturniids	p
saturninely	v
saturnisms	p
satyagrahas	p
satyrids	p
satyrs	p
sauceboats	p
sauceboxes	p
sauced	tA
saucepans	p
saucers	p
sauces	pt
saucily	v
saucing	NtA
sauerbratens	p
sauerkrauts	p
saugers	p
saughs	p
saunas	p
sauntered	iA
sauntering	NiA
saunters	pi
saurels	p
saurians	p
saurischians	p
sauropods	p
sausages	p
sauting	NVA
sauts	pV
savaged	tA
savagenesses	p
savager	A
savages	pt
savagest	A
savaging	NtA
savagisms	p
savannas	p
savants	p
savarins	p
savates	p
saved	tiA
saveloys	p
savers	p
saves	pti
saving	NtiA
savings	p
savins	p
saviours	p
savored	tiA
savorers	p
savories	p
savoring	NtiA
savors	pti
savoured	tiA
savourers	p
savouries	p
savourinesses	p
savouring	NtiA
savours	pti
savoys	p
savvied	VA
savvier	A
savvies	pV
savviest	A
savvily	v
savvying	NVA
sawbills	p
sawbucks	p
sawdered	tA
sawdering	NtA
sawders	pt
sawdusts	p
sawed	VA
sawers	p
sawfishes	p
sawflies	p
sawhorses	p
sawing	NVA
sawings	V
sawmills	p
saws	pV
sawyers	p
saxes	p
saxhorns	p
saxifrages	p
saxonies	p
saxophones	p
saxophonists	p
saxtubas	p
sayed	VA
sayers	p
saying	NVA
sayings	p
sayonaras	p
says	pV
sayyids	p
scabbards	p
scabbed	iA
scabbinesses	p
scabbing	NiA
scabbled	tA
scabbles	t
scabbling	NtA
scabiouses	p
scablands	p
scabrousnesses	p
scabs	pi
scads	p
scaffolded	tA
scaffolding	NtA
scaffoldings	p
scaffolds	pt
scagliolas	p
scalades	p
scalages	p
scalares	p
scalariformly	v
scalars	p
scalawags	p
scalded	VtA
scalder	A
scalding	NVtA
scalds	pVt
scaled	VtiA
scalers	p
scales	pVti
scalinesses	p
scaling	NVtiA
scalings	V
scallions	p
scalloped	tiA
scallopers	p
scalloping	NtiA
scallops	pti
scalls	p
scaloppines	p
scalped	tA
scalpels	p
scalpers	p
scalping	NtA
scalps	pt
scamped	VA
scampered	iA
scampering	NiA
scampers	pi
scamping	NVA
scampis	p
scamps	pV
scandaled	tA
scandaling	NtA
scandalisations	p
scandalised	tA
scandalisers	p
scandalises	t
scandalising	NtA
scandalizations	p
scandalized	tA
scandalizers	p
scandalizes	t
scandalizing	NtA
scandalled	tA
scandalling	NtA
scandalmongers	p
scandalousnesses	p
scandals	pt
scandias	p
scandiums	p
scanned	VtiA
scanners	p
scanning	NVtiA
scannings	V
scans	pVti
scansions	p
scanted	tA
scanter	A
scantest	A
scantinesses	p
scanting	NtA
scantlings	p
scantnesses	p
scants	t
scaped	VA
scapegoatisms	p
scapegoats	p
scapegraces	p
scapes	pV
scaphopods	p
scaping	NVA
scapolites	p
scapulars	p
scarabaeids	p
scarabaeuses	p
scarabs	p
scarcements	p
scarcenesses	p
scarcities	p
scarecrows	p
scared	VtA
scaremongerings	p
scaremongers	p
scarers	p
scares	pVt
scarfed	tA
scarfers	p
scarfing	NtA
scarfs	pt
scarfskins	p
scarier	A
scariest	A
scarifications	p
scarificators	p
scarified	VA
scarifies	V
scarifying	NVA
scarily	v
scaring	NVtA
scarlatinas	p
scarlets	p
scarped	tA
scarpered	iA
scarpering	NiA
scarpers	pi
scarphed	tA
scarphing	NtA
scarphs	pt
scarping	NtA
scarps	pt
scarred	VA
scarring	NVA
scars	pV
scarted	VA
scarting	NVA
scarts	V
scathed	tA
scathes	pt
scathing	NtA
scathingly	v
scatologies	p
scats	pV
scatted	VA
scatterbrains	p
scattered	tA
scatterers	p
scattering	NtA
scatterings	p
scatters	pt
scattier	A
scattiest	A
scattily	v
scatting	NVA
scatts	p
scaupers	p
scaups	p
scavenged	VtA
scavengers	p
scavenges	Vt
scavenging	NVtA
scenarists	p
scended	VA
scending	NVA
scends	pV
scenes	p
scenically	v
scenographers	p
scenographies	p
scented	tiA
scenting	NtiA
scents	pti
scepticisms	p
sceptics	p
sceptred	tA
sceptres	pt
sceptring	NtA
schappes	p
schavs	p
scheduled	tA
schedules	pt
scheduling	NtA
scheelites	p
schematics	p
schematisations	p
schematised	tA
schematises	t
schematising	NtA
schematisms	p
schematized	tA
schematizes	t
schematizing	NtA
schemed	tA
schemers	p
schemes	pt
scheming	NtA
schemings	p
scherzandos	p
scherzos	p
schiavones	p
schillerized	tA
schillerizes	t
schillerizing	NtA
schillers	p
schillings	p
schipperkes	p
schismatically	v
schismatics	p
schisms	p
schistosities	p
schistosomes	p
schists	p
schizes	p
schizocarps	p
schizogonies	p
schizoids	p
schizonts	p
schizophrenes	p
schizophrenias	p
schizophrenically	v
schizophytes	p
schizopods	p
schizos	p
schizothymias	p
schlemiels	p
schlepped	VtA
schlepping	NVtA
schleps	V
schlimazels	p
schlocker	A
schlocks	p
schmaltzes	p
schmaltzier	A
schmaltziest	A
schmoosed	iA
schmooses	i
schmoosing	NiA
schmoozed	iA
schmoozes	pi
schmoozing	NiA
schmucks	p
schnappers	p
schnappses	p
schnauzers	p
schnitzels	p
schnooks	p
schnorrers	p
schnozzles	p
scholars	p
scholarships	p
scholasticates	p
scholasticisms	p
scholastics	p
scholiasts	p
scholiums	p
schoolbags	p
schoolbooks	p
schoolboys	p
schooled	tiA
schoolgirls	p
schoolies	p
schooling	NtiA
schoolings	p
schoolmarms	p
schoolmastered	iA
schoolmastering	NiA
schoolmasters	pi
schoolmates	p
schoolmistresses	p
schoolrooms	p
schools	pti
schoolteachers	p
schoolworks	p
schoolyards	p
schooners	p
schorls	p
schottisches	p
schriks	p
schuits	p
schuls	p
schussed	iA
schusses	pi
schussing	NiA
schuyts	p
schwas	p
sciaenids	p
sciaenoids	p
sciatically	v
sciaticas	p
sciences	p
scientifically	v
scientisms	p
scientists	p
scillas	p
scimitars	p
scincoids	p
scintigraphies	p
scintillas	p
scintillated	VA
scintillates	V
scintillating	NVA
scintillations	p
scintillators	p
scintillometers	p
sciolisms	p
scions	p
scirrhuses	p
scissels	p
scissions	p
scissored	VA
scissoring	NVA
scissors	V
scissures	p
sciurines	p
sclaffed	VA
sclaffers	p
sclaffing	NVA
sclaffs	pV
scleras	p
sclerenchymas	p
sclerites	p
scleritises	p
sclerodermas	p
sclerometers	p
sclerophylls	p
scleroproteins	p
sclerotics	p
sclerotins	p
sclerotizations	p
scoffed	VtiA
scoffers	p
scoffing	NVtiA
scofflaws	p
scoffs	pVti
scolded	ViA
scolders	p
scolding	NViA
scolds	pVi
scolecites	p
scombrids	p
scombroids	p
sconced	tA
sconces	pt
sconcheons	p
sconcing	NtA
scones	p
scooped	VA
scoopers	p
scooping	NVA
scoops	pV
scooted	VA
scooters	p
scooting	NVA
scoots	pV
scopes	p
scopolamines	p
scops	p
scorched	VtiA
scorchers	p
scorches	pVti
scorching	NVtiA
scordaturas	p
scoreboards	p
scorecards	p
scored	VtiA
scorekeepers	p
scorepads	p
scores	pVti
scorified	VA
scorifies	V
scorifying	NVA
scoring	NVtiA
scorings	Vt
scorned	VtA
scorners	p
scornfulnesses	p
scorning	NVtA
scorns	pVt
scorpaenids	p
scorpaenoids	p
scorpers	p
scorpionfishes	p
scorpions	p
scotched	tA
scotches	pt
scotching	NtA
scotias	p
scotomas	p
scotopias	p
scots	p
scoundrels	p
scoured	VtiA
scourers	p
scourged	tA
scourgers	p
scourges	pt
scourging	NtA
scouring	NVtiA
scours	pVti
scouses	p
scouted	VtiA
scouters	p
scouths	p
scouting	NVtiA
scoutings	p
scoutmasters	p
scouts	pVti
scowled	iA
scowlers	p
scowling	NiA
scowls	pi
scows	p
scrabbled	iA
scrabblers	p
scrabbles	pi
scrabbling	NiA
scragged	VA
scraggier	A
scraggiest	A
scragginesses	p
scragging	NVA
scragglier	A
scraggliest	A
scrags	pV
scraiched	iA
scraiching	NiA
scrambled	tiA
scramblers	p
scrambles	pti
scrambling	NtiA
scramblings	V
scrammed	VA
scramming	NVA
scrams	V
scrapbooks	p
scraped	VtiA
scraperboards	p
scrapers	p
scrapes	pVti
scrapheaps	p
scrapies	p
scraping	NVtiA
scrapings	V
scrapped	VtA
scrappers	p
scrappinesses	p
scrapping	NVtA
scrapples	p
scraps	pVt
scratchboards	p
scratched	VtiA
scratcher	A
scratchers	p
scratches	pVti
scratchily	v
scratching	NVtiA
scrawled	VA
scrawlers	p
scrawling	NVA
scrawls	pV
scrawninesses	p
screaked	iA
screaking	NiA
screaks	pi
screamed	VtiA
screamers	p
screaming	NVtiA
screams	pVti
screeched	VA
screechers	p
screeches	pV
screeching	NVA
screeds	p
screened	tA
screening	NtA
screenplays	p
screens	pt
screes	p
screwballs	p
screwdrivers	p
screwed	tA
screwers	p
screwier	A
screwiest	A
screwing	NtA
screws	pt
screwworms	p
scribbled	tA
scribblers	p
scribbles	t
scribbling	NtA
scribblings	V
scribed	VA
scribers	p
scribes	pV
scribing	NVA
scribings	t
scried	VA
scries	V
scrimmaged	tiA
scrimmagers	p
scrimmages	pti
scrimmaging	NtiA
scrimped	VtA
scrimper	A
scrimpily	v
scrimping	NVtA
scrimply	v
scrimps	Vt
scrims	p
scrimshanked	iA
scrimshanking	NiA
scrimshanks	i
scrimshawed	VA
scrimshawing	NVA
scrimshaws	pV
scrips	p
scripted	tA
scripting	NtA
scripts	pt
scriptures	p
scriptwriters	p
scriptwritings	p
scriveners	p
scrofulas	p
scrofulousnesses	p
scroggier	A
scroggiest	A
scrogs	p
scrolled	tA
scrolling	NtA
scrolls	pt
scrollworks	p
scrooped	iA
scrooping	NiA
scroops	pi
scrouged	tA
scrouges	t
scrouging	NtA
scrounged	VA
scrounges	V
scrounging	NVA
scrubbed	VtiA
scrubber	A
scrubbers	p
scrubbing	NVtiA
scrublands	p
scrubs	pVti
scruffily	v
scruffs	p
scrummaged	VA
scrummagers	p
scrummages	pV
scrummaging	NVA
scrummed	VA
scrumming	NVA
scrumped	VA
scrumpies	p
scrumping	NVA
scrumps	V
scrumptiousnesses	p
scrums	pV
scrunched	VA
scrunches	pV
scrunching	NVA
scrupled	VA
scruples	pV
scrupling	NVA
scrupulosities	p
scrupulousnesses	p
scrutators	p
scrutineers	p
scrutinised	tiA
scrutinises	ti
scrutinising	NtiA
scrutinized	tA
scrutinizers	p
scrutinizes	t
scrutinizing	NtA
scrutoires	p
scrying	NVA
scubas	p
scudded	VA
scudding	NVA
scuds	pV
scuffed	VtA
scuffing	NVtA
scuffled	iA
scuffles	pi
scuffling	NiA
scuffs	pVt
sculked	iA
sculkers	p
sculking	NiA
sculks	pi
sculled	VA
scullers	p
sculling	NVA
scullions	p
sculls	pV
sculped	tA
sculping	NtA
sculpins	p
sculps	pt
sculpted	ViA
sculpting	NViA
sculptors	p
sculptresses	p
sculpts	Vi
sculptured	VA
sculptures	pV
sculpturesquely	v
sculpturing	NVA
sculpturings	V
scumbled	VA
scumbles	pV
scumbling	NVA
scumblings	V
scummed	VA
scummily	v
scumming	NVA
scummings	V
scums	pV
scuncheons	p
scunged	VA
scungeing	NVA
scunges	pV
scungier	A
scungiest	A
scunnered	iA
scunnering	NiA
scunners	pi
scuppered	tA
scuppering	NtA
scuppernongs	p
scuppers	pt
scups	p
scurfs	p
scurried	ViA
scurrier	A
scurries	pVi
scurrilousnesses	p
scurrying	NViA
scurvinesses	p
scutages	p
scutched	tA
scutcheons	p
scutches	pt
scutching	NtA
scutellations	p
scutes	p
scuts	p
scuttered	VA
scuttering	NVA
scutters	pV
scuttlebutts	p
scuttled	tiA
scuttles	pti
scuttling	NtiA
scyphistomas	p
scyphozoans	p
scythed	tA
scythes	pt
scything	NtA
seaboards	p
seacoasts	p
seacocks	p
seadogs	p
seadromes	p
seafarers	p
seafarings	p
seafoods	p
seafronts	p
sealants	p
sealed	tiA
sealeries	p
sealers	p
sealing	NtiA
seals	ti
sealskins	p
seamanships	p
seamarks	p
seamed	tA
seamers	p
seaminesses	p
seaming	NtA
seamlessnesses	p
seamounts	p
seams	pt
seamstresses	p
seaplanes	p
seaports	p
seaquakes	p
searched	VtA
searchers	p
searches	pVt
searching	NVtA
searchlights	p
seared	tA
searer	A
searest	A
searing	NtA
sears	pt
seas	p
seascapes	p
seascouts	p
seashells	p
seashores	p
seasicknesses	p
seasides	p
seasonablenesses	p
seasoned	tA
seasoners	p
seasoning	NtA
seasonings	p
seasons	pt
seated	tiA
seaters	p
seating	NtiA
seatings	p
seatrains	p
seats	pti
seatworks	p
seawans	p
seawardly	v
seawares	p
seaways	p
seaweeds	p
seaworthier	A
seaworthiest	A
seaworthinesses	p
seborrheas	p
seborrhoeas	p
sebums	p
secants	p
seccos	p
seceded	iA
secedes	i
seceding	NiA
secerned	tA
secerning	NtA
secernments	p
secerns	t
secessionisms	p
secessionists	p
secessions	p
secluded	tA
secludednesses	p
secludes	t
secluding	NtA
seclusions	p
seclusivenesses	p
secobarbitals	p
secondaries	p
seconded	tA
seconder	A
seconders	p
secondes	p
seconding	NtA
seconds	pt
secrecies	p
secretaires	p
secretariats	p
secretaries	p
secretaryships	p
secreted	VtA
secreter	A
secretes	Vt
secretest	A
secreting	NVtA
secretins	p
secretions	p
secrets	p
secs	p
sectarianised	tA
sectarianises	t
sectarianising	NtA
sectarianisms	p
sectarianized	tA
sectarianizes	t
sectarianizing	NtA
sectarians	p
sectionalisations	p
sectionalised	tA
sectionalises	t
sectionalising	NtA
sectionalisms	p
sectionalists	p
sectionalized	tA
sectionalizes	t
sectionalizing	NtA
sectioned	tA
sectioning	NtA
sections	pt
sectors	p
sects	p
secularisations	p
secularised	tA
secularisers	p
secularises	t
secularising	NtA
secularisms	p
secularists	p
secularities	p
secularizations	p
secularized	tA
secularizers	p
secularizes	t
secularizing	NtA
seculars	p
secured	tA
securer	A
secures	t
securest	A
securing	NtA
sedans	p
sedated	tA
sedatenesses	p
sedater	A
sedates	t
sedatest	A
sedating	NtA
sedations	p
sedatives	p
sedges	p
sedimentations	p
sedimentologically	v
sedimentologies	p
sedimentologists	p
sediments	p
seditions	p
seditiousnesses	p
seduced	tA
seducers	p
seduces	t
seducing	NtA
seducings	t
seductions	p
seductivenesses	p
seductresses	p
sedulities	p
sedulousnesses	p
sedums	p
seed	VtA
seedbeds	p
seedcakes	p
seedcases	p
seeded	VtiA
seeders	p
seedinesses	p
seeding	NVtiA
seedlings	p
seeds	pVti
seedtimes	p
seeing	NVtA
seeings	p
seekers	p
seeking	NVA
seeks	V
seeled	tA
seeling	NtA
seels	t
seemed	VA
seemers	p
seeming	NVA
seemingly	v
seemings	p
seemlinesses	p
seems	V
seepages	p
seeped	iA
seeping	NiA
seeps	pi
seeresses	p
seers	p
seersuckers	p
sees	pVt
seesawed	iA
seesawing	NiA
seesaws	pi
seethed	tiA
seethes	pti
seething	NtiA
segars	p
segmentations	p
segmented	VA
segmenting	NVA
segments	pV
segnos	p
segregated	VtA
segregates	Vt
segregating	NVtA
segregationists	p
segregations	p
segregators	p
segued	VA
segueing	NVA
segues	V
seguidillas	p
seguing	NVA
seicentos	p
seiches	p
seifs	p
seigneuries	p
seigniorages	p
seigniories	p
seigniors	p
seined	VA
seiners	p
seines	pV
seining	NVA
seinings	V
seis	p
seised	VA
seisers	p
seises	V
seising	NVA
seisings	p
seisins	p
seismically	v
seismisms	p
seismograms	p
seismographer	A
seismographers	p
seismographies	p
seismographs	p
seismologies	p
seismologists	p
seismometries	p
seismoscopes	p
seisms	p
seisures	p
seized	ViA
seizers	p
seizes	Vi
seizing	NViA
seizings	p
seizins	p
seizors	p
seizures	p
sekoses	p
selachians	p
selaginellas	p
selahs	p
selamliks	p
selected	VA
selectees	p
selecting	NVA
selections	p
selectivenesses	p
selectivities	p
selectnesses	p
selectors	p
selects	V
selenates	p
selenides	p
selenites	p
seleniums	p
selenographers	p
selenographies	p
selenographists	p
selenographs	p
selenologies	p
selfheals	p
selfhoods	p
selflessnesses	p
selfnesses	p
selfs	p
selfsamenesses	p
selfwards	p
sellers	p
selling	NVtiA
sellouts	p
sells	pVti
selsyns	p
selvages	p
selvas	p
semantemes	p
semanticists	p
semaphored	VA
semaphores	pV
semaphorically	v
semaphoring	NVA
semasiologies	p
semasiologists	p
semblables	p
semblances	p
semeiologies	p
sememes	p
semens	p
semesters	p
semiautomatics	p
semiautonomously	v
semibreves	p
semicentennials	p
semicircles	p
semicolons	p
semiconductors	p
semiconsciousnesses	p
semiconservatively	v
semicylinders	p
semideserts	p
semidiameters	p
semidomes	p
semidomestications	p
semifinalists	p
semifinals	p
semifluidities	p
semifluids	p
semigroups	p
semiliquidities	p
semiliquids	p
semimonthlies	p
seminally	v
seminarians	p
seminars	p
seminations	p
seminomads	p
seminudities	p
semiologies	p
semiotically	v
semipermeabilities	p
semiporcelains	p
semiprofessionals	p
semiquavers	p
semiretirements	p
semis	p
semises	p
semisolids	p
semitones	p
semitonically	v
semitrailers	p
semivowels	p
semiweeklies	p
semolinas	p
sempiternally	v
sempstresses	p
senates	p
senators	p
senatorships	p
sendals	p
sended	VtA
senders	p
sending	NVtA
sendings	Vi
sendoffs	pV
sends	pVt
senegas	p
senescences	p
seneschals	p
senhors	p
senilely	v
senilities	p
seniors	p
sennas	p
sennets	p
sennights	p
sennits	p
senors	p
sens	p
sensately	v
sensationalised	tA
sensationalises	t
sensationalising	NtA
sensationalisms	p
sensationists	p
sensations	p
sensed	tA
senselessnesses	p
senses	pt
sensiblenesses	p
sensibler	A
sensibles	p
sensiblest	A
sensing	NtA
sensings	V
sensitisations	p
sensitisers	p
sensitivenesses	p
sensitivities	p
sensitizations	p
sensitized	VtA
sensitizers	p
sensitizes	Vt
sensitizing	NVtA
sensitometers	p
sensitometries	p
sensorily	v
sensoriums	p
sensors	p
sensualisations	p
sensualisms	p
sensualists	p
sensualizations	p
sensualized	tA
sensualizes	t
sensualizing	NtA
sensuously	v
sentenced	tA
sentencers	p
sentences	pt
sentencing	NtA
sentencings	V
sententiousnesses	p
sentiences	p
sentients	p
sentimentalisations	p
sentimentalisms	p
sentimentalists	p
sentimentalizations	p
sentimentalized	VA
sentimentalizes	V
sentimentalizing	NVA
sentimentally	v
sentiments	p
sentineled	tA
sentineling	NtA
sentinelled	tA
sentinelling	NtA
sentinels	pt
sepals	p
separabilities	p
separablenesses	p
separated	VtiA
separatenesses	p
separates	Vti
separating	NVtiA
separations	p
separatisms	p
separatists	p
separators	p
separatrixes	p
sepias	p
sepiolites	p
sepoys	p
seppukus	p
septemvirates	p
septenaries	p
septendecillions	p
septendecillionths	p
septentrionally	v
septentrions	p
septets	p
septicaemias	p
septicemias	p
septicidally	v
septicities	p
septics	p
septillions	p
septillionths	p
septimes	p
septs	p
septuagenarians	p
septuors	p
septupled	tA
septuples	t
septuplets	p
septupling	NtA
septuply	v
sepulchered	tA
sepulchering	NtA
sepulchers	pt
sepulchred	tA
sepulchres	pt
sepulchring	NtA
sepultures	p
sequacities	p
sequels	p
sequencers	p
sequences	p
sequentialities	p
sequents	p
sequestered	tA
sequestering	NtA
sequesters	t
sequestrants	p
sequestrated	tA
sequestrates	t
sequestrating	NtA
sequestrations	p
sequestrators	p
sequestrums	p
sequins	p
sequoias	p
seraphims	p
serdabs	p
sered	VA
sereins	p
serenaded	tiA
serenaders	p
serenades	pti
serenading	NtiA
serendipities	p
serenenesses	p
serener	A
serenest	A
serer	A
seres	pV
serest	A
serfdoms	p
serfs	p
sergeanties	p
sergeants	p
serges	p
serialisations	p
serialised	tA
serialises	t
serialising	NtA
serialisms	p
serialists	p
serializations	p
serialized	tA
serializes	t
serializing	NtA
serials	p
seriately	v
sericins	p
sericultures	p
sericulturists	p
seriemas	p
serifs	p
serigraphers	p
serigraphies	p
serigraphs	p
serines	p
sering	NVA
seringas	p
serins	p
seriousnesses	p
serjeanties	p
serjeants	p
sermonised	tiA
sermonisers	p
sermonises	ti
sermonising	NtiA
sermonized	VA
sermonizers	p
sermonizes	V
sermonizing	NVA
sermons	p
serologies	p
serologists	p
serosas	p
serosities	p
serotines	p
serotonins	p
serows	p
serpentinely	v
serpentines	p
serpentinized	tA
serpentinizes	t
serpentinizing	NtA
serpents	p
serpiginously	v
serpulids	p
serranids	p
serrated	VtA
serrates	Vt
serrating	NVtA
serrations	p
serried	tiA
serriednesses	p
serries	ti
serrulations	p
serrying	NtiA
sers	p
sertularians	p
serums	p
servants	p
served	VtiA
servers	p
serves	pVti
serviceabilities	p
serviceablenesses	p
serviced	tA
services	pt
servicing	NtA
serviettes	p
servilenesses	p
servilities	p
serving	NVtiA
servings	p
servitors	p
servitudes	p
servomechanisms	p
servomotors	p
servos	p
sesames	p
sesquialteras	p
sesquicarbonates	p
sesquicentennials	p
sesquipedalians	p
sesquiterpenes	p
sessilities	p
sessionally	v
sesterces	p
sestets	p
setlines	p
setons	p
sets	pVi
setscrews	p
setted	ViA
settees	p
setter	A
setters	p
setting	NViA
settings	p
settled	tiA
settlements	p
settlers	p
settles	pti
settling	NtiA
settlings	V
settlors	p
setts	p
setups	p
sevens	p
seventeens	p
seventeenthly	v
seventeenths	p
sevenths	p
seventies	p
seventieths	p
severances	p
severed	VtA
severenesses	p
severing	NVtA
severities	p
severs	Vt
sewages	p
sewans	p
sewed	VtA
sewellels	p
sewerages	p
sewered	tA
sewering	NtA
sewers	pt
sewing	NVtA
sewings	p
sews	Vt
sexagenarians	p
sexagesimally	v
sexagesimals	p
sexdecillions	p
sexed	tA
sexennials	p
sexes	pt
sexfoils	p
sexinesses	p
sexing	NtA
sexisms	p
sexists	p
sexlessnesses	p
sexologies	p
sexologists	p
sexpots	p
sextains	p
sextants	p
sextets	p
sextiles	p
sextillions	p
sextillionths	p
sextolets	p
sextons	p
sextos	p
sexts	p
sextuples	p
sextuplets	p
sextuplicated	VA
sextuplicates	pV
sextuplicating	NVA
sextuply	v
sexualisations	p
sexualities	p
sexualizations	p
sexualized	tA
sexualizes	t
sexualizing	NtA
sexually	v
sforzandos	p
sfumatos	p
shabbinesses	p
shacked	VA
shacking	NVA
shackled	tA
shacklers	p
shackles	pt
shackling	NtA
shacks	pV
shadbushes	p
shadchans	p
shaddocks	p
shaded	VA
shades	V
shadier	A
shadiest	A
shadinesses	p
shading	NVA
shadings	p
shadoofs	p
shadowed	tA
shadowers	p
shadowgraphies	p
shadowgraphs	p
shadowier	A
shadowiest	A
shadowily	v
shadowinesses	p
shadowing	NtA
shadowlands	p
shadows	pt
shads	p
shadufs	p
shafted	VA
shafting	NVA
shaftings	p
shafts	pV
shagbarks	p
shagged	VtA
shagginesses	p
shagging	NVtA
shagreens	p
shags	pVt
shahdoms	p
shahs	p
shakedowns	i
shakeouts	p
shakers	p
shakes	pVt
shakily	v
shaking	NVtA
shakings	pV
shakos	p
shales	p
shalloons	p
shallops	p
shallots	p
shallowed	VA
shallower	A
shallowest	A
shallowing	NVA
shallownesses	p
shallows	pV
shamanisms	p
shamanists	p
shamans	p
shambled	iA
shambles	pi
shambling	NiA
shamblings	V
shamed	VtA
shamefacednesses	p
shamefully	v
shamelessnesses	p
shamer	A
shames	pt
shaming	NVtA
shammed	VA
shammer	A
shammers	p
shamming	NVA
shampooed	VA
shampooers	p
shampooing	NVA
shampoos	pV
shamrocks	p
shams	pV
shamuses	p
shandies	p
shandrydans	p
shandygaffs	p
shanghaied	VA
shanghaiing	NVA
shanghais	pV
shanked	iA
shanking	NiA
shankpieces	p
shanks	pi
shanties	p
shantis	p
shantungs	p
shantytowns	p
shaped	VtA
shapelessnesses	p
shapes	pVt
shaping	NVtA
shapings	V
shards	p
sharecropped	VA
sharecroppers	p
sharecropping	NVA
sharecrops	V
shared	tA
sharefarmers	p
shareholders	p
sharers	p
shares	pt
sharias	p
sharifs	p
sharing	NtA
sharked	VA
sharking	NVA
sharks	pV
sharkskins	p
sharksuckers	p
sharped	tA
sharpened	VA
sharpening	NVA
sharpens	V
sharper	A
sharpers	p
sharpest	A
sharping	NtA
sharpnesses	p
sharps	pt
sharpshooters	p
sharpshootings	p
shashliks	p
shastras	p
shattered	VtA
shatterers	p
shattering	NVtA
shatters	pVt
shaved	VA
shavelings	p
shavers	p
shaves	pV
shavetails	p
shavies	p
shaving	NVA
shavings	p
shawls	p
shawms	p
shaws	p
shays	p
sheadings	p
sheafed	tA
sheafing	NtA
sheafs	pt
shealings	p
sheared	VtA
shearers	p
shearing	NVtA
shearlings	p
shears	Vt
shearwaters	p
sheas	p
sheathbills	p
sheathed	tA
sheathers	p
sheathes	t
sheathing	NtA
sheathings	p
sheaths	pt
sheaved	tA
sheaves	pt
sheaving	NtA
shebangs	p
shebeenings	p
shebeens	p
shedders	p
sheddings	V
sheds	p
sheened	iA
sheening	NiA
sheens	pi
sheepcotes	p
sheepdogs	p
sheepfolds	p
sheepherders	p
sheepherdings	p
sheepishnesses	p
sheepshanks	p
sheepsheads	p
sheepshearings	p
sheepskins	p
sheepwalks	p
sheered	ViA
sheerer	A
sheerest	A
sheering	NViA
sheerly	v
sheers	pVi
sheeted	tA
sheeting	NtA
sheetings	p
sheets	pt
sheikdoms	p
sheilas	p
shekels	p
shellackings	p
shellbacks	p
shellbarks	p
shelled	VtA
shellfires	p
shellfishes	p
shelling	NVtA
shells	pVt
sheltered	tiA
shelterers	p
sheltering	NtiA
shelters	pti
shelved	tiA
shelvers	p
shelves	ti
shelving	NtiA
shelvings	p
shenanigans	p
shending	NVA
shends	V
shepherded	tA
shepherding	NtA
shepherds	pt
sherardized	VA
sherardizes	V
sherardizing	NVA
sherbets	p
sheriffs	p
sherifs	p
sherlocks	p
sherwanis	p
shes	p
sheughs	p
shewbreads	p
shewed	VA
shewing	NVA
shews	V
shibahs	p
shibboleths	p
shickers	p
shied	ViA
shielded	tA
shielders	p
shielding	NtA
shields	pt
shielings	p
shiels	p
shiers	p
shies	Vi
shifted	VtiA
shiftinesses	p
shifting	NVtiA
shiftlessly	v
shifts	pVti
shigellas	p
shikarred	VA
shikarring	NVA
shikars	pV
shiksas	p
shillelaghs	p
shillings	p
shills	p
shillyshallied	VA
shillyshallier	A
shillyshallies	pV
shillyshallying	NVA
shimmed	VA
shimmered	iA
shimmering	NiA
shimmers	pi
shimmied	ViA
shimmies	Vi
shimming	NVA
shimmying	NViA
shims	pV
shinbones	p
shindigs	p
shined	VtiA
shiners	p
shines	pVti
shingled	tA
shinglers	p
shingles	pt
shinglier	A
shingliest	A
shingling	NtA
shinglings	Vt
shininesses	p
shining	NVtiA
shinleafs	p
shinned	VA
shinneries	p
shinnied	iA
shinnies	i
shinning	NVA
shinnying	NiA
shinplasters	p
shins	pV
shinties	pVi
shipboards	p
shipbuilders	p
shipfitters	p
shiplaps	p
shiploads	p
shipmasters	p
shipmates	p
shipments	p
shipowners	p
shipped	VA
shippens	p
shippers	p
shipping	NVA
shippings	p
shippons	p
ships	pV
shipways	p
shipworms	p
shipwrecked	tA
shipwrecking	NtA
shipwrecks	pt
shipwrights	p
shipyards	p
shiralees	p
shires	pt
shirked	VA
shirkers	p
shirking	NVA
shirks	pV
shirred	VtA
shirring	NVtA
shirrs	pVt
shirtier	A
shirtiest	A
shirtily	v
shirtings	p
shirtmakers	p
shirts	p
shirtsleeves	p
shirtwaisters	p
shirtwaists	p
shitheads	p
shiting	NVA
shits	pV
shittahs	p
shitted	VA
shitting	NVA
shivahs	p
shivarees	p
shivered	ViA
shiverers	p
shivering	NViA
shivers	pVi
shives	p
shivs	p
shoaled	ViA
shoaler	A
shoalest	A
shoaling	NViA
shoals	pVi
shoats	p
shocked	VtA
shocker	A
shockers	p
shocking	NVtA
shocks	pVt
shoddier	A
shoddies	p
shoddiest	A
shoddinesses	p
shoebills	p
shoeblacks	p
shoehorns	p
shoeing	NVtA
shoeings	V
shoelaces	p
shoemakers	p
shoemakings	p
shoers	p
shoes	Vt
shoeshines	p
shoestrings	p
shoetrees	p
shofars	p
shogged	tiA
shogging	NtiA
shogs	pti
shogunates	p
shoguns	p
shojis	p
shooed	VA
shoogled	tA
shoogles	pt
shoogling	NtA
shooing	NVA
shooks	pV
shools	p
shoos	V
shooters	p
shooting	NVtiA
shootings	V
shoots	pVti
shopgirls	p
shophars	p
shopkeepers	p
shoplifters	p
shopliftings	p
shopped	VA
shoppers	p
shopping	NVA
shoppings	p
shops	pV
shoptalks	p
shopwalkers	p
shopwindows	p
shorans	p
shored	VtA
shorelines	p
shores	pVt
shoring	NVtA
shorings	pt
shortages	p
shortbreads	p
shortcakes	p
shortcomings	p
shortcuts	p
shorted	VA
shortened	VtA
shorteners	p
shortening	NVtA
shortenings	p
shortens	Vt
shorter	A
shortest	A
shortfalls	p
shorthands	p
shorthorns	p
shortias	p
shorting	NVA
shortnesses	p
shorts	V
shortstops	p
shortwaves	pti
shotes	p
shotgunned	VA
shotgunner	A
shotgunning	NVA
shotguns	pV
shots	V
shotted	VA
shotting	NVA
shotts	p
shouldered	tA
shouldering	NtA
shoulders	pt
shouted	VtiA
shouting	NVtiA
shouts	pVti
shoved	VtA
shoveled	VA
shovelers	p
shovelheads	p
shoveling	NVA
shovelled	VA
shovelling	NVA
shovelnoses	p
shovels	pV
shovers	p
shoves	pVt
shoving	NVtA
showboats	p
showbreads	p
showcased	tA
showcases	pt
showcasing	NtA
showdowns	p
showed	VtiA
showered	tiA
showerier	A
showeriest	A
showering	NtiA
showers	pti
showgirls	p
showinesses	p
showing	NVtiA
showings	p
showmanships	p
showpieces	p
showplaces	p
showrooms	p
shows	pVti
shraddhas	p
shrapnels	p
shredded	VA
shredders	p
shredding	NVA
shreddings	V
shreds	pV
shrewder	A
shrewdest	A
shrewdies	p
shrewdnesses	p
shrewishnesses	p
shrews	p
shrieked	VA
shriekers	p
shriekier	A
shriekiest	A
shrieking	NVA
shrieks	pV
shrieves	p
shrifts	p
shrikes	p
shrilled	VA
shriller	A
shrillest	A
shrilling	NVA
shrillnesses	p
shrills	V
shrimped	iA
shrimpers	p
shrimping	NiA
shrimps	pi
shrined	VA
shrines	pV
shrining	NVA
shrinkages	p
shrinkers	p
shrinking	NVA
shrinks	pV
shrived	VA
shriveled	VA
shriveling	NVA
shrivelled	VA
shrivelling	NVA
shrivels	V
shrives	V
shriving	NVA
shroffed	tA
shroffing	NtA
shroffs	pt
shrouded	tA
shrouding	NtA
shrouds	pt
shrubbinesses	p
shrubs	p
shrugged	VA
shrugging	NVA
shrugs	pV
shucked	tA
shuckers	p
shucking	NtA
shucks	pt
shuckses	p
shuddered	iA
shuddering	NiA
shudders	pi
shuffleboards	p
shuffled	VtiA
shuffles	pVti
shuffling	NVtiA
shufties	p
shuls	p
shunned	VA
shunners	p
shunning	NVA
shuns	V
shunted	VtA
shunters	p
shunting	NVtA
shunts	pVt
shushed	VA
shushers	p
shushes	V
shushing	NVA
shutdowns	pV
shuted	VtA
shuteyes	p
shuting	NVtA
shutoffs	p
shutouts	pV
shuts	pVt
shutter	A
shuttered	tA
shuttering	NtA
shutters	pt
shutting	NVtA
shuttlecocked	VA
shuttlecocking	NVA
shuttlecocks	pV
shuttled	VA
shuttles	pV
shuttling	NVA
shyers	p
shying	NViA
shynesses	p
shysters	p
sialagogues	p
sialids	p
sials	p
siamangs	p
sibilances	p
sibilancies	p
sibilants	p
sibilated	VA
sibilates	V
sibilating	NVA
siblings	p
sibs	p
sibships	p
sibyls	p
siccatives	p
sicced	VA
siccing	NVA
sices	p
sickbays	p
sicked	VA
sickened	ViA
sickeners	p
sickening	NViA
sickens	Vi
sickerly	v
sickest	A
sickies	p
sicking	NVA
sicklebills	p
sickles	p
sicklily	v
sicklinesses	p
sicknesses	p
sickrooms	p
sicks	pV
sics	V
siddurs	p
sidebands	p
sidebars	p
sidebones	p
sidecars	p
sided	tiA
sidehills	p
sidekicks	p
sidelights	p
sidelined	tA
sidelines	t
sidelining	NtA
sider	A
siderites	p
siderolites	p
siderostats	p
sides	pti
sidesaddles	p
sideshows	p
sideslipped	VA
sideslipping	NVA
sideslips	pV
sidespins	p
sidestepped	VtA
sidestepping	NVtA
sidesteps	pVt
sidestrokes	p
sideswiped	VA
sideswipers	p
sideswipes	pV
sideswiping	NVA
sidetracked	VA
sidetracking	NVA
sidetracks	pV
sidewalks	p
sidewalls	p
sideways	p
sidewinders	p
siding	NtiA
sidings	p
sidled	iA
sidles	pi
sidling	NiA
sieged	tA
sieges	pt
sieging	NtA
siennas	p
sierras	p
siestas	p
sieurs	p
sieved	VtA
sieves	pVt
sieving	NVtA
sifakas	p
sifted	tiA
sifters	p
sifting	NtiA
sifts	ti
siganids	p
sighed	tiA
sighers	p
sighing	NtiA
sighs	pti
sighted	tA
sighters	p
sighting	NtA
sightlessnesses	p
sightlinesses	p
sights	pt
sightscreens	p
sightseeing	NVA
sightsees	V
sigillations	p
sigils	p
sigmas	p
sigmations	p
sigmoidoscopes	p
sigmoids	p
signaled	VA
signaler	A
signaling	NVA
signalised	tA
signalises	t
signalising	NtA
signalized	tA
signalizes	t
signalizing	NtA
signalled	VA
signaller	A
signalling	NVA
signalments	p
signals	pV
signatories	p
signatures	p
signboards	p
signed	VtiA
signeted	tA
signeting	NtA
signets	pt
significances	p
significantly	v
significations	p
significativenesses	p
signified	VtiA
signifieds	V
signifies	Vti
signifying	NVtiA
signifyings	V
signing	NVtiA
signoras	p
signorinas	p
signors	p
signposted	tA
signposting	NtA
signposts	pt
signs	pVti
sikas	p
sikes	p
silages	p
silds	p
siled	VA
silenced	tA
silencers	p
silences	pt
silencing	NtA
silenter	A
silentest	A
silentnesses	p
silents	p
siles	V
silesias	p
silexes	p
silhouetted	tA
silhouettes	pt
silhouetting	NtA
silicas	p
silicates	p
silicides	p
silicifications	p
silicified	VA
silicifies	V
silicifying	NVA
siliciums	p
silicles	p
silicones	p
silicons	p
siling	NVA
siliquas	p
siliques	p
silkalines	p
silked	iA
silkinesses	p
silking	NiA
silks	pi
silkscreens	pt
silkweeds	p
silkworms	p
sillers	p
sillier	A
sillies	p
silliest	A
sillimanites	p
sillinesses	p
sills	p
siloxanes	p
siltations	p
silted	VA
silting	NVA
silts	pV
siltstones	p
silurids	p
silvas	p
silvered	tA
silverer	A
silverers	p
silverfishes	p
silverier	A
silveriest	A
silvering	NtA
silverised	tA
silverises	t
silverising	NtA
silverpoints	p
silvers	pt
silversides	p
silversmithings	p
silversmiths	p
silverwares	p
silverweeds	p
silverworks	p
silvicultures	p
silviculturists	p
simaroubas	p
simars	p
simas	p
simians	p
similes	p
similitudes	p
simitars	p
simmered	ViA
simmering	NViA
simmers	pVi
simoleons	p
simoniacs	p
simonies	p
simonists	p
simonized	tA
simonizes	t
simonizing	NtA
simooms	p
simpered	tiA
simpering	NtiA
simpers	pti
simpler	A
simples	p
simplest	A
simpletons	p
simplexes	p
simplified	VA
simplifies	V
simplifying	NVA
simplisms	p
simps	p
sims	p
simulacres	p
simulacrums	p
simulars	p
simulated	VtA
simulates	Vt
simulating	NVtA
simulations	p
simulators	p
simulcasted	tA
simulcasting	NtA
simulcasts	pt
simultaneities	p
simultaneousnesses	p
sinapisms	p
sincerenesses	p
sincerer	A
sincerest	A
sinciputs	p
sindons	p
sinecures	p
sinecurists	p
sines	p
sinewinesses	p
sinews	p
sinfonias	p
sinfoniettas	p
sinfulnesses	p
singabilities	p
singed	VtiA
singeing	NVtA
singers	p
singes	pVt
singing	NVtiA
singled	tA
singlenesses	p
singles	t
singlesticks	p
singletons	p
singletrees	p
singlets	p
singling	NtA
singlings	V
sings	pVti
singsongs	p
singspiels	p
singularities	p
singularizations	p
singularized	tA
singularizes	t
singularizing	NtA
singularnesses	p
singulars	p
sinhs	p
sinisternesses	p
sinistralities	p
sinistrously	v
sinkages	p
sinkers	p
sinkholes	p
sinking	NVA
sinkings	p
sinks	pV
sinlessnesses	p
sinned	iA
sinners	p
sinnets	p
sinning	NiA
sins	pi
sintered	tA
sintering	NtA
sinters	pt
sinuations	p
sinuosities	p
sinuousnesses	p
sinusitises	p
sinusoids	p
siped	ViA
sipes	i
siphonages	p
siphoned	VA
siphoning	NVA
siphonophores	p
siphonosteles	p
siphons	pV
siping	NViA
sipped	VA
sippers	p
sippets	p
sipping	NVA
sips	pV
sipunculids	p
sirdars	p
sired	tA
sirenians	p
sirens	p
sires	pt
siring	NtA
sirloins	p
siroccos	p
sirrahs	p
sirs	p
sirventes	p
sis	p
sisals	p
siscowets	p
sises	p
siskins	p
sissier	A
sissiest	A
sisterhoods	p
sisterlinesses	p
sisters	p
sistrums	p
sitarists	p
sitars	p
sitatungas	p
sitcoms	p
sited	VtA
sitellas	p
sites	pt
sitfasts	p
siting	NVtA
sitologies	p
sitomanias	p
sitosterols	p
sits	Vt
sitters	p
sitting	NVtA
sittings	p
situated	tA
situates	t
situating	NtA
situations	p
situses	p
situtungas	p
sitzkriegs	p
sitzmarks	p
sivers	i
siwashed	iA
siwashes	pi
siwashing	NiA
sixains	p
sixes	p
sixmos	p
sixteener	A
sixteens	p
sixteenthly	v
sixteenths	p
sixtes	p
sixths	p
sixtieths	p
sizablenesses	p
sizars	p
sizarships	p
sized	VtA
sizers	p
sizes	pVt
sizinesses	p
sizing	NVtA
sizings	pV
sizzled	iA
sizzlers	p
sizzles	pi
sizzling	NiA
sizzlings	V
sjamboked	tA
sjamboking	NtA
sjambokked	tA
sjambokking	NtA
sjamboks	pt
skalds	p
skateboarded	iA
skateboarding	NiA
skateboards	pi
skated	iA
skaters	p
skates	pi
skating	NiA
skatings	V
skatoles	p
skats	p
skeans	p
skedaddled	iA
skedaddlers	p
skedaddles	pi
skedaddling	NiA
skeed	tiA
skeeing	NtiA
skees	ti
skeets	p
skegs	p
skeins	p
skeletonised	tA
skeletonises	t
skeletonising	NtA
skeletonized	tA
skeletonizers	p
skeletonizes	t
skeletonizing	NtA
skeletons	p
skelfs	p
skellied	VA
skellies	pV
skellums	p
skellying	NVA
skelped	tA
skelping	NtA
skelps	pt
skeps	p
skeptically	v
skepticisms	p
skeptics	p
sketchbooks	p
sketched	VtA
sketchers	p
sketches	pVt
sketchier	A
sketchiest	A
sketchinesses	p
sketching	NVtA
skewbacks	p
skewbalds	p
skewed	VtiA
skewer	A
skewered	tA
skewering	NtA
skewers	pt
skewing	NVtiA
skewnesses	p
skews	pVti
skiagraphs	pt
skiamachies	p
skiascopes	p
skiascopies	p
skiatrons	pti
skibobs	p
skidded	VtiA
skidding	NVtiA
skiddooed	iA
skiddooing	NiA
skiddoos	i
skidlids	p
skidpans	p
skids	pVti
skidways	p
skied	VA
skier	A
skies	pV
skiffles	p
skiffs	p
skiing	NVA
skiings	p
skijorers	p
skijorings	p
skillets	p
skillfulnesses	p
skillings	p
skills	p
skimmed	VtA
skimmers	p
skimmias	p
skimming	NVtA
skimmings	V
skimped	VA
skimpier	A
skimpiest	A
skimpinesses	p
skimping	NVA
skimps	V
skims	pVt
skinflints	p
skinfuls	p
skinheads	p
skinks	p
skinned	VA
skinner	A
skinners	p
skinninesses	p
skinning	NVA
skins	pV
skintest	A
skipjacks	p
skiplanes	p
skipped	VtiA
skippered	VA
skippering	NVA
skippers	pV
skippets	p
skipping	NVtiA
skips	pVti
skirled	VA
skirling	NVA
skirlings	p
skirls	pV
skirmished	iA
skirmishers	p
skirmishes	pi
skirmishing	NiA
skirred	tiA
skirrets	p
skirring	NtiA
skirrs	pti
skirted	tA
skirters	p
skirting	NtA
skirtings	p
skirts	pt
skis	pV
skited	iA
skites	pi
skiting	NiA
skits	p
skittered	iA
skittering	NiA
skitters	i
skittishly	v
skittishnesses	p
skittles	p
skived	VtA
skivers	p
skives	Vt
skiving	NVtA
skivings	t
skivvied	VA
skivvies	V
skivvying	NVA
sklents	p
skokiaans	p
skollies	p
skreeghed	tiA
skreeghing	NtiA
skreeghs	pti
skuas	p
skulduggeries	p
skulked	iA
skulkers	p
skulking	NiA
skulks	pi
skullcaps	p
skulls	p
skunked	tA
skunking	NtA
skunks	pt
skunkweeds	p
skycaps	p
skydived	VA
skydivers	p
skydives	V
skydiving	NVA
skydivings	p
skying	NVA
skyjacked	tA
skyjackers	p
skyjacking	NtA
skyjacks	t
skylarked	iA
skylarkers	p
skylarking	NiA
skylarks	pi
skylights	p
skylines	p
skyrocketed	iA
skyrocketing	NiA
skyrockets	pi
skysails	p
skyscapes	p
skyscrapers	p
skyways	p
skywriters	p
skywrites	ti
skywriting	NtiA
skywritings	p
slabbed	VtA
slabbered	VA
slabbering	NVA
slabbers	pV
slabbing	NVtA
slabs	pVt
slacked	VA
slackened	VA
slackening	NVA
slackens	V
slacker	A
slackers	p
slackest	A
slacking	NVA
slacknesses	p
slacks	V
slagged	VA
slagging	NVA
slags	pV
slaisters	p
slaked	tA
slakers	p
slakes	t
slaking	NtA
slalomed	iA
slaloming	NiA
slaloms	pi
slammed	VtiA
slamming	NVtiA
slams	pVti
slandered	VA
slandering	NVA
slanderousnesses	p
slanders	pV
slanged	VA
slanginesses	p
slanging	NVA
slangs	pV
slanted	ViA
slanting	NViA
slants	pVi
slapdashes	p
slaphappier	A
slaphappiest	A
slapjacks	p
slapped	VA
slappers	p
slapping	NVA
slaps	pV
slapshots	p
slapsticks	p
slashed	tA
slashes	pt
slashing	NtA
slatches	p
slated	VtA
slater	A
slaters	p
slates	pt
slathered	tA
slathering	NtA
slathers	pt
slatinesses	p
slating	NVtA
slatings	p
slats	pV
slatted	VA
slatterns	p
slatting	NVA
slattings	V
slaughtered	tA
slaughterers	p
slaughterhouses	p
slaughtering	NtA
slaughters	pt
slaved	iA
slaveholders	p
slaveholdings	p
slavered	iA
slaveries	p
slavering	NiA
slavers	pi
slaves	pi
slaving	NiA
slavishnesses	p
slavocrats	p
slaws	p
slayed	VA
slaying	NVA
slayings	V
slays	V
sleaved	VA
sleaves	pV
sleaving	NVA
sleazinesses	p
sledded	tiA
sledding	NtiA
sleddings	V
sledged	VA
sledgehammered	tA
sledgehammering	NtA
sledgehammers	pt
sledges	pV
sledging	NVA
sledgings	V
sleds	pti
sleeked	tA
sleeker	A
sleekers	p
sleekest	A
sleeking	NtA
sleekly	v
sleeks	t
sleepers	p
sleepinesses	p
sleepings	pV
sleeplessnesses	p
sleeps	pV
sleepwalked	iA
sleepwalker	A
sleepwalkers	p
sleepwalking	NiA
sleepwalks	i
sleepyheads	p
sleeted	iA
sleeting	NiA
sleets	pi
sleeved	tA
sleeves	pt
sleeving	NtA
sleighed	iA
sleighers	p
sleighing	NiA
sleighs	pi
sleights	p
slenderer	A
slenderest	A
slenderized	VA
slenderizes	V
slenderizing	NVA
slendernesses	p
sleuthed	tA
sleuthhounds	p
sleuthing	NtA
sleuths	pt
slewed	VA
slewing	NVA
slews	pV
sleys	pt
sliced	VtA
slicers	p
slices	pVt
slicing	NVtA
slicings	V
slicked	tA
slickensides	p
slicker	A
slickers	p
slickest	A
slicking	NtA
slicknesses	p
slicks	pt
slided	ViA
sliders	p
slides	pVi
slideways	p
sliding	NViA
slighted	tA
slighter	A
slighters	p
slightest	A
slighting	NtA
slights	pt
slimed	VtA
slimes	pt
slimily	v
sliming	NVtA
slimly	v
slimmed	VA
slimmers	p
slimming	NVA
slims	V
slimsier	A
slimsiest	A
slingbacks	p
slinging	NVA
slings	pV
slingshots	p
slinkily	v
slinking	NVtiA
slinks	pVti
slipcases	p
slipcovers	p
sliped	VtiA
sliping	NVtiA
slipknots	p
slipovers	p
slippages	p
slipped	VtiA
slippered	tA
slipperily	v
slippering	NtA
slippers	pt
slipperworts	p
slippily	v
slipping	NVtiA
slips	pVti
slipsheeted	VA
slipsheeting	NVA
slipsheets	pV
slipslops	p
slipsoles	p
slipstreamed	VA
slipstreaming	NVA
slipstreams	pV
slipwares	p
slipways	p
slithered	ViA
slithering	NViA
slithers	pVi
slits	pV
slitted	VA
slitting	NVA
slivered	VtA
slivering	NVtA
slivers	pVt
slivovitzes	p
slobbered	VtiA
slobberers	p
slobbering	NVtiA
slobbers	pVti
slobs	p
sloes	p
sloganeered	iA
sloganeering	NiA
sloganeers	pi
slogans	p
slogged	ViA
sloggers	p
slogging	NViA
slogs	pVi
sloids	p
slokes	pt
sloops	p
sloots	p
sloped	VtiA
slopes	pVti
sloping	NVtiA
slopped	VtiA
sloppinesses	p
slopping	NVtiA
slops	pVti
slopworks	p
sloshed	tA
sloshes	pt
sloshing	NtA
slothfulnesses	p
sloths	p
slots	pV
slotted	VA
slotters	p
slotting	NVA
slouched	tiA
slouchers	p
slouches	pti
slouchinesses	p
slouching	NtiA
sloughed	VA
sloughier	A
sloughiest	A
sloughing	NVA
sloughs	pV
slovenlinesses	p
slovens	p
slowcoaches	p
slowdowns	p
slowed	VA
slower	A
slowest	A
slowing	NVA
slownesses	p
slowpokes	p
slows	V
slowworms	p
slubbed	VtA
slubber	A
slubbered	tA
slubbering	NtA
slubbers	t
slubbing	NVtA
slubbings	V
slubs	pVt
sludges	p
slued	VA
slueing	NVA
slues	pV
sluffed	VA
sluffing	NVA
sluffs	pV
slugabeds	p
slugfests	p
sluggardly	v
sluggards	p
slugged	VtiA
sluggers	p
slugging	NVtiA
sluggishnesses	p
slugs	pVti
sluiced	tiA
sluicegates	p
sluices	pti
sluiceways	p
sluicing	NtiA
sluing	NVA
slumbered	tiA
slumberers	p
slumbering	NtiA
slumberousnesses	p
slumbers	pti
slumgullions	p
slumlords	p
slummed	ViA
slummers	p
slumming	NViA
slummings	V
slumped	iA
slumping	NiA
slumps	pi
slums	pVi
slurped	VA
slurping	NVA
slurps	pV
slurred	VA
slurring	NVA
slurs	pV
slushed	iA
slushes	pi
slushinesses	p
slushing	NiA
sluts	p
sluttier	A
sluttiest	A
sluttishnesses	p
slynesses	p
slypes	p
smacked	tiA
smackers	p
smacking	NtiA
smacks	pti
smallages	p
smaller	A
smallest	A
smallholdings	p
smallpoxes	p
smalls	p
smallswords	p
smaltites	p
smalts	p
smaragdines	p
smaragdites	p
smaragds	p
smarmed	tA
smarmier	A
smarmiest	A
smarmily	v
smarming	NtA
smarms	pt
smarted	VA
smartened	VtA
smartening	NVtA
smartens	Vt
smarter	A
smartest	A
smarties	p
smarting	NVA
smarts	pV
smashed	VtiA
smashers	p
smashes	pVti
smashing	NVtiA
smashingly	v
smatches	p
smattered	tiA
smatterers	p
smattering	NtiA
smatterings	p
smatters	pti
smazes	p
smearcases	p
smeared	ViA
smearers	p
smearily	v
smearinesses	p
smearing	NViA
smears	pVi
smeeked	iA
smeeking	NiA
smeeks	pi
smegmas	p
smelled	VtiA
smellers	p
smellinesses	p
smelling	NVtiA
smells	pVti
smelted	VtA
smelters	p
smelting	NVtA
smelts	pVt
smews	p
smidgens	p
smiercases	p
smilaxes	p
smiled	tiA
smiles	pti
smiling	NtiA
smilings	V
smirched	tA
smirches	pt
smirching	NtA
smirked	tiA
smirkers	p
smirking	NtiA
smirks	pti
smiters	p
smites	Vi
smithies	p
smiths	p
smithsonites	p
smiting	NViA
smits	p
smocked	VA
smocking	NVA
smockings	p
smocks	pV
smogs	p
smoked	tiA
smokehos	p
smokehouses	p
smokejacks	p
smokejumpers	p
smokers	p
smokes	pti
smokestacks	p
smokily	v
smoking	NtiA
smokings	V
smoldered	VA
smoldering	NVA
smolders	pV
smolts	p
smooched	iA
smooches	pi
smooching	NiA
smoodged	VA
smoodges	V
smoodging	NVA
smoothbores	p
smoothed	VA
smoothened	VA
smoothening	NVA
smoothens	V
smoother	A
smoothers	p
smoothest	A
smoothhounds	p
smoothing	NVA
smoothnesses	p
smooths	pV
smothered	VtA
smothering	NVtA
smothers	pVt
smouldered	iA
smouldering	NiA
smoulders	pi
smritis	p
smudged	VtA
smudges	pVt
smudginesses	p
smudging	NVtA
smuggled	VtA
smugglers	p
smuggles	Vt
smuggling	NVtA
smugglings	V
smugnesses	p
smutched	tA
smutches	pt
smutching	NtA
smuts	pV
smutted	VA
smuttinesses	p
smutting	NVA
smytries	p
snacked	iA
snacking	NiA
snacks	pi
snaffled	tA
snaffles	pt
snaffling	NtA
snafued	VA
snafuing	NVA
snafus	pV
snagged	VA
snaggier	A
snaggiest	A
snagging	NVA
snags	pV
snails	p
snakebirds	p
snakebites	p
snaked	tiA
snakeheads	p
snakeroots	p
snakes	pti
snakeskins	p
snakeweeds	p
snakinesses	p
snaking	NtiA
snapbacks	p
snapdragons	p
snapped	VtiA
snappers	p
snappinesses	p
snapping	NVtiA
snappings	V
snappishnesses	p
snaps	pVti
snapshots	p
snared	tA
snarers	p
snares	pt
snarfed	tA
snarfing	NtA
snarfs	t
snaring	NtA
snarings	V
snarled	VtiA
snarlers	p
snarlier	A
snarliest	A
snarling	NVtiA
snarls	pVti
snashed	iA
snashes	pi
snashing	NiA
snatched	tiA
snatchers	p
snatches	pti
snatching	NtiA
snaths	p
snazzily	v
snazzinesses	p
sneaked	tiA
sneakinesses	p
sneaking	NtiA
sneakingly	v
sneaks	pti
snecked	VA
snecking	NVA
snecks	pV
snedded	VA
snedding	NVA
sneds	V
sneered	iA
sneerers	p
sneering	NiA
sneers	pi
sneeshes	p
sneezed	iA
sneezes	pi
sneezeworts	p
sneezing	NiA
sneezings	V
snells	p
snibbed	tA
snibbing	NtA
snibs	pt
snicked	tA
snickered	VA
snickering	NVA
snickers	pV
snickersnees	p
snickets	p
snicking	NtA
snicks	pt
snidely	v
snidenesses	p
snides	p
sniffed	VA
sniffers	p
sniffinesses	p
sniffing	NVA
sniffishly	v
sniffled	iA
snifflers	p
sniffles	pi
sniffling	NiA
sniffs	pV
snifters	p
snigged	tA
sniggerers	p
snigging	NtA
sniggled	tiA
sniggles	pti
sniggling	NtiA
snigglings	V
snigs	t
sniped	ViA
snipefishes	p
snipers	p
sniperscopes	p
snipes	pVi
sniping	NViA
snipped	VA
snippets	p
snippinesses	p
snipping	NVA
snips	V
snitched	tiA
snitches	pti
snitching	NtiA
snits	p
sniveled	ViA
snivelers	p
sniveling	NViA
snivelled	ViA
snivellers	p
snivelling	NViA
snivels	pVi
snobbishly	v
snobbisms	p
snobs	p
snogged	VA
snogging	NVA
snogs	pV
snollygosters	p
snooded	tA
snooding	NtA
snoods	pt
snookered	tA
snookering	NtA
snookers	pt
snooks	p
snooled	tiA
snooling	NtiA
snools	pti
snooped	iA
snoopers	p
snooperscopes	p
snoopily	v
snooping	NiA
snoops	pi
snootinesses	p
snoots	p
snoozed	iA
snoozers	p
snoozes	pi
snoozier	A
snooziest	A
snoozing	NiA
snored	iA
snores	pi
snoring	NiA
snorings	V
snorkeled	iA
snorkeling	NiA
snorkelled	iA
snorkelling	NiA
snorkels	pi
snorted	tiA
snorters	p
snorting	NtiA
snorts	pti
snots	p
snottier	A
snotties	p
snottiest	A
snottinesses	p
snouts	p
snowballed	tiA
snowballing	NtiA
snowballs	pti
snowbells	p
snowbirds	p
snowblinks	p
snowbushes	p
snowcaps	p
snowdrifts	p
snowdrops	p
snowed	tiA
snowfalls	p
snowfields	p
snowflakes	p
snowinesses	p
snowing	NtiA
snowked	iA
snowking	NiA
snowks	i
snowmobiles	p
snowpacks	p
snowploughs	p
snowplows	p
snows	pti
snowsheds	p
snowshoed	VA
snowshoeing	NVA
snowshoers	p
snowshoes	pV
snowslides	p
snowstorms	p
snubbed	VA
snubber	A
snubbers	p
snubbinesses	p
snubbing	NVA
snubbings	V
snubs	pV
snuffboxes	p
snuffed	tiA
snuffers	p
snuffily	v
snuffinesses	p
snuffing	NtiA
snuffled	iA
snufflers	p
snuffles	pi
snufflier	A
snuffliest	A
snuffling	NiA
snuffs	pti
snugged	VA
snugging	NVA
snuggled	VA
snuggles	pV
snuggling	NVA
snugnesses	p
snugs	pV
snyes	p
soakages	p
soakaways	p
soaked	VtA
soakers	p
soaking	NVtA
soaks	pVt
soapbarks	p
soapberries	p
soapboxes	p
soaped	tiA
soaping	NtiA
soaps	pti
soapstones	p
soapworts	p
soared	iA
soarers	p
soaring	NiA
soars	pi
soaves	p
sobbed	VtA
sobbers	p
sobbing	NVtA
sobbings	V
sobered	VA
soberer	A
soberest	A
sobering	NVA
sobernesses	p
sobers	V
sobrieties	p
sobs	pVt
socagers	p
socages	p
soccers	p
sociabilities	p
sociablenesses	p
sociables	p
socialisations	p
socialised	tiA
socialises	ti
socialising	NtiA
socialisms	p
socialists	p
socialites	p
socialities	p
socializations	p
socialized	tiA
socializers	p
socializes	ti
socializing	NtiA
socially	v
socials	p
societally	v
sociobiologies	p
sociograms	p
sociologies	p
sociologisms	p
sociologists	p
sociometries	p
sociopathies	p
sociopaths	p
sockdologers	p
socked	VtA
socketed	tA
socketing	NtA
sockets	pt
sockeyes	p
socking	NVtA
socks	Vt
socles	p
sodalites	p
sodamides	p
sodas	p
sodbusters	p
sodded	VA
soddened	VA
soddening	NVA
soddennesses	p
soddens	V
sodding	NVA
sodiums	p
sodomies	p
sodomites	p
sods	pV
sofars	p
sofas	p
soffits	p
softas	p
softballs	p
softened	VA
softeners	p
softening	NVA
softens	V
softer	A
softest	A
softheads	p
softheartedly	v
softnesses	p
softs	p
softwares	p
softwoods	p
soggier	A
soggiest	A
soggily	v
soilages	p
soiled	VtA
soiling	NVtA
soils	pVt
soilures	p
sojas	p
sojourned	iA
sojourning	NiA
sojourns	pi
sokens	p
sokes	p
solaced	tA
solacers	p
solaces	pt
solacing	NtA
solanders	p
solanos	p
solans	p
solanums	p
solarimeters	p
solarisms	p
solarists	p
solarizations	p
solarized	tA
solarizes	t
solarizing	NtA
soldans	p
solder	A
soldered	VA
soldering	NVA
solders	pV
soldiered	iA
soldiering	NiA
soldiers	pi
soldierships	p
solecisms	p
soled	tA
solemner	A
solemnest	A
solemnified	VA
solemnifies	V
solemnifying	NVA
solemnises	p
solemnities	p
solemnizations	p
solemnized	tA
solemnizers	p
solemnizes	t
solemnizing	NtA
solemnnesses	p
solenodons	p
solenoids	p
soleplates	p
soler	A
soles	pt
solfataras	p
solfeggios	p
solferinos	p
solicited	VA
soliciting	NVA
solicitors	p
solicitorships	p
solicitously	v
solicits	V
solicitudes	p
solidarities	p
solider	A
solidest	A
solidifications	p
solidified	VA
solidifiers	p
solidifies	V
solidifying	NVA
solidnesses	p
solids	p
soliduses	p
solifidians	p
solifluctions	p
soliloquised	tiA
soliloquisers	p
soliloquises	ti
soliloquising	NtiA
soliloquized	VA
soliloquizes	V
soliloquizing	NVA
soling	NtA
solipeds	p
solipsisms	p
solitaires	p
solitarily	v
solitudes	p
sollars	p
sollerets	p
solmizations	p
soloed	iA
soloing	NiA
soloists	p
solonchaks	p
solonetzes	p
solos	pi
sols	p
solstices	p
solstitially	v
solubilities	p
solubilized	VA
solubilizes	V
solubilizing	NVA
solublenesses	p
solums	p
solutes	p
solutions	p
solvated	VA
solvates	V
solvating	NVA
solvations	p
solved	tA
solvencies	p
solvently	v
solvents	p
solvers	p
solves	t
solving	NtA
somas	p
somatically	v
somatologies	p
somatologists	p
somatoplasms	p
somatopleures	p
somatotypes	p
sombernesses	p
sombrenesses	p
somebodies	p
somersaulted	iA
somersaulting	NiA
somersaults	pi
somites	p
somnambulantly	v
somnambulants	p
somnambulated	iA
somnambulates	pi
somnambulating	NiA
somnambulations	p
somnambulators	p
somnambulisms	p
somnambulistically	v
somnambulists	p
somnifacients	p
somniloquists	p
somnolences	p
somnolencies	p
sonants	p
sonars	p
sonatas	p
sonatinas	p
sondages	p
sondes	p
sones	p
songbirds	p
songfests	p
songfulnesses	p
songlessly	v
songs	p
songsters	p
songstresses	p
songwriters	p
sonically	v
sonneted	tiA
sonneteers	p
sonneting	NtiA
sonnetised	tiA
sonnetises	ti
sonnetising	NtiA
sonnetized	tiA
sonnetizes	ti
sonnetizing	NtiA
sonnets	pti
sonnies	p
sonobuoys	p
sonorants	p
sonorousnesses	p
sons	p
sonships	p
sonsier	A
sonsiest	A
soogeed	tA
soogeeing	NtA
soogees	pt
sooks	p
sooled	tA
sooling	NtA
sools	t
sooted	tA
soothed	tiA
soother	A
soothers	p
soothes	ti
soothest	A
soothing	NtiA
soothingnesses	p
soothings	V
sooths	p
soothsayers	p
soothsaying	NVA
soothsayings	i
soothsays	V
sootier	A
sootiest	A
sootinesses	p
sooting	NtA
soots	pt
sophisms	p
sophisters	p
sophisticated	VtA
sophisticatedly	v
sophisticates	pVt
sophisticating	NVtA
sophistications	p
sophists	p
sophomores	p
sophomorically	v
soporiferousnesses	p
soporifically	v
soporifics	p
sopors	p
sopped	VA
soppily	v
soppinesses	p
sopping	NVA
sopraninos	p
sops	pV
soras	p
sorbefacients	p
sorbets	p
sorbitols	p
sorboses	p
sorbs	p
sorcerers	p
sordidly	v
sordidnesses	p
soreheads	p
sores	p
sorghums	p
sorned	iA
sorners	p
sorning	NiA
sorns	i
sorobans	p
sororates	p
sororicides	p
sororities	p
sorosises	p
sorptions	p
sorrels	p
sorrinesses	p
sorrowed	iA
sorrowers	p
sorrowfulnesses	p
sorrowing	NiA
sorrows	pi
sorted	tiA
sorters	p
sortied	VA
sorties	pV
sortileges	p
sorting	NtiA
sortitions	p
sorts	pti
soteriologies	p
sotols	p
sots	p
sottedly	v
soubises	p
soubrettes	p
souchongs	p
soughed	iA
soughing	NiA
soughs	pi
souks	p
soulfulnesses	p
soullessly	v
souls	p
soundboards	p
soundboxes	p
sounded	VtiA
sounder	A
sounders	p
soundest	A
sounding	NVtiA
soundings	p
soundlessnesses	p
soundnesses	p
soundproofed	tA
soundproofing	NtA
soundproofs	t
sounds	pVti
soundtracks	p
souples	p
soups	p
soupspoons	p
sources	p
sourdines	p
sourdoughs	p
soured	VA
sourer	A
sourest	A
souring	NVA
sourishly	v
sournesses	p
sourpusses	p
sours	pV
soursops	p
sourwoods	p
sous	p
sousaphones	p
soused	VtA
souses	pVt
sousing	NVtA
sousings	V
sousliks	p
soutaches	p
soutanes	p
souterrains	p
souters	p
southeaster	A
southeasters	p
southeasts	p
southeastwards	p
souther	A
southerlies	p
southerner	A
southerners	p
southernwoods	p
southers	p
southings	p
southlanders	p
southlands	p
southpaws	p
souths	p
southwardly	v
southwards	p
southwester	A
southwesters	p
southwests	p
southwestwards	p
souvenirs	pt
sovereigns	p
sovietisms	p
sovietized	VA
sovietizes	V
sovietizing	NVA
soviets	p
sovkhozes	p
sovranly	v
sovrans	p
sowars	p
sowbacks	p
sowbellies	p
sowbreads	p
sowcars	p
sowed	VtA
sowing	NVtA
sowings	V
sows	pVt
soybeans	p
soys	p
sozins	p
spacebands	p
spacecrafts	p
spaced	tA
spaceports	p
spacers	p
spaces	pt
spaceships	p
spacesuits	p
spacewalked	iA
spacewalking	NiA
spacewalks	pi
spacing	NtA
spacings	p
spaciousnesses	p
spackled	tiA
spackles	pti
spackling	NtiA
spaded	tA
spadefishes	p
spaders	p
spades	pt
spadeworks	p
spading	NtA
spaed	VA
spaeing	NVA
spaeings	pt
spaers	p
spaes	V
spaetzles	p
spaghettis	p
spahis	p
spaing	NVA
spales	p
spallations	p
spalled	VA
spallers	p
spalling	NVA
spalls	pV
spalpeens	p
spanceled	VA
spanceling	NVA
spancelled	VA
spancelling	NVA
spancels	pV
spandexes	p
spandrels	p
spaned	VtA
spangled	VtA
spangles	pVt
spanglier	A
spangliest	A
spangling	NVtA
spanglings	V
spaniels	p
spaning	NVtA
spanked	tiA
spankers	p
spanking	NtiA
spankings	p
spanks	pti
spanned	VtA
spanners	p
spanning	NVtA
spans	Vt
spanworms	p
sparables	p
spared	VtiA
sparenesses	p
sparer	A
spareribs	p
sparers	pV
spares	pti
sparest	A
sparged	VA
spargers	p
sparges	V
sparging	NVA
sparids	p
sparing	NVtiA
sparingnesses	p
sparked	VtiA
sparkers	p
sparking	NVtiA
sparkled	ViA
sparklers	p
sparkles	pVi
sparklets	p
sparkling	NViA
sparklings	i
sparkplugged	tA
sparkplugging	NtA
sparkplugs	t
sparks	pVti
sparoids	p
sparred	VA
sparrier	A
sparriest	A
sparring	NVA
sparrings	V
sparrowgrasses	p
sparrowhawks	p
sparrows	p
spars	pV
sparteines	p
sparvers	p
spas	p
spasmodists	p
spasmolytics	p
spasms	p
spastically	v
spastics	p
spatchcocked	tA
spatchcocking	NtA
spatchcocks	pt
spates	p
spathes	p
spatialities	p
spatiotemporally	v
spats	pV
spatted	VA
spatterdashes	p
spatterdocks	p
spattered	VtiA
spattering	NVtiA
spatters	pVti
spatting	NVA
spatulas	p
spatzles	p
spavins	p
spawned	VA
spawners	p
spawning	NVA
spawns	pV
spayed	tA
spaying	NtA
spays	t
speakeasies	p
speakers	p
speakerships	p
speaking	NVtiA
speakingly	v
speaks	Vti
speaned	tA
speaning	NtA
speans	pt
speared	VA
spearers	p
spearfishes	p
spearheaded	tA
spearheading	NtA
spearheads	pt
spearing	NVA
spearmints	p
spears	pV
spearworts	p
specialer	A
specialest	A
specialisations	p
specialised	tiA
specialises	ti
specialising	NtiA
specialisms	p
specialists	p
specialities	p
specializations	p
specialized	tiA
specializes	ti
specializing	NtiA
specials	p
speciations	p
species	p
specifically	v
specifications	p
specifics	p
specified	VA
specifiers	p
specifies	V
specifying	NVA
specimens	p
speciosities	p
speciousnesses	p
specked	tA
specking	NtA
speckled	tA
speckles	pt
speckling	NtA
specks	pt
spectaculars	p
spectators	p
spectatresses	p
specters	p
spectralities	p
spectralnesses	p
spectres	p
spectrochemistries	p
spectrograms	p
spectrographies	p
spectrographs	p
spectroheliograms	p
spectroheliographs	p
spectrohelioscopes	p
spectrometers	p
spectrometries	p
spectrophotometers	p
spectrophotometries	p
spectroscopes	p
spectroscopies	p
spectroscopists	p
speculated	ViA
speculates	Vi
speculating	NViA
speculations	p
speculativenesses	p
speculators	p
speculums	p
speeches	p
speechified	VA
speechifies	V
speechifying	NVA
speechlessnesses	p
speechmakers	p
speechmakings	p
speedballs	p
speedboatings	p
speedboats	p
speeders	p
speedinesses	p
speeding	NVA
speedings	V
speedometers	p
speedos	p
speeds	pV
speedsters	p
speedways	p
speedwells	p
speels	p
speers	p
speisses	p
speleologies	p
spelks	p
spellbinders	p
spellbinding	NVA
spellbinds	V
spelldowns	p
spelled	VtA
spellers	p
spellicans	p
spelling	NVtA
spellings	p
spells	pVt
spelters	p
spelunkers	p
spencers	p
spences	p
spenders	p
spending	NVtiA
spendings	V
spends	Vti
spendthrifts	p
speoses	p
spermacetis	p
spermathecas	p
spermatids	p
spermatocytes	p
spermatogoniums	p
spermatophores	p
spermatophytes	p
spermatorrhoeas	p
spermatozoids	p
spermicides	p
spermines	p
spermophiles	p
spermophytes	p
sperms	p
sperrylites	p
spessartites	p
spewed	VA
spewers	p
spewing	NVA
spews	pV
sphacelations	p
sphagnums	p
sphalerites	p
sphenes	p
sphenodons	p
sphenograms	p
sphenoids	p
sphered	tA
spheres	pt
sphericities	p
spherier	A
spheriest	A
sphering	NtA
spheroidally	v
spheroidicities	p
spheroids	p
spherometers	p
spherules	p
spherulites	p
sphincters	p
sphingosines	p
sphinxes	p
sphragistics	p
sphygmograms	p
sphygmographies	p
sphygmographs	p
sphygmomanometers	p
sphygmuses	p
spiccatos	p
spicebushes	p
spiced	tA
spiceries	p
spices	pt
spicinesses	p
spicing	NtA
spics	p
spiculas	p
spicules	p
spiderier	A
spideriest	A
spiders	p
spiderwebs	t
spiderworts	p
spied	VA
spiegeleisens	p
spieled	tiA
spielers	p
spieling	NtiA
spiels	pti
spiers	p
spies	V
spiffinesses	p
spiflicated	tA
spiflicates	t
spiflicating	NtA
spignels	p
spigots	p
spiked	tA
spikelets	p
spikenards	p
spikers	p
spikes	pt
spikinesses	p
spiking	NtA
spiled	tA
spiles	pt
spilikins	pti
spiling	NtA
spilings	Vti
spillages	p
spilled	VA
spillikins	p
spilling	NVA
spillovers	p
spills	pV
spillways	p
spilths	p
spinaches	p
spinally	v
spinals	p
spinas	p
spindled	tiA
spindles	pti
spindling	NtiA
spindlings	p
spindrifts	p
spined	VtiA
spinelessnesses	p
spinels	p
spines	p
spinets	p
spinifexes	p
spininesses	p
spinks	p
spinnakers	p
spinnerets	p
spinners	p
spinning	NVtiA
spinnings	p
spinodes	p
spinosities	p
spins	pVti
spinsterhoods	p
spinsters	p
spinthariscopes	p
spinules	p
spiracles	p
spiraeas	p
spiraled	VA
spiraling	NVA
spiralled	VA
spiralling	NVA
spirals	V
spirants	p
spireas	p
spired	tiA
spiremes	p
spires	pti
spirier	A
spiriest	A
spiring	NtiA
spirited	tA
spiritednesses	p
spiriting	NtA
spiritisms	p
spiritists	p
spiritlessnesses	p
spirits	pt
spiritualisations	p
spiritualisers	p
spiritualisms	p
spiritualists	p
spiritualizations	p
spiritualized	tA
spiritualizers	p
spiritualizes	t
spiritualizing	NtA
spiritually	v
spirituals	p
spirituousnesses	p
spirochaetes	p
spirochetes	p
spirographically	v
spirographs	p
spirogyras	p
spirometers	p
spirometries	p
spironolactones	p
spirulas	p
spitals	p
spitballs	p
spitchcocks	p
spited	VtiA
spitefuller	A
spitefullest	A
spitefulnesses	p
spites	pt
spitfires	p
spiting	NVtiA
spits	pVti
spitted	VtiA
spitters	p
spitting	NVtiA
spittings	V
spittles	p
spittoons	p
spitzes	p
spivs	p
splakes	p
splanchnologies	p
splashboards	p
splashdowns	pVi
splashed	VtA
splashers	p
splashes	pVt
splashily	v
splashinesses	p
splashing	NVtA
splats	p
splattered	VA
splattering	NVA
splatters	pV
splayed	VtA
splaying	NVtA
splays	pVt
spleens	p
spleenworts	p
splendider	A
splendidest	A
splendidnesses	p
splendiferousnesses	p
splendors	p
splendours	p
splenectomized	tA
splenectomizes	t
splenectomizing	NtA
splenetics	p
spleniuses	p
splenomegalies	p
spleuchans	p
spliced	tA
splicers	p
splices	pt
splicing	NtA
splined	tA
splines	pt
splining	NtA
splinted	VA
splintered	VA
splintering	NVA
splinters	pV
splinting	NVA
splints	pV
splits	pVti
splitters	p
splitting	NVtiA
splittings	p
splodged	tA
splodges	pt
splodging	NtA
splores	p
sploshed	tiA
sploshes	pti
sploshing	NtiA
splotched	VA
splotches	pV
splotching	NVA
splurged	VA
splurges	pV
splurgier	A
splurgiest	A
splurging	NVA
spluttered	VtA
splutterers	p
spluttering	NVtA
splutters	pVt
spodes	p
spodumenes	p
spoilages	p
spoiled	VtiA
spoilers	p
spoiling	NVtiA
spoils	Vti
spoilsports	p
spoked	VtA
spokes	pVt
spokeshaves	p
spoking	NVtA
spoliated	VA
spoliates	V
spoliating	NVA
spoliations	p
spondees	p
spondylitises	p
sponged	tiA
spongers	p
sponges	pti
spongily	v
sponging	NtiA
spongins	p
spongioblasts	p
sponsions	p
sponsons	p
sponsored	tA
sponsoring	NtA
sponsors	pt
spontaneities	p
spontaneousnesses	p
spontoons	p
spoofed	VA
spooferies	p
spoofing	NVA
spoofs	pV
spooked	tA
spookinesses	p
spooking	NtA
spooks	pt
spooled	VA
spooling	NVA
spools	pV
spoomed	iA
spooming	NiA
spooms	pi
spoonbills	p
spoondrifts	p
spooned	tiA
spoonerisms	p
spooners	p
spooning	NtiA
spoons	pti
spoored	VA
spooring	NVA
spoors	pV
spored	iA
spores	pi
sporicides	p
sporing	NiA
sporocarps	p
sporocysts	p
sporocytes	p
sporogonies	p
sporogoniums	p
sporophores	p
sporophylls	p
sporophytes	p
sporozoans	p
sporozoites	p
sporrans	p
sported	tiA
sporters	p
sportfulnesses	p
sportinesses	p
sporting	NtiA
sportingly	v
sportivenesses	p
sports	pti
sportscasts	p
sportsmanships	p
sporulated	iA
sporulates	i
sporulating	NiA
sporulations	p
sporules	p
spotlessnesses	p
spotlighted	VtA
spotlighting	NVtA
spotlights	pVt
spots	pV
spotted	VA
spotters	p
spottier	A
spottiest	A
spottinesses	p
spotting	NVA
spottings	pV
spousals	p
spoused	VtA
spouses	pVt
spousing	NVtA
spouted	VA
spouters	p
spouting	NVA
spouts	pV
spraddled	tiA
spraddles	ti
spraddling	NtiA
sprags	p
sprained	tA
spraining	NtA
sprains	pt
sprangs	V
sprats	p
sprattles	p
sprauchled	iA
sprauchles	i
sprauchling	NiA
sprawled	iA
sprawling	NiA
sprawls	pi
sprayed	VtA
sprayers	p
spraying	NVtA
sprays	pVt
spreader	A
spreaders	p
spreading	NVtA
spreads	pVt
sprechgesangs	p
sprechstimmes	p
sprees	p
sprigged	VtA
sprigging	NVtA
sprightfully	v
sprightlinesses	p
sprigs	pVt
sprigtails	p
springalds	p
springboards	p
springed	VtiA
springeing	NtiA
springers	p
springes	pti
springhalts	p
springheads	p
springhouses	p
springinesses	p
springing	NVtiA
springings	p
springlets	p
springs	pVti
springtails	p
springtimes	p
springwoods	p
sprinkled	VtiA
sprinklers	p
sprinkles	pVti
sprinkling	NVtiA
sprinklings	p
sprinted	iA
sprinting	NiA
sprints	pi
sprites	p
sprits	p
spritsails	p
spritzed	tA
spritzes	pt
spritzing	NtA
sprockets	p
sprouted	ViA
sprouting	NViA
sprouts	pVi
sprucenesses	p
spruces	p
sprues	p
spruiked	iA
spruikers	p
spruiking	NiA
spruiks	i
spudded	VA
spudders	p
spudding	NVA
spuds	pV
spued	VA
spues	V
spuing	NVA
spumed	iA
spumes	pi
spuming	NiA
spunkinesses	p
spunks	p
spurges	p
spuriousnesses	p
spurned	VA
spurning	NVA
spurns	pV
spurrers	p
spurreys	p
spurriers	p
spurring	NVA
spurrings	V
spurs	pV
spurted	VA
spurters	p
spurting	NVA
spurtles	p
spurts	pV
sputniks	p
sputtered	VA
sputtering	NVA
sputters	pV
spyglasses	p
spying	NVA
spyings	V
squabbled	tiA
squabblers	p
squabbles	pti
squabbling	NtiA
squabs	p
squaccos	p
squadrons	p
squads	p
squalenes	p
squalider	A
squalidest	A
squalidities	p
squalidnesses	p
squalled	iA
squallers	p
squalling	NiA
squalls	pi
squalors	p
squamations	p
squamosals	p
squamousnesses	p
squandered	tA
squandering	NtA
squanders	pt
squared	VA
squarenesses	p
squarer	A
squarers	p
squares	pV
squarest	A
squaring	NVA
squashed	VtiA
squashes	pVti
squashinesses	p
squashing	NVtiA
squatnesses	p
squats	pV
squatters	p
squawfishes	p
squawked	ViA
squawkers	p
squawking	NViA
squawks	pVi
squawroots	p
squaws	p
squeaked	VtiA
squeakers	p
squeakily	v
squeaking	NVtiA
squeaks	pVti
squealed	ViA
squealers	p
squealing	NViA
squeals	pVi
squeamishnesses	p
squeegeed	VA
squeegeeing	NVA
squeegees	pV
squeezed	VtiA
squeezers	p
squeezes	pVti
squeezing	NVtiA
squegs	i
squelched	tiA
squelchers	p
squelches	pti
squelching	NtiA
squeteagues	p
squibbings	V
squibs	pV
squids	pV
squiffers	p
squiffier	A
squiffiest	A
squiggled	tiA
squiggles	pti
squigglier	A
squiggliest	A
squiggling	NtiA
squilgees	p
squillas	p
squills	p
squinches	p
squinnied	iA
squinnies	pi
squinnying	NiA
squinted	ViA
squinter	A
squinters	p
squintest	A
squintier	A
squintiest	A
squinting	NViA
squints	pVi
squired	tA
squiredoms	p
squireens	p
squirelings	p
squires	pt
squiring	NtA
squirmed	iA
squirming	NiA
squirms	pi
squirrelfishes	p
squirrels	p
squirted	VA
squirters	p
squirting	NVA
squirts	pV
squished	tiA
squishes	pti
squishing	NtiA
squits	p
squushes	p
sris	p
stabbed	VtA
stabbing	NVtA
stabiles	p
stabilisations	p
stabilised	tiA
stabilisers	p
stabilises	ti
stabilising	NtiA
stabilizations	p
stabilized	VtA
stabilizers	p
stabilizes	Vt
stabilizing	NVtA
stableboys	p
stabled	VA
stablenesses	p
stabler	A
stables	pV
stablest	A
stabling	NVA
stablings	p
stablished	VA
stablishes	V
stablishing	NVA
stabs	pVt
stacked	tA
stackers	pti
stacking	NtA
stacks	pt
stackyards	p
stactes	p
staddles	p
staddlestones	p
stades	p
stadholders	p
stadias	p
staffed	VA
staffers	p
staffing	NVA
staffs	pV
stagecoaches	p
stagecrafts	p
staged	tiA
stagehands	p
stagers	p
stages	pti
stagflations	p
staggards	p
staggerbushes	p
staggered	VtiA
staggerers	p
staggering	NVtiA
staggers	pVti
staghounds	p
staginesses	p
staging	NtiA
stagings	p
stagnancies	p
stagnated	iA
stagnates	i
stagnating	NiA
stagnations	p
stags	p
staider	A
staidest	A
staidnesses	p
stainabilities	p
stained	ViA
stainers	p
staining	NViA
stainlesses	p
stainlessly	v
stains	pVi
staircases	p
stairheads	p
stairways	p
stairwells	p
staked	tA
stakeouts	pVt
stakes	pt
staking	NtA
stalactites	p
stalagmites	p
stalagmometers	pti
stalags	p
staled	ViA
stalemated	tA
stalemates	pt
stalemating	NtA
stalenesses	p
staler	A
stales	pVi
stalest	A
staling	NViA
stalked	ViA
stalkers	p
stalkier	A
stalkiest	A
stalkily	v
stalking	NViA
stalks	pVi
stallages	p
stalled	VtiA
stalling	NVtiA
stallions	p
stalls	pVti
stalwartnesses	p
stalwarts	p
stamens	p
staminas	p
staminodes	p
staminodies	p
staminodiums	p
stammels	p
stammered	VA
stammerers	p
stammering	NVA
stammers	pV
stamped	VtiA
stampeded	VA
stampeders	p
stampedes	pV
stampeding	NVA
stampers	p
stamping	NVtiA
stamps	pVti
stances	p
stanched	VA
stanchers	p
stanches	pV
stanching	NVA
stanchioned	tA
stanchioning	NtA
stanchions	pt
standardised	tiA
standardises	ti
standardising	NtiA
standardizations	p
standardized	VtA
standardizers	p
standardizes	Vt
standardizing	NVtA
standardly	v
standards	p
standees	p
standing	NVtA
standings	p
standishes	p
standoffs	pV
standouts	p
standpipes	p
standpoints	p
stands	Vt
standstills	p
stanes	p
stanged	VA
stanging	NVA
stangs	pV
stanhopes	p
stanks	pVt
stannates	p
stannites	p
stannums	p
stanzas	p
stapelias	p
stapeses	p
staphs	p
staphyloplasties	p
stapled	tA
stapler	A
staplers	p
staples	pt
stapling	NtA
starboarded	VA
starboarding	NVA
starboards	pV
starched	tA
starches	pt
starchier	A
starchiest	A
starchinesses	p
starching	NtA
stardoms	p
stardusts	p
stared	ViA
starer	A
stares	pi
starfishes	p
starflowers	p
stargazed	iA
stargazer	A
stargazes	i
stargazing	NiA
staring	NViA
starings	V
starker	A
starkest	A
starknesses	p
starlets	p
starlights	p
starlings	p
starred	VA
starrinesses	p
starring	NVA
starrings	V
stars	pV
started	VtiA
starters	p
starting	NVtiA
startled	VA
startlers	p
startles	V
startling	NVA
starts	pVti
starvations	p
starved	VtiA
starvelings	p
starvers	p
starves	Vti
starving	NVtiA
starvings	V
starworts	p
stashed	tA
stashes	pt
stashing	NtA
stasidions	p
statecrafts	p
stated	tA
statehoods	p
statelessnesses	p
statelily	v
statelinesses	p
statements	p
staterooms	p
staters	p
states	pt
statesmanships	p
statics	p
stating	NtA
stationed	tA
stationeries	p
stationers	p
stationing	NtA
stationmasters	p
stations	pt
statisms	p
statisticians	p
statistics	p
statists	p
statives	p
statoblasts	p
statocysts	p
statoliths	p
stators	p
statoscopes	p
stats	p
statuaries	p
statues	p
statuesquely	v
statuettes	p
statures	p
statuses	p
statutably	v
statutes	p
staumrels	p
staunched	VA
stauncher	A
staunches	pV
staunchest	A
staunching	NVA
staunchly	v
staurolites	p
staved	VA
staves	pV
stavesacres	p
staving	NVA
stawed	tiA
stawing	NtiA
staws	pti
stayed	tiA
stayers	p
staying	NtiA
stayings	V
stays	ti
staysails	p
steaded	tA
steadfastnesses	p
steadied	VA
steadiers	p
steadies	pV
steadinesses	p
steading	NtA
steadings	p
steads	pt
steadying	NVA
steaks	p
stealages	p
stealed	VtiA
stealers	p
stealing	NVtiA
stealings	pV
steals	pVti
stealthinesses	p
stealths	p
steamboats	p
steamed	VtiA
steamers	p
steamies	p
steaminesses	p
steaming	NVtiA
steamrollered	tA
steamrollering	NtA
steamrollers	pt
steams	pVti
steamships	p
steapsins	p
stearates	p
stearins	p
stearoptenes	p
steatites	p
steatopygias	p
steatorrhoeas	p
sted	tiA
steeds	p
steeked	tiA
steeking	NtiA
steeks	pti
steeled	tA
steelheads	p
steelinesses	p
steeling	NtA
steelmakers	p
steelmakings	p
steels	t
steelworkers	p
steelworks	p
steelyards	p
steenings	p
steeped	VtA
steepened	VA
steepening	NVA
steepens	V
steeper	A
steepers	p
steepest	A
steeping	NVtA
steeplebushes	p
steeplechased	iA
steeplechasers	p
steeplechases	pi
steeplechasing	NiA
steeplechasings	p
steeplejacks	p
steeples	p
steeply	v
steeps	pVt
steerages	p
steerageways	p
steered	VtiA
steerers	p
steering	NVtiA
steers	pVti
steeved	VtA
steeves	pVt
steeving	NVtA
steevings	V
stegodons	p
stegosaurs	p
steins	p
stelas	p
stellarators	p
stellified	VA
stellifies	V
stellifying	NVA
stellionates	p
stemmas	p
stemmed	VtA
stemmers	p
stemming	NVtA
stems	pVt
stemsons	p
stemwares	p
stenches	p
stenciled	VtA
stencilers	p
stenciling	NVtA
stencilled	VtA
stencillers	p
stencilling	NVtA
stencillings	V
stencils	pVt
stenographed	tA
stenographers	p
stenographically	v
stenographies	p
stenographing	NtA
stenographs	pt
stenos	p
stenotypes	p
stenotypies	p
stenotypists	p
stentors	p
stepbrothers	p
stepdames	p
stepdaughters	p
stepfathers	p
stephanotises	p
stepladders	p
stepmothers	p
stepparents	p
stepped	VA
steppers	p
steppes	p
stepping	NVA
steps	pV
stepsisters	p
stepsons	p
steptoes	p
steradians	p
stereobates	p
stereochemistries	p
stereochromes	pt
stereochromies	p
stereograms	p
stereographies	p
stereographs	p
stereoisomerisms	p
stereoisomers	p
stereophonies	p
stereophotographies	p
stereopticons	p
stereos	p
stereoscopes	p
stereoscopically	v
stereoscopies	p
stereoscopists	p
stereospecifically	v
stereotomies	p
stereotropisms	p
stereotyped	tA
stereotypes	pt
stereotypies	p
stereotyping	NtA
stereotypings	V
steres	p
sterigmas	p
sterilants	p
sterilenesses	p
sterilised	tA
sterilisers	p
sterilises	t
sterilising	NtA
sterilities	p
sterilizations	p
sterilized	tA
sterilizes	t
sterilizing	NtA
sterlets	p
sterlingnesses	p
sterlings	p
sterner	A
sternest	A
sternites	p
sternly	v
sternposts	p
sterns	p
sternsons	p
sternums	p
sternutations	p
sternutatories	p
sternutators	p
sternways	p
steroids	p
sterols	p
stertorousnesses	p
stertors	p
stethoscopes	p
stethoscopies	p
stethoscopists	p
stets	pV
stetsons	p
stetted	VA
stetting	NVA
stevedored	VA
stevedores	pV
stevedoring	NVA
stewarded	VA
stewardesses	p
stewarding	NVA
stewards	pV
stewardships	p
stewbums	p
stewed	ViA
stewing	NViA
stewpans	p
stewpots	p
stews	pVi
sthenias	p
stibines	p
stibiums	p
stibnites	p
sticharions	p
stichometries	p
stichomythias	p
stickabilities	p
sticked	VtiA
stickers	p
stickfuls	p
stickied	tA
stickies	pt
stickinesses	p
sticking	NVtiA
stickings	V
stickjaws	p
sticklebacks	p
stickled	iA
sticklers	p
stickles	i
stickling	NiA
stickouts	p
stickpins	p
sticks	pVti
stickseeds	p
sticktights	p
stickums	p
stickups	p
stickweeds	p
stickworks	p
stickybeaks	pV
stickying	NtA
stied	VA
sties	pV
stiffened	ViA
stiffening	NViA
stiffens	Vi
stiffer	A
stiffest	A
stiffnesses	p
stiffs	p
stifled	tA
stiflers	p
stifles	pt
stifling	NtA
stiflingly	v
stigmas	p
stigmasterols	p
stigmatically	v
stigmatics	p
stigmatisers	p
stigmatisms	p
stigmatizations	p
stigmatized	tA
stigmatizers	p
stigmatizes	t
stigmatizing	NtA
stilbenes	p
stilbestrols	p
stilbites	p
stilboestrols	p
stilbs	p
stiles	p
stilettoed	VA
stilettoing	NVA
stilettos	V
stillages	p
stillbirths	p
stillborns	p
stilled	VtA
stiller	A
stillers	p
stillest	A
stillicides	p
stillier	A
stilliest	A
stilling	NVtA
stillnesses	p
stills	pVt
stilted	tA
stiltedly	v
stilting	NtA
stilts	pt
stimes	p
stimulants	p
stimulated	tiA
stimulaters	p
stimulates	pti
stimulating	NtiA
stimulations	p
stimulatives	p
stimulators	p
sting	NtiA
stingarees	p
stinged	VtA
stingers	p
stingier	A
stingiest	A
stinginesses	p
stinging	NVtA
stingos	p
stingrays	p
stings	pVt
stinkers	p
stinkhorns	p
stinking	NVA
stinkingly	v
stinkings	p
stinkpots	p
stinks	V
stinkstones	p
stinkweeds	p
stinkwoods	p
stinted	VA
stinters	p
stinting	NVA
stints	pV
stipels	p
stipends	p
stipes	p
stippled	tA
stipplers	p
stipples	pt
stippling	NtA
stipplings	V
stipulated	tiA
stipulates	ti
stipulating	NtiA
stipulations	p
stipulators	p
stipules	p
stirabouts	p
stirks	p
stirred	VtiA
stirring	NVtiA
stirrups	p
stirs	pVti
stitched	VtiA
stitchers	p
stitches	pVti
stitching	NVtiA
stitchings	p
stitchworts	p
stithied	VA
stithies	pV
stithying	NVA
stivers	p
stoas	p
stoats	p
stobs	p
stockaded	tA
stockades	pt
stockading	NtA
stockbreeders	p
stockbrokerages	p
stockbrokers	p
stocked	tiA
stocker	A
stockers	p
stockfishes	p
stockholders	p
stockhorns	p
stockinesses	p
stocking	NtiA
stockings	p
stockists	p
stockjobbers	p
stockpiled	VA
stockpilers	p
stockpiles	pV
stockpiling	NVA
stockpilings	V
stockpots	p
stockrooms	p
stocks	ti
stocktakings	p
stockyards	p
stodged	VA
stodges	pV
stodgily	v
stodging	NVA
stogeys	p
stoically	v
stoichiometries	p
stoicisms	p
stoics	p
stoited	tiA
stoiting	NtiA
stoits	pti
stoked	VtA
stokeholds	p
stokeholes	p
stokers	p
stokes	Vt
stoking	NVtA
stoled	VA
stoles	pV
stolider	A
stolidest	A
stolidly	v
stollens	p
stolons	p
stomachaches	p
stomached	tA
stomachers	p
stomachics	p
stomaching	NtA
stomas	p
stomates	p
stomatitises	p
stomatologies	p
stomatologists	p
stomatopods	p
stomodaeums	p
stomodeums	p
stomped	iA
stompers	p
stomping	NiA
stomps	pi
stoneboats	p
stonecats	p
stonechats	p
stonecrops	p
stonecutters	p
stonecuttings	p
stoned	VtA
stonemasonries	p
stonemasons	p
stonerollers	p
stoners	p
stones	Vt
stonewalled	iA
stonewalling	NiA
stonewallings	p
stonewalls	i
stonewares	p
stoneworkers	p
stoneworks	p
stoneworts	p
stoninesses	p
stoning	NVtA
stonked	tA
stonkered	tA
stonkering	NtA
stonkers	t
stonking	NtA
stonks	pt
stooged	iA
stooges	pi
stooging	NiA
stooked	tA
stookers	p
stooking	NtA
stooks	pt
stooled	iA
stooling	NiA
stools	pi
stooped	VA
stoopers	p
stooping	NVA
stoops	pV
stopcocks	p
stoped	VtiA
stopers	p
stopes	pV
stopgaps	p
stoping	NVtiA
stopings	p
stoplights	p
stopovers	pV
stoppages	p
stopped	VtiA
stoppered	tA
stoppering	NtA
stoppers	pt
stopping	NVtiA
stoppings	p
stopples	p
stops	pVti
stopwatches	p
storables	p
storages	p
storaxes	p
stored	tiA
storefronts	p
storekeepers	p
storerooms	p
storers	p
stores	ti
storied	VtA
stories	Vt
storiettes	p
storing	NtiA
storks	p
storksbills	p
stormed	ViA
stormily	v
storming	NViA
storms	pVi
storyboards	p
storybooks	p
storying	NVtA
storytellers	p
storytellings	p
stots	Vi
stotted	ViA
stotters	p
stotting	NViA
stounds	p
stoups	p
stours	p
stoushed	tA
stoushes	pt
stoushing	NtA
stouter	A
stoutest	A
stoutheartedly	v
stoutnesses	p
stouts	p
stoved	VtA
stovers	p
stoves	pVt
stoving	NVtA
stovings	V
stowages	p
stowaways	pV
stowed	tA
stowing	NtA
stowps	p
stows	t
strabismuses	p
strabotomies	p
straddled	tiA
straddlers	p
straddles	pti
straddling	NtiA
strafed	tA
strafers	p
strafes	pt
strafing	NtA
straggled	iA
straggles	i
straggling	NiA
straightaways	p
straightedges	p
straightened	VA
straighteners	p
straightening	NVA
straightens	V
straighter	A
straightest	A
straightforwardnesses	p
straightnesses	p
straights	p
strained	VtiA
strainers	p
straining	NVtiA
strains	pVti
straitened	tA
straitening	NtA
straitens	t
straiter	A
straitest	A
straitjackets	p
straitnesses	p
straits	p
strakes	p
stramoniums	p
stranded	VtA
stranding	NVtA
strands	pVt
strangenesses	p
stranger	A
strangers	p
strangled	tA
strangleholds	p
strangles	t
strangling	NtA
strangulated	tA
strangulates	t
strangulating	NtA
strangulations	p
stranguries	p
straphangers	p
strappados	p
strapped	VtA
strappers	p
strapping	NVtA
straps	pVt
strasses	p
stratagems	p
stratas	p
strategically	v
strategists	p
straths	p
strathspeys	p
straticulations	p
stratifications	p
stratified	VtA
stratifies	Vt
stratifying	NVtA
stratigraphers	p
stratigraphies	p
stratocrats	p
stratopauses	p
stratospheres	p
stratospherically	v
stratuses	p
stravaiged	iA
stravaiging	NiA
stravaigs	i
strawberries	p
strawboards	p
strawed	tA
strawflowers	p
strawier	A
strawiest	A
strawing	NtA
straws	pt
strawworms	p
strayed	iA
strayer	A
strayers	p
straying	NiA
strays	i
streaked	tiA
streakers	p
streakinesses	p
streaking	NtiA
streaks	pti
streamed	VtiA
streamers	p
streaming	NVtiA
streamings	p
streamlets	p
streamlined	tA
streamlines	pt
streamlining	NtA
streams	pVti
streeked	tA
streeking	NtA
streeks	pt
streetcars	p
streetlights	p
streets	p
streetwalkers	p
streetwalkings	p
strelitzias	p
strengthened	VA
strengtheners	p
strengthening	NVA
strengthens	V
strengths	p
strenuosities	p
strenuousnesses	p
streps	p
streptodornases	p
streptokinases	p
streptomycins	p
streptothricins	p
stressed	tA
stresses	pt
stressing	NtA
stresslessnesses	p
stretchabilities	p
stretched	VtiA
stretchers	p
stretches	pVti
stretching	NVtiA
strettos	p
streusels	p
strewed	VA
strewing	NVA
strewings	t
strews	V
striated	tA
striates	t
striating	NtA
striations	p
strickenly	v
strickled	tA
strickles	pt
strickling	NtA
stricks	p
stricter	A
strictest	A
strictures	p
stridently	v
striders	p
strides	pV
striding	NVA
stridors	p
stridulated	iA
stridulates	i
stridulating	NiA
stridulations	p
strifes	p
strigils	p
strikebreakers	p
strikebreakings	p
strikeovers	p
strikers	p
strikes	pVti
striking	NVtiA
strikingly	v
stringboards	p
stringcourses	p
stringed	VA
stringers	p
stringhalts	p
stringier	A
stringiest	A
stringily	v
stringinesses	p
stringing	NVA
stringings	p
stringpieces	p
strings	pV
striped	VtiA
stripers	p
stripes	pt
striping	NVtiA
stripings	V
striplings	p
stripped	VtiA
strippers	p
stripping	NVtiA
strippings	V
strips	pVti
stripteasers	p
stripteases	p
strivers	p
strives	Vi
striving	NViA
strobes	p
strobilations	p
strobiles	p
stroboscopes	p
stroboscopically	v
strobotrons	p
stroganoffs	p
stroked	tA
strokes	pt
stroking	NtA
strokings	pV
strolled	ViA
strollers	p
strolling	NViA
strolls	pVi
stromatolites	p
strongboxes	p
stronger	A
strongest	A
strongholds	p
strongly	v
strongpoints	p
strongrooms	p
strongyles	p
strontianites	p
strontians	p
strontias	p
strontiums	p
strophanthins	p
strophanthuses	p
strophes	p
strophoids	p
strophuluses	p
stropped	VA
stroppier	A
stroppiest	A
stroppily	v
stropping	NVA
strops	pV
strouds	p
strowed	VA
strowing	NVA
strowings	V
strows	V
stroyed	VA
stroyers	p
stroying	NVA
stroys	V
structuralisms	p
structuralists	p
structured	VA
structurelessnesses	p
structures	pV
structuring	NVA
strudels	p
struggled	iA
strugglers	p
struggles	pi
struggling	NiA
strugglings	V
strumas	p
strummed	VA
strummers	p
strumming	NVA
strumpets	p
strums	V
strunted	tA
strunting	NtA
strunts	pt
struts	pVt
strutted	VtA
strutters	p
strutting	NVtA
struttings	V
strychnines	p
strychninisms	p
stubbed	VtA
stubbier	A
stubbies	p
stubbiest	A
stubbily	v
stubbinesses	p
stubbing	NVtA
stubbles	p
stubblier	A
stubbliest	A
stubborner	A
stubbornest	A
stubbornnesses	p
stubs	pVt
stuccoed	VA
stuccoing	NVA
stuccoworks	p
studbooks	p
studded	VtA
studdies	p
studding	NVtA
studdings	p
studdingsails	p
students	p
studentships	p
studfishes	p
studhorses	p
studied	VtiA
studiednesses	p
studiers	p
studies	Vti
studios	p
studiousnesses	p
studs	pVt
studworks	p
studying	NVtiA
stuffed	ViA
stuffier	A
stuffiest	A
stuffinesses	p
stuffing	NViA
stuffings	p
stuffs	pVi
stuivers	p
stulls	p
stultified	VA
stultifies	V
stultifying	NVA
stumbled	iA
stumbles	pi
stumbling	NiA
stumers	p
stummed	VA
stumming	NVA
stumpages	p
stumped	tiA
stumpers	p
stumpinesses	p
stumping	NtiA
stumps	pti
stums	pV
stunned	VA
stunners	p
stunning	NVA
stunningly	v
stuns	pV
stunsails	p
stunted	tiA
stunting	NtiA
stunts	pti
stupas	p
stupefacients	p
stupefactions	p
stupefied	VA
stupefies	V
stupefying	NVA
stupendousnesses	p
stupes	p
stupider	A
stupidest	A
stupidities	p
stupidnesses	p
stupors	p
sturdies	p
sturdinesses	p
sturgeons	p
sturted	tiA
sturting	NtiA
sturts	pti
stuttered	VA
stutterer	A
stuttering	NVA
stutters	pV
stying	NVA
stylebooks	p
styled	ViA
stylelessnesses	p
styles	pVi
stylets	p
styling	NViA
stylings	V
stylisations	p
stylised	tA
stylisers	p
stylises	t
stylishly	v
stylising	NtA
stylists	p
stylites	p
stylizations	p
stylized	tA
stylizers	p
stylizes	t
stylizing	NtA
stylobates	p
stylographies	p
stylographs	p
stylolites	p
stylopized	tA
stylopodiums	p
styluses	p
stymied	VA
stymies	V
stypsises	p
styptics	p
styraxes	p
styrenes	p
suabilities	p
suasions	p
suasivenesses	p
suavely	v
suaver	A
suavest	A
subabbots	p
subacidities	p
subacidnesses	p
subadars	p
subadults	p
subagents	p
subaggregates	p
subahs	p
subalternations	p
subalterns	p
subappearances	p
subareas	p
subauditions	p
subbasements	p
subbases	p
subbasses	p
subbed	VA
subbing	NVA
subbings	V
subbreeds	p
subcastes	p
subcauses	p
subcells	p
subchapters	p
subchasers	p
subchiefs	p
subclans	p
subclassed	tA
subclasses	pt
subclassing	NtA
subclauses	p
subclerks	p
subclimaxes	p
subclinically	v
subcommissions	p
subconsciouses	p
subconsciousnesses	p
subcontinents	p
subcontracted	VtiA
subcontracting	NVtiA
subcontractors	p
subcontracts	pVti
subcontraoctaves	p
subcontraries	p
subcooled	tA
subcooling	NtA
subcools	t
subcostas	p
subcultured	VtA
subcultures	pVt
subculturing	NVtA
subdeacons	p
subdebutantes	p
subdepartments	p
subdepots	p
subdermally	v
subdiaconates	p
subdialects	p
subdirectors	p
subdistricts	p
subdivided	VtA
subdivides	Vt
subdividing	NVtA
subdivisions	p
subdominants	p
subduals	p
subduced	tA
subduces	t
subducing	NtA
subducted	tA
subducting	NtA
subductions	p
subducts	t
subdued	VA
subduers	p
subdues	V
subduing	NVA
subedited	VA
subediting	NVA
subeditors	p
subedits	V
suberins	p
suberised	tA
suberises	t
suberising	NtA
suberizations	p
suberized	tA
suberizes	t
suberizing	NtA
subfields	p
subfloorings	p
subfloors	p
subfossils	p
subframes	p
subfuscs	p
subgenerically	v
subgrades	p
subgroups	p
subgums	p
subheadings	p
subheads	p
subideas	p
subincisions	p
subindexes	p
subinfeudated	VA
subinfeudates	V
subinfeudating	NVA
subinfeudations	p
subinspectors	p
subintervals	p
subintroduced	tA
subintroduces	t
subintroducing	NtA
subirrigated	VA
subirrigates	V
subirrigating	NVA
subitems	p
subjacencies	p
subjected	VtA
subjectified	VA
subjectifies	V
subjectifying	NVA
subjecting	NVtA
subjections	p
subjectivenesses	p
subjectives	p
subjectivisms	p
subjectivities	p
subjects	pVt
subjoinders	p
subjoined	tA
subjoining	NtA
subjoins	t
subjugated	tA
subjugates	t
subjugating	NtA
subjugations	p
subjugators	p
subjunctions	p
subjunctives	p
subkingdoms	p
subleased	VtA
subleases	pVt
subleasing	NVtA
sublessees	p
sublessors	p
sublethally	v
sublets	pV
subletting	NVA
sublettings	V
sublibrarians	p
sublicensed	tA
sublicenses	pt
sublicensing	NtA
sublieutenants	p
sublimated	VtA
sublimates	pVt
sublimating	NVtA
sublimations	p
sublimenesses	p
sublimer	A
sublimers	p
sublimes	p
sublimest	A
sublimings	V
sublingually	v
sublots	p
subluxations	p
submanagers	p
submariners	p
submarines	p
submediants	p
submerged	VtA
submergences	p
submerges	Vt
submergibilities	p
submerging	NVtA
submersed	tA
submerses	t
submersibles	p
submersing	NtA
submersions	p
subminiaturizations	p
subminiaturized	tA
subminiaturizes	t
subminiaturizing	NtA
submissions	p
submissivenesses	p
submissly	v
submits	Vti
submitted	VtiA
submitting	NVtiA
submittings	V
submucosas	p
submultiples	p
subnets	p
subnormally	v
subnormals	p
subofficers	p
suboffices	p
suborders	p
subordinated	VtA
subordinates	pVt
subordinating	NVtA
subordinations	p
subornations	p
suborned	tA
suborners	p
suborning	NtA
suborns	t
suboxides	p
subpanels	p
subparagraphs	p
subparts	p
subperiods	p
subplots	p
subpoenaed	VA
subpoenaing	NVA
subpoenas	pV
subpopulations	p
subpostmasters	p
subprefects	p
subprefectures	p
subprincipals	p
subpriors	p
subproblems	p
subraces	p
subreferences	p
subregions	p
subreptions	p
subreptitiously	v
subrings	p
subrogated	tA
subrogates	t
subrogating	NtA
subrogations	p
subroutines	p
subrules	p
subs	pV
subsales	p
subsampled	tA
subsamples	pt
subsampling	NtA
subsaturations	p
subscapulars	p
subsciences	p
subscribed	ViA
subscribers	p
subscribes	Vi
subscribing	NViA
subscribings	V
subscriptions	p
subscripts	p
subsections	p
subsects	p
subsegments	p
subsequences	p
subserved	tA
subserves	t
subserviences	p
subserviencies	p
subserving	NtA
subsets	p
subshafts	p
subshrubs	p
subsided	iA
subsidences	p
subsiders	p
subsides	i
subsidiarinesses	p
subsiding	NiA
subsidizations	p
subsidized	tA
subsidizers	p
subsidizes	t
subsidizing	NtA
subsisted	VtA
subsistences	p
subsisting	NVtA
subsists	Vt
subsizars	p
subsoiled	tA
subsoiling	NtA
subsoils	pt
subsonically	v
subspaces	p
subspecialists	p
subspecializations	p
subspecialized	VA
subspecializes	V
subspecializing	NVA
substages	p
substances	p
substantialisms	p
substantialities	p
substantialized	VA
substantializes	V
substantializing	NVA
substantialnesses	p
substantials	p
substantiated	tA
substantiates	t
substantiating	NtA
substantiations	p
substantiators	p
substantivenesses	p
substantives	p
substantivized	tA
substantivizes	t
substantivizing	NtA
substations	p
substituents	p
substituted	VA
substitutes	pV
substituting	NVA
substitutions	p
substrates	p
substratospheres	p
substructures	p
subsumed	tA
subsumes	t
subsuming	NtA
subsumptions	p
subtangents	p
subteens	p
subtenancies	p
subtenants	p
subtended	tA
subtending	NtA
subtends	t
subterfuges	p
subtexts	p
subtilenesses	p
subtiler	A
subtilest	A
subtilisations	p
subtilised	tiA
subtilises	ti
subtilising	NtiA
subtilized	tA
subtilizes	t
subtilizing	NtA
subtitled	tA
subtitles	pt
subtitling	NtA
subtlenesses	p
subtler	A
subtlest	A
subtonics	p
subtopias	p
subtopics	p
subtotaled	VA
subtotaling	NVA
subtotalled	VA
subtotalling	NVA
subtotals	pV
subtracted	VA
subtracters	p
subtracting	NVA
subtractions	p
subtracts	V
subtrahends	p
subtreasurers	p
subtreasuries	p
subtribes	p
subtropically	v
subtunics	p
subtypes	p
subunits	p
suburbanisations	p
suburbanised	tA
suburbanises	t
suburbanising	NtA
suburbanites	p
suburbanizations	p
suburbanized	tA
suburbanizes	t
suburbanizing	NtA
suburbans	p
suburbias	p
suburbs	p
subvassals	p
subvened	iA
subvenes	i
subvening	NiA
subventions	p
subversions	p
subversivenesses	p
subversives	p
subverted	tA
subverters	p
subverting	NtA
subverts	t
subvicars	p
subvocally	v
subwardens	p
subways	p
subzones	p
succahs	p
succedaneums	p
succeeded	iA
succeeders	p
succeeding	NiA
succeeds	i
succentors	p
successes	p
successfulnesses	p
successions	p
successivenesses	p
successors	p
succinates	p
succincter	A
succinctest	A
succinctnesses	p
succinctoriums	p
succorers	p
succors	p
succotashes	p
succoured	tA
succourers	p
succouring	NtA
succours	pt
succubas	p
succubuses	p
succulences	p
succulencies	p
succulents	p
succumbed	iA
succumbing	NiA
succumbs	i
succursals	p
succussed	VA
succusses	V
succussing	NVA
succussions	p
sucked	VtiA
suckered	tiA
suckering	NtiA
suckers	pti
suckfishes	pi
sucking	NVtiA
suckled	VtA
sucklers	p
suckles	Vt
suckling	NVtA
sucklings	p
sucks	pVti
sucrases	p
sucres	p
sucroses	p
suctions	p
sudariums	p
sudatoriums	p
suddennesses	p
suddens	p
sudds	p
sudorifics	p
sudors	p
sued	VA
sueded	VA
suedes	p
sueding	NVA
suers	p
sues	V
suets	p
sufferablenesses	p
sufferances	p
suffered	VtiA
sufferers	p
suffering	NVtiA
sufferings	p
suffers	Vti
sufficed	VA
suffices	V
sufficiently	v
sufficing	NVA
suffixed	VtA
suffixes	pVt
suffixing	NVtA
suffixions	p
sufflated	VA
sufflates	V
sufflating	NVA
suffocated	VA
suffocates	V
suffocating	NVA
suffocatings	V
suffragans	p
suffrages	p
suffragettes	p
suffragettisms	p
suffragists	p
suffumigated	tA
suffumigates	t
suffumigating	NtA
suffused	tA
suffuses	t
suffusing	NtA
suffusions	p
sugarbushes	p
sugared	tiA
sugarier	A
sugariest	A
sugarinesses	p
sugaring	NtiA
sugarplums	p
sugars	pti
suggested	tA
suggesters	p
suggestibilities	p
suggestiblenesses	p
suggesting	NtA
suggestions	p
suggestivenesses	p
suggests	t
sugging	NiA
sughed	tA
sughing	NtA
sughs	pt
suicides	p
suing	NVA
suints	p
suitcases	p
suited	VtA
suites	p
suiting	NVtA
suitings	p
suitors	p
suits	pVt
sukiyakis	p
sukkahs	p
sulcations	p
sulfanilamides	p
sulfas	p
sulfated	tiA
sulfates	pti
sulfating	NtiA
sulfations	p
sulfites	p
sulfonamides	p
sulfonated	tA
sulfonates	pt
sulfonating	NtA
sulfonations	p
sulfones	p
sulfonmethanes	p
sulfureousnesses	p
sulfureted	tA
sulfureting	NtA
sulfurets	pt
sulfuretted	tA
sulfuretting	NtA
sulfurizations	p
sulfurized	tA
sulfurizes	t
sulfurizing	NtA
sulfurousnesses	p
sulfurs	p
sulked	iA
sulkies	p
sulkily	v
sulking	NiA
sulks	pi
sullages	p
sullener	A
sullenest	A
sullennesses	p
sullied	VA
sullies	p
sullying	NVA
sulphas	p
sulphates	pt
sulphides	p
sulphites	p
sulphonamides	p
sulphonated	tA
sulphonates	pt
sulphonating	NtA
sulphones	p
sulphurated	VA
sulphurates	V
sulphurating	NVA
sulphurations	p
sulphurators	p
sulphureously	v
sulphureted	VA
sulphureting	NVA
sulphurets	V
sulphuretted	VA
sulphuretting	NVA
sulphurizations	p
sulphurized	tA
sulphurizes	t
sulphurizing	NtA
sulphurs	p
sultanas	p
sultanates	p
sultans	p
sultanships	p
sultrinesses	p
sumacs	p
summabilities	p
summands	p
summarinesses	p
summarisations	p
summarised	tA
summarisers	p
summarises	t
summarising	NtA
summarists	p
summarizations	p
summarized	tA
summarizers	p
summarizes	t
summarizing	NtA
summas	p
summations	p
summed	VA
summered	tiA
summering	NtiA
summers	pti
summersaulted	VA
summersaulting	NVA
summersaults	pV
summersets	pi
summersetted	iA
summersetting	NiA
summertimes	p
summerwoods	p
summing	NVA
summings	V
summitries	p
summits	p
summoned	tA
summoners	p
summoning	NtA
summons	t
summonsed	VA
summonses	V
summonsing	NVA
sumoists	p
sumos	p
sumps	p
sumpters	p
sumptuousnesses	p
sums	pV
sunbakes	p
sunbathed	iA
sunbathers	p
sunbathes	i
sunbathing	NiA
sunbeams	p
sunbirds	p
sunbonnets	p
sunbows	p
sunburns	p
sunbursts	p
sundaes	p
sunderances	p
sundered	VA
sundering	NVA
sunders	pV
sundews	p
sundials	p
sundogs	p
sundowners	p
sundowns	p
sundresses	p
sunfishes	p
sunflowers	p
sunglows	p
sunhats	p
sunkets	p
sunks	pV
sunlessnesses	p
sunlights	p
sunned	VA
sunninesses	p
sunning	NVA
sunns	p
sunrays	p
sunrises	p
sunrooms	p
suns	pV
sunsets	p
sunshades	p
sunshines	p
sunspots	p
sunstars	p
sunstones	p
sunstrokes	p
sunsuits	p
suntans	p
suntraps	p
sunups	p
superabilities	p
superablenesses	p
superabounded	iA
superabounding	NiA
superabounds	i
superabundances	p
superadded	tA
superadding	NtA
superadditions	p
superadds	t
superaltars	p
superannuated	tA
superannuates	t
superannuating	NtA
superannuations	p
superber	A
superbest	A
superbnesses	p
superbombs	p
supercabinets	p
supercalendered	tA
supercalendering	NtA
supercalenders	pt
supercharged	tA
superchargers	p
supercharges	t
supercharging	NtA
superciliousnesses	p
supercivilizations	p
superclasses	p
superconductions	p
superconductivities	p
superconductors	p
supercooled	VA
supercooling	NVA
supercools	V
supercorporations	p
supercriminals	p
superdelegates	p
superdominants	p
superegos	p
superelevations	p
supereminences	p
supererogated	iA
supererogates	i
supererogating	NiA
supererogations	p
supererogatorily	v
supererogators	p
superexalted	tA
superexalting	NtA
superexalts	t
superfarms	p
superfecundations	p
superfetations	p
superfixes	p
superfluidities	p
superfluids	p
superfluously	v
superfused	VA
superfuses	V
superfusing	NVA
superfusions	p
supergiants	p
superguns	p
superheated	tA
superheaters	p
superheating	NtA
superheats	t
superheros	p
superheterodynes	p
superhets	p
superhighways	p
superhumanities	p
superhumanized	tA
superhumanizes	t
superhumanizing	NtA
superhumannesses	p
superhumerals	p
superimposed	tA
superimposes	t
superimposing	NtA
superimpositions	p
superincumbences	p
superincumbencies	p
superinduced	tA
superinduces	t
superinducing	NtA
superinductions	p
superintellectuals	p
superintended	VA
superintendents	p
superintending	NVA
superintends	V
superintensities	p
superiorities	p
superiorly	v
superiors	p
superlativenesses	p
superlatives	p
superlies	t
superliners	p
superlying	NtA
supermales	p
supermarkets	p
supernations	p
supernaturalised	tA
supernaturalises	t
supernaturalising	NtA
supernaturalisms	p
supernaturalized	tA
supernaturalizes	t
supernaturalizing	NtA
supernaturalnesses	p
supernaturals	p
supernormalities	p
supernovas	p
supernutritions	p
superorders	p
superordinated	VtA
superordinates	pVt
superordinating	NVtA
superoxides	p
superparasitisms	p
superpatriotisms	p
superpatriots	p
superpersons	p
superphosphates	p
superposed	tA
superposes	t
superposing	NtA
superpositions	p
superpowers	p
superraces	p
superrefined	tA
supers	p
supersaturated	tA
supersaturates	t
supersaturating	NtA
supersaturations	p
superscribed	tA
superscribes	t
superscribing	NtA
superscriptions	p
superscripts	p
supersecrets	p
superseded	tA
superseders	p
supersedes	t
superseding	NtA
supersedures	p
supersensitively	v
supersessions	p
supersexes	p
supersizes	p
supersonically	v
superspecialized	iA
superstars	p
superstates	p
superstimulated	tA
superstimulates	t
superstimulating	NtA
superstitions	p
superstitiously	v
superstructed	tA
superstructing	NtA
superstructs	t
superstructures	p
supersubtleties	p
supersystems	p
supertankers	p
supertaxes	p
supertonics	p
supervened	iA
supervenes	i
superveniences	p
supervening	NiA
supervised	tA
supervises	t
supervising	NtA
supervisions	p
supervisors	p
supinated	VA
supinates	V
supinating	NVA
supinations	p
supinators	p
supinely	v
supinenesses	p
supines	p
supped	VtA
suppered	tiA
suppering	NtiA
suppers	pti
suppertimes	p
supping	NVtA
supplantations	p
supplanted	tA
supplanters	p
supplanting	NtA
supplants	t
suppled	VA
supplejacks	p
supplementarily	v
supplemented	VtA
supplementers	p
supplementing	NVtA
supplements	pVt
supplenesses	p
supples	V
suppletions	p
suppliances	p
suppliants	p
supplicants	p
supplicated	VtA
supplicates	Vt
supplicating	NVtA
supplications	p
supplied	VtA
suppliers	p
supplies	pVt
suppling	NVA
supplying	NVtA
supportabilities	p
supported	tA
supporters	p
supporting	NtA
supports	pt
supposals	p
supposed	tA
supposes	pt
supposing	NtA
supposings	V
suppositions	p
suppositiously	v
supposititiously	v
suppositives	p
suppressed	tA
suppresses	t
suppressing	NtA
suppressions	p
suppressively	v
suppurated	iA
suppurates	i
suppurating	NiA
suppurations	p
suppuratives	p
supralapsarianisms	p
supralapsarians	p
supranationalisms	p
supremacies	p
supremacists	p
supremenesses	p
supremer	A
supremest	A
supremos	p
sups	pVt
suqs	p
surahs	p
suras	p
surats	p
surbases	p
surceased	VA
surceases	pV
surceasing	NVA
surcharged	VtA
surchargers	p
surcharges	pVt
surcharging	NVtA
surcingled	VA
surcingles	pV
surcingling	NVA
surcoats	p
surds	p
surenesses	p
surfaced	VtiA
surfacers	p
surfaces	pVti
surfacing	NVtiA
surfacings	V
surfactants	p
surfbirds	p
surfboarders	p
surfboardings	p
surfboards	p
surfboats	p
surfcastings	p
surfed	iA
surfeited	tiA
surfeiting	NtiA
surfeits	pti
surfers	p
surffishes	p
surfier	A
surfies	p
surfiest	A
surfing	NiA
surfings	p
surfperches	p
surfs	pi
surged	tiA
surgeoncies	p
surgeonfishes	p
surgeons	p
surgeries	p
surges	pti
surging	NtiA
surgings	V
suricates	p
surjections	p
surlier	A
surliest	A
surlinesses	p
surmised	VA
surmisers	p
surmises	pV
surmising	NVA
surmisings	V
surmounted	tA
surmounters	p
surmounting	NtA
surmounts	t
surmullets	p
surnamed	tA
surnames	pt
surnaming	NtA
surpassed	tA
surpasses	t
surpassing	NtA
surplices	p
surplusages	p
surpluses	p
surprinted	tA
surprinting	NtA
surprints	pt
surprisals	p
surprised	tA
surprisers	p
surprises	pt
surprising	NtA
surras	p
surrealisms	p
surreally	v
surreals	p
surrebuttals	p
surrebutters	p
surrejoinders	p
surrendered	tA
surrenderers	p
surrendering	NtA
surrenders	pt
surreptitiously	v
surreys	p
surrogated	VtA
surrogates	pVt
surrogateships	p
surrogating	NVtA
surrogations	p
surrounded	tA
surrounding	NtA
surrounds	pt
surtaxed	tA
surtaxes	pt
surtaxing	NtA
surveillances	p
surveillants	pi
surveyed	VtA
surveying	NVtA
surveyings	p
surveyors	p
surveyorships	p
surveys	pVt
survivabilities	p
survivals	p
survived	tA
survives	t
surviving	NtA
survivors	p
survivorships	p
sus	p
susceptances	p
susceptibilities	p
susceptibly	v
sushis	p
susliks	p
suspected	VtiA
suspecting	NVtiA
suspects	pVti
suspended	tiA
suspenders	p
suspendibilities	p
suspending	NtiA
suspends	ti
suspenses	p
suspensions	p
suspensivenesses	p
suspensoids	p
suspensories	p
suspensors	p
suspicions	p
suspiciousnesses	p
suspirations	p
suspired	ViA
suspires	Vi
suspiring	NViA
sussed	tA
susses	t
sussing	NtA
sustainably	v
sustained	tA
sustainers	p
sustaining	NtA
sustainments	p
sustains	t
sustenances	p
sustentations	p
sustentions	p
susurrated	iA
susurrates	i
susurrating	NiA
susurrations	p
susus	p
sutlers	p
sutras	p
suttees	p
sutured	tA
sutures	pt
suturing	NtA
suzerains	p
sveltely	v
swabbed	VtA
swabbers	p
swabbing	NVtA
swabs	pVt
swaddled	tA
swaddles	pt
swaddling	NtA
swaged	VtA
swagers	p
swages	pt
swagged	VA
swaggered	tiA
swaggerer	A
swaggering	NtiA
swaggers	pti
swagging	NVA
swaging	NVtA
swags	pV
swains	p
swales	p
swallets	p
swallowed	ViA
swallowers	p
swallowing	NViA
swallows	pVi
swallowtails	p
swallowworts	p
swamis	p
swamped	VtA
swampers	p
swamping	NVtA
swamplands	p
swamps	pVt
swanherds	p
swanked	iA
swanker	A
swankest	A
swankinesses	p
swanking	NiA
swanks	pi
swanned	VA
swanneries	p
swanning	NVA
swans	pV
swanskins	p
swapped	VA
swappers	p
swapping	NVA
swappings	V
swaps	pV
swarajists	p
swarded	VA
swarding	NVA
swards	pV
swarfs	p
swarmed	VtiA
swarmers	p
swarming	NVtiA
swarms	pVti
swarthier	A
swarthiest	A
swarthinesses	p
swarths	p
swashbucklers	p
swashed	tiA
swashes	pti
swashing	NtiA
swastikas	p
swatches	p
swathed	tA
swathers	p
swathes	pt
swathing	NtA
swaths	p
swats	V
swatted	VA
swatters	p
swatting	NVA
swayed	VtA
swayers	p
swaying	NVtA
sways	pVt
swealed	tiA
swealing	NtiA
sweals	ti
swearers	p
swearing	NVtiA
swearings	V
swears	pVti
swearwords	p
sweatbands	p
sweatboxes	p
sweated	VA
sweaters	p
sweatinesses	p
sweating	NVA
sweatings	V
sweats	pV
sweatshops	p
swedes	p
sweenies	p
sweepbacks	p
sweepers	p
sweeping	NVtiA
sweepingnesses	p
sweeps	pVti
sweepstakes	p
sweetbreads	p
sweetbriers	p
sweetened	VA
sweeteners	p
sweetening	NVA
sweetenings	p
sweetens	V
sweeter	A
sweetest	A
sweethearts	p
sweeties	p
sweetings	p
sweetmeats	p
sweetnesses	p
sweets	p
sweetsops	p
swelled	VtiA
sweller	A
swellest	A
swellfishes	p
swellheaded	tA
swellheadednesses	p
swellheads	pt
swelling	NVtiA
swellings	p
swells	pVti
sweltered	tiA
sweltering	NtiA
swelters	pti
swerved	VA
swervers	p
swerves	pV
swerving	NVA
swevens	p
swies	p
swifter	A
swifters	p
swiftest	A
swifties	p
swiftlets	p
swiftnesses	p
swifts	p
swigged	VA
swiggers	p
swigging	NVA
swigs	pV
swilled	VtA
swillers	p
swilling	NVtA
swills	pVt
swimmerets	p
swimming	NVtiA
swimmings	pV
swims	pVti
swimsuits	p
swindled	VtA
swindlers	p
swindles	pVt
swindling	NVtA
swineherds	p
swinepoxes	p
swines	p
swingboats	p
swinged	VtiA
swingeing	NVtA
swingers	p
swinges	Vt
swinging	NVtiA
swingings	V
swingled	VA
swingles	pV
swingletrees	p
swingling	NVA
swinglings	V
swingometers	p
swings	pVti
swingtrees	p
swinishnesses	p
swinked	iA
swinking	NiA
swinks	pi
swiped	VtA
swipes	Vt
swiping	NVtA
swipples	p
swirled	ViA
swirling	NViA
swirls	pVi
swished	VtiA
swisher	A
swishes	pVti
swishest	A
swishing	NVtiA
switchbacks	p
switchblades	p
switchboards	p
switched	VtA
switcheroos	p
switchers	p
switches	pVt
switching	NVtA
switchyards	p
swithers	p
swived	VA
swiveled	VA
swiveling	NVA
swivelled	VA
swivelling	NVA
swivels	pV
swives	V
swivets	p
swiving	NVA
swizzled	tA
swizzles	pt
swizzling	NtA
swooned	iA
swooning	NiA
swoons	pi
swooped	tiA
swooping	NtiA
swoops	pti
swooshed	VA
swooshes	pV
swooshing	NVA
swoppings	ti
swordbills	p
swordfishes	p
swordplayers	p
swordplays	p
swords	p
swordsmanships	p
swordtails	p
swots	pV
swotted	VA
swotters	p
swotting	NVA
swottings	Vt
swounded	VA
swounding	NVA
swounds	pV
sybarites	p
sybaritisms	p
sycamines	p
sycamores	p
sycees	p
syces	p
syconiums	p
sycophants	p
syenites	p
sykes	p
syllabicated	tA
syllabicates	t
syllabicating	NtA
syllabications	p
syllabics	p
syllabifications	p
syllabified	VA
syllabifies	V
syllabifying	NVA
syllabised	tA
syllabises	t
syllabising	NtA
syllabisms	p
syllabized	tA
syllabizes	t
syllabizing	NtA
syllabled	VtA
syllables	pVt
syllabling	NVtA
syllabubs	p
syllogisations	p
syllogisers	p
syllogisms	p
syllogized	VA
syllogizes	V
syllogizing	NVA
sylphids	p
sylphs	p
sylvanites	p
sylvans	p
sylvas	p
sylvicultures	p
sylvites	p
symbionts	p
symboled	VA
symbolicalnesses	p
symboling	NVA
symbolisations	p
symbolised	tiA
symbolises	ti
symbolising	NtiA
symbolisms	p
symbolists	p
symbolized	tiA
symbolizes	ti
symbolizing	NtiA
symbolled	VA
symbolling	NVA
symbologies	p
symbologists	p
symbols	pV
symmetallisms	p
symmetricalnesses	p
symmetrisations	p
symmetrised	tA
symmetrises	t
symmetrising	NtA
symmetrizations	p
symmetrized	tA
symmetrizes	t
symmetrizing	NtA
sympathectomies	p
sympathetically	v
sympathins	p
sympathised	iA
sympathises	i
sympathising	NiA
sympathized	iA
sympathizers	p
sympathizes	i
sympathizing	NiA
sympatholytics	p
sympathomimetics	p
sympatrically	v
symphiles	p
symphonists	p
symploces	p
symposiacs	p
symptomatologies	p
symptoms	p
synaesthesias	p
synagogues	p
synalephas	p
synaptes	p
synarchies	p
synaxarions	p
syncarpies	p
syncarps	p
synced	VA
synchrocyclotrons	p
synchroflashes	p
synchromeshes	p
synchronisations	p
synchronised	tiA
synchronisers	p
synchronises	ti
synchronising	NtiA
synchronisms	p
synchronizations	p
synchronized	VtA
synchronizers	p
synchronizes	Vt
synchronizing	NVtA
synchronousnesses	p
synchros	p
synchroscopes	p
synchrotrons	p
syncing	NVA
synclines	p
syncopated	tA
syncopates	t
syncopating	NtA
syncopations	p
syncopators	p
syncopes	p
syncretisms	p
syncretized	VA
syncretizes	V
syncretizing	NVA
syncs	pV
syncytiums	p
syndactylisms	p
syndactyls	p
syndesises	p
syndetons	p
syndets	p
syndicalisms	p
syndicalists	p
syndicated	VtA
syndicates	pVt
syndicating	NVtA
syndics	p
syndicships	p
syndromes	p
synds	p
synecdoches	p
synecologies	p
synergetically	v
synergisms	p
synergists	p
synesises	p
synesthesias	p
syngamies	p
synkaryons	p
synods	p
synoeketes	p
synonymies	p
synonymised	tA
synonymises	t
synonymising	NtA
synonymities	p
synonymized	tA
synonymizes	t
synonymizing	NtA
synonymousnesses	p
synonyms	p
synopsised	tA
synopsises	pt
synopsising	NtA
synopsized	tA
synopsizes	t
synopsizing	NtA
synoptically	v
synoptics	p
synovias	p
synovitises	p
syntagmas	p
syntaxes	p
synthesises	p
synthesists	p
synthesizations	p
synthesized	tA
synthesizers	p
synthesizes	t
synthesizing	NtA
synthetically	v
synthetics	p
synthetised	tA
synthetisers	p
synthetises	t
synthetising	NtA
synthetizers	p
syntonised	tA
syntonises	t
syntonising	NtA
syntonized	tA
syntonizes	t
syntonizing	NtA
syphered	tA
syphering	NtA
syphers	t
syphilisations	p
syphilises	p
syphilizations	p
syphilized	tA
syphilizes	t
syphilizing	NtA
syphilologists	p
syphilomas	p
syphs	p
syringas	p
syringed	tA
syringes	t
syringing	NtA
syringomyelias	p
syrinxes	p
syrphids	p
syruped	tA
syruping	NtA
syrups	pt
systematically	v
systematisations	p
systematised	tA
systematisers	p
systematises	t
systematising	NtA
systematisms	p
systematists	p
systematizations	p
systematized	tA
systematizers	p
systematizes	t
systematizing	NtA
systemically	v
systemisations	p
systemised	tA
systemisers	p
systemises	t
systemising	NtA
systemizations	p
systemized	tA
systemizers	p
systemizes	t
systemizing	NtA
systems	p
systoles	p
tabanids	p
tabards	p
tabarets	p
tabbed	VA
tabbies	p
tabbing	NVA
tabered	tiA
tabering	NtiA
tabernacles	p
tabers	pti
tabescences	p
tablas	p
tablatures	p
tabled	tA
tablelands	p
tables	pt
tablespoons	p
tablets	p
tablewares	p
tabling	NtA
tablings	pV
tabloids	p
tabooed	VA
tabooing	NVA
taboos	pV
taborers	p
taborets	p
taborins	p
tabors	p
tabourers	p
tabrets	p
tabs	pV
tabularisations	p
tabularised	tA
tabularises	t
tabularising	NtA
tabularizations	p
tabularized	tA
tabularizes	t
tabularizing	NtA
tabulated	VtA
tabulates	Vt
tabulating	NVtA
tabulations	p
tabulators	p
tacamahacs	p
taces	p
tacheometers	p
taches	p
tachismes	p
tachistoscopes	p
tachograms	p
tachographs	p
tachometers	p
tachycardias	p
tachygraphers	p
tachygraphies	p
tachygraphists	p
tachygraphs	p
tachylytes	p
tachymeters	p
tachymetries	p
tachyons	p
tachysterols	p
tacitnesses	p
taciturnities	p
tacked	VtiA
tackers	p
tackets	p
tackily	v
tackinesses	p
tacking	NVtiA
tackled	tA
tacklers	p
tackles	pt
tackling	NtA
tacklings	p
tacks	pVti
tacmahacks	p
tacnodes	p
taconites	p
tacos	p
tactfully	v
tacticians	p
tactilely	v
tactions	p
tactlessnesses	p
tacts	p
tadpoles	p
tads	p
taels	p
taeniacides	p
taeniafuges	p
taenias	p
taffarels	p
taffetas	p
taffies	p
taffrails	p
tafias	p
tagged	VtA
tagging	NVtA
tagliatelles	p
tagmemes	p
tagrags	p
tags	pVt
tahinas	p
tahrs	p
tahsildars	p
tahsils	p
taigas	p
taigs	p
tailbacks	p
tailboards	p
tailed	VtiA
tailer	A
tailers	p
tailgated	VA
tailgaters	p
tailgates	pV
tailgating	NVA
tailing	NVtiA
taillights	p
tailorbirds	p
tailored	VtiA
tailoring	NVtiA
tailors	pVti
tailpieces	p
tailpipes	p
tailplanes	p
tailraces	p
tails	Vti
tailskids	p
tailspins	p
tailstocks	p
tailwaters	p
tailwinds	p
tains	p
tainted	VA
tainting	NVA
taints	pV
taipans	p
takahes	p
takas	p
takeaways	p
takedowns	p
takeoffs	p
takeovers	p
takers	p
takes	Vi
taking	NViA
takingly	v
takings	p
takins	p
talapoins	p
talcs	pV
talebearers	p
talebearings	p
talents	p
tales	p
talions	p
talipeds	p
talipots	p
talkathons	p
talkativenesses	p
talked	tiA
talkers	p
talkfests	p
talkies	p
talking	NtiA
talks	pti
tallaged	tA
tallages	pt
tallaging	NtA
tallboys	p
taller	A
tallest	A
tallied	VtiA
tallies	Vti
talliths	p
tallnesses	p
tallowed	tA
tallowing	NtA
tallows	pt
tallyhoed	tiA
tallyhoing	NtiA
tallyhos	pti
tallying	NVtiA
tallyshops	p
talons	p
taluks	p
talwegs	p
tamales	p
tamanduas	p
tamaracks	p
tamaras	p
tamaraus	p
tamarinds	p
tamarins	p
tamarisks	p
tamashas	p
tambacs	p
tambouras	p
tamboured	VA
tambourines	p
tambouring	NVA
tambours	pV
tamed	tA
tamely	v
tames	t
taming	NtA
tammies	V
tamped	tiA
tampered	iA
tamperers	p
tampering	NiA
tampers	pi
tamping	NtiA
tampions	p
tamponades	p
tamponed	tA
tamponing	NtA
tampons	pt
tamps	ti
tams	p
tanagers	p
tanas	p
tanbarks	p
tanburs	p
tandems	p
tangas	p
tangencies	p
tangentially	v
tangents	p
tangerines	p
tangibilities	p
tangiblenesses	p
tangibles	p
tangled	VtiA
tanglements	p
tanglers	p
tangles	pVti
tangling	NVtiA
tangoed	VA
tangoing	NVA
tangos	pV
tangrams	p
tangs	p
tanistries	p
tanists	p
tankages	p
tankards	p
tanked	tiA
tankers	p
tanking	NtiA
tanks	pti
tankships	p
tannages	p
tannas	p
tannates	p
tanned	VA
tanner	A
tanneries	p
tanners	p
tannest	A
tanning	NVA
tannings	p
tannins	p
tans	pV
tansies	p
tantalates	p
tantalisations	p
tantalised	tA
tantalisers	p
tantalises	t
tantalising	NtA
tantalisings	t
tantalites	p
tantalizations	p
tantalized	tA
tantalizes	t
tantalizing	NtA
tantalums	p
tantaluses	p
tantaras	p
tantivies	p
tantrums	p
tapaderas	p
tapas	p
tapases	p
taped	VtiA
tapered	VA
taperers	p
tapering	NVA
tapers	pV
tapersticks	p
tapes	pV
tapeworms	p
tapholes	p
taphouses	p
taping	NVtiA
tapiocas	p
tapises	p
tapped	VtiA
tappers	p
tappets	p
tapping	NVtiA
tappings	pV
taprooms	p
taproots	p
taps	pVti
tapsters	p
taradiddles	p
taramasalatas	p
tarantasses	p
tarantellas	p
tarantisms	p
tarbooshes	p
tarbrushes	p
tardigrades	p
tardily	v
tared	VtA
tares	pt
targes	p
targeted	tA
targeteers	p
targeting	NtA
targets	pt
tariffed	VA
tariffing	NVA
tariffs	pV
taring	NVtA
tarlatans	p
tarnally	v
tarnations	p
tarnished	VA
tarnishes	pV
tarnishing	NVA
tarns	p
taroks	p
tarots	p
tarpans	p
tarpaulins	p
tarps	p
tarradiddles	p
tarragons	p
tarred	VtA
tarriances	p
tarried	VA
tarriers	p
tarring	NVtA
tarrings	pV
tarrying	NVA
tars	pVt
tarsals	p
tarsias	p
tarsiers	p
tartans	p
tartarized	tA
tartarizes	t
tartarizing	NtA
tartars	p
tarted	VA
tarter	A
tartest	A
tarting	NVA
tartlets	p
tartnesses	p
tartrates	p
tarts	pV
tarweeds	p
tasimeters	p
tasked	tA
tasking	NtA
taskmasters	p
taskmistresses	p
tasks	pt
taskworks	p
tasseled	VA
tasseling	NVA
tasselled	VA
tasselling	NVA
tassellings	V
tassels	pV
tasses	p
tassets	p
tassies	p
tasted	VtA
tastefulnesses	p
tastelessnesses	p
tasters	p
tastes	pVt
tastier	A
tastiest	A
tastinesses	p
tasting	NVtA
tastings	V
taters	p
tatouays	p
tats	pV
tatted	VA
tatterdemalions	p
tattered	VA
tattering	NVA
tatters	pV
tattersalls	p
tattier	A
tattiest	A
tattinesses	p
tatting	NVA
tattings	p
tattled	tiA
tattlers	p
tattles	pti
tattletales	p
tattling	NtiA
tattlings	V
tattooed	VA
tattooers	p
tattooing	NVA
tattooists	p
tattoos	V
taunted	tA
taunter	A
taunters	p
taunting	NtA
taunts	pt
taupes	p
taurines	p
tauroboliums	p
tauromachies	p
taus	p
tautened	VA
tautening	NVA
tautens	V
tauter	A
tautest	A
tautly	v
tautochrones	p
tautogs	p
tautologies	p
tautologised	iA
tautologises	i
tautologising	NiA
tautologisms	p
tautologists	p
tautologized	iA
tautologizes	i
tautologizing	NiA
tautomerisms	p
tautomers	p
tautonyms	p
taverners	p
taverns	p
tavs	p
tawdrinesses	p
tawed	tA
tawers	p
tawing	NtA
tawneys	p
tawnies	p
taws	t
tawsed	VA
tawses	pV
tawsing	NVA
taxabilities	p
taxablenesses	p
taxables	p
taxations	p
taxed	tA
taxemes	p
taxes	pt
taxicabs	p
taxidermies	p
taxidermists	p
taxied	VA
taxiing	NVA
taximeters	p
taxing	NtA
taxis	pV
taxites	p
taxiways	p
taxonomers	p
taxonomies	p
taxonomists	p
taxons	p
taxpayers	p
tayras	p
tazzas	p
teaberries	p
teacakes	p
teacarts	p
teachers	p
teacherships	p
teaches	Vt
teaching	NVtA
teachings	p
teacups	p
teakettles	p
teaks	p
teakwoods	p
teamed	VtiA
teamers	p
teaming	NVtiA
teammates	p
teams	pVti
teamsters	p
teamworks	p
teapots	p
teapoys	p
teardowns	p
teardrops	p
teared	VtiA
tearers	p
tearfulnesses	p
tearinesses	p
tearing	NVtiA
tearlessnesses	p
tearooms	p
tears	Vti
teas	p
teased	VtA
teaseled	VA
teaselers	p
teaseling	NVA
teasels	pV
teasers	p
teases	pVt
teashops	p
teasing	NVtA
teaspoonfuls	p
teaspoons	p
teatasters	p
teatimes	p
teats	p
techinesses	p
technetiums	p
technicalities	p
technicalnesses	p
technicians	p
technics	p
techniques	p
technologies	p
technologists	p
technostructures	p
tedded	VA
tedders	p
tedding	NVA
tediously	v
tediousnesses	p
tediums	p
teds	V
teed	VA
teeing	NVA
teels	p
teemed	tiA
teemers	p
teeming	NtiA
teemingnesses	p
teems	ti
teenager	A
teenagers	p
teener	A
teenyboppers	p
tees	pV
teeterboards	p
teetered	VA
teetering	NVA
teeters	pV
teethed	iA
teethers	p
teethes	i
teething	NiA
teethings	pi
teethridges	p
teetotaler	A
teetotalers	p
teetotalisms	p
teetotaller	A
teetotums	p
teffs	p
tefs	p
tegs	p
teguments	p
teils	p
teinds	p
tektites	p
telaesthesias	p
telecasting	NVA
telecasts	pV
telecommunications	p
telecourses	p
teledus	p
telefilms	p
telegas	p
telegenically	v
telegonies	p
telegrams	p
telegraphed	VtA
telegrapheses	p
telegraphies	p
telegraphing	NVtA
telegraphists	p
telegraphs	pVt
telekinetically	v
telemarks	p
telemetered	tA
telemetering	NtA
telemeters	pt
telemetries	p
teleologies	p
teleologists	p
teleosteans	p
teleosts	p
telepathies	p
telepathists	p
telepathized	iA
telepathizes	i
telepathizing	NiA
telephoned	VA
telephones	pV
telephonies	p
telephoning	NVA
telephonists	p
telephotographies	p
teleplays	p
teleports	p
teleprinters	p
telerans	p
teles	p
telescoped	VA
telescopes	pV
telescopies	p
telescoping	NVA
telescopists	p
telestereoscopes	p
telesthesias	p
telethons	p
teletranscriptions	p
teletypewriters	p
teleutospores	p
televised	VtA
televises	Vt
televising	NVtA
televisions	p
televisors	p
telewriters	p
telexed	VA
telexes	pV
telexing	NVA
telfers	p
teliospores	p
tellers	p
tellerships	p
telling	NVtiA
tellins	p
tells	pVti
telltales	p
tellurates	p
tellurians	p
tellurides	p
tellurions	p
tellurites	p
telluriums	p
tellurized	tA
tellurizes	t
tellurizing	NtA
tellurometers	p
telophases	p
telpherages	p
telphered	tA
telphering	NtA
telphers	pt
telsons	p
temblors	p
temerariousnesses	p
temerities	p
temped	iA
temperamentally	v
temperaments	p
temperances	p
temperas	p
temperatenesses	p
temperatures	p
tempered	tA
temperedly	v
tempering	NtA
tempers	pt
tempested	tA
tempesting	NtA
tempests	pt
tempestuousnesses	p
temping	NiA
templates	p
temples	p
temporalities	p
temporarinesses	p
temporisations	p
temporised	iA
temporisers	p
temporises	i
temporising	NiA
temporisings	i
temporizations	p
temporized	iA
temporizers	p
temporizes	i
temporizing	NiA
temporizings	i
temps	pi
temptations	p
tempted	tA
tempting	NtA
temptingnesses	p
temptresses	p
tempts	t
tempuras	p
tenabilities	p
tenablenesses	p
tenaces	p
tenaciously	v
tenaculums	p
tenailles	p
tenanted	tiA
tenanting	NtiA
tenantries	p
tenants	pti
tenches	p
tendances	p
tended	VtiA
tendencies	p
tendentiousnesses	p
tendered	tA
tenderer	A
tenderers	p
tenderest	A
tenderheartedly	v
tenderheartednesses	p
tendering	NtA
tenderisations	p
tenderised	tA
tenderisers	p
tenderises	t
tenderising	NtA
tenderizations	p
tenderized	tA
tenderizers	p
tenderizes	t
tenderizing	NtA
tenderloins	p
tendernesses	p
tenders	pt
tending	NVtiA
tendons	p
tendrils	p
tends	Vti
tenebrisms	p
tenebrousnesses	p
tenements	p
tenesmuses	p
tenets	p
teniacides	p
teniafuges	p
tenias	p
tenner	A
tenners	p
tennises	p
tennos	p
tenoned	tA
tenoners	p
tenoning	NtA
tenons	pt
tenorites	p
tenors	p
tenpins	p
tenpounders	p
tenrecs	p
tens	p
tensed	VA
tensenesses	p
tenses	pV
tensilenesses	p
tensilities	p
tensimeters	p
tensing	NVA
tensiometers	p
tensionally	v
tensions	p
tensities	p
tensons	p
tensors	p
tentacles	p
tentages	p
tentations	p
tentatively	v
tented	VtiA
tentered	tA
tenterhooks	p
tentering	NtA
tenters	pt
tenths	p
tenting	NVtiA
tentoriums	p
tents	pVti
tenuousnesses	p
tenures	p
teosintes	p
tepals	p
tepees	p
tepefied	VA
tepefies	V
tepefying	NVA
tephras	p
tephrites	p
tepidly	v
tequilas	p
teratisms	p
teratologies	p
teratomas	p
terbias	p
terbiums	p
tercels	p
tercentenaries	p
terces	p
tercets	p
terebenes	p
terebinths	p
terephthalates	p
tergiversants	p
tergiversated	iA
tergiversates	i
tergiversating	NiA
tergiversations	p
tergiversators	p
teriyakis	p
termagants	p
termed	tA
termers	p
terminabilities	p
terminablenesses	p
terminals	p
terminated	VA
terminates	V
terminating	NVA
terminations	p
terminators	p
terming	NtA
terminists	p
terminologies	p
terminologists	p
termitariums	p
termites	p
termors	p
terms	t
ternes	p
ternions	p
terns	p
terpenes	p
terpineols	p
terpsichoreans	p
terraced	tA
terraces	pt
terracing	NtA
terracings	p
terrains	p
terranes	p
terrapins	p
terrariums	p
terras	p
terrazzos	p
terrenely	v
terrenes	p
terrepleins	p
terrestrials	p
terrets	p
terriblenesses	p
terriers	p
terries	p
terrified	VA
terrifiers	p
terrifies	V
terrifying	NVA
terrines	p
territorialisations	p
territorialised	tA
territorialises	t
territorialising	NtA
territorialisms	p
territorialists	p
territorialities	p
territorializations	p
territorialized	tA
territorializes	t
territorializing	NtA
territories	p
terrorisations	p
terrorised	tA
terrorisers	p
terrorises	t
terrorising	NtA
terrorisms	p
terrorists	p
terrorizations	p
terrorized	tA
terrorizers	p
terrorizes	t
terrorizing	NtA
terrors	p
terrs	p
tersenesses	p
terser	A
tersest	A
tertials	p
tertians	p
tervalencies	p
terzettos	p
tes	p
teslas	p
tessellated	tiA
tessellates	ti
tessellating	NtiA
tessellations	p
tesseracts	p
tessituras	p
test	A
testabilities	p
testamentarily	v
testaments	p
testas	p
testates	p
testators	p
tested	VA
testees	p
testers	p
testicles	p
testier	A
testiest	A
testifications	p
testified	VtA
testifiers	p
testifies	Vt
testifying	NVtA
testily	v
testimonialized	tA
testimonializes	t
testimonializing	NtA
testimonials	p
testing	NVA
testons	p
testosterones	p
tests	pV
testudinates	p
testudos	p
tetanics	p
tetanies	p
tetanisations	p
tetanised	tA
tetanises	t
tetanising	NtA
tetanizations	p
tetanized	tA
tetanizes	t
tetanizing	NtA
tetanuses	p
tetchier	A
tetchiest	A
tetchinesses	p
tetherballs	p
tethered	tA
tethering	NtA
tethers	pt
teths	p
tetrabasicities	p
tetracaines	p
tetrachlorides	p
tetrachords	p
tetracyclines	p
tetrads	p
tetradymites	p
tetragons	p
tetragrams	p
tetrahedrites	p
tetramerisms	p
tetramers	p
tetrameters	p
tetraploidies	p
tetraploids	p
tetrapods	p
tetrarchates	p
tetras	p
tetraspores	p
tetrasyllables	p
tetravalences	p
tetrodes	p
tetroxides	p
tetryls	p
tetters	p
tewed	tiA
tewing	NtiA
tews	pti
texases	p
textbooks	p
textiles	p
texts	p
textualisms	p
textualists	p
textually	v
textured	tA
textures	pt
texturing	NtA
thacked	tA
thacking	NtA
thacks	pt
thalassocracies	p
thalidomides	p
thalliums	p
thallophytes	p
thalluses	p
thalwegs	p
thanas	p
thanatophobias	p
thanatopsises	p
thanes	p
thanked	tA
thankers	p
thankfuller	A
thankfullest	A
thankfulnesses	p
thanking	NtA
thanklessnesses	p
thanks	t
thanksgivers	p
thanksgivings	p
thankworthily	v
tharms	p
thars	p
thatched	VA
thatches	pV
thatchier	A
thatchiest	A
thatching	NVA
thatchings	p
thaumatologies	p
thaumatropes	p
thaumaturges	p
thaumaturgies	p
thawed	ViA
thawing	NViA
thaws	pVi
theanthropisms	p
theanthropists	p
theaters	p
theatres	p
theatricalisations	p
theatricalised	tA
theatricalises	t
theatricalising	NtA
theatricalities	p
theatricalizations	p
theatricalized	tA
theatricalizes	t
theatricalizing	NtA
theatricalnesses	p
thebaines	p
thecodonts	p
theelins	p
thefts	p
thegns	p
theines	p
theisms	p
theists	p
thelitises	p
thematics	p
themes	p
thenars	p
thens	p
theobromines	p
theocentricisms	p
theocentricities	p
theocentrisms	p
theocrasies	p
theodolites	p
theogonists	p
theologians	p
theologies	p
theologised	tiA
theologisers	p
theologises	ti
theologising	NtiA
theologized	tiA
theologizers	p
theologizes	ti
theologizing	NtiA
theologues	p
theomaniacs	p
theomanias	p
theomorphisms	p
theonomies	p
theopathies	p
theophyllines	p
theorbists	p
theorems	p
theoretically	v
theoreticians	p
theorisations	p
theorised	iA
theorisers	p
theorises	i
theorising	NiA
theorists	p
theorized	iA
theorizes	i
theorizing	NiA
theosophies	p
theosophisms	p
theosophists	p
therapists	p
therapsids	p
therbligs	p
theres	p
therians	p
therianthropisms	p
theriomorphs	p
thermalized	VA
thermalizes	V
thermalizing	NVA
thermals	p
thermels	p
thermes	p
thermesthesias	p
thermically	v
thermions	p
thermistors	p
thermites	p
thermobarometers	p
thermochemistries	p
thermochemists	p
thermoclines	p
thermocouples	p
thermoelectricities	p
thermoelectrons	p
thermographies	p
thermographs	p
thermojunctions	p
thermolabilities	p
thermoluminescences	p
thermometers	p
thermometries	p
thermomotors	p
thermophiles	p
thermopiles	p
thermoplasticities	p
thermoplastics	p
thermoscopes	p
thermosiphons	p
thermospheres	p
thermostabilities	p
thermostats	p
thermotherapies	p
thermotropisms	p
therms	p
theropods	p
thesauruses	p
thetas	p
theurgists	p
thews	p
thiamines	p
thiasuses	p
thiazines	p
thiazoles	p
thickened	ViA
thickeners	p
thickening	NViA
thickenings	p
thickens	Vi
thicker	A
thickest	A
thickets	p
thickheads	p
thicknesses	p
thicks	p
thicksets	p
thieved	VA
thieves	V
thieving	NVA
thievishnesses	p
thiggers	p
thigging	NtiA
thiggings	ti
thighbones	p
thighs	p
thigmotactically	v
thigmotropisms	p
thigs	ti
thills	p
thimbleriggers	p
thimblerigs	p
thimbles	p
thimbleweeds	p
thimerosals	p
thingamabobs	p
things	p
thingumabobs	p
thingumajigs	p
thingumbobs	p
thinkablenesses	p
thinkers	p
thinking	NVtiA
thinkings	p
thinks	pVti
thinner	A
thinners	p
thinnesses	p
thinnest	A
thiocarbamides	p
thiocyanates	p
thiols	p
thionates	p
thionines	p
thionins	p
thionyls	p
thiopentals	p
thiophenes	p
thiophens	p
thiouracils	p
thioureas	p
thirds	p
thirlages	p
thirled	tA
thirling	NtA
thirls	t
thirsted	iA
thirsters	p
thirstily	v
thirsting	NiA
thirsts	pi
thirteens	p
thirteenthly	v
thirteenths	p
thirtieths	p
thistledowns	p
thistles	p
thistlier	A
thistliest	A
tholed	tA
tholes	pt
tholing	NtA
thongs	p
thoracically	v
thoraxes	p
thorianites	p
thorias	p
thorites	p
thoriums	p
thornbacks	p
thornily	v
thorns	p
thorons	p
thoroughbreds	p
thorougher	A
thoroughest	A
thoroughfares	p
thoroughnesses	p
thoroughpins	p
thoroughworts	p
thorps	p
thoughted	VA
thoughtfully	v
thoughtlessnesses	p
thoughts	pV
thous	p
thousands	p
thousandths	p
thralldoms	pi
thralled	tA
thralling	NtA
thralls	pt
thrashed	tiA
thrashers	p
thrashes	pti
thrashing	NtiA
thrashings	p
thraves	p
thrawed	tiA
thrawing	NtiA
thraws	ti
threaded	tA
threaders	p
threadfins	p
threadier	A
threadiest	A
threadinesses	p
threading	NtA
threads	pt
threadworms	p
threaped	tA
threapers	p
threaping	NtA
threaps	t
threated	VA
threatened	tA
threateners	p
threatening	NtA
threatens	t
threating	NVA
threats	pV
threes	p
threesomes	p
thremmatologies	p
threnodes	p
threnodists	p
threonines	p
threshed	VtiA
threshers	p
threshes	pVti
threshing	NVtiA
thresholds	p
thriftlessnesses	p
thrifts	p
thrilled	VA
thrillers	p
thrilling	NVA
thrills	pV
thripses	p
thrived	iA
thrivers	p
thrives	i
thriving	NiA
throatinesses	p
throatlatches	p
throats	p
throbbed	VA
throbbing	NVA
throbbings	V
throbs	pV
thrombins	p
thrombocytes	p
thromboembolisms	p
thrombokinases	p
thromboplastins	p
thrombosed	VA
thromboses	V
thrombosing	NVA
throned	VA
thrones	pV
thronged	VtA
thronging	NVtA
throngs	pVt
throning	NVA
throstles	p
throttled	tA
throttlers	p
throttles	pt
throttling	NtA
throttlings	V
throughputs	p
throughways	p
throwaways	p
throwbacks	p
throwers	p
throwing	NVA
throws	pV
throwsters	p
thrummed	ViA
thrummers	p
thrumming	NViA
thrummings	V
thrums	pVi
thruputs	p
thrushes	p
thrusted	VA
thrusters	p
thrusting	NVA
thrustings	V
thrusts	pV
thruways	p
thudded	tiA
thudding	NtiA
thuds	pti
thuggees	p
thuggeries	p
thugs	p
thujas	p
thulias	p
thuliums	p
thumbed	tA
thumbing	NtA
thumbkins	p
thumbnails	p
thumbnuts	p
thumbprints	p
thumbs	pt
thumbscrews	p
thumbstalls	p
thumbtacks	p
thumped	tiA
thumping	NtiA
thumps	pti
thunderbirds	p
thunderbolts	p
thunderboxes	p
thunderclaps	p
thunderclouds	p
thundered	ViA
thunderers	p
thunderheads	p
thundering	NViA
thunderingly	v
thunderpeals	p
thunders	pVi
thundershowers	p
thundersqualls	p
thunderstones	p
thunderstorms	p
thuribles	p
thurifers	p
thuyas	p
thwacked	VA
thwackers	p
thwacking	NVA
thwacks	pV
thwarted	VA
thwarter	A
thwarters	p
thwarting	NVA
thwartly	v
thwarts	pV
thylacines	p
thymes	p
thymidines	p
thymines	p
thymols	p
thyratrons	p
thyristors	p
thyrocalcitonins	p
thyroidectomies	p
thyroiditises	p
thyroids	p
thyrotropins	p
thyroxines	p
thyrses	p
thysanurans	p
tiaras	p
tibiotarsuses	p
ticals	p
ticked	VA
tickers	p
ticketed	tA
ticketing	NtA
tickets	pt
ticking	NVA
tickings	p
tickled	VtiA
ticklers	p
tickles	pVti
tickling	NVtiA
ticklings	V
ticklishnesses	p
ticks	pV
tickseeds	i
ticktacks	p
ticktocked	iA
ticktocking	NiA
ticktocks	pi
tics	p
tidbits	p
tiddlers	p
tiddlier	A
tiddliest	A
tided	iA
tidelands	p
tidemarks	p
tiderips	p
tides	i
tidewaiters	p
tidewaters	p
tideways	p
tidier	A
tidies	V
tidiest	A
tidinesses	p
tiding	NiA
tidings	Vi
tids	p
tidying	NVA
tiebacks	p
tiebreakers	p
tieclasps	p
tied	VtA
tiemannites	p
tiepins	p
tiercels	p
tiercerons	p
tierces	p
tiered	VA
tiering	NVA
tiers	pV
ties	Vt
tiffanies	p
tiffed	iA
tiffing	NiA
tiffins	p
tiffs	pi
tigereyes	p
tigerishnesses	p
tightened	VA
tighteners	p
tightening	NVA
tightens	V
tighter	A
tightest	A
tightly	v
tightnesses	p
tightropes	p
tightwads	p
tiglons	p
tigons	p
tigresses	p
tikis	p
tilapias	p
tildes	p
tiled	tA
tilefishes	p
tiles	pt
tiling	NtA
tilings	p
tillages	p
tillandsias	p
tilled	VtA
tillered	iA
tillering	NiA
tillers	pi
tilling	NVtA
tillites	p
tills	pVt
tils	p
tilted	VtA
tilths	p
tilting	NVtA
tilts	pVt
tiltyards	p
timaraus	p
timbales	p
timbals	p
timbered	tA
timberheads	p
timbering	NtA
timberings	p
timberlands	p
timbers	pt
timberworks	p
timberyards	p
timbrels	p
timbres	p
timecards	p
timekeepers	p
timekeepings	p
timelessly	v
timelier	A
timeliest	A
timelinesses	p
timepieces	p
timepleasers	p
timers	p
times	p
timesavers	p
timeservers	p
timeservings	p
timetables	p
timeworkers	p
timeworks	p
timider	A
timidest	A
timidities	p
timidnesses	p
timings	p
timorousnesses	p
tinamous	p
tincals	p
tincted	VA
tincting	NVA
tincts	pV
tinctured	tA
tinctures	pt
tincturing	NtA
tinderboxes	p
tinders	p
tineas	p
tined	tA
tineids	p
tines	p
tinfoils	p
tinged	VtA
tingeing	NtA
tinges	pt
tinging	NVtA
tingled	VA
tinglers	p
tingles	pV
tingling	NVA
tinglings	V
tings	pV
tinhorns	p
tininesses	p
tining	NtA
tinkered	iA
tinkering	NiA
tinkers	pi
tinkled	VtiA
tinklers	p
tinkles	pVti
tinkling	NVtiA
tinklings	p
tinned	tA
tinner	A
tinners	p
tinnies	p
tinninesses	p
tinning	NtA
tinnings	pV
tinnituses	p
tins	pt
tinseled	tA
tinseling	NtA
tinselled	tA
tinselling	NtA
tinselly	v
tinsels	pt
tinsmiths	p
tinstones	p
tintacks	p
tinted	tiA
tinters	p
tinting	NtiA
tintinnabulations	p
tints	pti
tintypes	p
tinwares	p
tinworks	p
tipcarts	p
tipcats	p
tipped	VtA
tippers	p
tippets	p
tipping	NVtA
tippings	V
tippled	VA
tipplers	p
tipples	pV
tippling	NVA
tips	pVt
tipsiest	A
tipsinesses	p
tipstaffs	p
tipsters	p
tiptoed	VA
tiptoeing	NVA
tiptoes	pV
tiptops	p
tirades	p
tirailleurs	p
tired	VtiA
tireder	A
tiredest	A
tiredly	v
tirelessnesses	p
tires	pVti
tiresomely	v
tiring	NVtiA
tirings	V
tirls	p
tirrivees	p
tissued	tA
tissues	pt
tissuing	NtA
titanates	p
titanias	p
titanites	p
titaniums	p
titanosaurs	p
titanotheres	p
titans	p
titbits	p
titers	p
titfers	p
tithed	tiA
tithers	p
tithes	pti
tithing	NtiA
tithings	p
titillated	tA
titillates	t
titillating	NtA
titillations	p
titivated	VA
titivates	V
titivating	NVA
titivations	p
titlarks	p
titled	tA
titleholders	p
titles	pt
titling	NtA
titlists	p
titrants	p
titrated	tA
titrates	t
titrating	NtA
titrations	p
titres	p
tits	p
tittered	tiA
tittering	NtiA
titters	pti
titties	p
tittles	p
tittuped	VA
tittuping	NVA
tittupped	VA
tittupping	NVA
tittups	pV
titubations	p
titularities	p
titulars	p
toadeaters	p
toadfishes	p
toadflaxes	p
toadied	tiA
toadies	pti
toads	p
toadstones	p
toadstools	p
toadying	NtiA
toadyisms	p
toasted	VtA
toasters	p
toasting	NVtA
toastmasters	p
toasts	pVt
tobacconists	p
tobogganed	iA
tobogganing	NiA
toboggans	pi
toccatas	p
tochered	tA
tochering	NtA
tochers	pt
tocologies	p
tocopherols	p
tocsins	p
todays	p
toddled	iA
toddlers	p
toddles	pi
toddling	NiA
tods	p
toeas	p
toecaps	p
toed	tiA
toeholds	p
toeing	NtiA
toenailed	tA
toenailing	NtA
toenails	pt
toes	pti
toeshoes	p
toffees	p
toffs	p
tofts	p
togethernesses	p
togged	tA
toggeries	p
togging	NtA
toggled	tA
togglers	p
toggles	pt
toggling	NtA
togs	pt
togues	p
toheroas	p
toiled	tiA
toiles	p
toilets	p
toiling	NtiA
toils	pti
toilsomenesses	p
tokays	p
tokened	tA
tokening	NtA
tokenisms	p
tokens	pt
tokologies	p
tokonomas	p
tolans	p
tolas	p
tolbutamides	p
tolerabilities	p
tolerablenesses	p
tolerances	p
tolerantly	v
tolerated	tA
tolerates	t
tolerating	NtA
tolerationists	p
tolerations	p
tolerators	p
toles	p
tolidines	p
tolings	t
tolled	VtA
tollers	p
tollgates	p
tolling	NVtA
tollkeepers	p
tolls	pVt
toluates	p
toluenes	p
toluides	p
toluidines	p
toluols	p
tolus	p
toluyls	p
tolyls	p
tomahawked	tA
tomahawking	NtA
tomahawks	pt
tomalleys	p
tomans	p
tombacs	p
tombed	tA
tombing	NtA
tombolas	p
tomboys	p
tombs	pt
tombstones	p
tomcats	pi
tomcatted	iA
tomcatting	NiA
tomes	p
tomfoolishnesses	p
tomfools	p
tomiums	p
tommies	p
tommyrots	p
tomograms	p
tomographies	p
tomographs	p
tomorrows	p
tompions	p
toms	p
tomtits	p
tondos	p
toned	tiA
tonelessnesses	p
tonemes	p
toners	pV
tones	pti
tonettes	p
tongas	p
tonged	tA
tonging	NtA
tongs	t
tongued	tA
tongues	pt
tonguing	NtA
tonguings	p
tonicities	p
tonics	p
tonights	p
toning	NtiA
tonks	p
tonlets	p
tonnages	p
tonnes	p
tonometers	p
tons	p
tonsillitises	p
tonsils	p
tonsured	tA
tonsures	pt
tonsuring	NtA
tontines	p
tonuses	p
toolboxes	p
tooled	VtA
toolers	p
toolholders	p
tooling	NVtA
toolings	p
toolmakers	p
toolmakings	p
toolrooms	p
tools	pVt
toolsheds	p
toomed	tA
tooming	NtA
tooms	pt
toons	p
tooted	VA
tooters	p
toothaches	p
toothbrushes	p
toothed	VtiA
toothily	v
toothing	NVtiA
toothlessnesses	p
toothpastes	p
toothpicks	p
tooths	pVti
toothsomenesses	p
toothworts	p
tooting	NVA
tootled	ViA
tootles	pVi
tootling	NViA
toots	pV
tootses	p
topazes	p
topazolites	p
topcoats	p
toped	VA
topees	p
topers	p
topes	pV
topgallants	p
tophs	p
topics	p
toping	NVA
topknots	p
toplessnesses	p
topliner	A
toploftier	A
toploftiest	A
toploftinesses	p
topmasts	p
topminnows	p
topnotcher	A
topographers	p
topographies	p
topologies	p
topologists	p
toponymies	p
toponyms	p
topotypes	p
toppers	p
toppingly	v
toppings	p
toppled	ViA
topples	Vi
toppling	NViA
tops	p
topsails	p
topsides	p
topsoiled	tA
topsoiling	NtA
topsoils	pt
topspins	p
toques	p
torans	p
torbernites	p
torchbearers	p
torches	p
torchier	A
torchiers	p
torchwoods	p
torcs	p
toreadors	p
tores	pV
toriis	p
tormented	VtA
tormentils	p
tormenting	NVtA
tormentors	p
torments	pVt
toroids	p
torpedoed	tA
torpedoing	NtA
torpidly	v
torpors	p
torques	p
torqueses	p
torrefied	VA
torrefies	V
torrefying	NVA
torrentially	v
torrents	p
torrider	A
torridest	A
torridities	p
torridnesses	p
torrs	p
tors	p
torsades	p
torsels	p
torses	p
torsibilities	p
torsions	p
torsks	p
tortellinis	p
tortes	p
torticollises	p
tortillas	p
tortoises	p
tortoiseshells	p
tortonis	p
tortricids	p
torts	p
tortuosities	p
tortuousnesses	p
tortured	tA
tortures	pt
torturing	NtA
torturings	V
toshes	p
tossed	tiA
tosses	pti
tossing	NtiA
tosspots	p
tossups	p
totaled	iA
totaling	NiA
totalitarianisms	p
totalitarianized	tA
totalitarianizes	t
totalitarianizing	NtA
totalizations	p
totalized	VA
totalizers	p
totalizes	V
totalizing	NVA
totalled	iA
totalling	NiA
totals	pi
totaquines	p
toted	VtA
totemisms	p
totemists	p
totems	p
toters	p
totes	pt
totients	p
toting	NVtA
totipalmations	p
tots	pV
totted	VA
tottered	iA
totterers	p
tottering	NiA
totteringly	v
totters	pi
totting	NVA
tottings	V
toucanets	p
toucans	p
touchablenesses	p
touchbacks	p
touchdowns	p
touched	tiA
touchers	p
touches	pti
touchholes	p
touchinesses	p
touching	NtiA
touchingnesses	p
touchlines	p
touchmarks	p
touchstones	p
touchwoods	p
toughened	VA
tougheners	p
toughening	NVA
toughens	V
tougher	A
toughest	A
toughnesses	p
toughs	p
toupees	p
tourbillions	p
toured	VA
tourers	p
touring	NVA
tourisms	p
tourists	p
tourmalines	p
tournaments	p
tourneyed	iA
tourneying	NiA
tourneys	pi
tourniquets	p
tours	pV
toused	tiA
touses	pti
tousing	NtiA
tousings	V
tousled	tA
tousles	pt
tousling	NtA
touted	ViA
touters	p
touting	NViA
touts	pVi
touzled	VA
touzles	pV
touzling	NVA
tovariches	p
tovarisches	p
towages	p
towardlinesses	p
towardly	v
towbars	p
towboats	p
towed	tA
toweled	tA
toweling	NtA
towelings	V
towelled	tA
towelling	NtA
towellings	p
towels	pt
towered	iA
towerier	A
toweriest	A
towering	NiA
toweringly	v
towers	pi
towheads	p
towhees	p
towing	NtA
towlines	p
towmonds	p
townees	p
towns	p
townscapes	p
townships	p
towropes	p
tows	pt
towsers	p
toxaemias	p
toxalbumins	p
toxaphenes	p
toxemias	p
toxicants	p
toxicologies	p
toxicologists	p
toxins	p
toxoids	p
toxophilies	p
toxophilites	p
toyed	iA
toyers	p
toying	NiA
toyons	p
toys	pi
trabeculas	p
traceabilities	p
traceablenesses	p
traceably	v
traced	tA
tracers	p
traces	pt
tracheids	p
tracheitises	p
tracheophytes	p
trachled	tA
trachles	pt
trachling	NtA
trachomas	p
trachytes	p
tracing	NtA
tracings	p
tracked	ViA
trackers	p
tracking	NViA
tracklayers	p
tracks	Vi
tracksuits	p
tractably	v
tractates	p
tractilities	p
tractions	p
tractors	p
tracts	p
traded	tiA
trademarked	tA
trademarking	NtA
trademarks	pt
trader	A
traders	p
trades	pti
tradescantias	p
trading	NtiA
traditionalisms	p
traditionalists	p
traditionally	v
traditionists	p
traditions	p
traditors	p
traduced	tA
traducements	p
traduces	t
traducianisms	p
traducing	NtA
traducings	t
trafficabilities	p
trafficators	p
traffics	p
tragacanths	p
tragedians	p
tragediennes	p
tragedies	p
tragicalnesses	p
tragicomedies	p
tragopans	p
trailblazers	p
trailed	VtiA
trailers	p
trailing	NVtiA
trails	pVti
trainbands	p
trainbearers	p
trained	tiA
trainees	p
trainers	p
training	NtiA
trainings	p
trains	pti
traipsed	iA
traipses	pi
traipsing	NiA
traipsings	V
traitorousnesses	p
traitors	p
traits	p
trajected	tA
trajecting	NtA
trajections	p
trajects	t
tramcars	pt
tramlines	p
trammelers	p
trammellers	p
tramontanas	p
tramontanes	p
tramped	iA
tramping	NiA
trampled	VA
tramplers	p
tramples	pV
trampling	NVA
trampolined	iA
trampoliners	p
trampolines	pi
trampolining	NiA
trampolinists	p
tramps	pi
tramroads	p
trams	p
tramways	p
tranced	tA
trances	pt
tranches	p
trancing	NtA
trangams	p
tranks	p
trannies	p
tranquiler	A
tranquilest	A
tranquilizations	p
tranquilized	tiA
tranquilizers	p
tranquilizes	ti
tranquilizing	NtiA
tranquillized	VA
tranquillizers	p
tranquillizes	V
tranquillizing	NVA
tranquilnesses	p
transacted	VA
transacting	NVA
transactinides	p
transactions	p
transactors	p
transacts	V
transceivers	p
transcended	VtA
transcendences	p
transcendentalisms	p
transcendentalists	p
transcendentalized	tA
transcendentalizes	t
transcendentalizing	NtA
transcendently	v
transcending	NVtA
transcends	Vt
transcribed	tA
transcribers	p
transcribes	t
transcribing	NtA
transcriptions	p
transcripts	p
transculturations	p
transduced	tA
transducers	p
transduces	t
transducing	NtA
transductions	p
transected	tA
transecting	NtA
transections	p
transects	t
transennas	p
transepts	p
transferabilities	p
transferals	p
transferases	p
transferees	p
transferences	p
transferors	p
transferrals	p
transferred	VA
transferrers	p
transferring	NVA
transferrins	p
transfers	pV
transfigurations	p
transfigured	VA
transfigurements	p
transfigures	V
transfiguring	NVA
transfixed	VA
transfixes	V
transfixing	NVA
transfixions	p
transformationally	v
transformations	p
transformed	VtA
transformers	p
transforming	NVtA
transformists	p
transforms	pVt
transfused	tA
transfusers	p
transfuses	t
transfusing	NtA
transfusions	p
transfusively	v
transgressed	VA
transgresses	V
transgressing	NVA
transgressions	p
transhipped	VA
transhipping	NVA
transhippings	ti
tranships	V
transhumances	p
transiences	p
transients	p
transiliences	p
transilluminated	tA
transilluminates	t
transilluminating	NtA
transilluminations	p
transilluminators	p
transistorized	VA
transistorizes	V
transistorizing	NVA
transistors	p
transited	VA
transiting	NVA
transitions	p
transitivenesses	p
transitivities	p
transitorinesses	p
transits	pV
translatabilities	p
translatablenesses	p
translated	VtiA
translates	Vti
translating	NVtiA
translations	p
translators	p
transliterated	tA
transliterates	t
transliterating	NtA
translocated	tA
translocates	t
translocating	NtA
translocations	p
translucences	p
translucencies	p
transmigrants	p
transmigrated	iA
transmigrates	i
transmigrating	NiA
transmissibilities	p
transmissions	p
transmissivities	p
transmits	Vt
transmittals	p
transmittances	p
transmitted	VtA
transmitters	p
transmitting	NVtA
transmogrifications	p
transmogrified	VA
transmogrifies	V
transmogrifying	NVA
transmutabilities	p
transmutations	p
transmuted	tA
transmuters	p
transmutes	t
transmuting	NtA
transoms	p
transparentnesses	p
transpicuously	v
transpierced	tA
transpierces	t
transpiercing	NtA
transpirations	p
transpired	tiA
transpires	ti
transpiring	NtiA
transplanted	VtiA
transplanting	NVtiA
transplants	pVti
transponders	p
transportations	p
transported	VtA
transportedly	v
transporting	NVtA
transports	pVt
transposabilities	p
transposals	p
transposed	tA
transposers	p
transposes	pt
transposing	NtA
transposings	V
transpositions	p
transsexualisms	p
transsexuals	p
transshaped	tA
transshapes	t
transshaping	NtA
transshipments	p
transshipped	VA
transshipping	NVA
transships	V
transthoracically	v
transubstantially	v
transubstantiated	tiA
transubstantiates	ti
transubstantiating	NtiA
transubstantiations	p
transudates	p
transudations	p
transuded	VA
transudes	V
transuding	NVA
transvaluations	p
transvalued	VA
transvalues	V
transvaluing	NVA
transversals	p
transversely	v
transverses	p
transvestisms	p
transvestites	p
tranters	p
trapanned	VA
trapanning	NVA
trapans	pV
trapballs	p
trapesed	VA
trapeses	pV
trapesing	NVA
trapezes	p
trapezohedrons	p
trapezoids	p
trappers	p
trappings	V
traprocks	p
trapshooters	p
trapshootings	p
trapuntos	p
trashed	VtA
trashes	pVt
trashier	A
trashiest	A
trashinesses	p
trashing	NVtA
trasses	p
trattorias	p
trauchled	tA
trauchles	pt
trauchling	NtA
traumas	p
traumatically	v
traumatisms	p
traumatizations	p
traumatized	tA
traumatizes	t
traumatizing	NtA
travailed	iA
travailing	NiA
travails	pi
traveled	VtA
travelers	p
traveling	NVtA
travelings	V
travelled	VtA
travellers	p
travelling	NVtA
travellings	V
travels	pVt
traversals	p
traversed	VtiA
traverser	A
traversers	p
traverses	pVti
traversing	NVtiA
traversings	V
travertines	p
traves	p
travestied	tA
travesties	t
travestying	NtA
travoises	p
trawled	VtA
trawlers	p
trawling	NVtA
trawls	pVt
traymobiles	p
trays	p
treacherousnesses	p
treacles	p
treaded	VtiA
treaders	p
treading	NVtiA
treadled	VA
treadlers	p
treadles	pV
treadling	NVA
treadlings	V
treadmills	p
treads	pVti
treasonablenesses	p
treasons	p
treasured	tA
treasurers	p
treasures	pt
treasuring	NtA
treated	tiA
treating	NtiA
treatises	p
treatments	p
treats	pti
trebled	VA
trebles	pV
trebling	NVA
trebuchets	p
trecentos	p
tredecillions	p
tredecillionths	p
treed	tA
treehoppers	p
treeing	NtA
treenails	p
treens	p
treenwares	p
trees	pt
treetops	p
trefoils	p
trehalas	p
trehaloses	p
treillages	p
trekked	tiA
trekkers	p
trekking	NtiA
treks	pti
trellised	tA
trellises	pt
trellising	NtA
trellisworks	p
trematodes	p
trembled	iA
tremblers	p
trembles	pi
tremblier	A
trembliest	A
trembling	NiA
tremblings	V
tremendousnesses	p
tremies	p
tremolants	p
tremolites	p
tremors	pi
tremulants	p
tremulousnesses	p
trenails	p
trenchancies	p
trenched	VtiA
trenchers	p
trenches	Vti
trenching	NVtiA
trended	iA
trendier	A
trendies	p
trendiest	A
trendily	v
trending	NiA
trends	pi
trentals	p
trepanations	p
trepangs	p
trepanned	VA
trepanners	p
trepanning	NVA
trepans	pV
trephined	tA
trephines	pt
trephining	NtA
trepidations	p
trespassed	iA
trespassers	p
trespasses	pi
trespassing	NiA
tressed	tA
tresses	pt
tressing	NtA
tressures	p
trestles	p
trestletrees	p
trestleworks	p
trets	p
trevallies	p
treys	p
triablenesses	p
triacetates	p
triadisms	p
triads	p
triages	p
trials	p
triangles	p
triangularities	p
triangulated	VtA
triangulates	Vt
triangulating	NVtA
triangulations	p
triaxialities	p
triazines	p
triazoles	p
tribades	p
tribadisms	p
tribalisms	p
tribalists	p
tribes	p
triblets	p
triboelectricities	p
tribologies	p
triboluminescences	p
tribromoethanols	p
tribulations	p
tribunals	p
tribunates	p
tribunes	p
tribuneships	p
tributes	p
triced	tA
tricentennials	p
trices	pt
trichinisations	p
trichinised	tA
trichinises	t
trichinising	NtA
trichinizations	p
trichinized	tA
trichinizes	t
trichinizing	NtA
trichites	p
trichlorides	p
trichloroethylenes	p
trichocysts	p
trichogynes	p
trichologies	p
trichologists	p
trichomes	p
trichomonads	p
trichopterans	p
trichroisms	p
trichromatisms	p
trichromats	p
tricing	NtA
tricked	VA
trickinesses	p
tricking	NVA
trickishnesses	p
trickled	ViA
trickles	pVi
trickling	NViA
tricks	pV
tricksterings	p
tricksters	p
triclads	p
tricliniums	p
tricolors	p
tricorns	p
tricotines	p
tricots	p
tricrotisms	p
trictracs	p
tricuspids	p
tricycled	iA
tricycles	pi
tricycling	NiA
tridents	p
tridimensionalities	p
triduums	p
tried	tiA
triennials	p
trierarchies	p
triers	p
tries	pti
trifled	iA
triflers	p
trifles	pi
trifling	NiA
triflingly	v
trifluoperazines	p
trifocals	p
trifoliums	p
trigamists	p
trigged	tA
trigger	A
triggered	tA
triggerfishes	p
triggering	NtA
triggers	pt
triggest	A
trigging	NtA
trigly	v
triglycerides	p
triglyphs	p
trignesses	p
trigonometers	p
trigonometries	p
trigons	p
trigraphically	v
trigraphs	p
trigs	pt
trihedrals	p
triiodothyronines	p
trikes	p
trilbies	p
trilemmas	p
trilingualisms	p
triliterals	p
trilithons	p
trilled	VtA
trilling	NVtA
trillions	p
trillionths	p
trilliums	p
trills	pVt
trilobites	p
trimarans	p
trimer	A
trimers	p
trimesters	p
trimeters	p
trimethadiones	p
trimetrogons	p
trimmed	tA
trimmer	A
trimmers	p
trimmest	A
trimming	NtA
trimmings	p
trimorphically	v
trimorphisms	p
trimorphs	p
trimotors	p
trims	pt
trindled	VA
trindles	pV
trindling	NVA
trines	p
tringles	p
trinities	p
trinitrobenzenes	p
trinitrocresols	p
trinitrotoluenes	p
trinketers	p
trinketries	p
trinkets	p
trinkums	p
trinomials	p
triodes	p
triolets	p
triols	p
trioses	p
trioxides	p
tripalmitins	p
tripartitely	v
tripartitions	p
tripes	p
triphammers	p
triphenylmethanes	p
triphibians	p
triphosphates	p
triphthongs	p
triplanes	p
tripled	VA
triples	pV
tripletails	p
triplets	p
triplicated	VA
triplicates	pV
triplicating	NVA
triplications	p
tripling	NVA
triploidies	p
triploids	p
tripods	p
tripolis	p
tripped	tiA
trippers	p
trippets	p
tripping	NtiA
trippings	V
trips	pti
triptanes	p
triptyques	p
tripwires	p
triquetras	p
triquetrously	v
triremes	p
trisaccharides	p
trisected	tA
trisecting	NtA
trisects	t
trishaws	p
triskaidekaphobias	p
triskelions	p
trisoctahedrons	p
trisomies	p
tristearins	p
tristezas	p
tristfulnesses	p
trisyllables	p
tritanopias	p
tritely	v
tritheisms	p
tritheists	p
trithings	p
tritiated	tA
tritiates	t
tritiating	NtA
triticales	p
triticums	p
tritiums	p
tritones	p
tritons	p
triturated	tA
triturates	pt
triturating	NtA
triturations	p
triturators	p
triumphed	iA
triumphers	p
triumphing	NiA
triumphs	pi
triumvirates	p
triunes	p
trivalences	p
trivalencies	p
trivalves	p
trivets	p
trivialisations	p
trivialised	tA
trivialises	t
trivialising	NtA
trivialisms	p
trivialized	tA
trivializes	t
trivializing	NtA
triweeklies	p
troated	iA
troating	NiA
troats	i
trocars	p
trochaics	p
trochanters	p
trochars	p
trochees	p
troches	p
trochiluses	p
trochlears	p
trochleas	p
trochoids	p
trochophores	p
trodes	V
trogged	VA
trogging	NVA
troglodytes	p
trogons	p
trogs	V
troikas	p
troilisms	p
troked	tiA
trokes	pti
troking	NtiA
trolands	p
trolled	ViA
trolling	NViA
trollops	p
trolls	pVi
trombones	p
trombonists	p
trommels	p
tromometers	p
trompes	p
tronas	p
trones	p
trooped	tiA
troopers	p
trooping	NtiA
troops	pti
troopships	p
troostites	p
tropaeolums	p
tropes	p
trophoblasts	p
trophoplasms	p
trophozoites	p
tropicalisations	p
tropicalised	tA
tropicalises	t
tropicalising	NtA
tropicalizations	p
tropicalized	tA
tropicalizes	t
tropicalizing	NtA
tropically	v
tropicbirds	p
tropics	p
tropines	p
tropisms	p
tropistically	v
tropopauses	p
tropophytes	p
tropospheres	p
trothplighted	tA
trothplighting	NtA
trothplights	pt
troths	p
trotlines	p
trots	pV
trotted	VA
trotters	p
trotting	NVA
trottings	V
trotyls	p
troubadours	p
troubled	tiA
troublemakers	p
troublemakings	p
troublers	p
troubles	pti
troubleshooted	iA
troubleshooters	p
troubleshooting	NiA
troubleshoots	i
troublesomenesses	p
troubling	NtiA
troublings	V
troublousnesses	p
troughs	p
trounced	tA
trouncers	p
trounces	t
trouncing	NtA
trouncings	t
trouped	iA
troupers	p
troupes	pi
troupials	p
trouping	NiA
trouts	p
trovers	p
troves	p
trowed	VA
troweled	tA
trowelers	p
troweling	NtA
trowelled	tA
trowellers	p
trowelling	NtA
trowels	pt
trowing	NVA
trows	V
truanted	iA
truanting	NiA
truants	pi
truces	p
truckages	p
trucked	ViA
truckers	p
truckies	p
trucking	NViA
truckings	p
truckled	tiA
trucklers	p
truckles	pti
truckling	NtiA
trucklings	i
truckloads	p
trucks	pVi
truculences	p
truculencies	p
trudged	tiA
trudgens	p
trudges	pti
trudging	NtiA
trudgings	V
trued	tA
trueheartednesses	p
trueloves	p
truenesses	p
trues	t
truest	A
truffes	p
truffles	p
trugs	p
truing	NtA
truisms	p
trulls	p
trumped	VtiA
trumpeted	VA
trumpeters	p
trumpeting	NVA
trumpets	V
trumping	NVtiA
trumps	Vti
truncated	VtA
truncates	Vt
truncating	NVtA
truncations	p
truncheoned	tA
truncheoning	NtA
truncheons	pt
trundled	VtA
trundlers	p
trundles	pVt
trundling	NVtA
trunkfishes	p
trunnels	p
trunnions	p
trussed	tA
trussers	p
trusses	pt
trussing	NtA
trussings	p
trustabilities	p
trustbusters	p
trusted	tA
trustees	p
trusteeships	p
trusters	p
trustfully	v
trustfulnesses	p
trusties	p
trustinesses	p
trusting	NtA
trustingly	v
trustingnesses	p
trustlessnesses	p
trustors	p
trusts	pt
trustworthier	A
trustworthiest	A
trustworthinesses	p
truthfully	v
trying	NtiA
tryouts	p
trypanosomes	p
tryparsamides	p
trypsinogens	p
trypsins	p
tryptophans	p
trysails	p
trysted	iA
trysting	NiA
trysts	pi
ts	p
tsades	p
tsarevitches	p
tsarevnas	p
tsarists	p
tsaritzas	p
tsars	p
tsks	p
tsotsis	p
tsunamis	p
tuarts	p
tuataras	p
tubbed	tiA
tubbers	p
tubbinesses	p
tubbing	NtiA
tubbings	V
tubed	tiA
tubenoses	p
tubercles	p
tuberculars	p
tuberculately	v
tuberculins	p
tuberculised	tiA
tuberculises	ti
tuberculising	NtiA
tuberculizes	p
tuberculously	v
tuberoses	p
tubers	p
tubes	pt
tubifexes	p
tubing	NtiA
tubings	p
tubs	pti
tubulated	VtA
tubulates	Vt
tubulating	NVtA
tubulations	p
tubulators	p
tubules	p
tubulures	p
tuchuns	p
tucked	tiA
tuckered	tA
tuckering	NtA
tuckers	pt
tuckets	p
tucking	NtiA
tucks	pti
tucotucos	p
tufas	p
tuffets	p
tuffs	p
tufted	tA
tufters	p
tufting	NtA
tuftings	p
tufts	pt
tugboats	p
tugged	VtiA
tuggers	p
tugging	NVtiA
tuggings	V
tugriks	p
tugs	pVti
tuis	p
tuitions	p
tularaemias	p
tulips	p
tulipwoods	p
tulles	p
tullibees	p
tulwars	p
tumblebugs	p
tumbled	VtiA
tumblehomes	p
tumblers	p
tumbles	pVti
tumbleweeds	p
tumbling	NVtiA
tumblings	V
tumbrels	p
tumefactions	p
tumefied	VA
tumefies	V
tumefying	NVA
tumescently	v
tumidities	p
tumidnesses	p
tumors	p
tumours	p
tumplines	p
tumps	p
tums	p
tumults	p
tumultuousnesses	p
tunablenesses	p
tunas	p
tundishes	p
tundras	p
tuned	VtA
tunefulnesses	p
tuners	p
tunes	pVt
tunesmiths	p
tungstates	p
tungstens	p
tungstites	p
tunicates	p
tunicles	p
tunics	p
tuning	NVtA
tunings	p
tunnages	p
tunned	VA
tunneled	tA
tunnelers	p
tunneling	NtA
tunnelings	V
tunnelled	tA
tunnellers	p
tunnelling	NtA
tunnellings	V
tunnels	pt
tunnies	p
tunning	NVA
tunnings	V
tuns	pV
tuppences	p
tuques	p
turbans	p
turbellarians	p
turbidimeters	p
turbidimetries	p
turbidities	p
turbidnesses	p
turbinals	p
turbinates	p
turbines	p
turbits	p
turbocars	p
turbochargers	p
turbofans	p
turbogenerators	p
turbojets	p
turboprops	p
turbosuperchargers	p
turbots	p
turbulences	p
turds	p
tureens	p
turfed	tA
turfing	NtA
turfs	pt
turgencies	p
turgidities	p
turgidnesses	p
turgites	p
turgors	p
turions	p
turmerics	p
turmoiled	VA
turmoiling	NVA
turmoils	pV
turnabouts	p
turnarounds	p
turnbuckles	p
turncoats	p
turncocks	p
turned	VtiA
turners	p
turnhalls	p
turning	NVtiA
turnings	p
turnips	p
turnoffs	p
turnouts	p
turnovers	p
turnpikes	p
turns	pVti
turnsoles	p
turnspits	p
turnstiles	p
turnstones	p
turntables	p
turnups	p
turnvereins	p
turpentined	tA
turpentines	pt
turpentining	NtA
turpeths	p
turpitudes	p
turquoises	p
turretheads	p
turrets	p
turtlebacks	p
turtled	iA
turtledoves	p
turtleheads	p
turtlenecks	p
turtles	i
turtling	NiA
tusches	p
tushes	p
tusked	VA
tuskers	p
tusking	NVA
tusks	pV
tussahs	p
tussises	p
tussled	iA
tussles	pi
tussling	NiA
tussocks	p
tussores	p
tussors	p
tussurs	p
tutees	p
tutelages	p
tutored	VtiA
tutorially	v
tutorials	p
tutoring	NVtiA
tutors	pVti
tutoyered	tA
tutoyering	NtA
tutoyers	t
tuts	pV
tutsans	p
tutted	VA
tutties	p
tutting	NVA
tuxedos	p
twaddled	VA
twaddlers	p
twaddles	pV
twaddling	NVA
twains	p
twanged	ViA
twanging	NViA
twangled	tiA
twangles	pti
twangling	NtiA
twanglings	i
twangs	pVi
twats	p
twattles	p
twattlings	t
twayblades	p
tweaked	tA
tweaking	NtA
tweaks	pt
tweedily	v
tweedinesses	p
tweeds	p
tweely	v
tweer	A
tweest	A
tweeted	iA
tweeters	p
tweeting	NiA
tweets	i
tweezed	VA
tweezes	V
tweezing	NVA
twelfthly	v
twelfths	p
twelvemonths	p
twelvemos	p
twelves	p
twenties	p
twentieths	p
twerps	p
twibills	p
twicers	p
twiddled	ViA
twiddlers	p
twiddles	pVi
twiddling	NViA
twiddlings	V
twiers	p
twigged	VtA
twigging	NVtA
twigs	pVt
twilights	p
twilled	tA
twilling	NtA
twills	pt
twined	tiA
twiner	A
twiners	p
twines	pt
twinflowers	p
twinged	VtA
twinges	pVt
twinging	NVtA
twining	NtiA
twinked	tiA
twinking	NtiA
twinkled	VA
twinklers	p
twinkles	pV
twinkling	NVA
twinklings	p
twinks	pti
twinning	NtiA
twinnings	ti
twins	pti
twirled	VtiA
twirlers	p
twirling	NVtiA
twirls	pVti
twistabilities	p
twisted	VtiA
twisters	p
twisting	NVtiA
twists	pVti
twitched	VtiA
twitches	pVti
twitching	NVtiA
twites	p
twits	pV
twitted	VA
twittered	tiA
twitterers	p
twittering	NtiA
twitters	pti
twitting	NVA
twofers	p
twopences	p
twos	p
twosomes	p
tycoons	p
tyes	p
tygs	p
tying	NVtA
tykes	p
tylers	p
tylopods	p
tymbals	p
tympanies	p
tympanists	p
tympanitises	p
tympans	p
tympanums	p
typebars	p
typecases	p
typecasting	NVA
typecasts	V
typed	VtA
typefaces	p
types	pVt
typescripts	p
typesets	V
typesetters	p
typesetting	NVA
typesettings	p
typewriters	p
typewrites	V
typewriting	NVA
typewritings	p
typhlitises	p
typhlologies	p
typhoids	p
typhons	p
typhoons	p
typhuses	p
typicalities	p
typicalnesses	p
typifications	p
typified	VA
typifiers	p
typifies	V
typifying	NVA
typing	NVtA
typings	V
typists	p
typographers	p
typographies	p
typologies	p
typologists	p
tyramines	p
tyrannicalnesses	p
tyrannicides	p
tyrannised	tiA
tyrannisers	p
tyrannises	ti
tyrannising	NtiA
tyrannized	VA
tyrannizers	p
tyrannizes	V
tyrannizing	NVA
tyrannosaurs	p
tyrants	p
tyres	pt
tyrocidines	p
tyrosinases	p
tyrosines	p
tyrothricins	p
tzaddiks	p
tzarevnas	p
tzaritzas	p
tzimmeses	p
ubieties	p
ubiquitarians	p
ubiquitously	v
udals	p
udders	p
udometers	p
ufologies	p
uglier	A
ugliest	A
uglified	VA
uglifies	V
uglifying	NVA
uglinesses	p
uglis	p
ugsomenesses	p
uhlans	p
uhurus	p
uintatheres	p
uitlanders	p
ukases	p
ukes	p
ukuleles	p
ulans	p
ulcerated	VA
ulcerates	V
ulcerating	NVA
ulcerations	p
ulcers	p
ulemas	p
ulexites	p
ullaged	tA
ullages	pt
ullaging	NtA
ulsters	p
ultimas	p
ultimatenesses	p
ultimates	p
ultimogenitures	p
ultracentrifuged	tA
ultracentrifuges	pt
ultracentrifuging	NtA
ultraconservatives	p
ultrafiches	p
ultrafilters	p
ultrafiltrates	p
ultrafiltrations	p
ultraisms	p
ultraists	p
ultramarines	p
ultramicrometers	p
ultramicroscopes	p
ultramicroscopically	v
ultramicroscopies	p
ultramontanes	p
ultramontanisms	p
ultramontanists	p
ultranationalisms	p
ultras	p
ultrasounds	p
ultrastructurally	v
ultrastructures	p
ultraviolets	p
ululated	iA
ululates	i
ululating	NiA
ululations	p
ulus	p
umbellately	v
umbellets	p
umbellules	p
umbels	p
umbers	p
umbilicals	p
umbilications	p
umbrageousnesses	p
umbrages	p
umbras	p
umbrellas	p
umbrettes	p
umiaks	p
umlauts	p
umped	tiA
umping	NtiA
umpired	VA
umpires	pV
umpiring	NVA
umps	pti
unabridgeds	p
unacceptabilities	p
unaccountabilities	p
unaccountablenesses	p
unaccusably	v
unaccustomed	tA
unaccustomedly	v
unaccustomednesses	p
unadvisably	v
unadvisednesses	p
unaffectedly	v
unalienably	v
unalloyedly	v
unalterablenesses	p
unanimities	p
unanimousnesses	p
unanswerablenesses	p
unanticipatedly	v
unapproachabilities	p
unapproachably	v
unaptnesses	p
unarmed	VA
unarming	NVA
unarms	V
unashamedly	v
unassailablenesses	p
unassertivenesses	p
unassumingnesses	p
unattainabilities	p
unattainablenesses	p
unattractivenesses	p
unaus	p
unavailabilities	p
unavoidabilities	p
unavoidablenesses	p
unawarenesses	p
unbaited	tA
unbalanced	tA
unbalances	pt
unbalancing	NtA
unbaled	tA
unbales	t
unbaling	NtA
unbandaged	tA
unbandages	t
unbandaging	NtA
unbared	VA
unbaring	NVA
unbarred	VA
unbarricaded	tA
unbarricades	t
unbarricading	NtA
unbarring	NVA
unbars	V
unbearablenesses	p
unbearded	tA
unbeatably	v
unbecomingly	v
unbeliefs	p
unbelievably	v
unbelievers	p
unbelievingnesses	p
unbelted	tA
unbelting	NtA
unbelts	t
unbended	VtA
unbending	NVtA
unbends	Vt
unbeseemingly	v
unbinding	NVA
unbindings	t
unbinds	V
unbirthdays	p
unbitted	tA
unbitting	NtA
unblessednesses	p
unblocked	tA
unblocking	NtA
unblocks	t
unblushingnesses	p
unbolted	tA
unbolting	NtA
unbolts	t
unbonneted	VA
unbonneting	NVA
unbonnets	V
unbosomed	tA
unbosoming	NtA
unbosoms	t
unbottled	tA
unbottles	t
unbottling	NtA
unbottomed	tA
unbounded	VA
unboundednesses	p
unboxed	tA
unboxes	t
unboxing	NtA
unbraced	tA
unbraces	t
unbracing	NtA
unbraided	tA
unbraiding	NtA
unbraids	t
unbreakablenesses	p
unbridled	tA
unbridledly	v
unbridles	t
unbridling	NtA
unbrokennesses	p
unbuckled	tA
unbuckles	t
unbuckling	NtA
unbudded	tA
unbudgingly	v
unbuilding	NtA
unbuilds	t
unburdened	tA
unburdening	NtA
unburdens	t
unbuttoned	VA
unbuttoning	NVA
unbuttons	V
uncaked	tA
uncakes	t
uncaking	NtA
uncannier	A
uncanniest	A
uncanninesses	p
uncanonised	tA
uncanonises	t
uncanonising	NtA
uncanonized	tA
uncanonizes	t
uncanonizing	NtA
uncapped	VA
uncapping	NVA
uncaps	V
uncasked	tA
unceasingnesses	p
unceremoniousnesses	p
uncertainly	v
unchained	tA
unchaining	NtA
unchains	t
unchaired	tA
unchairing	NtA
unchairs	t
unchangeabilities	p
unchangingnesses	p
uncharitablenesses	p
unchastenesses	p
unchaster	A
unchastest	A
unchastities	p
unchristianly	v
unchurched	tA
unchurches	t
unchurching	NtA
uncials	p
unciforms	p
uncircumcisions	p
uncivilized	tA
uncivilizedly	v
uncivilnesses	p
unclarities	p
unclasped	tA
unclasping	NtA
unclasps	t
uncleaner	A
uncleanest	A
uncleanlier	A
uncleanliest	A
uncleanlinesses	p
uncleannesses	p
unclearer	A
unclearest	A
unclenched	tiA
unclenches	ti
unclenching	NtiA
uncles	p
unclinched	tiA
unclinches	ti
unclinching	NtiA
unclipped	tA
unclipping	NtA
unclips	t
uncloaked	tiA
uncloaking	NtiA
uncloaks	ti
unclogged	VA
unclogging	NVA
unclogs	V
unclosed	VA
uncloses	V
unclosing	NVA
unclothed	VA
unclothes	V
unclothing	NVA
uncloudedly	v
uncluttered	tA
uncluttering	NtA
unclutters	t
uncoated	tA
uncoating	NtA
uncoffined	tA
uncoffining	NtA
uncoffins	t
uncoiled	VA
uncoiling	NVA
uncoils	V
uncomfortablenesses	p
uncommoner	A
uncommonest	A
uncommonnesses	p
uncommunicativenesses	p
uncompetitivenesses	p
uncompromisingnesses	p
unconcerns	p
unconditionalities	p
unconditionally	v
unconditioned	tA
unconditionednesses	p
unconfinedly	v
unconfirmed	tA
unconformabilities	p
unconfounded	tA
uncongealed	iA
uncongealing	NiA
uncongeals	i
uncongenialities	p
unconnectedly	v
unconscionablenesses	p
unconsciouses	p
unconsciousnesses	p
unconstitutionally	v
unconstrainedly	v
uncontrolledly	v
uncooperativenesses	p
uncorked	tA
uncorking	NtA
uncorks	t
uncorrected	tA
uncoupled	VtA
uncouples	Vt
uncoupling	NVtA
uncouthnesses	p
uncovered	tA
uncovering	NtA
uncovers	t
uncredited	tA
uncrossed	tA
uncrosses	t
uncrossing	NtA
uncrowned	tA
uncrowning	NtA
uncrowns	t
unctions	p
unctuosities	p
unctuousnesses	p
uncurbed	tA
uncurbing	NtA
uncurbs	t
uncurled	VA
uncurling	NVA
uncurls	V
undammed	tA
undamming	NtA
undams	t
undauntednesses	p
undebatably	v
undeceivably	v
undeceived	tA
undeceivers	p
undeceives	t
undeceiving	NtA
undecidedly	v
undemonstrativenesses	p
undeniablenesses	p
underachieved	iA
underachievements	p
underachievers	p
underachieves	i
underachieving	NiA
underacted	VA
underacting	NVA
underactors	p
underacts	V
underagents	p
underbaked	tA
underbakes	t
underbaking	NtA
underbellies	p
underbidders	p
underbidding	NVA
underbids	V
underboughs	p
underbridges	pt
underbrushes	p
underbudded	VA
underbudding	NVA
underbuds	pV
underbuilders	p
underbuilding	NVA
underbuilds	V
underbuying	NVtA
underbuys	Vt
undercapitalized	VA
undercapitalizes	V
undercapitalizing	NVA
undercarriages	p
undercasts	p
undercharged	VtA
undercharges	pVt
undercharging	NVtA
underclays	p
underclothings	p
undercoated	tA
undercoating	NtA
undercoatings	p
undercoats	pt
undercooked	tA
undercooking	NtA
undercooks	pt
undercooled	VA
undercooling	NVA
undercools	V
undercrofts	p
undercurrents	p
undercuts	pV
undercutting	NVA
underdeveloped	tA
underdeveloping	NtA
underdevelopments	p
underdevelops	t
underdogs	p
underdoing	NtiA
underdrained	VA
underdraining	NVA
underdrains	pV
underdrawing	NtA
underdrawings	t
underdraws	t
underdressed	iA
underdresses	pi
underdressing	NiA
undereating	NiA
undereats	i
underemployments	p
underestimated	VtA
underestimates	pVt
underestimating	NVtA
underexercised	iA
underexercises	i
underexercising	NiA
underexposed	tA
underexposes	t
underexposing	NtA
underexposures	p
underfeeding	NVA
underfeeds	pV
underfinanced	tA
underflows	p
underfurs	p
undergarments	p
undergirded	VA
undergirding	NVA
undergirds	V
underglazes	p
undergods	p
undergoing	NVA
undergrads	p
undergraduates	p
undergraduettes	p
undergrounder	A
undergrounds	p
undergrowths	p
underhandednesses	p
underjaws	p
underkingdoms	p
underkings	p
underlapped	tA
underlapping	NtA
underlaps	t
underlayers	p
underlaying	NVA
underlayments	pt
underlays	pV
underlets	V
underletting	NVA
underlies	V
underlined	VtA
underlinens	p
underlines	pVt
underlings	p
underlining	NVtA
underlinings	V
underlips	p
underlying	NVA
underlyingly	v
undermanned	tA
undermanning	NtA
undermans	t
undermined	tA
underminers	p
undermines	t
undermining	NtA
underminings	t
underneaths	p
undernotes	p
undernourished	tA
undernourishes	t
undernourishing	NtA
undernourishments	p
undernutritions	p
underpaintings	p
underparts	p
underpasses	p
underpaying	NVA
underpayments	p
underpays	V
underpinned	VA
underpinning	NVA
underpins	V
underplayed	ViA
underplaying	NViA
underplays	Vi
underplots	p
underpopulated	tA
underpriced	tA
underprices	t
underpricing	NtA
underprized	tA
underprizes	t
underprizing	NtA
underproduced	iA
underproduces	i
underproducing	NiA
underproductions	p
underpropped	VA
underproppers	p
underpropping	NVA
underprops	V
underquoted	VtA
underquotes	Vt
underquoting	NVtA
underrated	tA
underrates	t
underrating	NtA
underrepresentations	p
underrepresented	tA
underrepresenting	NtA
underrepresents	t
underrunning	NtA
underruns	pt
underscored	VtA
underscores	pVt
underscoring	NVtA
undersealed	tA
undersealing	NtA
underseals	pt
undersellers	p
underselling	NVtA
undersells	Vt
undersets	p
undersheriffs	p
undershirts	p
undershooting	NVA
undershoots	V
undershrubs	p
undersides	p
underskies	p
underskirts	p
undersleeves	p
undersoils	p
underspending	NVA
underspends	V
underspins	p
understaffs	p
understandabilities	p
understanded	VtA
understanding	NVtA
understandings	p
understands	Vt
understated	VA
understatements	p
understates	V
understating	NVA
understeered	tA
understeering	NtA
understeers	t
understocks	pt
understrappers	p
understrapping	NtA
understudied	tA
understudies	pt
understudying	NtA
undersupplied	tA
undersupplies	pt
undersupplying	NtA
undersurfaces	pi
undertakers	p
undertakes	Vti
undertaking	NVtiA
undertakings	p
undertenancies	p
undertenants	p
underthrusts	p
undertints	p
undertones	p
undertows	p
undertrained	tA
undertricks	p
undertrumped	iA
undertrumping	NiA
undertrumps	i
underutilizations	p
undervalued	VA
undervalues	V
undervaluing	NVA
undervests	p
underviewers	p
undervoices	p
underwings	p
underwoods	p
underworked	tA
underworkers	p
underworking	NtA
underworks	t
underworlds	p
underwriters	p
underwrites	V
underwriting	NVA
undesirablenesses	p
undines	p
undiscernedly	v
undiscernibly	v
undiscoverably	v
undisguisedly	v
undistinguishably	v
undisturbedly	v
undivestedly	v
undividedly	v
undoers	p
undoing	NVA
undoings	p
undoubled	tA
undoubles	t
undoubling	NtA
undoubtingly	v
undraped	tA
undrapes	t
undraping	NtA
undrawing	NtiA
undraws	ti
undressed	VtA
undresses	pVt
undressing	NVtA
undressings	V
undulated	VA
undulately	v
undulates	V
undulating	NVA
undulations	p
unearthed	tA
unearthing	NtA
unearths	t
uneases	p
uneasier	A
uneasiest	A
uneasinesses	p
unedged	tA
unedges	t
unedging	NtA
unemployabilities	p
unemployments	p
unessentials	p
unevener	A
unevenest	A
unevennesses	p
uneventfulnesses	p
unexceptionablenesses	p
unexpectednesses	p
unexpressivenesses	p
unextinguishably	v
unfadingly	v
unfailingnesses	p
unfairer	A
unfairest	A
unfairly	v
unfaithfulnesses	p
unfamiliarities	p
unfamiliarly	v
unfastened	VA
unfastening	NVA
unfastens	V
unfathomably	v
unfavorablenesses	p
unfavourablenesses	p
unfeelingnesses	p
unfenced	tA
unfences	t
unfencing	NtA
unfettered	tA
unfettering	NtA
unfetters	t
unfeudalised	tA
unfeudalises	t
unfeudalising	NtA
unfeudalized	tA
unfeudalizes	t
unfeudalizing	NtA
unfiled	tA
unfitnesses	p
unfits	t
unfitted	tA
unfitting	NtA
unfixed	tA
unfixes	t
unfixing	NtA
unflappably	v
unfloored	tA
unfolded	VA
unfolders	p
unfolding	NVA
unfoldments	p
unfolds	V
unforgettably	v
unforked	tA
unfortunatenesses	p
unfortunates	p
unfoundednesses	p
unfreed	tA
unfreeing	NtA
unfrees	t
unfreezes	Vt
unfreezing	NVtA
unfriendlily	v
unfriendlinesses	p
unfrocked	tA
unfrocking	NtA
unfrocks	t
unfruitfully	v
unfurled	VA
unfurling	NVA
unfurls	V
ungagged	tA
ungagging	NtA
ungags	t
ungainlier	A
ungainliest	A
ungainlinesses	p
ungartered	tA
ungenerosities	p
ungenteelly	v
ungirded	tA
ungirding	NtA
ungirds	t
unglued	tA
unglues	t
ungluing	NtA
ungodlinesses	p
ungovernablenesses	p
ungracefully	v
ungraciousnesses	p
ungratefulnesses	p
ungroundedly	v
unguardednesses	p
unguents	p
unguiculates	p
ungulates	p
unhaired	VA
unhairing	NVA
unhairs	V
unhallowed	tA
unhallowing	NtA
unhallows	t
unhanded	tA
unhanding	NtA
unhands	t
unhandsomenesses	p
unhappiest	A
unhappily	v
unhappinesses	p
unhardened	tA
unharnessed	tA
unharnesses	t
unharnessing	NtA
unhasped	tA
unhasping	NtA
unhasps	t
unhealthinesses	p
unhedged	tA
unhelmed	VA
unhelming	NVA
unhelms	V
unhinged	tA
unhingements	p
unhinges	t
unhinging	NtA
unhitched	tA
unhitches	t
unhitching	NtA
unholier	A
unholiest	A
unholily	v
unholinesses	p
unhooded	tA
unhooding	NtA
unhoods	t
unhooked	tiA
unhooking	NtiA
unhooks	ti
unhorsed	tA
unhorses	t
unhorsing	NtA
unhoused	tA
unhouses	t
unhousing	NtA
unhumanised	tA
unhumanises	t
unhumanising	NtA
unhumanized	tA
unhumanizes	t
unhumanizing	NtA
unhusked	tA
unhusking	NtA
unhusks	t
unicamerally	v
unicellularities	p
unicorns	p
unicycles	p
unicyclists	p
unidirectionally	v
unifaces	p
unifications	p
unified	VA
unifiers	p
unifies	V
uniformed	tA
uniformer	A
uniformest	A
uniforming	NtA
uniformitarianisms	p
uniformitarians	p
uniformities	p
uniformnesses	p
uniforms	pt
unifying	NVA
unilateralisms	p
unimpededly	v
uninformatively	v
uninhabitabilities	p
uninsulated	tA
uninsurabilities	p
unintelligently	v
unintelligibilities	p
unintelligiblenesses	p
uninterestednesses	p
unintermittedly	v
unintermittingly	v
unionisations	p
unionised	tiA
unionises	ti
unionising	NtiA
unionisms	p
unionists	p
unionized	VtA
unionizes	Vt
unionizing	NVtA
unions	p
unipods	p
uniquely	v
uniquer	A
uniques	p
uniquest	A
unis	p
unisexualities	p
unisons	p
unitarianisms	p
unitarians	p
unitarily	v
united	VtA
uniters	p
unites	pVt
uniting	NVtA
unitings	V
unitively	v
units	p
univalences	p
univalves	p
universalisations	p
universalised	tA
universalises	t
universalising	NtA
universalisms	p
universalists	p
universalities	p
universalizations	p
universalized	tA
universalizes	t
universalizing	NtA
universals	p
universes	p
universitarians	p
univocally	v
univocals	p
unjammed	tA
unjamming	NtA
unjams	t
unjoined	VA
unjustnesses	p
unkemptnesses	p
unkenneled	tiA
unkenneling	NtiA
unkennelled	tiA
unkennelling	NtiA
unkennels	ti
unkinder	A
unkindest	A
unkindlinesses	p
unkindly	v
unkinked	VA
unkinking	NVA
unkinks	V
unknits	Vt
unknitted	VtA
unknitting	NVtA
unknots	t
unknotted	tA
unknotting	NtA
unknowably	v
unknowns	p
unlaced	tA
unlaces	t
unlacing	NtA
unladed	VA
unlades	V
unlading	NVA
unlashed	tA
unlashes	t
unlashing	NtA
unlatched	VA
unlatches	V
unlatching	NVA
unlawfulnesses	p
unlaying	NVA
unlays	V
unleaded	tA
unleading	NtA
unleads	t
unlearned	VA
unlearning	NVA
unlearns	V
unleashed	tA
unleashes	t
unleashing	NtA
unlikelier	A
unlikeliest	A
unlikelihoods	p
unlikely	v
unlikenesses	p
unlimbered	tA
unlimbering	NtA
unlimbers	t
unlimitednesses	p
unlinked	tiA
unlinking	NtiA
unlinks	ti
unlived	tA
unlives	t
unliving	NtA
unloaded	VtA
unloaders	p
unloading	NVtA
unloads	Vt
unlocalised	tA
unlocalized	tA
unlocked	tiA
unlocking	NtiA
unlocks	ti
unloosed	tA
unlooses	t
unloosing	NtA
unlovelier	A
unloveliest	A
unlovelinesses	p
unlovingly	v
unluckinesses	p
unmakers	p
unmakes	V
unmaking	NVA
unmanlier	A
unmanliest	A
unmanlinesses	p
unmanned	VA
unmanneredly	v
unmannerlinesses	p
unmanning	NVA
unmans	V
unmasked	VtA
unmasking	NVtA
unmasks	Vt
unmated	tA
unmeetly	v
unmelodiousnesses	p
unmemorably	v
unmentionably	v
unmercifulnesses	p
unmeshed	tA
unmeshes	t
unmeshing	NtA
unmewed	tA
unmewing	NtA
unmews	t
unmindfully	v
unmitered	tA
unmitering	NtA
unmiters	t
unmitigably	v
unmitred	tA
unmitres	t
unmitring	NtA
unmixed	tA
unmixes	t
unmixing	NtA
unmoistened	tA
unmolded	tA
unmolding	NtA
unmolds	t
unmoored	VtA
unmooring	NVtA
unmoors	Vt
unmoralities	p
unmortgaged	tA
unmortised	tA
unmoulded	tA
unmoulding	NtA
unmoulds	t
unmovably	v
unmoveably	v
unmovedly	v
unmuffled	tiA
unmuffles	ti
unmuffling	NtiA
unmusicalnesses	p
unmuzzled	tA
unmuzzles	t
unmuzzling	NtA
unnaturalised	tA
unnaturalises	t
unnaturalising	NtA
unnaturalized	tA
unnaturalizes	t
unnaturalizing	NtA
unnaturalnesses	p
unnerved	tA
unnerves	t
unnerving	NtA
unobjectionably	v
unobservedly	v
unobtrusivenesses	p
unpacked	VtA
unpackers	p
unpacking	NVtA
unpacks	Vt
unpegged	VA
unpegging	NVA
unpegs	V
unpenned	tA
unpenning	NtA
unpens	t
unpeopled	tA
unpeoples	t
unpeopling	NtA
unperceivedly	v
unperfectly	v
unpersons	p
unpicked	tA
unpicking	NtA
unpicks	t
unpiled	tiA
unpiles	ti
unpiling	NtiA
unpinned	VA
unpinning	NVA
unpins	V
unpityingly	v
unplaited	tA
unplaiting	NtA
unplaits	t
unplanned	tA
unplastered	tA
unpleasantly	v
unpleasantnesses	p
unpleasingly	v
unpleasurably	v
unplugged	VA
unplugging	NVA
unplugs	V
unpopularities	p
unpotted	tA
unprecedentedly	v
unpredictabilities	p
unpremeditatedly	v
unpreparednesses	p
unpretentiousnesses	p
unprisoned	tA
unprisoning	NtA
unprisons	t
unproductivenesses	p
unprofitabilities	p
unprofitablenesses	p
unpromisingly	v
unprovidedly	v
unprovokedly	v
unpunctualities	p
unpunishably	v
unpuzzled	tA
unpuzzles	t
unpuzzling	NtA
unqualifiednesses	p
unquenchably	v
unquestionablenesses	p
unquestioningly	v
unquieter	A
unquietest	A
unquietly	v
unquiets	p
unquoted	VA
unquotes	V
unquoting	NVA
unracked	tA
unraveled	VtiA
unravelers	p
unraveling	NVtiA
unravelled	VtiA
unravellers	p
unravelling	NVtiA
unravellings	V
unravelments	p
unravels	Vti
unreachably	v
unreadably	v
unreadier	A
unreadiest	A
unreadily	v
unreadinesses	p
unrealised	VA
unrealises	V
unrealising	NVA
unrealized	VA
unrealizes	V
unrealizing	NVA
unreasonablenesses	p
unreasoned	tA
unreasoning	NtA
unreasoningly	v
unreasons	pt
unreckoned	tA
unreclaimably	v
unrecoverably	v
unreeled	tiA
unreelers	p
unreeling	NtiA
unreels	ti
unreeves	V
unreeving	NVA
unregenerately	v
unreliabilities	p
unreliablenesses	p
unrelievedly	v
unremarkably	v
unremittedly	v
unremittingnesses	p
unrepairs	p
unrepiningly	v
unrepresentativenesses	p
unrequitedly	v
unreservednesses	p
unreserves	p
unresistingly	v
unresponsivenesses	p
unrestingly	v
unrestraints	p
unrests	p
unreturningly	v
unrewardedly	v
unrhymed	tA
unriddled	tA
unriddlers	p
unriddles	t
unriddling	NtA
unrigged	VA
unrigging	NVA
unrigs	V
unripenesses	p
unriper	A
unripest	A
unripped	VA
unripping	NVA
unrips	V
unrobed	tiA
unrobes	ti
unrobing	NtiA
unrolled	VA
unrolling	NVA
unrolls	V
unroofed	tA
unroofing	NtA
unroofs	t
unrooted	tA
unrooting	NtA
unroots	t
unrounded	tA
unrounding	NtA
unrounds	t
unruffled	tiA
unruffles	ti
unruffling	NtiA
unrulier	A
unruliest	A
unrulinesses	p
unrusted	tA
unsaddled	VtA
unsaddles	Vt
unsaddling	NVtA
unsafer	A
unsafest	A
unsafeties	p
unsatisfactorinesses	p
unsaturates	p
unsaturations	p
unsavorinesses	p
unsavourinesses	p
unsaying	NVA
unsays	V
unscabbarded	tA
unscabbarding	NtA
unscabbards	t
unscrambled	tA
unscramblers	p
unscrambles	t
unscrambling	NtA
unscrewed	tiA
unscrewing	NtiA
unscrews	ti
unsealed	tA
unsealing	NtA
unseals	t
unseamed	tA
unseaming	NtA
unseams	t
unseated	tA
unseating	NtA
unseats	t
unseemlier	A
unseemliest	A
unseens	p
unselectively	v
unselfconsciousnesses	p
unselfishnesses	p
unselling	NtA
unsells	t
unsensitised	tA
unsensitized	tA
unsepulchered	tA
unsepulchred	tA
unseriousnesses	p
unsettled	VtA
unsettledly	v
unsettlednesses	p
unsettlements	p
unsettles	Vt
unsettling	NVtA
unsexed	tA
unsexes	t
unsexing	NtA
unshackled	tA
unshackles	t
unshackling	NtA
unshaded	tA
unshakably	v
unshakeably	v
unshakenly	v
unsheathed	tA
unsheathes	t
unsheathing	NtA
unshipped	VtA
unshipping	NVtA
unships	Vt
unshrouded	tA
unshrouding	NtA
unshrouds	t
unshutter	A
unsightlier	A
unsightliest	A
unsightlinesses	p
unsightly	v
unskillfulnesses	p
unslinging	NVA
unslings	V
unsnapped	VA
unsnapping	NVA
unsnaps	V
unsnarled	tA
unsnarling	NtA
unsnarls	t
unsociably	v
unsophisticatednesses	p
unsophistications	p
unsorted	tA
unsounder	A
unsoundest	A
unsoundnesses	p
unsparingly	v
unspeakablenesses	p
unspeaking	NVA
unspeaks	V
unsphered	tA
unspheres	t
unsphering	NtA
unstablenesses	p
unstabler	A
unstablest	A
unstated	tA
unstates	t
unstating	NtA
unsteadied	VA
unsteadier	A
unsteadies	V
unsteadiest	A
unsteadily	v
unsteadying	NVA
unsteeled	tA
unsteeling	NtA
unsteels	t
unstepped	VA
unstepping	NVA
unsteps	V
unsticking	NVA
unsticks	V
unstopped	VA
unstoppered	tA
unstoppering	NtA
unstoppers	t
unstopping	NVA
unstops	V
unstresses	p
unstringed	VA
unstringing	NVA
unstrings	V
unsubstantialities	p
unsuccesses	p
unsuccessfulnesses	p
unsuitably	v
unsurpassably	v
unswathed	tA
unswathes	t
unswathing	NtA
unswearing	NVA
unswears	V
untacked	tA
untacking	NtA
untacks	t
untaintedly	v
untamably	v
untameably	v
untangled	tA
untangles	t
untangling	NtA
unteaches	V
unteaching	NVA
untenabilities	p
untenablenesses	p
untenably	v
unthankfulnesses	p
unthatched	tA
unthatches	pt
unthatching	NtA
unthickened	tA
unthinkabilities	p
unthinkablenesses	p
unthinking	NVA
unthinkingnesses	p
unthinks	V
unthreaded	tA
unthreading	NtA
unthreads	t
unthroned	tA
unthrones	t
unthroning	NtA
untidied	tA
untidies	t
untidinesses	p
untidying	NtA
untied	VtA
unties	Vt
untilted	tA
untimelier	A
untimeliest	A
untimelinesses	p
untimeously	v
untouchables	p
untowardly	v
untowardnesses	p
untraditionally	v
untranslatably	v
untreading	NVA
untreads	V
untroubledly	v
untruer	A
untruest	A
untrussed	tA
untrusses	t
untrussing	NtA
untruthfulnesses	p
untruths	p
untucked	VA
untucking	NVA
untucks	V
untuned	tA
untunes	t
untuning	NtA
untwined	tiA
untwines	ti
untwining	NtiA
untying	NVtA
unusualnesses	p
unveiled	tA
unveiling	NtA
unveilings	p
unveils	t
unvoiced	tA
unvoices	t
unvoicing	NtA
unvulgarised	tA
unvulgarises	t
unvulgarising	NtA
unvulgarized	tA
unvulgarizes	t
unvulgarizing	NtA
unwalled	tA
unwarier	A
unwariest	A
unwarily	v
unwasheds	p
unwearyingly	v
unweaved	tA
unweaves	t
unweaving	NtA
unwelcomely	v
unwholesomenesses	p
unwieldier	A
unwieldiest	A
unwieldinesses	p
unwigged	tA
unwinders	p
unwinding	NVtA
unwinds	Vt
unwinkingly	v
unwisdoms	p
unwiser	A
unwisest	A
unwished	tA
unwishes	t
unwishing	NtA
unwits	p
unwittily	v
unwontednesses	p
unworkably	v
unworldlinesses	p
unworthier	A
unworthiest	A
unworthily	v
unwounded	VA
unwrapped	VA
unwrapping	NVA
unwraps	V
unwreathed	tA
unwreathes	t
unwreathing	NtA
unwrinkled	tA
unwrinkles	t
unwrinkling	NtA
unyieldingnesses	p
unyoked	VtiA
unyokes	Vti
unyoking	NVtiA
unzipped	VA
unzipping	NVA
unzips	V
unzoned	tA
upases	p
upbearers	p
upbearing	NtA
upbears	t
upbeats	p
upbraided	tA
upbraiding	NtA
upbraids	t
upbringings	p
upbuilders	p
upbuilding	NVA
upbuilds	V
upcasted	VA
upcasting	NVA
upcasts	pV
upcountries	p
updated	VtA
updaters	p
updates	pVt
updating	NVtA
updos	i
updrafts	p
upended	VtA
upending	NVtA
upends	Vt
upfolded	tA
upfolding	NtA
upfolds	t
upgathered	tA
upgathering	NtA
upgathers	t
upgraded	VtA
upgrader	A
upgraders	p
upgrades	pVt
upgrading	NVtA
upgrowths	p
upheavals	p
upheaved	VtA
upheavers	p
upheaves	Vt
upheaving	NVtA
uphills	p
upholders	p
upholding	NVA
upholdings	t
upholds	V
upholstered	tA
upholsterers	p
upholstering	NtA
upholsters	t
uphroes	p
upkeeps	p
uplander	A
uplanders	p
uplands	p
uplifted	VtA
uplifters	p
uplifting	NVtA
uplifts	pVt
uppercuts	pV
uppercutting	NVA
uppers	p
uppishly	v
upraised	tA
upraisers	p
upraises	t
upraising	NtA
upreared	tA
uprearing	NtA
uprears	t
uprighted	tA
uprighting	NtA
uprightly	v
uprights	pt
uprises	pVt
uprising	NVtA
uprisings	p
uprivers	p
uproariousnesses	p
uproars	p
uprooted	tA
uprootednesses	p
uprooters	p
uprooting	NtA
uproots	t
uproused	tA
uprouses	t
uprousing	NtA
uprushes	p
ups	pV
upsets	pV
upsetter	A
upsetting	NVA
upsettings	p
upshots	p
upsides	p
upsilons	p
upspringing	NiA
upsprings	pi
upstaged	tA
upstager	A
upstages	pt
upstaging	NtA
upstandingnesses	p
upstarted	ViA
upstarting	NViA
upstarts	pVi
upstater	A
upstates	p
upstrokes	p
upsurged	ViA
upsurges	pVi
upsurging	NViA
upsweeping	NVA
upsweeps	pV
upswelled	VA
upswelling	NVA
upswells	V
upswinging	NViA
upswings	pVi
uptakes	p
uptearing	NtA
uptears	t
upthrows	p
upthrusts	p
uptilted	tA
uptilting	NtA
uptilts	t
uptowner	A
uptowners	p
uptowns	p
uptrends	p
upturned	VtA
upturning	NVtA
upturns	pVt
upwardnesses	p
uracils	p
uraemias	p
uralites	p
uranides	p
uraninites	p
uranisms	p
uranites	p
uraniums	p
uranographers	p
uranographies	p
uranographists	p
uranyls	p
uraris	p
urates	p
urbanenesses	p
urbaner	A
urbanest	A
urbanisations	p
urbanised	tA
urbanises	t
urbanising	NtA
urbanisms	p
urbanists	p
urbanites	p
urbanities	p
urbanizations	p
urbanized	tA
urbanizes	t
urbanizing	NtA
urchins	p
urds	p
ureas	p
ureases	p
uredos	p
uredosoruses	p
uredospores	p
ureides	p
uremias	p
urenas	p
ureters	p
urethanes	p
urethans	p
urethritises	p
urethroscopes	p
urethroscopies	p
urged	tA
urgently	v
urgers	p
urges	pt
urging	NtA
urgings	V
urials	p
uridines	p
urinals	p
urinaries	p
urinated	iA
urinates	i
urinating	NiA
urinations	p
urines	p
urnfields	p
urnings	p
urns	p
urochords	p
urochromes	p
urodeles	p
uroliths	p
urologies	p
uropods	p
uropygiums	p
uroscopies	p
urostyles	p
urs	p
urticarias	p
urticated	VA
urticates	V
urticating	NVA
urtications	p
uruses	p
urushiols	p
us	p
usably	v
usages	p
usances	p
used	VtA
usefulnesses	p
uselessnesses	p
users	p
uses	pVt
ushered	tA
usherettes	p
ushering	NtA
ushers	pt
using	NVtA
usquebaughs	p
ustulations	p
usuals	p
usufructs	p
usurers	p
usuries	p
usuriousnesses	p
usurpations	p
usurped	VA
usurpers	p
usurping	NVA
usurps	V
utas	p
utensils	p
utes	p
utilidors	p
utilitarianisms	p
utilitarians	p
utilizations	p
utilized	tA
utilizers	p
utilizes	t
utilizing	NtA
utmosts	p
utopianisms	p
utricles	p
uts	p
utterances	p
uttered	VtA
utterers	p
uttering	NVtA
uttermosts	p
utternesses	p
utters	Vt
uvarovites	p
uveas	p
uveitises	p
uvulars	p
uvulitises	p
uxoricides	p
uxoriousnesses	p
vacancies	p
vacantnesses	p
vacated	VA
vacates	V
vacating	NVA
vacationed	iA
vacationing	NiA
vacationists	p
vacations	pi
vaccinated	VA
vaccinates	V
vaccinating	NVA
vaccinations	p
vaccinators	p
vaccines	p
vaccinias	p
vacherins	p
vacillated	iA
vacillates	i
vacillating	NiA
vacillations	p
vacillators	p
vacs	p
vacuoles	p
vacuousnesses	p
vacuumed	VA
vacuuming	NVA
vacuums	V
vagabondages	p
vagabonds	p
vagally	v
vaginally	v
vaginectomies	p
vaginismuses	p
vagotomies	p
vagotonias	p
vagrantly	v
vagrants	p
vaguenesses	p
vailed	VtA
vailing	NVtA
vails	pVt
vainer	A
vainest	A
vainglories	p
vaingloriousnesses	p
vairs	p
vaivodes	p
vakeels	p
valances	p
valedictions	p
valedictorians	p
valences	p
valencies	p
valentines	p
valerians	p
vales	p
valetas	p
valetings	V
valets	p
valetudinarianisms	p
valetudinarians	p
valiantnesses	p
validated	tA
validates	t
validating	NtA
validations	p
validities	p
validnesses	p
valines	p
valises	p
vallations	p
valonias	p
valorisations	p
valorised	tA
valorises	t
valorising	NtA
valorizations	p
valorized	tA
valorizes	t
valorizing	NtA
valorousnesses	p
valors	p
valours	p
valuablenesses	p
valuables	p
valuated	tA
valuates	t
valuating	NtA
valuations	p
valuators	p
valued	tA
valuelessnesses	p
valuers	p
values	pt
valuing	NtA
valutas	p
valvelets	p
valves	p
valvules	p
valvulitises	p
vambraces	p
vamoosed	iA
vamooses	i
vamoosing	NiA
vamosed	tiA
vamoses	ti
vamosing	NtiA
vamped	VtA
vamping	NVtA
vampires	p
vampirisms	p
vamps	pVt
vanadates	p
vanadinites	p
vanadiums	p
vanaspatis	p
vandalisms	p
vandalized	tA
vandalizes	t
vandalizing	NtA
vandals	p
vandas	p
vanes	p
vangs	p
vanguardists	p
vanguards	p
vanillas	p
vanillins	p
vanished	iA
vanishers	p
vanishes	pi
vanishing	NiA
vanishments	p
vanities	p
vannings	V
vanquished	tA
vanquishers	p
vanquishes	t
vanquishing	NtA
vanquishments	p
vans	p
vantages	p
vapidities	p
vapidnesses	p
vaporescences	p
vaporettos	p
vaporimeters	p
vaporingly	v
vaporings	p
vaporishnesses	p
vaporizations	p
vaporized	ViA
vaporizers	p
vaporizes	Vi
vaporizing	NViA
vaporosities	p
vaporousnesses	p
vapors	p
vapoured	ViA
vapouring	NViA
vapourings	p
vapourishnesses	p
vapours	pVi
varactors	p
varecs	p
variabilities	p
variablenesses	p
variables	p
variances	p
variants	p
variates	p
variations	p
varicellas	p
varicoceles	p
varicosities	p
varied	VtiA
variednesses	p
variegated	tA
variegates	t
variegating	NtA
variegations	p
variers	p
varies	Vti
variolas	p
variolated	tA
variolates	t
variolating	NtA
variolations	p
varioles	p
variolites	p
varioloids	p
variometers	p
variorums	p
variously	v
variscites	p
varistors	p
varitypists	p
varletries	p
varlets	p
varmints	p
varnas	p
varnished	tA
varnishers	p
varnishes	pt
varnishing	NtA
vars	p
varsities	p
varves	p
varying	NVtiA
vas	p
vascularities	p
vascularizations	p
vasculums	p
vasectomies	p
vasectomised	tA
vasectomising	NtA
vasectomized	tA
vasectomizes	t
vasectomizing	NtA
vases	p
vasoconstrictions	p
vasoconstrictors	p
vasodilatations	p
vasodilators	p
vasoinhibitors	p
vasopressins	p
vasopressors	p
vassalages	p
vassals	p
vaster	A
vastest	A
vastier	A
vastiest	A
vastities	p
vastitudes	p
vastnesses	p
vasts	p
vaticides	p
vaticinated	VA
vaticinates	V
vaticinating	NVA
vaticinations	p
vaticinators	p
vats	pt
vatted	tA
vatting	NtA
vaudevilles	p
vaudevillians	p
vaulted	VtiA
vaulters	p
vaulting	NVtiA
vaultingly	v
vaultings	p
vaults	pVti
vaunted	tiA
vaunters	p
vaunting	NtiA
vaunts	pti
vavasors	p
vavs	p
vawards	p
vealers	p
veals	p
vectors	p
vedalias	p
vedettes	p
veeps	pt
veer	A
veered	VtiA
veering	NVtiA
veers	pVti
vees	p
vegans	p
vegetables	p
vegetarianisms	p
vegetarians	p
vegetated	iA
vegetates	i
vegetating	NiA
vegetations	p
vegetatively	v
vehemences	p
vehicles	p
veiled	tA
veiling	NtA
veilings	p
veils	pt
veined	tA
veining	NtA
veinings	p
veinlets	p
veins	pt
veinstones	p
veinules	p
velariums	p
velarizations	p
velarized	tA
velarizes	t
velarizing	NtA
velds	p
veletas	p
veligers	p
velitations	p
velleities	p
vellicated	VA
vellicates	V
vellicating	NVA
vellications	p
vellums	p
velocipedes	p
velocities	p
velodromes	p
velours	p
velures	p
velveteens	p
velvetier	A
velvetiest	A
velvets	p
venalities	p
venatically	v
venations	p
vended	VtA
vendees	p
vendettas	p
vendettists	p
vendibilities	p
vendibles	p
vending	NVtA
venditions	p
vendors	p
vends	Vt
vendues	p
veneered	tA
veneerers	p
veneering	NtA
veneerings	p
veneers	pt
venepunctures	p
venerably	v
venerated	tA
venerates	t
venerating	NtA
venerations	p
venerators	p
venereally	v
venereologies	p
venereologists	p
venerers	p
veneries	p
venesections	p
vengeances	p
venged	tA
vengefulnesses	p
venges	t
venging	NtA
venialities	p
venialnesses	p
venins	p
venipunctures	p
venisons	p
venomousnesses	p
venoms	p
venosities	p
venousnesses	p
ventages	p
ventails	p
vented	VtA
venters	p
ventilated	tA
ventilates	t
ventilating	NtA
ventilations	p
ventilators	p
venting	NVtA
ventricles	p
ventricosities	p
ventriloquised	tiA
ventriloquises	ti
ventriloquising	NtiA
ventriloquisms	p
ventriloquists	p
ventriloquized	VA
ventriloquizes	V
ventriloquizing	NVA
vents	pVt
ventured	tiA
ventures	pti
venturesomenesses	p
venturing	NtiA
venturings	V
venturousnesses	p
venues	p
venules	p
veraciousnesses	p
verandas	p
veratridines	p
veratrines	p
verbalisations	p
verbalised	tiA
verbalisers	p
verbalises	ti
verbalising	NtiA
verbalisms	p
verbalists	p
verbalizations	p
verbalized	ViA
verbalizers	p
verbalizes	Vi
verbalizing	NViA
verbals	p
verbenas	p
verbiages	p
verbids	p
verbifications	p
verbified	VA
verbifies	V
verbifying	NVA
verbosely	v
verbosities	p
verbs	p
verdancies	p
verderers	p
verdicts	p
verdigrises	p
verdins	p
verditers	p
verdures	p
verdurousnesses	p
verged	iA
vergers	p
verges	pi
verging	NiA
veridicalities	p
verifiabilities	p
verifiablenesses	p
verifiably	v
verified	VA
verifiers	p
verifies	V
verifying	NVA
verisimilitudes	p
verismos	p
verisms	p
verists	p
veritablenesses	p
verjuiced	tA
verjuices	pt
verkramptes	p
verligtes	p
vermeils	p
vermicellis	p
vermicides	p
vermiculated	VtA
vermiculates	Vt
vermiculating	NVtA
vermiculations	p
vermiculites	p
vermifuges	p
vermilions	p
verminated	iA
verminates	i
verminating	NiA
verminations	p
verminously	v
vermises	p
vermouths	p
vernacularised	tA
vernacularises	t
vernacularising	NtA
vernacularisms	p
vernacularized	tA
vernacularizes	t
vernacularizing	NtA
vernaculars	p
vernalisations	p
vernalised	tA
vernalises	t
vernalising	NtA
vernalizations	p
vernalized	VA
vernalizes	V
vernalizing	NVA
vernations	p
vernicles	p
verniers	p
vernissages	p
veronicas	p
verrucas	p
versants	p
versatilenesses	p
versatilities	p
versed	VA
verses	pV
versets	p
versicles	p
versifications	p
versified	VA
versifiers	p
versifies	V
versifying	NVA
versines	p
versing	NVA
versions	p
versts	p
vertebrates	p
vertebrations	p
verticals	p
verticillasters	p
verticillately	v
verticillations	p
verticils	p
vertiginously	v
verts	p
vertus	p
vervains	p
verves	p
vervets	p
vesicants	p
vesicated	VA
vesicates	V
vesicating	NVA
vesications	p
vesicles	p
vesiculated	VA
vesiculates	V
vesiculating	NVA
vesiculations	p
vesperals	p
vespers	p
vespids	p
vessels	p
vestally	v
vestals	p
vestas	p
vested	tiA
vestiaries	p
vestibules	p
vestiges	p
vesting	NtiA
vestings	p
vestments	p
vests	pti
vestured	tA
vestures	pt
vesturing	NtA
vesuvianites	p
vesuvians	p
vetches	p
vetchlings	p
veterans	p
veterinarians	p
vetivers	p
vetoers	p
vets	p
vexations	p
vexatiousnesses	p
vexed	tA
vexednesses	p
vexers	p
vexes	t
vexillologies	p
vexing	NtA
viabilities	p
viably	v
viaducts	p
vials	p
viands	p
viaticums	p
viators	p
vibists	p
vibraharps	p
vibrances	p
vibrancies	p
vibrants	p
vibraphones	p
vibraphonists	p
vibrated	ViA
vibrates	Vi
vibrating	NViA
vibrators	p
vibrometers	p
viburnums	p
vicarages	p
vicarates	p
vicariates	p
vicariousnesses	p
vicars	p
vicegerents	p
vicereines	p
viceroyalties	p
viceroys	p
vices	p
vichyssoises	p
vicinages	p
viciously	v
vicissitudes	p
victimhoods	p
victimisations	p
victimised	tA
victimisers	p
victimises	t
victimising	NtA
victimizations	p
victimized	tA
victimizers	p
victimizes	t
victimizing	NtA
victims	p
victorias	p
victorines	p
victoriousnesses	p
victors	p
victresses	p
victrixes	pti
victualed	ViA
victualers	p
victualing	NViA
victuallers	p
victuals	Vi
videophones	p
videos	p
videttes	p
vidicons	p
vied	VtA
viers	p
vies	pVt
viewed	tA
viewers	p
viewfinders	p
viewing	NtA
viewings	p
viewpoints	p
views	pt
vigilances	p
vigilantes	p
vigilantisms	p
vigils	p
vignetted	tA
vignetters	p
vignettes	pt
vignetting	NtA
vignettists	p
vigorishes	p
vigorousnesses	p
vigors	p
vigours	p
viharas	p
vihuelas	p
vilayets	p
vilenesses	p
viler	A
vilest	A
vilifications	p
vilified	VA
vilifiers	p
vilifies	V
vilifying	NVA
vilipended	tA
vilipending	NtA
vilipends	t
villadoms	p
villagers	p
villages	p
villainages	p
villainesses	p
villainousnesses	p
villains	p
villanelles	p
villas	p
villeinages	p
villeins	p
vimanas	p
vims	p
vinaigrettes	p
vinas	p
vinasses	p
vincibilities	p
vincibly	v
vinculums	p
vindicated	tA
vindicates	t
vindicating	NtA
vindications	p
vindicators	p
vindictivenesses	p
vinedressers	p
vinegared	tA
vinegaring	NtA
vinegarroons	p
vinegars	pt
vines	p
vineyards	p
vinicultures	p
viniculturists	p
vinier	A
viniest	A
viniferas	p
vinificators	p
vinosities	p
vinously	v
vintaged	tA
vintager	A
vintagers	p
vintages	pt
vintaging	NtA
vintners	p
vinylidenes	p
vinyls	p
violabilities	p
violablenesses	p
violas	p
violated	tA
violater	A
violates	t
violating	NtA
violences	p
violently	v
violets	p
violinists	p
violinmakers	p
violins	p
violists	p
violones	p
viols	p
viosterols	p
vipers	p
virally	v
virelays	p
viremias	p
virescences	p
virescently	v
virgas	p
virgates	p
virginally	v
virginals	p
virginities	p
virginly	v
virgins	p
virgules	p
viridescences	p
viridians	p
viridities	p
virilely	v
virilisms	p
virilities	p
virls	p
virologies	p
virtualities	p
virtuosically	v
virtuosities	p
virtuousnesses	p
virtus	p
virucides	p
virulences	p
visaed	tA
visages	p
visaing	NtA
visards	p
visas	t
viscachas	p
viscidities	p
viscidnesses	p
viscometers	p
viscometries	p
viscoses	p
viscountcies	p
viscountesses	p
viscounties	p
viscounts	p
viscousnesses	p
vised	VA
viseing	NVA
vises	pV
visibly	v
vising	NVA
visionaries	i
visionarinesses	p
visioned	tA
visioning	NtA
visions	pt
visitants	p
visitations	p
visited	VtA
visiting	NVtA
visitors	p
visits	pVt
visored	tA
visoring	NtA
visors	pt
vistas	p
visualisations	p
visualisers	p
visualists	p
visualizations	p
visualized	VA
visualizers	p
visualizes	V
visualizing	NVA
visuals	p
vitalisations	p
vitalised	tA
vitalisers	p
vitalises	t
vitalising	NtA
vitalisms	p
vitalizations	p
vitalized	tA
vitalizers	p
vitalizes	t
vitalizing	NtA
vitalnesses	p
vitamins	p
vitascopes	p
vitellins	p
vitiated	tA
vitiates	t
vitiating	NtA
vitiations	p
vitiators	p
viticultures	p
vitiligos	p
vitrains	p
vitrescences	p
vitrifiabilities	p
vitrifications	p
vitrified	VA
vitrifies	V
vitrifying	NVA
vitrines	p
vitrioled	tA
vitriolically	v
vitrioling	NtA
vitriolizations	p
vitriolized	tA
vitriolizes	t
vitriolizing	NtA
vitriols	pt
vittled	VA
vittles	pV
vittling	NVA
vituperated	tA
vituperates	t
vituperating	NtA
vituperations	p
vituperators	p
vivaciousnesses	p
viverrines	p
vivider	A
vividest	A
vividnesses	p
vivified	VA
vivifies	V
vivifying	NVA
viviparities	p
viviparousnesses	p
vivisected	VA
vivisecting	NVA
vivisectionists	p
vivisections	p
vivisectors	p
vivisects	V
vixenishnesses	p
vixenly	v
vixens	p
vizards	p
vizcachas	p
vizierates	p
viziers	p
vizierships	p
vizirates	p
vizslas	p
vleis	p
vocables	p
vocabs	p
vocalically	v
vocalises	p
vocalisms	p
vocalists	p
vocalities	p
vocalizations	p
vocalized	VtiA
vocalizers	p
vocalizes	Vti
vocalizing	NVtiA
vocalnesses	p
vocals	p
vocations	p
vocatives	p
vociferated	VA
vociferates	V
vociferating	NVA
vociferations	p
vociferators	p
vociferousnesses	p
vodkas	p
voguer	A
vogues	p
voiced	tA
voicednesses	p
voicefulnesses	p
voicelessnesses	p
voiceprints	p
voices	pt
voicing	NtA
voicings	V
voidances	p
voided	VA
voider	A
voiders	p
voiding	NVA
voidnesses	p
voids	pV
voiles	p
volatilenesses	p
volatiles	p
volatilisations	p
volatilised	tiA
volatilisers	p
volatilises	ti
volatilising	NtiA
volatilities	p
volatilized	VA
volatilizers	p
volatilizes	V
volatilizing	NVA
volcanicities	p
volcanisms	p
volcanized	tA
volcanizes	t
volcanizing	NtA
volcanologies	p
volcanologists	p
voles	p
volitions	p
volleyballs	p
volleyed	VtiA
volleyers	p
volleying	NVtiA
volleys	Vti
volosts	p
volplaned	iA
volplanes	pi
volplaning	NiA
voltages	p
voltaisms	p
voltameters	p
voltammeters	p
voltmeters	p
volts	p
volubly	v
volumes	p
volumeters	p
volumetrically	v
voluminosities	p
voluminousnesses	p
voluntaries	p
voluntarinesses	p
voluntarisms	p
voluntaryisms	p
voluntaryists	p
volunteered	VtiA
volunteering	NVtiA
volunteers	pVti
voluptuously	v
volutions	p
volvas	p
volvoxes	p
vomers	p
vomicas	p
vomited	VA
vomiting	NVA
vomitoriums	p
vomitos	p
vomits	pV
vomituritions	p
vomituses	p
voodooists	p
voodoos	p
voraciousnesses	p
voracities	p
vortexes	p
vorticellas	p
vorticisms	p
voted	VtA
voters	p
votes	pVt
voting	NVtA
votively	v
votresses	p
vouched	tiA
vouchers	p
vouches	pti
vouching	NtiA
vouchsafed	tA
vouchsafements	p
vouchsafes	t
vouchsafing	NtA
vouges	p
voussoirs	p
vowed	tiA
vowelized	tA
vowelizes	pt
vowelizing	NtA
vowels	p
vowers	p
vowing	NtiA
vows	pti
voyaged	VA
voyagers	p
voyages	pV
voyaging	NVA
voyeurisms	p
vraisemblances	p
vugs	p
vulcanisations	p
vulcanised	tA
vulcanisers	p
vulcanises	t
vulcanising	NtA
vulcanists	p
vulcanites	p
vulcanizations	p
vulcanized	tA
vulcanizers	p
vulcanizes	t
vulcanizing	NtA
vulcanologies	p
vulcanologists	p
vulgarer	A
vulgarest	A
vulgarians	p
vulgarisations	p
vulgarised	tA
vulgarisers	p
vulgarises	t
vulgarising	NtA
vulgarisms	p
vulgarized	tA
vulgarizes	t
vulgarizing	NtA
vulgarnesses	p
vulgates	p
vulnerably	v
vulpicides	p
vultures	p
vulvitises	p
vying	NVtA
wabblers	p
wabblings	ti
wabs	p
wackes	p
wackinesses	p
wacks	p
wadders	p
waddings	p
waddled	iA
waddles	pi
waddling	NiA
waded	ViA
wades	pVi
wading	NViA
wadings	V
wadis	p
wadmals	p
wads	p
wadsets	pt
wadsetted	tA
wadsetters	p
wadsetting	NtA
waes	p
wafer	A
wafered	tA
wafering	NtA
wafers	pt
waffed	VA
waffies	p
waffing	NVA
waffled	iA
waffles	pi
waffling	NiA
wafflings	i
waffs	pV
waftages	p
wafted	VA
wafters	p
wafting	NVA
wafts	pV
waftures	p
waged	VtA
wagelessnesses	p
wagered	VtA
wagering	NVtA
wagers	pVt
wages	pt
wageworkers	p
wagged	VA
wagging	NVA
waggishnesses	p
waggled	VA
waggles	pV
wagglier	A
waggliest	A
waggling	NVA
waging	NVtA
wagonages	p
wagoned	tA
wagoners	p
wagonettes	p
wagoning	NtA
wagonloads	p
wagons	pt
wags	pV
wagtails	p
wahines	p
waifs	p
wailed	tiA
wailers	p
wailfully	v
wailing	NtiA
wails	pti
wainages	p
wains	p
wainscoted	VA
wainscoting	NVA
wainscotings	V
wainscots	pV
wainwrights	p
waired	tA
wairing	NtA
wairs	t
waistbands	p
waistcoats	p
waisters	p
waistlines	p
waists	p
waited	ViA
waiters	p
waiting	NViA
waitlisted	tA
waitlisting	NtA
waitlists	t
waitresses	p
waits	pVi
waived	tA
waivers	p
waives	t
waiving	NtA
wakefulnesses	p
wakens	p
wakers	p
wakes	p
waldgraves	p
waled	VtA
waler	A
wales	pVt
waling	NVtA
walkabouts	p
walkaways	p
walked	tiA
walkers	p
walking	NtiA
walkouts	p
walkovers	p
walks	pti
walkways	p
wallabas	p
wallahs	p
wallboards	p
walled	tA
wallets	p
walleyes	p
wallflowers	p
walling	NtA
walloped	VtiA
wallopers	p
walloping	NVtiA
wallopings	p
wallops	pVti
wallowed	iA
wallowers	pt
wallowing	NiA
wallows	pi
wallpapered	VA
wallpapering	NVA
wallpapers	pV
walls	pt
wallydrags	p
walnuts	p
waltzed	VA
waltzers	p
waltzes	pV
waltzing	NVA
wambled	iA
wambles	pi
wamblier	A
wambliest	A
wamblinesses	p
wambling	NiA
wamblings	V
wamefous	p
wames	p
wampumpeags	p
wampums	p
wandered	VA
wanderers	p
wandering	NVA
wanderingly	v
wanderings	p
wanderlusts	p
wanders	pV
wands	p
waned	iA
wanes	pi
wangled	tA
wanglers	p
wangles	pt
wangling	NtA
wanglings	V
wanigans	p
waning	NiA
wanions	p
wanked	iA
wankers	p
wanking	NiA
wanks	pi
wanly	v
wantages	p
wanted	tiA
wanters	p
wanting	NtiA
wantoned	tiA
wantoner	A
wantoning	NtiA
wantonly	v
wantons	pti
wants	pti
wapentakes	p
wapinschaws	p
wapitis	p
wapped	tiA
wappenshaws	p
wapping	NtiA
waps	pti
waratahs	p
warbled	VtA
warblers	p
warbles	pVt
warbling	NVtA
warblings	V
warded	tA
wardenries	p
wardens	p
wardenships	p
warders	p
warderships	p
warding	NtA
wardresses	p
wardrobes	p
wardrooms	p
wards	pt
wardships	p
wared	VtA
warehoused	VtA
warehouses	pVt
warehousing	NVtA
warehousings	V
warerooms	p
wares	Vt
warfares	p
warfarins	p
warheads	p
warhorses	p
warinesses	p
waring	NVtA
warisons	p
warked	iA
warking	NiA
warks	pi
warlocks	p
warlords	p
warmed	VtiA
warmer	A
warmers	p
warmest	A
warmheartednesses	p
warming	NVtiA
warmnesses	p
warmongerings	p
warmongers	p
warms	pVti
warmths	p
warned	VtA
warners	p
warning	NVtA
warnings	p
warns	Vt
warpages	p
warpaths	p
warped	VtA
warpers	p
warping	NVtA
warplanes	p
warps	pVt
warragals	p
warrantablenesses	p
warrantably	v
warranted	tA
warrantees	p
warranters	p
warranting	NtA
warrantors	p
warrants	pt
warred	VA
warreners	p
warrens	p
warrigals	p
warring	NVA
warriors	p
wars	pV
warsaws	p
warships	p
warsled	VA
warslers	p
warsles	pV
warsling	NVA
warstled	tiA
warstlers	p
warstles	pti
warstling	NtiA
wartimes	p
warts	p
wases	pV
washabilities	p
washbasins	p
washboards	p
washbowls	p
washcloths	p
washdays	p
washed	VtiA
washers	p
washes	pVti
washily	v
washinesses	p
washing	NVtiA
washings	p
washouts	p
washrags	p
washrooms	p
washstands	p
washtubs	p
waspinesses	p
waspishnesses	p
wasps	p
wassailed	ViA
wassailers	p
wassailing	NViA
wassails	pVi
wastages	p
wastebaskets	p
wasted	VtA
wastefully	v
wastelands	p
wastelots	p
wastepapers	p
waster	A
wasteries	p
wastes	pt
wasting	NVtA
wastings	V
wastrels	p
wastries	p
wasts	V
wataps	p
watchbands	p
watchcases	p
watchdogs	p
watched	VtiA
watchers	p
watches	pVti
watchfulnesses	p
watching	NVtiA
watchmakers	p
watchouts	p
watchstraps	p
watchtowers	p
watchwords	p
waterages	p
waterbucks	p
watercolorists	p
watercolors	p
watercolourists	p
watercourses	p
watercrafts	p
watercresses	p
waterdogs	p
watered	tiA
waterers	p
waterfalls	p
waterfronts	p
waterier	A
wateriest	A
waterinesses	p
watering	NtiA
waterings	p
waterishnesses	p
waterlessnesses	p
watermanships	p
watermarked	tA
watermarking	NtA
watermarks	pt
watermelons	p
waterproofed	tA
waterproofer	A
waterproofing	NtA
waterproofs	pt
waters	pti
waterscapes	p
watersheds	p
watersides	p
waterspouts	p
watertightnesses	p
waterways	p
waterweeds	p
wats	p
wattages	p
wattlebirds	p
wattled	tA
wattles	pt
wattling	NtA
wattlings	V
wattmeters	p
watts	p
wauchts	p
waughted	tiA
waughting	NtiA
waughts	pti
wauked	tiA
wauking	NtiA
wauks	pti
wauled	iA
wauling	NiA
wauls	i
wavebands	p
waved	VtiA
waveforms	p
waveguides	p
wavelengths	p
wavelets	p
wavellites	p
wavemeters	p
waveoffs	p
wavered	iA
wavering	NiA
wavers	pi
waves	pVti
wavinesses	p
waving	NVtiA
wavings	V
wawas	pi
wawled	VA
wawling	NVA
wawls	V
waws	p
waxberries	p
waxbills	p
waxed	tiA
waxers	p
waxes	pti
waxinesses	p
waxing	NtiA
waxings	i
waxplants	p
waxweeds	p
waxwings	p
waxworks	p
waybills	p
wayfarers	p
wayfarings	p
waygoings	p
waylayers	p
waylaying	NVA
waylays	V
wayleaves	p
ways	p
waysides	p
waywardly	v
wayzgooses	p
weakened	VA
weakeners	p
weakening	NVA
weakens	V
weaker	A
weakest	A
weakfishes	p
weaklinesses	p
weaklings	p
weaknesses	p
wealds	p
weals	p
wealthinesses	p
wealths	p
weaned	tA
weanednesses	p
weaners	p
weaning	NtA
weanlings	p
weans	pt
weaponeers	p
weaponries	p
weapons	p
wearabilities	p
wearables	p
wearers	p
wearilessly	v
wearinesses	p
wearing	NVtiA
wearingly	v
wearisomenesses	p
wears	pVti
weasands	p
weasels	p
weasons	p
weatherabilities	p
weatherboardings	p
weatherboards	p
weathercocked	iA
weathercocking	NiA
weathercocks	pi
weathered	VtiA
weatherer	A
weatherers	p
weatherglasses	p
weathering	NVtiA
weatherings	p
weatherlinesses	p
weatherly	v
weatherproofed	tA
weatherproofing	NtA
weatherproofs	t
weathers	pVti
weaved	tiA
weaverbirds	p
weavers	p
weaves	ti
weaving	NtiA
weazands	p
webbed	tiA
webbing	NtiA
webbings	p
webers	p
webs	pti
websters	p
webwheels	p
webworms	p
wedded	tiA
wedding	NtiA
weddings	p
wedelns	p
wedged	tA
wedges	pt
wedging	NtA
wedgings	V
wedlocks	p
weds	ti
weed	iA
weeded	VA
weeders	p
weedinesses	p
weeding	NVA
weedkillers	p
weeds	V
weeing	NiA
weekdays	p
weekended	ViA
weekenders	p
weekending	NViA
weekends	pVi
weeklies	p
weeknights	p
weeks	p
weened	VA
weening	NVA
weens	V
weepers	p
weepily	v
weepinesses	p
weeping	NVtiA
weepingly	v
weeps	pVti
wees	pi
weevers	p
weevils	p
wefts	p
weigelas	p
weighbridges	p
weighed	tiA
weighers	p
weighing	NtiA
weighs	pti
weighted	tA
weighters	p
weightinesses	p
weighting	NtA
weightings	p
weightlessnesses	p
weightliftings	p
weights	pt
weirder	A
weirdest	A
weirdly	v
weirdnesses	p
weirds	p
weirs	p
weisenheimers	p
wejacks	p
wekas	p
welchers	p
welcomed	tA
welcomenesses	p
welcomer	A
welcomes	pt
welcoming	NtA
weldabilities	p
welded	tA
welders	p
welding	NtA
weldments	p
weldors	p
welds	pt
welfares	p
welfarisms	p
welkins	p
welldoers	p
welled	VA
wellheads	p
wellholes	p
welling	NVA
wellnesses	p
wells	pV
wellsites	p
wellsprings	p
welshed	iA
welshers	p
welshes	i
welshing	NiA
welted	tA
weltered	iA
weltering	NiA
welters	pi
welterweights	p
welting	NtA
welts	pt
welwitschias	p
wenched	iA
wenchers	p
wenches	pi
wenching	NiA
wended	VA
wending	NVA
wends	V
wens	p
wentletraps	p
weregilds	p
wergilds	p
wernerites	p
weskits	p
wessands	p
wester	A
westered	iA
westering	NiA
westerlies	p
westerner	A
westerners	p
westernisations	p
westernised	tA
westernises	t
westernising	NtA
westernisms	p
westernized	tA
westernizes	t
westernizing	NtA
westers	pi
westings	p
wests	p
westwards	p
wetbacks	p
wethers	p
wetnesses	p
wets	pti
wettabilities	p
wetters	p
wettest	A
wetting	NtiA
whacked	tA
whackers	p
whacking	NtA
whacks	pt
whalebacks	p
whaleboats	p
whalebones	p
whaled	tA
whalers	p
whales	t
whaling	NtA
whalings	pV
whammed	tiA
whamming	NtiA
whams	pti
whanged	VtA
whangees	p
whanging	NVtA
whangs	pVt
whapped	VA
whappers	p
whapping	NVA
whaps	pV
wharfages	p
wharfed	tA
wharfies	p
wharfing	NtA
wharfingers	p
whatnots	p
whaups	p
wheals	p
wheatears	p
wheats	p
wheatworms	p
wheedled	VtA
wheedles	Vt
wheedling	NVtA
wheedlings	V
wheelbarrowed	tA
wheelbarrowing	NtA
wheelbarrows	pt
wheelbases	p
wheelchairs	p
wheeled	VtiA
wheelers	p
wheelies	p
wheeling	NVtiA
wheelings	p
wheels	Vti
wheelworks	p
wheelwrights	p
wheezed	VA
wheezers	p
wheezes	pV
wheezinesses	p
wheezing	NVA
wheezings	V
whelks	p
whelmed	tA
whelming	NtA
whelms	t
whelped	VA
whelping	NVA
whelps	pV
whens	p
wherefores	p
wheres	p
wherewithals	p
whets	pt
whetstones	p
whetted	tA
whetters	p
whetting	NtA
wheyfaces	p
wheys	p
whickered	VA
whickering	NVA
whickers	V
whidahs	p
whiffed	VtiA
whiffers	p
whiffets	pt
whiffing	NVtiA
whiffled	iA
whifflers	p
whiffles	i
whiffletrees	p
whiffling	NiA
whiffs	pVti
whigged	iA
whigging	NiA
whigs	i
whiled	tA
whiles	pt
whiling	NtA
whimbrels	p
whimpered	iA
whimperers	p
whimpering	NiA
whimpers	pi
whims	p
whinchats	p
whined	VA
whines	pV
whinged	iA
whingeing	NiA
whinges	pi
whinging	NiA
whining	NVA
whinings	V
whinnied	tiA
whinnier	A
whinnies	pti
whinniest	A
whinnying	NtiA
whins	p
whinstones	p
whipcords	p
whiplashes	p
whipped	VtiA
whippers	p
whippersnappers	p
whippets	p
whipping	NVtiA
whippings	p
whippletrees	p
whippoorwills	p
whiprays	p
whips	pVti
whipsawed	tA
whipsawing	NtA
whipsaws	pt
whipstalls	p
whipstitched	tA
whipstitches	pt
whipstitching	NtA
whipstocks	p
whiptails	p
whipworms	p
whirlabouts	p
whirled	ViA
whirligigs	p
whirling	NViA
whirlpools	p
whirls	pVi
whirlwinds	p
whirlybirds	p
whirred	tiA
whirried	tiA
whirries	ti
whirring	NtiA
whirrs	pti
whirrying	NtiA
whirs	pi
whished	VA
whishes	pV
whishing	NVA
whisked	tiA
whiskers	p
whisking	NtiA
whisks	pti
whispered	VtiA
whisperers	p
whispering	NVtiA
whisperings	p
whisperously	v
whispers	pVti
whisted	VA
whisting	NVA
whistled	VtiA
whistlers	p
whistles	pVti
whistling	NVtiA
whistlings	p
whists	pV
whitebaits	p
whitebeams	p
whitebeards	p
whitecaps	p
whited	VA
whitefaces	p
whitefishes	p
whitened	VA
whiteners	p
whitenesses	p
whitening	NVA
whitenings	p
whitens	V
whiter	A
whites	V
whitesmiths	p
whitest	A
whitethorns	p
whitethroats	p
whitewalls	p
whitewashed	tA
whitewashes	pt
whitewashing	NtA
whitewings	p
whitewoods	p
whiteys	p
whitier	A
whities	p
whitiest	A
whiting	NVA
whitings	p
whitishnesses	p
whitleathers	p
whitlows	p
whitracks	p
whits	p
whittled	VtA
whittlers	p
whittles	pVt
whittling	NVtA
whizzed	ViA
whizzing	NViA
whizzings	V
whodunits	p
wholefoods	p
wholeheartednesses	p
wholes	p
wholesaled	VA
wholesaler	A
wholesalers	p
wholesales	pV
wholesaling	NVA
wholesomenesses	p
wholisms	p
wholistically	v
whomped	tiA
whomping	NtiA
whomps	pti
whooped	VtA
whoopees	p
whoopers	p
whooping	NVtA
whoops	pVt
whooshed	iA
whooshes	pi
whooshing	NiA
whopped	VtiA
whoppers	p
whopping	NVtiA
whops	pVti
whored	iA
whoredoms	p
whoremasters	p
whoremongers	p
whores	pi
whoresons	p
whoring	NiA
whorishly	v
whorls	p
whorts	p
whosises	p
whydahs	p
wickeder	A
wickedest	A
wickedly	v
wickednesses	p
wickers	p
wickerworks	p
wicketkeepers	p
wickets	p
wickings	p
wickiups	p
wicks	p
widders	p
widened	VA
wideners	p
widening	NVA
widens	V
wides	p
widgets	p
widgies	p
widowed	tA
widowers	p
widowing	NtA
widows	pt
widths	p
wielded	tA
wielders	p
wielding	NtA
wields	t
wieners	p
wienies	p
wifedoms	p
wifehoods	p
wifes	p
wigans	p
wigged	tA
wigging	NtA
wiggings	p
wiggled	VA
wigglers	p
wiggles	pV
wiggling	NVA
wightly	v
wights	p
wigs	pt
wigwagged	VA
wigwaggers	p
wigwagging	NVA
wigwags	pV
wigwams	p
wikiups	p
wildcatters	p
wildebeests	p
wilder	A
wildered	VA
wildering	NVA
wildernesses	p
wilders	V
wildest	A
wildfires	p
wildings	p
wildlings	p
wildnesses	p
wilds	p
wildwoods	p
wiled	tA
wiles	pt
wilinesses	p
wiling	NtA
willed	VA
willemites	p
willers	p
willfully	v
willies	t
willing	NVA
willinger	A
willingest	A
willingnesses	p
williwaws	p
willowers	p
willowier	A
willowiest	A
willows	p
willpowers	p
wills	pV
wilted	VA
wilting	NVA
wilts	pV
wimbled	VA
wimbles	pV
wimbling	NVA
wimpled	VtA
wimples	pVt
wimpling	NVtA
winced	iA
winces	pi
winceys	p
winched	tiA
winchers	p
winches	pti
winching	NtiA
wincing	NiA
wincings	V
windages	p
windbags	p
windbreaks	p
windburns	p
windcheaters	p
winded	VtiA
winders	p
windfalls	p
windflaws	p
windflowers	p
windgalls	p
windhovers	p
windinesses	p
winding	NVtiA
windings	p
windjammers	p
windlassed	tA
windlasses	pt
windlassing	NtA
windles	p
windlestraws	p
windmilled	ViA
windmilling	NViA
windmills	pVi
windowed	tA
windowing	NtA
windowpanes	p
windows	pt
windowsills	p
windpipes	p
windrowed	tA
windrowers	p
windrowing	NtA
windrows	pt
winds	pVti
windsails	p
windscreens	p
windshields	p
windsocks	p
windstorms	p
windsuckers	p
windups	p
windwards	p
windways	p
winebibbers	p
wined	VtiA
wineglasses	p
winegrowers	p
winegrowings	p
winepresses	p
wineries	p
wines	pi
wineshops	p
wineskins	p
wingbacks	p
wingdings	p
winged	VtA
wingers	p
winging	NVtA
winglessnesses	p
winglets	p
wingovers	p
wings	pVt
wingspans	p
wingspreads	p
wining	NVtiA
winked	tiA
winkers	p
winking	NtiA
winkled	tA
winkles	pt
winkling	NtA
winks	pti
winned	VtA
winners	p
winning	NVtA
winningest	A
winningnesses	p
winnings	p
winnowed	VtA
winnowing	NVtA
winnows	pVt
wins	pVt
winsomenesses	p
winsomer	A
winsomest	A
winterberries	p
winterbournes	p
wintered	iA
winterers	p
winterfeeding	NVA
winterfeeds	V
wintergreens	p
wintering	NiA
winterizations	p
winterized	tA
winterizes	t
winterizing	NtA
winterkilled	VA
winterkilling	NVA
winterkills	pV
winters	pi
wintertides	p
wintertimes	p
wintled	iA
wintles	pi
wintling	NiA
wintrinesses	p
winzes	p
wiped	tA
wipers	p
wipes	pt
wiping	NtA
wired	VA
wiredrawing	NVA
wiredraws	V
wirehairs	p
wirelessed	VA
wirelesses	pV
wirelessing	NVA
wirepullers	p
wirepullings	p
wirers	p
wires	pV
wiretapped	tiA
wiretapper	A
wiretappers	p
wiretapping	NtiA
wiretaps	pti
wireworks	p
wireworms	p
wirier	A
wiriest	A
wirily	v
wiring	NVA
wirings	p
wis	p
wisdoms	p
wiseacres	p
wisecracked	VA
wisecracking	NVA
wisecracks	pV
wised	VtA
wisely	v
wisenheimers	p
wisents	p
wises	pVt
wishbones	p
wished	VtA
wishes	pVt
wishfulnesses	p
wishing	NVtA
wising	NVtA
wisped	tiA
wispinesses	p
wisping	NtiA
wisps	pti
wissed	VA
wissing	NVA
wisted	VA
wisterias	p
wistfulnesses	p
wisting	NVA
wists	V
witans	p
witchcrafts	p
witched	tA
witches	pt
witching	NtA
witchings	p
wited	VA
witenagemots	p
wites	p
withdrawals	p
withdrawers	p
withdrawing	NVtiA
withdrawnnesses	p
withdraws	Vti
withed	tA
withered	tiA
witherers	p
withering	NtiA
witherites	p
withers	ti
withes	pt
withholders	p
withholding	NVtiA
withholds	Vti
withier	A
withies	p
withiest	A
withing	NtA
withstanders	p
withstanding	NViA
withstands	Vi
witing	NVA
witlessnesses	p
witlings	p
witloofs	p
witnessed	tiA
witnesses	pti
witnessing	NtiA
wits	V
witted	VA
wittednesses	p
witticisms	p
wittinesses	p
witting	NVA
wittols	p
wived	VtA
wiverns	p
wives	Vt
wiving	NVtA
wizardly	v
wizardries	p
wizards	p
wizened	VA
wizening	NVA
wizens	pV
woads	p
woadwaxens	p
woalds	p
wobbegongs	p
wobbled	tiA
wobblers	p
wobbles	pti
wobblier	A
wobbliest	A
wobbling	NtiA
wodges	p
woefuller	A
woefullest	A
woefulnesses	p
woes	p
woggles	p
wogs	p
woks	p
wolds	p
wolfed	tiA
wolfers	p
wolffishes	p
wolfhounds	p
wolfing	NtiA
wolfishnesses	p
wolframites	p
wolframs	p
wolfs	pti
wolfsbanes	p
wollastonites	p
wollies	p
wolverines	p
wolvers	p
womaned	tA
womanhoods	p
womaning	NtA
womanised	tiA
womanises	ti
womanishnesses	p
womanising	NtiA
womanized	tiA
womanizers	p
womanizes	ti
womanizing	NtiA
womanlier	A
womanliest	A
womanlinesses	p
womanpowers	p
womans	pt
wombats	p
wombs	p
womenfolks	p
womeras	p
wommeras	p
wondered	VA
wonderers	p
wonderfulnesses	p
wondering	NVA
wonderlands	p
wonderments	p
wonders	pV
wonderworker	A
wonderworks	p
wondrousnesses	p
woning	NVA
wonkier	A
wonkiest	A
wonned	VA
wons	pV
wonted	VA
wontednesses	p
wonting	NVA
wonts	pV
woodbines	p
woodborers	p
woodboxes	p
woodcarvings	p
woodchats	p
woodchoppers	p
woodchoppings	p
woodchucks	p
woodcrafts	p
woodcreepers	p
woodcuts	p
woodcutters	p
woodcuttings	p
wooded	tA
woodener	A
woodenest	A
woodenheads	p
woodennesses	p
woodenwares	p
woodinesses	p
wooding	NtA
woodlands	p
woodlarks	p
woodnotes	p
woodpeckers	p
woodpiles	p
woodprints	p
woodruffs	p
woodrushes	p
woods	t
woodsheds	p
woodsias	p
woodsier	A
woodsiest	A
woodturners	p
woodwaxens	p
woodwinds	p
woodworkers	p
woodworkings	p
woodworks	p
woodworms	p
wooed	VtA
woofed	iA
woofers	p
woofing	NiA
woofs	pi
wooing	NVtA
woolers	p
woolfells	p
woolgatherers	p
woolgatherings	p
woolgrowers	p
woollens	p
woollier	A
woollies	p
woolliest	A
woollily	v
woollinesses	p
woolpacks	p
wools	p
woolsacks	p
woolsheds	p
woomerangs	p
woomeras	p
wooralis	p
woos	Vt
wooshed	tiA
wooshes	pti
wooshing	NtiA
woozinesses	p
wops	p
wordages	p
wordbooks	p
worded	tA
wordinesses	p
wording	NtA
wordings	p
wordlessnesses	p
wordplays	p
words	t
wordsmiths	p
workabilities	p
workablenesses	p
workably	v
workbags	p
workbenches	p
workbooks	p
workdays	p
worked	tiA
workers	p
workhorses	p
working	NtiA
workings	p
worklessnesses	p
workloads	p
workmanships	p
workouts	p
workpieces	p
workrooms	p
works	ti
workshops	p
worktables	p
workweeks	p
worldlier	A
worldliest	A
worldlinesses	p
worldlings	p
worlds	p
wormcasts	p
wormed	VtA
wormers	p
wormholes	p
wormier	A
wormiest	A
worminesses	p
worming	NVtA
wormroots	p
worms	pVt
wormseeds	p
wormwoods	p
wornnesses	p
worried	tiA
worriers	p
worries	pti
worriments	p
worrisomely	v
worrited	tA
worriting	NtA
worrits	t
worrying	NtiA
worrywarts	p
worsened	VA
worsening	NVA
worsens	V
worses	p
worsets	p
worshiped	VtiA
worshipfulnesses	p
worshiping	NVtiA
worshipped	VtiA
worshipping	NVtiA
worships	pVti
worsted	tA
worsteds	p
worsting	NtA
worsts	pt
worthed	iA
worthier	A
worthies	p
worthiest	A
worthinesses	p
worthing	NiA
worthlessnesses	p
worths	pi
worts	p
wos	p
wots	V
wotted	VA
wotting	NVA
woulds	V
wounded	VA
wounding	NVA
wounds	pV
woundworts	p
wouralis	p
wovens	V
wowed	tA
wowing	NtA
wows	pt
wowsers	p
wracked	VA
wracking	NVA
wracks	pV
wraiths	p
wrangled	tiA
wranglers	p
wrangles	pti
wrangling	NtiA
wranglings	V
wraparounds	p
wrapped	ViA
wrappers	p
wrapping	NViA
wrappings	p
wraprounds	p
wraps	pVi
wrasses	p
wrastled	tiA
wrastles	pti
wrastling	NtiA
wrathfully	v
wraths	p
wreaked	tA
wreakers	p
wreaking	NtA
wreaks	t
wreathed	VtA
wreathers	p
wreathes	Vt
wreathing	NVtA
wreaths	p
wreckages	p
wrecked	VtA
wreckers	p
wrecking	NVtA
wrecks	pVt
wrenched	VtiA
wrenchers	p
wrenches	pVti
wrenching	NVtiA
wrens	p
wrested	tA
wresters	p
wresting	NtA
wrestled	VtiA
wrestlers	p
wrestles	pVti
wrestling	NVtiA
wrestlings	p
wrests	pt
wretcheder	A
wretchedest	A
wretchednesses	p
wretches	p
wricked	tiA
wricking	NtiA
wricks	pti
wriggled	ViA
wrigglers	p
wriggles	pVi
wriggling	NViA
wrights	p
wringed	VtiA
wringers	p
wringing	NVtiA
wrings	pVti
wrinkled	VA
wrinkles	pV
wrinkling	NVA
wristbands	p
wristlets	p
wristlocks	p
wrists	p
wristwatches	p
writers	p
writes	Vti
writhed	ViA
writhers	p
writhes	pVi
writhing	NViA
writing	NVtiA
writings	p
writs	pV
wrongdoers	p
wrongdoings	p
wronged	tA
wronger	A
wrongers	p
wrongest	A
wrongfulnesses	p
wrongheadednesses	p
wronging	NtA
wrongnesses	p
wrongs	pt
wrybills	p
wrynecks	p
wrynesses	p
ws	p
wulfenites	p
wunderkinds	p
wurleys	p
wursts	p
wurtzites	p
wynds	p
wynns	p
wyted	VA
wytes	pV
wyting	NVA
wyverns	p
xanthates	p
xantheins	p
xanthenes	p
xanthines	p
xanthins	p
xanthomas	p
xanthophylls	p
xebecs	p
xed	tA
xenias	p
xenocrysts	p
xenogamies	p
xenoliths	p
xenons	p
xenophiles	p
xenophobes	p
xenophobias	p
xenophobically	v
xerically	v
xerodermas	p
xerographies	p
xerophthalmias	p
xerophytes	p
xerophytisms	p
xeroseres	p
xiphisternums	p
xiphoids	p
xiphosurans	p
xis	p
xylans	p
xylems	p
xylenes	p
xylidines	p
xylocarps	p
xylographed	tA
xylographers	p
xylographies	p
xylographing	NtA
xylographs	pt
xylols	p
xylophages	p
xylophones	p
xyloses	p
xylotomies	p
xylotomists	p
xylyls	p
xysters	p
xysts	p
yabbered	iA
yabbering	NiA
yabbers	pi
yabbies	p
yachted	iA
yachting	NiA
yachtings	p
yachtmanships	p
yachts	pi
yachtsmanships	p
yaffed	iA
yaffing	NiA
yaffles	p
yaffs	i
yahooisms	p
yahoos	p
yakkas	p
yaks	p
yamens	p
yammered	ViA
yammering	NViA
yammers	pVi
yams	p
yanked	VA
yanking	NVA
yanks	pV
yapoks	p
yapons	p
yapped	VA
yappers	p
yapping	NVA
yapps	p
yaps	pV
yarboroughs	p
yardages	p
yardangs	p
yardarms	p
yardbirds	p
yards	p
yardsticks	p
yarmulkes	p
yarned	iA
yarning	NiA
yarns	pi
yarramans	p
yarrows	p
yashmaks	p
yataghans	p
yattered	iA
yattering	NiA
yatters	pi
yauds	p
yauped	VA
yauping	NVA
yaupons	p
yaups	pV
yautias	p
yawed	tiA
yawing	NtiA
yawled	iA
yawling	NiA
yawls	pi
yawmeters	p
yawned	tiA
yawners	p
yawning	NtiA
yawningly	v
yawns	pti
yawped	iA
yawpers	p
yawping	NiA
yawps	pi
yaws	ti
yealings	p
yeaned	VA
yeaning	NVA
yeanlings	p
yeans	V
yearbooks	p
yearlies	p
yearlings	p
yearned	iA
yearners	p
yearning	NiA
yearnings	p
yearns	i
years	p
yeasted	iA
yeastier	A
yeastiest	A
yeastily	v
yeastinesses	p
yeasting	NiA
yeasts	pi
yeggs	p
yeldrings	p
yelks	p
yelled	VA
yelling	NVA
yellowbacks	p
yellowbirds	p
yellowed	VA
yellower	A
yellowest	A
yellowhammers	p
yellowing	NVA
yellownesses	p
yellows	V
yellowthroats	p
yellowwoods	p
yells	pV
yelped	VA
yelpers	p
yelping	NVA
yelps	pV
yens	p
yentas	p
yeomanries	p
yerbas	p
yeses	p
yeshivas	p
yesterdays	p
yesterevenings	p
yestereves	p
yesternights	p
yesteryears	p
yetis	p
yetts	p
yeuked	iA
yeuking	NiA
yeuks	pi
yews	p
yids	p
yielded	VtiA
yielding	NVtiA
yieldingnesses	p
yields	pVti
yikes	pV
yipped	iA
yippies	p
yipping	NiA
yips	pi
yirred	iA
yirring	NiA
yirrs	i
ylems	p
yobs	p
yodeled	tiA
yodelers	p
yodeling	NtiA
yodelled	tiA
yodellers	p
yodelling	NtiA
yodels	pti
yodlers	p
yodles	p
yods	p
yogas	p
yoghs	p
yoginis	p
yogurts	p
yohimbines	p
yoked	tA
yokefellows	p
yokels	p
yokes	t
yoking	NtA
yolkier	A
yolkiest	A
yolks	p
yonis	p
yores	p
yorked	tA
yorkers	p
yorking	NtA
yorks	t
youngberries	p
younger	A
youngest	A
younglings	p
youngly	v
youngs	p
youngsters	p
younkers	p
yous	p
youthened	tiA
youthening	NtiA
youthens	ti
youthfulnesses	p
yowled	VA
yowling	NVA
yowls	pV
yperites	p
ys	p
ytterbias	p
ytterbiums	p
yttrias	p
yttriums	p
yuans	p
yuccas	p
yuks	p
yulans	p
yules	p
yuletides	p
yurts	p
zabagliones	p
zacks	p
zaddiks	p
zaffers	p
zaires	p
zakats	p
zamarras	p
zamias	p
zamindaris	p
zamindars	p
zanders	p
zanies	p
zaninesses	p
zapped	ViA
zapping	NViA
zaps	pVi
zaptiahs	p
zaratites	p
zarebas	p
zarfs	p
zastrugas	p
zaxes	p
zayins	p
zealotries	p
zealots	p
zealousnesses	p
zeals	p
zebecs	p
zebras	p
zebrasses	p
zebrawoods	p
zebus	p
zecchinos	p
zedoaries	p
zeds	p
zees	p
zeins	p
zemindars	p
zenanas	p
zeniths	p
zeolites	p
zephyrs	p
zeppelins	p
zeros	p
zested	tA
zestfulnesses	p
zestier	A
zestiest	A
zesting	NtA
zests	pt
zetas	p
zeugmas	p
zhos	p
zibelines	p
zibets	p
ziffs	p
zigzagged	tiA
zigzagger	A
zigzaggers	p
zigzagging	NtiA
zigzags	pti
zilas	p
zillions	p
zincates	p
zincified	tA
zincifies	t
zincifying	NtA
zincites	p
zinckenites	p
zincographers	p
zincographies	p
zincographs	p
zincs	p
zinfandels	p
zinged	iA
zingier	A
zingiest	A
zinging	NiA
zings	pi
zinjanthropuses	p
zinkenites	p
zinnias	p
zipped	tiA
zippers	p
zippier	A
zippiest	A
zipping	NtiA
zips	pti
zirconias	p
zirconiums	p
zircons	p
zitherists	p
zitherns	p
zithers	p
zloties	p
zoanthropies	p
zodiacs	p
zoeas	p
zoetropes	p
zoisites	p
zombies	p
zonations	p
zondas	pti
zoned	tA
zones	pt
zonetimes	p
zoning	NtA
zonules	p
zoochores	p
zoogeographies	p
zoogloeas	p
zoograftings	p
zoographers	p
zoographies	p
zooids	p
zoolaters	p
zoolatries	p
zoologists	p
zoomed	ViA
zoometries	p
zooming	NViA
zoomorphisms	p
zoomorphs	p
zooms	pVi
zoons	p
zoophiles	p
zoophilias	p
zoophilisms	p
zoophobias	p
zoophytes	p
zooplanktons	p
zooplasties	p
zoos	p
zoosperms	p
zoosporangiums	p
zoospores	p
zoosterols	p
zootomies	p
zootoxins	p
zorillas	p
zos	p
zosters	p
zoysias	p
zucchettos	p
zucchinis	p
zugzwangs	pt
zwiebacks	p
zwitterions	p
zygodactyls	p
zygomas	p
zygophytes	p
zygospores	p
zygotenes	p
zygotes	p
zymases	p
zymogens	p
zymologies	p
zymometers	p
