aaliyah	N
aaronsburg	N
abbado	N
abbasids	N
abbevillean	N
abbottstown	N
abbyville	N
abderian	N
abderite	N
abdullah	N
abelson	N
abenaki	N
abenakis	N
aberdonian	N
aberdonians	N
abernant	N
abibs	N
abiquiu	N
abkhas	N
abkhases	N
abkhasian	N
abkhasians	N
abkhazes	N
abkhazians	N
abroma	N
abrus	N
absaraka	N
absaroke	N
absarokee	N
absarokes	N
abuja	N
abyssinians	N
acadians	N
acalepha	N
acampo	N
acanthaceae	N
acanthocephala	N
acarida	N
acarina	N
acarnanian	N
acarnanians	N
accadians	N
accenture	N
accokeek	N
accolate	N
accolates	N
accomac	N
accoville	N
accutane	N
accutanes	N
aceraceae	N
acevedo	N
achaeans	N
achaemenians	N
achaemenidae	N
achaemenids	N
achaia	N
achaian	N
achaians	N
achateses	N
achebe	N
acherontic	N
achille	N
achomawi	N
achomawis	N
achromycins	N
achumawi	N
achumawis	N
ackerly	N
ackermanville	N
ackworth	N
acoma	N
acomas	N
acorus	N
acosta	N
acra	N
acrilans	N
actinozoa	N
activase	N
activases	N
activex	N
acuff	N
acushnet	N
acworth	N
adairsville	N
adairville	N
adamical	N
adamites	N
adamitism	N
adamsbasin	N
adamsburg	N
adamstown	N
adamsville	N
adansonia	N
adars	N
adderley	N
addieville	N
addressographs	N
addyston	N
adelanto	N
adelie	N
adelies	N
adell	N
adelphi	N
adelphia	N
adger	N
adhara	N
adiantum	N
adidas	N
adirondacks	N
adjuntas	N
adona	N
adrenalins	N
adriamycins	N
adventisms	N
adventists	N
advil	N
adzhar	N
adzharian	N
adzharians	N
adzhars	N
aeginetans	N
aelfric	N
aeolians	N
aeolics	N
aeroflot	N
aesculus	N
aesopic	N
aethiopian	N
aetolians	N
aflex	N
africana	N
africanders	N
africanisation	N
africanisations	N
africanise	N
africanised	N
africanises	N
africanising	N
africanisms	N
africanists	N
africanizations	N
africanizes	N
africanness	N
africannesses	N
africanoid	N
africans	N
afrikanders	N
afrikanerdoms	N
afrikaners	N
afroasiatic	N
afrocentric	N
afrocentrism	N
afrocentrisms	N
afrocentrist	N
afrocentrists	N
agada	N
agadic	N
agadoth	N
agamidae	N
agapemone	N
agassi	N
agawam	N
aggadist	N
aggadists	N
agness	N
aguada	N
aguadulce	N
aguanga	N
aguecheek	N
aguila	N
aguilar	N
aguirre	N
agutter	N
ahaggar	N
ahgwahching	N
ahmadabad	N
ahmadinejad	N
ahmeek	N
ahsahka	N
ahuramazda	N
ahwahnee	N
aibonito	N
aimwell	N
aintree	N
airedales	N
airville	N
aitkin	N
aizoaceae	N
aizoon	N
akans	N
akaska	N
akhenaton	N
akiachak	N
akiak	N
akitas	N
akiva	N
akkadians	N
akutan	N
alabamans	N
alabamas	N
alabamians	N
alachua	N
alakanuk	N
alamance	N
alamine	N
alamines	N
alamota	N
alanreed	N
alapaha	N
alars	N
alaskans	N
albanians	N
albeniz	N
alberio	N
albertan	N
albertans	N
albertists	N
albertlea	N
alberton	N
albigensianisms	N
albigensians	N
albireo	N
alborg	N
alborn	N
albuquerquean	N
albuquerqueans	N
alburnett	N
alburtis	N
alcelaphus	N
alcester	N
alcidae	N
alcide	N
alcindor	N
alcmena	N
alco	N
alcolu	N
alcorans	N
alcova	N
alcyonaria	N
alcyonium	N
aldeburgh	N
aldenville	N
alderamin	N
alderneys	N
aldhelm	N
aldiborontiphoscophornia	N
aldie	N
aldines	N
aldiss	N
aleknagik	N
aleppine	N
aleppines	N
aleurites	N
aleutians	N
aleuts	N
alexandrians	N
alexei	N
alfs	N
algarve	N
algenib	N
algerians	N
algieba	N
algonkians	N
algonkins	N
algonquians	N
algonquins	N
alhagi	N
alhena	N
alief	N
alighieri	N
alismaceae	N
alkabo	N
alkaid	N
alkol	N
alkorans	N
allamuchy	N
allardt	N
alledonia	N
alleene	N
allegany	N
alleghany	N
alleghenians	N
alleghenies	N
allegre	N
allegri	N
alleman	N
allendale	N
allendorf	N
allenhurst	N
allenport	N
allensville	N
allentiac	N
allentiacs	N
allenton	N
allenwood	N
allerton	N
allhallowmases	N
allhallowtides	N
allingham	N
allock	N
allouez	N
allport	N
allstate	N
almach	N
almaine	N
almaty	N
almerians	N
almo	N
almont	N
almyra	N
alna	N
alnilam	N
alnitak	N
alnus	N
alpaugh	N
alphard	N
alpharetta	N
alphecca	N
alpheratz	N
alpini	N
alpino	N
alpo	N
alpoca	N
alsatians	N
alsea	N
alsen	N
alsey	N
alsop	N
alstead	N
altaba	N
altaloma	N
altamahaw	N
altamont	N
altenburg	N
altha	N
altheimer	N
althings	N
altmar	N
altoids	N
altro	N
altura	N
aludra	N
alumbank	N
alundums	N
alvada	N
alvadore	N
alvaton	N
alverda	N
alverton	N
alviso	N
alvo	N
alvordton	N
alzada	N
alzheimer	N
amagansett	N
amagon	N
amalekites	N
amalfian	N
amalfians	N
amana	N
amarantaceae	N
amaranthaceae	N
amaranthus	N
amarantus	N
amarilloan	N
amarilloans	N
amaru	N
amaryllidaceae	N
amatis	N
amawalk	N
amazonia	N
amberg	N
amberlite	N
amberlites	N
amberson	N
ambia	N
amblyopsis	N
amblystoma	N
ambonese	N
amboy	N
amburgey	N
ambystoma	N
amd	N
ameagle	N
amelanchier	N
amenhotep	N
amenia	N
amerasian	N
amerasians	N
americanese	N
americanisations	N
americanises	N
americanisms	N
americanists	N
americanizations	N
americanizes	N
americanness	N
americannesses	N
americans	N
americas	N
americus	N
amerindians	N
amerinds	N
ameslan	N
amesville	N
ametabola	N
amex	N
amgen	N
amherstdale	N
amidon	N
amiret	N
amissville	N
amistad	N
amite	N
amlin	N
amma	N
amo	N
amoco	N
amonate	N
amorite	N
amorites	N
amparo	N
ampex	N
amphineura	N
amphipoda	N
amsterdammer	N
amsterdammers	N
amston	N
amtrak	N
amun	N
amway	N
amygdalus	N
amytals	N
anacardiaceae	N
anacin	N
anacoco	N
anafranil	N
anafranils	N
anahola	N
anahuac	N
analomink	N
anamoose	N
ananiases	N
anaprox	N
anaproxes	N
anasazis	N
anasco	N
anatolians	N
anatone	N
anawalt	N
anchorville	N
anco	N
ancram	N
ancramdale	N
andale	N
andalusians	N
andeans	N
andine	N
andorrans	N
andover	N
andretti	N
andrianampoinimerina	N
andronicus	N
andropov	N
aneta	N
aneth	N
angeles	N
angelia	N
angelou	N
angevine	N
angevines	N
angevins	N
angier	N
angiospermae	N
angleinlet	N
anglians	N
anglicanisms	N
anglicans	N
anglocentric	N
anglocentrism	N
anglocentrisms	N
anglocentrist	N
anglomanias	N
anglophilias	N
anglophilism	N
anglophilisms	N
anglophobias	N
anglophonic	N
angolan	N
angolans	N
anguillan	N
anguillans	N
anguillula	N
anguses	N
angwin	N
anhui	N
aniak	N
anibal	N
aniwa	N
anjous	N
ankole	N
ankoles	N
anmoore	N
annada	N
annamite	N
annamites	N
annandale	N
annarbor	N
annawan	N
annemanie	N
annenberg	N
annigoni	N
annmarie	N
annulata	N
anoka	N
anona	N
anonaceae	N
anoplura	N
anoura	N
ansafone	N
ansafones	N
anschauungen	N
anschlusses	N
ansonville	N
ansted	N
antabuses	N
antesfort	N
anthon	N
anthonomus	N
anthropocene	N
antiburgher	N
antichrists	N
antifa	N
antiguans	N
antilleans	N
antilope	N
antiochene	N
antiochenes	N
antiochians	N
antonchico	N
antonian	N
antonians	N
antonine	N
antonito	N
antron	N
antrons	N
antwan	N
anura	N
anvik	N
anza	N
anzacs	N
aol	N
aonian	N
apachean	N
apacheans	N
apalachin	N
apennine	N
aphaniptera	N
aphrodisian	N
apician	N
apison	N
aplington	N
apocynaceae	N
apocynum	N
apollinarian	N
apollinarianism	N
apollinian	N
apopka	N
appalachians	N
appendicularia	N
appling	N
aprils	N
apterygota	N
aptos	N
apulians	N
aquafresh	N
aquariuses	N
aquasco	N
aquashicola	N
aquebogue	N
aquifoliaceae	N
aquilla	N
aquilon	N
aquinists	N
aquino	N
aquitanian	N
aquitanians	N
aquone	N
arabi	N
arabians	N
arabicise	N
arabicises	N
arabis	N
arabism	N
arabisms	N
arabists	N
arabizations	N
arabs	N
araceli	N
arafura	N
aral	N
araldite	N
araliaceae	N
aramaean	N
aramaeans	N
aramaism	N
aramco	N
arameans	N
aramis	N
aranea	N
araneae	N
araneida	N
araucanians	N
araucans	N
arawakans	N
arbitron	N
arboles	N
arbon	N
arbovale	N
arbyrd	N
arcadianisms	N
arcadies	N
archaeornithes	N
archaeus	N
archbold	N
archcape	N
archegoniatae	N
archeus	N
archichlamydeae	N
arcola	N
arctiidae	N
arctogea	N
arctostaphylos	N
ardabil	N
ardara	N
ardea	N
ardenvoir	N
ardoch	N
arduino	N
aredale	N
arenaria	N
arendtsville	N
arenzville	N
areopagites	N
areopaguses	N
aretinian	N
argenta	N
argentinean	N
argentineans	N
argentinian	N
argentinians	N
argentino	N
argestes	N
argives	N
argolian	N
argonia	N
argusville	N
argylls	N
argyllshire	N
argyrols	N
arhus	N
arianise	N
arianised	N
arianises	N
arianising	N
arianisms	N
arianize	N
arianized	N
arianizes	N
arianizing	N
arians	N
aricas	N
arieses	N
arikara	N
arikaras	N
arimasp	N
arimaspian	N
arimo	N
aripeka	N
arispe	N
aristes	N
aristolochia	N
aristolochiaceae	N
aristotelean	N
aristoteleans	N
aristotelianisms	N
aristotelians	N
aristotelism	N
ariton	N
arivaca	N
arizonans	N
arizonians	N
arjay	N
arkabutla	N
arkansans	N
arkansaw	N
arkdale	N
arkoma	N
arkport	N
arkville	N
arlesian	N
arlesians	N
arlott	N
arma	N
armageddons	N
armalite	N
armani	N
armbrust	N
armenians	N
arminianisms	N
arminians	N
armona	N
armonk	N
armorel	N
armoric	N
armoricans	N
armorics	N
armuchee	N
arnaudville	N
arnaut	N
arneb	N
arnegard	N
arnett	N
arnoldian	N
arnoldsburg	N
arnoldsville	N
arnot	N
arock	N
aroda	N
arona	N
arouet	N
arpanet	N
arpin	N
arrey	N
arrington	N
arsacid	N
arsacids	N
artas	N
artaxerxes	N
artegal	N
artex	N
arthurdale	N
arthuriana	N
articulata	N
artiodactyla	N
aruban	N
arubans	N
arup	N
arvicola	N
arvilla	N
arvonia	N
aryanises	N
aryanizes	N
aryans	N
asama	N
asantes	N
ascaridae	N
ascella	N
ascendent	N
ascendents	N
asclepiadaceae	N
asclepiadic	N
asco	N
ascutney	N
ashantis	N
ashaway	N
ashburnham	N
asherton	N
ashfield	N
ashgabat	N
ashippun	N
ashkenazis	N
ashkenazy	N
ashkum	N
ashmole	N
ashmolean	N
ashmore	N
ashtaroth	N
ashuelot	N
ashura	N
ashville	N
ashwood	N
asiadollar	N
asiadollars	N
asiago	N
asiagos	N
asianization	N
asianizations	N
asians	N
asiaticism	N
asiatics	N
asimov	N
askey	N
askov	N
asmoday	N
asotin	N
aspell	N
aspermont	N
aspidiske	N
asplenium	N
assaria	N
assawoman	N
assiniboines	N
assonet	N
assyrians	N
assyriologies	N
assyriologists	N
astana	N
astatula	N
astrantia	N
astrex	N
astrexes	N
astroturf	N
astroturfs	N
asturians	N
atabrines	N
atacama	N
atalissa	N
atari	N
atascosa	N
atchafalaya	N
atco	N
aterian	N
atglen	N
athabasca	N
athabaskans	N
athanasians	N
athapascans	N
athelstane	N
athenians	N
atherinidae	N
athlone	N
ativan	N
ativans	N
atlantan	N
atlantans	N
atlanticism	N
atlanticisms	N
atlanticist	N
atlanticists	N
atlantosaurus	N
atlasburg	N
atropa	N
atsina	N
atsinas	N
attapulgus	N
atticus	N
attucks	N
auberry	N
auburndale	N
auburntown	N
aubussons	N
auchinleck	N
aucklander	N
aucklanders	N
audenesque	N
aufidius	N
aufklarungs	N
augres	N
augustans	N
augustinianisms	N
augustinians	N
augustinisms	N
augustuses	N
aulander	N
ault	N
aultman	N
aums	N
aumsville	N
aurangabad	N
aureomycins	N
ausonian	N
aussies	N
austell	N
austinburg	N
austins	N
austinville	N
australasians	N
australianisms	N
australians	N
australioid	N
australioids	N
australoids	N
australopithecinae	N
austrasian	N
austrasians	N
austrians	N
austric	N
austronesians	N
austwell	N
autaugaville	N
autrain	N
autryville	N
auxerre	N
auxier	N
auxvasse	N
avars	N
avawam	N
avella	N
avena	N
avenal	N
avenel	N
avestas	N
avestic	N
avicula	N
avicularia	N
aviculariidae	N
aviculidae	N
avinger	N
avior	N
aviston	N
avonmore	N
avs	N
awacs	N
axminster	N
axminsters	N
axson	N
axtel	N
axtell	N
axton	N
axumite	N
axumites	N
ayala	N
ayckbourn	N
ayden	N
aydlett	N
ayers	N
aykroyd	N
aylett	N
aymarans	N
aymaras	N
aynor	N
ayrshires	N
ayyubid	N
azalia	N
azande	N
azandes	N
azania	N
azanian	N
azanians	N
azcapotzalco	N
azerbaijanian	N
azerbaijanians	N
azerbaijanis	N
azeri	N
azeris	N
azobacter	N
azorean	N
azoreans	N
azorians	N
aztecs	N
aztlan	N
baalists	N
baalites	N
baath	N
baathism	N
baathisms	N
baathist	N
baathists	N
babbittism	N
babbitty	N
babee	N
babeeism	N
babees	N
babiism	N
babis	N
babisms	N
babists	N
babites	N
babycham	N
babygro	N
babygros	N
babylonians	N
babylons	N
bacall	N
bacardis	N
bache	N
bacillaceae	N
backus	N
bacliff	N
baconians	N
baconton	N
bacova	N
bactrians	N
badaxe	N
bader	N
badin	N
baeria	N
baghdadi	N
baghdadis	N
bagwell	N
bahais	N
bahaisms	N
bahaist	N
bahaists	N
bahama	N
bahaman	N
bahamanian	N
bahamanians	N
bahamans	N
bahamians	N
bahian	N
bahians	N
bahraini	N
bahrainis	N
bahrein	N
bahreini	N
bahreinis	N
bahutu	N
baidu	N
baileyton	N
baileyville	N
bains	N
bainville	N
bairams	N
bairdford	N
bairiki	N
bairoil	N
baisaki	N
baisden	N
bajadero	N
bajau	N
bajocian	N
bakerstown	N
bakersville	N
bakerton	N
bakewell	N
bakhtaran	N
bakongo	N
balanoglossus	N
balante	N
balantes	N
balanus	N
balcon	N
baldwins	N
baldwinville	N
baldwyn	N
balearic	N
balkanic	N
balkans	N
balko	N
ballantine	N
ballantyne	N
ballengee	N
ballentine	N
ballesteros	N
ballico	N
ballouville	N
ballycastle	N
ballymena	N
ballymoney	N
balmat	N
balmorhea	N
balsamina	N
balsaminaceae	N
balta	N
balthazars	N
balthus	N
baltimorean	N
baltimoreans	N
baltoslav	N
baltoslavic	N
baltoslavonic	N
balts	N
baluch	N
baluches	N
baluchitherium	N
balzacian	N
bambaras	N
banach	N
bananalander	N
bananalanders	N
banate	N
banbridge	N
bandana	N
bandera	N
bandon	N
bandytown	N
banffshire	N
bangall	N
bangladeshi	N
bangladeshis	N
banjarmasin	N
bankston	N
banneker	N
banquete	N
bantock	N
bantry	N
bantus	N
bantustans	N
baotou	N
baphomet	N
baptistown	N
barack	N
baraga	N
barataria	N
barbadians	N
barbadoes	N
barbarella	N
barbeau	N
barbera	N
barberville	N
barbizon	N
barbours	N
barboursville	N
barbudan	N
barbudans	N
barcelonan	N
barcelonans	N
barcelonese	N
barceloneta	N
barchester	N
barclaycard	N
barclaycards	N
barclays	N
barco	N
bardolino	N
bardolinos	N
bardolph	N
bardwell	N
bargersville	N
barham	N
barhamsville	N
barksdale	N
barmecides	N
barnabite	N
barnardsville	N
barnegat	N
barneston	N
barneveld	N
barnhart	N
barnsdall	N
barnstable	N
barnstaple	N
barnstead	N
barnumesque	N
barnwell	N
barolos	N
barotses	N
barrackville	N
barranquitas	N
barree	N
barrera	N
barronett	N
barryton	N
barrytown	N
barryville	N
barset	N
bartelso	N
barthes	N
barthians	N
bartholomewtide	N
bartlemy	N
bartletts	N
barto	N
bartokian	N
bartonsville	N
bartow	N
barwick	N
baryshnikov	N
basco	N
bascom	N
basehor	N
bashkirs	N
basilians	N
basinger	N
baskervilles	N
basom	N
basothos	N
bassanio	N
bassfield	N
basye	N
batavian	N
batavians	N
batchtown	N
batesburg	N
batesian	N
batesland	N
bathinettes	N
batson	N
battenberg	N
battleboro	N
battletown	N
batu	N
baudelairean	N
baudelairian	N
baudette	N
baudouin	N
baudrillard	N
bauhauses	N
baume	N
bausman	N
bavarians	N
bavon	N
bayamon	N
bayboro	N
baycol	N
baycols	N
bayes	N
bayesian	N
bayeux	N
bayfield	N
baykal	N
baylis	N
bayminette	N
bayougoula	N
baypines	N
bayshore	N
bayswater	N
bayview	N
baywatch	N
bazine	N
bbb	N
bealeton	N
beallsville	N
beals	N
beaman	N
bearden	N
beardmore	N
beardsleyesque	N
beardstown	N
bearnaise	N
bearsville	N
beason	N
beatlemania	N
beatriz	N
beattyville	N
beaumaris	N
beaverdale	N
beaverlett	N
beavertown	N
beaverville	N
beccaria	N
bechstein	N
bechtel	N
bechtelsville	N
beckemeyer	N
beckenbauer	N
beckettian	N
beckville	N
beckwith	N
bedias	N
bedlingtons	N
bedloe	N
bedminster	N
beechbottom	N
beeching	N
beechmont	N
beedeville	N
beefaroni	N
beeler	N
beemer	N
beethovenian	N
beeton	N
beetown	N
beeville	N
beggs	N
begoniaceae	N
beijing	N
beirne	N
beiruti	N
beirutis	N
beja	N
bejas	N
bejou	N
bekesy	N
belair	N
belalton	N
belarus	N
belarusan	N
belarusans	N
belarusian	N
belarusians	N
belarussian	N
belarussians	N
belau	N
belchertown	N
belcourt	N
beldenville	N
belem	N
belfair	N
belfield	N
belgians	N
belgorod	N
belgravians	N
belington	N
belizean	N
belizeans	N
belk	N
belknap	N
bellarthur	N
bellbrook	N
bellbuckle	N
bellechasse	N
bellemead	N
bellemina	N
belleplaine	N
bellerive	N
bellerose	N
bellevernon	N
belleview	N
bellinis	N
bellmont	N
bellmore	N
bellport	N
bellvale	N
bellville	N
bellvue	N
belone	N
belongers	N
belongership	N
belongerships	N
belonidae	N
belorussians	N
belsano	N
beltanes	N
belushi	N
belview	N
belvue	N
bembex	N
bembexes	N
bembix	N
bembixes	N
bement	N
benacerraf	N
benarnold	N
benaud	N
benavides	N
bendena	N
bendersville	N
bendictus	N
benedictines	N
benedictuses	N
benesh	N
benetton	N
benezett	N
bengalis	N
bengals	N
benham	N
benhur	N
benidorm	N
beninese	N
benkelman	N
benld	N
benlomond	N
bensalem	N
benthamism	N
benthamisms	N
benthamites	N
bentine	N
bentonia	N
bentree	N
benxi	N
benz	N
benzedrines	N
benzonia	N
beowawe	N
berberidaceae	N
berbers	N
berclair	N
beresford	N
bergholz	N
bergonian	N
bergonians	N
bergonism	N
bergonisms	N
bergoo	N
bergsonians	N
bergsonisms	N
bergton	N
berkeleianisms	N
berkeleians	N
berkeleyan	N
berkeleyans	N
berkeleyite	N
berkelian	N
berkelianism	N
berkelianisms	N
berkelians	N
berkelyan	N
berkelyans	N
berkey	N
berkhamsted	N
berkoff	N
berkshires	N
berle	N
berliners	N
berliozian	N
berlitz	N
bermudans	N
bermudians	N
bernanke	N
bernardette	N
bernardines	N
bernardston	N
bernardsville	N
bernays	N
bernbach	N
bernville	N
beroun	N
berra	N
berrysburg	N
berryton	N
berryville	N
bertelsmann	N
bertholletia	N
berwickshire	N
berwind	N
beskids	N
bessarabians	N
bessies	N
betamax	N
betamaxes	N
betelgeux	N
bethania	N
bethanna	N
bethera	N
bethpage	N
bethune	N
bettendorf	N
bettie	N
bettsville	N
bettye	N
betula	N
betulaceae	N
beulaville	N
bevier	N
bevington	N
bevinsville	N
bexar	N
bexhill	N
bharati	N
biafrans	N
bibbies	N
bibby	N
bic	N
bickleton	N
bickmore	N
biden	N
bidwell	N
bieber	N
biedermeyer	N
biggles	N
bignoniaceae	N
bigquery	N
biharis	N
bikinian	N
bikinians	N
biko	N
billerica	N
billingsley	N
biloxis	N
bimana	N
bimble	N
bimini	N
biminis	N
binford	N
binghamton	N
binis	N
bioko	N
biola	N
bippus	N
birchdale	N
birchers	N
birchisms	N
birchist	N
birchists	N
birchites	N
birchleaf	N
birchrunville	N
birchtree	N
birchwood	N
birdeye	N
birdinhand	N
birkenstock	N
birkenstocks	N
birman	N
birmans	N
birminghamise	N
birminghamize	N
birnamwood	N
birney	N
birome	N
birtwistle	N
biscayan	N
biscayans	N
biscayne	N
biscoe	N
bishkek	N
bisley	N
bismark	N
bisquick	N
bisto	N
bitely	N
bithynians	N
bittinger	N
bittorrent	N
biwabik	N
bixa	N
bixaceae	N
bjerknes	N
blachly	N
blackduck	N
blackey	N
blackfeet	N
blackford	N
blackfriars	N
blackhawk	N
blackheath	N
blacklick	N
blackshear	N
blackshirts	N
blacksville	N
blackville	N
bladen	N
bladenboro	N
blairism	N
blairite	N
blairites	N
blairs	N
blairsburg	N
blairsden	N
blairstown	N
blaisdell	N
blakean	N
blakesburg	N
blakeslee	N
blakey	N
blanchflower	N
blandburg	N
blandford	N
blandinsville	N
blandon	N
blandville	N
blanford	N
blastoidea	N
blatz	N
blauvelt	N
blawenburg	N
bleiblerville	N
blencoe	N
blenker	N
blevins	N
blixen	N
blocksburg	N
blockton	N
blomkest	N
blondin	N
bloomburg	N
bloomdale	N
bloomingburg	N
bloomingrose	N
bloomsburg	N
bloomsdale	N
bloomville	N
blossburg	N
blossvale	N
blountstown	N
blountsville	N
blountville	N
bloxom	N
blu	N
blueeye	N
bluehole	N
bluejay	N
bluemont	N
bluetooth	N
bluewater	N
bluffdale	N
bluford	N
blunden	N
blunkett	N
blut	N
bly	N
blythedale	N
blythewood	N
blyton	N
bmw	N
boalsburg	N
boasian	N
bobadil	N
bobbitt	N
bobtown	N
bodfish	N
bodonis	N
boeing	N
boelus	N
boeotians	N
boerne	N
boers	N
bogard	N
bogata	N
boggstown	N
bognor	N
bogomile	N
bogomiles	N
bogomils	N
boguechitto	N
boiceville	N
boisdarc	N
boissevain	N
bojangles	N
bokchito	N
bokeelia	N
bokharans	N
bokoshe	N
bolckow	N
boley	N
boligee	N
bolinas	N
boling	N
bolinger	N
bolivians	N
bollywood	N
bolognan	N
bolognans	N
bolshevizations	N
bolshoi	N
bombacaceae	N
bombays	N
bombycidae	N
bomont	N
bomoseen	N
bonair	N
bonapartisms	N
bonapartists	N
bonaqua	N
boncarbo	N
bondsville	N
bonduel	N
bondurant	N
bondville	N
bonesteel	N
boneville	N
bonfield	N
bonifay	N
bonlee	N
bonnerdale	N
bonneterre	N
bonneville	N
bonnieville	N
bonnyman	N
bono	N
bonsall	N
bonsecour	N
bonwier	N
boonsboro	N
boothville	N
boqueron	N
boraginaceae	N
borazons	N
bordelonville	N
bordon	N
bordulac	N
borgesian	N
borlaug	N
borneans	N
borobudur	N
borup	N
bosc	N
boscs	N
bosler	N
bosnians	N
bosphorus	N
bosporian	N
bostic	N
bostonians	N
bostwick	N
boswellians	N
boswellise	N
boswellised	N
boswellises	N
boswellising	N
boswellizes	N
boswells	N
bosworth	N
botham	N
bothell	N
bothnians	N
botkins	N
botox	N
botswanan	N
botswanans	N
bouckville	N
boudain	N
boudains	N
boundbrook	N
bourignian	N
bourneville	N
boutte	N
bovard	N
bovary	N
bovey	N
bovidae	N
bovina	N
bowbells	N
bowdle	N
bowdler	N
bowdoinham	N
bowdon	N
bowerston	N
bowersville	N
bowlus	N
bowmansdale	N
bowmanstown	N
bowmansville	N
boxelder	N
boxford	N
boxholm	N
boyceville	N
boyds	N
boydton	N
boyers	N
boykin	N
boystown	N
bozman	N
bozoo	N
bozrah	N
brabantio	N
brabham	N
braceville	N
bracey	N
brachiopoda	N
brachyura	N
brackettville	N
brackney	N
bradburys	N
braddock	N
braddyville	N
bradenville	N
bradleian	N
bradleyan	N
bradleyville	N
bradner	N
bradyville	N
braemar	N
braggs	N
braham	N
brahmagupta	N
brahmanisms	N
brahmanists	N
brahminee	N
braidism	N
braidwood	N
braine	N
braithwaite	N
braman	N
bramleys	N
brampton	N
branagh	N
branchdale	N
branchiopoda	N
branchland	N
branchport	N
branchton	N
branchville	N
brandamore	N
brandenburgers	N
brandonville	N
brandsville	N
branford	N
branson	N
brantingham	N
brantwood	N
braselton	N
brasenose	N
brashear	N
brasilia	N
brasstown	N
braveheart	N
braxton	N
braymer	N
brayton	N
brazeau	N
brazilians	N
brazoria	N
breakspear	N
brechtian	N
brechtians	N
brecknock	N
breeden	N
breedsville	N
breese	N
breesport	N
breezewood	N
breinigsville	N
bremner	N
bremond	N
brentford	N
bretwalda	N
bretz	N
brewerton	N
brexit	N
breyer	N
brezonek	N
brianhead	N
bricelyn	N
briceville	N
brickeys	N
brideshead	N
bridgehampton	N
bridgeland	N
bridger	N
bridgerama	N
bridgett	N
bridgton	N
bridport	N
brierfield	N
brigadoon	N
brigadoons	N
briggsdale	N
briggsville	N
brightwood	N
brillion	N
brillouin	N
brimfield	N
brimhall	N
brimley	N
brimson	N
brinklow	N
brinktown	N
brinnon	N
brinsmade	N
brisbin	N
bristolian	N
bristolians	N
bristolville	N
britannica	N
briticisms	N
britishers	N
britishisms	N
britishnesses	N
britomart	N
britoness	N
britons	N
britpop	N
brittanies	N
brittanys	N
brixes	N
brixey	N
broadalbin	N
broadbrook	N
broaddus	N
broadford	N
broadlands	N
broadrun	N
broadus	N
broadwater	N
broadwayites	N
broadwell	N
brobdignag	N
brobdignagian	N
brobdingnagians	N
brocton	N
brodhead	N
brodnax	N
brohard	N
brohman	N
brokaw	N
brokenbow	N
bromeliaceae	N
bronaugh	N
bronston	N
bronte	N
bronwood	N
bronxites	N
brookdale	N
brookeland	N
brooker	N
brookesmith	N
brookeville	N
brookland	N
brooklin	N
brooklynites	N
brookneal	N
brookport	N
brookshire	N
brookside	N
brookston	N
brookton	N
brooktondale	N
brookview	N
brookwood	N
broomall	N
broomfield	N
brooten	N
broseley	N
brosnan	N
broughton	N
broussard	N
browder	N
browerville	N
brownian	N
brownism	N
brownist	N
brownlee	N
brownlow	N
brownsboro	N
brownsdale	N
brownstown	N
brownton	N
browntown	N
brownville	N
broxton	N
bruceton	N
brucetown	N
bruceville	N
bruchidae	N
brucknerian	N
bruegel	N
bruington	N
brules	N
brum	N
brumley	N
brummel	N
brummies	N
bruneau	N
bruneian	N
bruneians	N
brunonian	N
brunson	N
brunsville	N
brusett	N
brushton	N
brusly	N
bruxellois	N
bryantown	N
bryantsville	N
bryantville	N
bryceland	N
bryceville	N
brylcreem	N
brynathyn	N
brynmawr	N
brynner	N
bryophyta	N
bryson	N
brythons	N
brzezinski	N
buccinum	N
buchtel	N
buchwald	N
buckatunna	N
buckeystown	N
buckfield	N
buckhead	N
buckholts	N
buckland	N
bucklin	N
buckman	N
bucksport	N
bucoda	N
bucyrus	N
buda	N
buddhahoods	N
buddhisms	N
buddhists	N
bude	N
budweiser	N
bueche	N
buellton	N
bueyeros	N
buffalonian	N
buffalonians	N
bugatti	N
bugzilla	N
buick	N
bukharan	N
bukharans	N
bula	N
bulan	N
bulgari	N
bulgarians	N
bulgaric	N
bullshoals	N
bullville	N
bullwinkle	N
bulpitt	N
bultmannian	N
bumbry	N
bumppo	N
bunbury	N
bunburying	N
bunceton	N
bundesbank	N
bundesrath	N
bundesraths	N
bundesrats	N
bundestags	N
bungay	N
bunkerville	N
bunnell	N
bunola	N
bunsens	N
buphaga	N
buprestidae	N
buprestis	N
burchard	N
burdette	N
burdick	N
burdine	N
burfordville	N
burgaw	N
burgettstown	N
burgin	N
burgoon	N
burgundians	N
burkean	N
burkesville	N
burket	N
burkett	N
burkettsville	N
burkeville	N
burkian	N
burkittsville	N
burks	N
burkville	N
burleson	N
burlingham	N
burlison	N
burna	N
burnettsville	N
burneyville	N
burnips	N
burnsian	N
burnsville	N
burntcorn	N
burnwell	N
bursch	N
burschenism	N
burseraceae	N
burson	N
burtonsville	N
burtrum	N
burundian	N
burundians	N
buryats	N
bushkill	N
bushton	N
bushwood	N
butazolidin	N
butazolidins	N
butea	N
butlerville	N
butlin	N
butner	N
buttonwillow	N
buttzville	N
buzfuz	N
byars	N
byatt	N
bybee	N
byelorussians	N
byesville	N
byfield	N
bygraves	N
byhalia	N
bylas	N
bynum	N
bypro	N
byrdstown	N
byrnedale	N
byromville	N
byronism	N
byzantines	N
byzantinist	N
byzantinists	N
cabazon	N
cabbalah	N
cabery	N
cabirian	N
cabiric	N
cabool	N
caborojo	N
cactaceae	N
cadbury	N
caddo	N
caddos	N
cadettes	N
cadillacs	N
cadmean	N
cadogan	N
cadott	N
cadwalader	N
cadwell	N
cadyville	N
caesalpinia	N
caesalpiniaceae	N
caesarisms	N
caesaristic	N
caesarists	N
caesarship	N
caffre	N
cahokia	N
cahone	N
cahuilla	N
cahuillas	N
cainsville	N
cairenes	N
cairnbrook	N
calabasas	N
calabrians	N
calcuttan	N
calcuttans	N
caledonians	N
calera	N
calgarian	N
calgarians	N
calgon	N
calgons	N
calhan	N
caliente	N
califon	N
californians	N
californio	N
californios	N
caligulism	N
calinago	N
calinagos	N
calio	N
calion	N
calistoga	N
calixtin	N
callands	N
callanetics	N
callaway	N
callender	N
callensburg	N
callicarpa	N
callicoon	N
calliham	N
callistemon	N
callitrichaceae	N
callitriche	N
calluna	N
calmar	N
calmuck	N
caloocan	N
calusa	N
calusas	N
calverton	N
calvinisms	N
calvinists	N
calycanthaceae	N
calydonians	N
camaguey	N
camak	N
camaldolese	N
camaldolite	N
camanche	N
camargo	N
camargue	N
camarillo	N
cambodians	N
cambra	N
cambrians	N
cambridgeport	N
camby	N
camdenton	N
camelidae	N
camelotian	N
camelots	N
camemberts	N
cameroonian	N
cameroonians	N
camiguin	N
camillus	N
cammal	N
camoes	N
camorrisms	N
camorrist	N
camorrists	N
campanella	N
campanians	N
campanulaceae	N
campanularia	N
campari	N
camparis	N
campbellites	N
campbellsburg	N
campbellton	N
campbelltown	N
campodea	N
campodeidae	N
campti	N
campton	N
camptonite	N
camptonville	N
camptown	N
campwood	N
camry	N
camulodunum	N
camuy	N
canaanites	N
canadarm	N
canadarms	N
canadensis	N
canadianisms	N
canadians	N
canadys	N
canajan	N
canalou	N
canarians	N
canaseraga	N
cancerian	N
cancerians	N
cancun	N
candiote	N
candiotes	N
candiots	N
candlemases	N
cando	N
candomble	N
candombles	N
caneadea	N
canellaceae	N
caneyville	N
canidae	N
canis	N
canistota	N
canjilon	N
canmer	N
cannelburg	N
cannelton	N
cannonsburg	N
cannonville	N
canones	N
canonsburg	N
canovanas	N
cantabrigians	N
cantabs	N
canteloube	N
cantil	N
cantona	N
cantrall	N
cantrell	N
cantril	N
cantuarian	N
canutillo	N
canyonville	N
capac	N
capefair	N
capels	N
capemay	N
capeneddick	N
capernaite	N
capernaitic	N
capetians	N
capetonians	N
capetown	N
capeville	N
capistrano	N
capitola	N
cappadocians	N
capparidaceae	N
capparis	N
capra	N
capraesque	N
capricornian	N
capricornians	N
capricornis	N
capricorns	N
capricornuses	N
caprifoliaceae	N
capriotes	N
capron	N
capshaw	N
captaincook	N
captiva	N
capulets	N
capulin	N
caputa	N
carabidae	N
carabus	N
caradoc	N
carangidae	N
caranx	N
caratacus	N
caratunk	N
caravaggesque	N
carboncliff	N
carborundums	N
cardale	N
cardenas	N
cardington	N
cardville	N
carencro	N
caretta	N
careywood	N
carians	N
cariban	N
caribans	N
caribbeans	N
carica	N
caricaceae	N
carinthians	N
carland	N
carlisms	N
carlists	N
carlovingians	N
carlsborg	N
carlylean	N
carlylese	N
carlylesque	N
carlylism	N
carmelites	N
carmichaels	N
carne	N
carnesville	N
carniolans	N
caroleen	N
carolinas	N
carolingians	N
carolinians	N
carona	N
carpathian	N
carpathians	N
carrabelle	N
carrarans	N
carrboro	N
carreras	N
carrickfergus	N
carriere	N
carrizozo	N
carrollian	N
carrolls	N
carrolltown	N
carrothers	N
carrsville	N
carsonville	N
cartersburg	N
cartesianisms	N
cartesians	N
carthaginians	N
carthusians	N
cartland	N
caruthers	N
carversville	N
carville	N
caryocar	N
caryocaraceae	N
caryophyllaceae	N
caryville	N
casanovas	N
casca	N
cascilla	N
caseville	N
caseyville	N
cashion	N
cashton	N
cashtown	N
casio	N
casmalia	N
casnovia	N
cason	N
cassadaga	N
cassandras	N
casscoe	N
cassegrain	N
cassegrainian	N
casselberry	N
casselton	N
cassio	N
cassoday	N
casson	N
cassopolis	N
casstown	N
cassville	N
castana	N
castanea	N
castaneda	N
castanospermum	N
castell	N
castella	N
castiles	N
castilians	N
castine	N
castleberry	N
castledale	N
castleton	N
castlewood	N
castorland	N
castroism	N
castroisms	N
castroist	N
castroists	N
castroite	N
castroites	N
castroville	N
casuarinaceae	N
cataian	N
catalans	N
catalina	N
catalonians	N
catanduanes	N
catano	N
catapres	N
catapreses	N
cataula	N
cataumet	N
catawissa	N
catharisms	N
catharist	N
catharists	N
catharpin	N
cathars	N
cathayan	N
cathlamet	N
catholicisms	N
catlett	N
catonian	N
catoosa	N
catron	N
catskills	N
cattaraugus	N
catterick	N
caucasians	N
caucasic	N
caucasoids	N
caulfield	N
cauthornville	N
cavalcanti	N
cavetown	N
cavicornia	N
cawood	N
caymanian	N
caymanians	N
cayucos	N
cayuta	N
cazadero	N
cebidae	N
cebolla	N
cebu	N
cebuano	N
cebus	N
cecilton	N
ceclor	N
ceclors	N
cedarbrook	N
cedarcrest	N
cedaredge	N
cedarkey	N
cedarlane	N
cedarvale	N
cedarville	N
cedrela	N
ceefax	N
ceevee	N
celgene	N
cellnet	N
celoron	N
celsiuses	N
celtiberians	N
celticisms	N
celticists	N
celtics	N
cementon	N
centrahoma	N
centrehall	N
centreville	N
centrex	N
centrexes	N
centuria	N
cephalaspis	N
cephalochorda	N
cerastium	N
ceratosaurus	N
cercopithecus	N
ceredo	N
ceresco	N
cerinthian	N
cerrillos	N
cerritos	N
cerro	N
cerrogordo	N
cessna	N
cestracion	N
cewa	N
cewas	N
cezanne	N
cezannesque	N
chacon	N
chadbourn	N
chaddsford	N
chadian	N
chadians	N
chadwicks	N
chaetodontidae	N
chaetopoda	N
chagos	N
chaitanya	N
chaitin	N
chalcedonians	N
chalcidian	N
chalcidians	N
chaldaean	N
chaldaeans	N
chaldaics	N
chaldeans	N
chaldees	N
chaldeic	N
chalfont	N
chalmette	N
chalybean	N
chama	N
chamaerops	N
chamberino	N
chambersville	N
chamizal	N
champlin	N
chana	N
chandlerville	N
chandon	N
chandrasekhar	N
changewater	N
chanhassen	N
channahon	N
chantillies	N
chanukkah	N
chanute	N
chaplinesque	N
chapmansboro	N
chapmanville	N
chappaqua	N
chappaquiddick	N
chappells	N
chaptico	N
characeae	N
characinidae	N
charadriidae	N
charadrius	N
charbray	N
charentais	N
charenton	N
charlemont	N
charlestoned	N
charlestonian	N
charlestonians	N
charlestoning	N
charlestons	N
charlo	N
charmco	N
charmin	N
charolais	N
charolaise	N
charolaises	N
charonic	N
chartisms	N
chartley	N
chartwell	N
chaseburg	N
chaseley	N
chasidisms	N
chasity	N
chassell	N
chassid	N
chassidic	N
chassidim	N
chassidism	N
chassidisms	N
chataignier	N
chatawa	N
chateaugay	N
chatfield	N
chatom	N
chatsworth	N
chattaroy	N
chatterley	N
chaucerians	N
chaucerism	N
chautauquan	N
chautauquans	N
chavies	N
chazy	N
chebanse	N
chechens	N
chechnya	N
chechnyan	N
chechnyans	N
checkhovian	N
cheetos	N
cheever	N
chefornak	N
cheiroptera	N
cheirotherium	N
chekov	N
chekovian	N
chelan	N
chelifer	N
chellian	N
chelonia	N
chemult	N
chemung	N
cheneyville	N
chengchou	N
chengdu	N
chennai	N
chenoa	N
chenopodiaceae	N
chenopodium	N
chepachet	N
chepstow	N
cherepovets	N
cheriton	N
cherkess	N
cherkesses	N
chernenko	N
chernobyl	N
chernomyrdin	N
cherokees	N
cherryfield	N
cherrylog	N
cherrytree	N
cherwell	N
cheshvans	N
chesnee	N
chesterland	N
chestertonian	N
chesterville	N
cheswold	N
chetek	N
chetopa	N
chetumal	N
chevak	N
chevrolet	N
chevrolets	N
chewalla	N
chewas	N
chewelah	N
chewsville	N
cheyennes	N
chiai	N
chianina	N
chianinas	N
chians	N
chibchans	N
chibemba	N
chibembas	N
chicagoans	N
chiclets	N
chicora	N
chicota	N
chidester	N
chiefland	N
chignik	N
chilcoot	N
childermases	N
childwold	N
chileans	N
chilhowee	N
chilhowie	N
chilmark	N
chilo	N
chilognatha	N
chilopoda	N
chiloquin	N
chiltern	N
chimacum	N
chimaeras	N
chimaeridae	N
chimayo	N
chimonanthus	N
chinatowns	N
chincoteague	N
chindits	N
chinle	N
chipewayan	N
chipewayans	N
chipewyans	N
chippendales	N
chireno	N
chiricahua	N
chiricahuas	N
chironomidae	N
chironomus	N
chisanbop	N
chisanbops	N
chisinau	N
chitina	N
chittenden	N
chivas	N
chivington	N
chlamydomonas	N
chloromycetins	N
chlorophyceae	N
choccolocco	N
chocorua	N
chocowinity	N
chokio	N
chokoloskee	N
cholame	N
chomskian	N
chomskyan	N
chomskyans	N
chondrostei	N
chongqing	N
chopra	N
choteau	N
choudrant	N
chouteau	N
chriesman	N
chrisney	N
christendoms	N
christer	N
christers	N
christhoods	N
christianisations	N
christianisers	N
christianises	N
christianizations	N
christianizers	N
christianizes	N
christianness	N
christians	N
christiansted	N
christingle	N
christingles	N
christlikeness	N
christlikenesses	N
christlinesses	N
christmases	N
christmassy	N
christmastides	N
christmastime	N
christmastimes	N
christmasy	N
christograms	N
christolatry	N
christologists	N
christoval	N
christs	N
chromebook	N
chromebooks	N
chrononhotonthologos	N
chryslers	N
chualar	N
chuckey	N
chugiak	N
chugwater	N
chula	N
chumashes	N
chunchula	N
churchillian	N
churchton	N
churchville	N
churdan	N
churriguera	N
churubusco	N
chuvashes	N
chuvashi	N
chuzzlewit	N
ciales	N
cibolo	N
ciboney	N
ciboneyes	N
ciboneys	N
ciceronic	N
cichorium	N
cicindela	N
cicindelidae	N
cidra	N
cilicians	N
cimicidae	N
cimmerians	N
cincinnatian	N
cincinnatians	N
cinderellas	N
cinebar	N
cipro	N
cipros	N
circaea	N
circassians	N
circleville	N
cirripedia	N
ciskeian	N
ciskeians	N
cisleithan	N
cisne	N
cistaceae	N
cistercians	N
citibank	N
citigroup	N
citra	N
citroen	N
citronelle	N
civitan	N
civitans	N
clackamas	N
clackmannanshire	N
clactonians	N
claflin	N
clairfield	N
clairol	N
clapeyron	N
clarcona	N
clarencieux	N
clarington	N
clarkdale	N
clarkedale	N
clarkesville	N
clarkfield	N
clarks	N
clarksboro	N
clarkton	N
claryville	N
clatonia	N
clatskanie	N
claudville	N
claunch	N
clausewitzian	N
claverack	N
clavicornia	N
clayhanger	N
clayhole	N
claymations	N
claymont	N
claysburg	N
claysville	N
claytonville	N
clayville	N
clearasil	N
clearbrook	N
clearmont	N
clearview	N
clearville	N
cleaton	N
cleelum	N
cleese	N
cleghorn	N
clemmons	N
clemons	N
clemson	N
clendenin	N
clerkenwell	N
clevelander	N
clevelanders	N
cleverdale	N
cliburn	N
cliffwood	N
clinchco	N
clinchfield	N
clintondale	N
clintwood	N
clios	N
clitherall	N
cliveden	N
clockville	N
clojure	N
clomid	N
clomids	N
clonmel	N
clontarf	N
clopton	N
clorets	N
clorox	N
closplint	N
cloudcroft	N
clouseau	N
cloutierville	N
clovelly	N
cloverport	N
clubb	N
clune	N
cluniac	N
clupea	N
clupeidae	N
clusiaceae	N
clutier	N
clydes	N
clydesdales	N
clydeside	N
clydesider	N
clyman	N
clyo	N
clytaemnestra	N
cnicus	N
coahoma	N
coalgood	N
coalite	N
coalmont	N
coalton	N
coalville	N
coalwood	N
coamo	N
coarsegold	N
coatesville	N
coatsburg	N
coatsville	N
cobain	N
cobbtown	N
cobdenism	N
cobdenite	N
cobdenites	N
coburn	N
cocaigne	N
coccidae	N
cocculus	N
cochecton	N
cochlearia	N
cochranton	N
cochranville	N
cockerell	N
cockeysville	N
cocolalla	N
cocolamus	N
codell	N
codorus	N
coeburn	N
coello	N
coetzee	N
coeymans	N
coffeen	N
coffeeville	N
cofield	N
coggon	N
cohagen	N
cohasset	N
cohoctah	N
cohocton	N
cohutta	N
coila	N
coinjock	N
cointreaus	N
cokato	N
cokeburg	N
cokedale	N
cokeville	N
colbertine	N
colchian	N
colchians	N
colcord	N
coldbrook	N
colden	N
colditz	N
colebrook	N
colerain	N
coleraine	N
coleridgean	N
colesburg	N
coleta	N
colgate	N
collbran	N
collembola	N
collettsville	N
colleyville	N
colliersville	N
collierville	N
collinston	N
collinwood	N
collison	N
colmesneil	N
colocasia	N
coloma	N
colombians	N
colome	N
colona	N
colophonians	N
colora	N
coloradans	N
coloradoans	N
colquitt	N
colrain	N
colstrip	N
colubridae	N
columbians	N
columbiaville	N
colwich	N
comanches	N
combretaceae	N
comerio	N
comins	N
commelina	N
commelinaceae	N
commiphora	N
commiskey	N
comneni	N
comoran	N
comorian	N
comoro	N
comoros	N
compaq	N
compazines	N
compositae	N
comptche	N
compuserve	N
comsats	N
comsomol	N
comstockian	N
comtean	N
comtisms	N
comtists	N
conasauga	N
conaway	N
concan	N
concertgebouw	N
concetta	N
conches	N
concho	N
conconully	N
concordes	N
concordville	N
conda	N
conde	N
conehatta	N
conejos	N
conestee	N
conestoga	N
conestogas	N
conesus	N
conesville	N
conetoe	N
confucianisms	N
confucianists	N
confucians	N
congerville	N
congoese	N
coniferae	N
coniston	N
conjugatae	N
conneaut	N
conneautville	N
connemaras	N
connersville	N
connerville	N
connery	N
conor	N
conowingo	N
conradian	N
conrail	N
conran	N
conrath	N
conshohocken	N
constantinopolitan	N
contoocook	N
contreras	N
convallaria	N
converso	N
conversos	N
convolvulaceae	N
conwy	N
conyngham	N
cooksburg	N
cookson	N
cookstown	N
cooksville	N
cookville	N
cooleemee	N
coolin	N
coolville	N
coopersburg	N
coopersville	N
coors	N
coosa	N
coosada	N
copacabana	N
copake	N
copan	N
copemish	N
copenhagener	N
copenhageners	N
copepoda	N
copernicanism	N
copernicanisms	N
copernicans	N
copeville	N
cophetua	N
coplay	N
coppell	N
copperfield	N
copperopolis	N
coppertone	N
copts	N
corallian	N
coralville	N
corapeake	N
corbetts	N
corbettsville	N
corchorus	N
corcyraeans	N
cordaitaceae	N
cordaites	N
cordele	N
cordesville	N
cordoban	N
cordobans	N
corea	N
coregonus	N
corfiot	N
corfiote	N
corfiotes	N
corfiots	N
coriolis	N
corleone	N
cornaceae	N
cornersville	N
cornettsville	N
cornhill	N
cornishes	N
cornishwoman	N
cornishwomen	N
cornlea	N
cornville	N
cornwallville	N
corolliflorae	N
corozal	N
corrales	N
correll	N
corriedales	N
corrigan	N
corriganville	N
corrodentia	N
corryton	N
corsicans	N
cortaderia	N
cortaro	N
cortemadera	N
corteses	N
cortlands	N
corton	N
corvidae	N
corvinae	N
corwith	N
corybantian	N
corylus	N
corypha	N
cosby	N
coscob	N
coshocton	N
cosmolines	N
cosmosdb	N
cossayuna	N
costco	N
costigan	N
costilla	N
costner	N
cotati	N
cotesfield	N
cotingidae	N
cotolaurel	N
cottageville	N
cottekill	N
cottleville	N
cottondale	N
cottonport	N
cottonton	N
cottontown	N
cotuit	N
cotylophora	N
couderay	N
coulterville	N
counce	N
coupeville	N
coupland	N
courtauld	N
courtois	N
coushatta	N
covel	N
covelo	N
covena	N
coventries	N
covesville	N
cowanesque	N
cowansville	N
cowarts	N
cowdrey	N
coweta	N
cowgill	N
cowiche	N
cowlesville	N
cowpens	N
coyanosa	N
coyville	N
cozumel	N
craborchard	N
crabtree	N
craddockville	N
craftsbury	N
cragford	N
cragsmoor	N
craigmont	N
craigsville	N
craigville	N
craley	N
cranbury	N
crandon	N
cranesville	N
crapo	N
craryville	N
crassulaceae	N
crataegus	N
craterellus	N
crawfordville	N
crax	N
crayne	N
craynor	N
crecy	N
creede	N
creedmoor	N
cremonese	N
creola	N
cresbard	N
cressey	N
cresson	N
cressona	N
crestone	N
crestwood	N
creswell	N
cretans	N
cricetus	N
criders	N
crimora	N
cripplegate	N
crisco	N
crittenden	N
critz	N
crivitz	N
croatians	N
croats	N
crocheron	N
crocketville	N
crocodilia	N
crocodilus	N
croesi	N
croghan	N
cromona	N
cronkite	N
cropsey	N
cropseyville	N
cropwell	N
crosbyton	N
crossman	N
crossnore	N
crossopterygii	N
crosswicks	N
croswell	N
crotalidae	N
crotalus	N
crothersville	N
crouseville	N
crowheart	N
crownsville	N
crowville	N
crozet	N
cruciferae	N
cruft	N
cruger	N
crumpler	N
crumpton	N
crumrod	N
cruzan	N
cruzans	N
cryptogamia	N
csonka	N
css	N
cthulhu	N
cubans	N
cubero	N
cubrun	N
cuchillo	N
cucurbitaceae	N
cucuta	N
cuervo	N
cuisenaire	N
cuisenaires	N
cuisinart	N
cuisinarts	N
culdesac	N
culebra	N
culham	N
culiacan	N
culicidae	N
culleoka	N
cullom	N
cullowhee	N
cumanagoto	N
cumanagotos	N
cumbola	N
cumbrian	N
cumbrians	N
cumby	N
cummaquid	N
cummington	N
cuna	N
cunard	N
cunas	N
cundiff	N
cuney	N
cupar	N
cupressus	N
cupuliferae	N
curacaos	N
curdsville	N
curllsville	N
currituck	N
curryville	N
curtisville	N
cushite	N
cushites	N
cusseta	N
custar	N
cutchogue	N
cutshin	N
cuttingsville	N
cutuno	N
cuyama	N
cuzzart	N
cvs	N
cyanophyceae	N
cyathea	N
cyatheaceae	N
cyathophyllum	N
cyclanthaceae	N
cyclospora	N
cyclosporas	N
cyclostomata	N
cymru	N
cynipidae	N
cynips	N
cynocephalus	N
cynosurus	N
cynwyd	N
cyperaceae	N
cyperus	N
cypressinn	N
cyprinidae	N
cyprinus	N
cypriots	N
cyrenaican	N
cyrenaicans	N
cyrenaicism	N
cyrenaicisms	N
cyrenaics	N
cyrenian	N
cyrenians	N
cystoidea	N
czechia	N
czechic	N
czechish	N
czechoslovakians	N
czechoslovaks	N
czechs	N
czestochowa	N
dabneys	N
dabolt	N
dacian	N
dacians	N
dacoma	N
dacono	N
dactylis	N
dacula	N
dadd	N
dafydd	N
dagestani	N
dagestanis	N
dagsboro	N
dagusmines	N
dahinda	N
dahomans	N
dahomean	N
dahomeans	N
dahomeyan	N
dahomeyans	N
dai	N
daimler	N
daisetta	N
daisytown	N
dakotans	N
dakotas	N
dalai	N
dalbo	N
dalecarlian	N
dalek	N
daleks	N
daleville	N
dalglish	N
dalian	N
daliesque	N
dallardsville	N
dallasite	N
dallasites	N
dalmane	N
dalmanes	N
dalradian	N
damariscotta	N
dameron	N
damion	N
danaan	N
danaid	N
danboro	N
danciger	N
danelagh	N
danes	N
danese	N
danevang	N
dangerfield	N
danial	N
danielsville	N
danites	N
dankworth	N
danone	N
dansker	N
danskers	N
danteans	N
dantescan	N
dantist	N
dantophilist	N
daoism	N
daoisms	N
daoist	N
daoistic	N
daoists	N
dardanelle	N
dardanian	N
dardanians	N
dardans	N
darden	N
darjeelings	N
darlingtonia	N
darold	N
darragh	N
darrington	N
darrouzett	N
darth	N
darvons	N
darwinians	N
darwinisms	N
darwinists	N
dasipodidae	N
dassel	N
dasypus	N
dasyuridae	N
dasyurus	N
datapost	N
datel	N
datil	N
datsun	N
datsuns	N
datuks	N
davant	N
daventry	N
davids	N
davidsonville	N
davidsville	N
davilla	N
davisboro	N
davisburg	N
daviston	N
davisville	N
davos	N
dawmont	N
dawsonville	N
dayhoit	N
daykin	N
dayville	N
dazey	N
deale	N
deandre	N
deann	N
deansboro	N
deanville	N
dearing	N
dearmanville	N
deatsville	N
deaver	N
debary	N
debeque	N
deberry	N
debian	N
debord	N
debouillet	N
debrett	N
decagynia	N
decameron	N
decandria	N
decapoda	N
decaturville	N
decemberish	N
decemberly	N
decembers	N
decembrists	N
decherd	N
deckerville	N
declo	N
dedlock	N
deedsville	N
deerbrook	N
deerfield	N
deersville	N
deerton	N
deerwood	N
deeth	N
deferiet	N
deford	N
degeneres	N
degraff	N
dehue	N
deighton	N
deinoceras	N
deinornis	N
deinotherium	N
dejesus	N
dekabrist	N
dekalb	N
delacruz	N
delafield	N
delancey	N
delanson	N
delaplaine	N
delaplane	N
delawareans	N
delawares	N
delbarton	N
delcambre	N
delco	N
deleon	N
delevan	N
delians	N
deliciouses	N
delilahs	N
delillo	N
deller	N
dellroy	N
dellslow	N
delmarva	N
delmita	N
delmonico	N
delmonicos	N
delmont	N
delnorte	N
deloit	N
delong	N
delors	N
delphia	N
delphinidae	N
delray	N
delrey	N
delrio	N
deltaville	N
delton	N
deltona	N
delvalle	N
dema	N
demerols	N
demorest	N
demossville	N
demosthenic	N
demotte	N
denair	N
denali	N
denbo	N
dench	N
dendrocalamus	N
deneuve	N
denhoff	N
denio	N
dennisport	N
denniston	N
dennisville	N
dennysville	N
densmore	N
denverite	N
denverites	N
denville	N
deo	N
deon	N
depardieu	N
depauville	N
depauw	N
depere	N
depeyster	N
depoy	N
depp	N
depue	N
dequeen	N
derbyline	N
dermaptera	N
derrida	N
derridean	N
derridian	N
deruyter	N
desarc	N
descanso	N
desha	N
deshler	N
deslacs	N
desmet	N
desmoines	N
desoto	N
destin	N
destrehan	N
detroiter	N
detroiters	N
dettol	N
deuteronomical	N
deuteronomistic	N
deuteronomists	N
devault	N
devers	N
deville	N
devizes	N
dewart	N
deweese	N
deweyville	N
dewittville	N
dewyrose	N
dexedrines	N
deyoung	N
dhaka	N
dhanis	N
dharuk	N
dharuks	N
dhegiha	N
dhegihas	N
diadelphia	N
diamondville	N
diandria	N
diann	N
dibranchia	N
dibranchiata	N
dicaprio	N
dickensians	N
dickeyville	N
dickon	N
dicksonia	N
dicotyledones	N
dictographs	N
didelphia	N
didelphidae	N
didelphis	N
didelphyidae	N
didrikson	N
didunculus	N
didynamia	N
diem	N
dienbienphu	N
dierks	N
dieu	N
diflucan	N
diflucans	N
diggins	N
diggs	N
dighton	N
digiorgio	N
digynia	N
dijkstra	N
dilantins	N
dilaudids	N
dilbert	N
dillard	N
dille	N
diller	N
dilley	N
dilliner	N
dillingham	N
dillonvale	N
dillsboro	N
dillsburg	N
dilltown	N
dillwyn	N
dilworth	N
dimbleby	N
dimebox	N
dimock	N
dimondale	N
dinantian	N
dingess	N
dinornis	N
dinosauria	N
dinotherium	N
diodon	N
dioecia	N
dionysiacs	N
dionysos	N
diophantine	N
dioscorea	N
dioscoreaceae	N
dipnoi	N
diprotodon	N
diprotodontia	N
diprotodontidae	N
dipsacaceae	N
dipsacus	N
disa	N
discomedusae	N
discophora	N
disneyesque	N
disneyfication	N
disneyfications	N
disneyfied	N
disneyfies	N
disneyfy	N
disneyfying	N
disneylands	N
disputanta	N
distalgesic	N
dittmer	N
divernon	N
dixfield	N
dixiana	N
dixiecrats	N
dixielands	N
dixmont	N
dixonville	N
dizney	N
django	N
djiboutian	N
djiboutians	N
dlo	N
dnipropetrovsk	N
dobe	N
dobermann	N
dobermanns	N
dobes	N
docena	N
docetae	N
docete	N
docetisms	N
docetist	N
docetistic	N
docetists	N
docherty	N
doctorow	N
doddsville	N
dodecagynia	N
dodecandria	N
dodecanesian	N
dodecanesians	N
doerun	N
dogberrydom	N
dogberryism	N
dogon	N
dogons	N
dogpatch	N
dogrib	N
dogribs	N
dogstar	N
dogue	N
doland	N
dolbies	N
dolgellau	N
dolichosauria	N
dolichotis	N
dolliver	N
dombey	N
domdaniel	N
dominguez	N
dominicans	N
donaana	N
donalds	N
donat	N
donatisms	N
donatists	N
donbas	N
donet	N
donie	N
doniphan	N
donizettian	N
donnean	N
donnellson	N
donnelsville	N
donner	N
donnerwetter	N
donnian	N
donora	N
doole	N
dooley	N
doonesbury	N
doras	N
dorians	N
doricism	N
dorididae	N
dorism	N
doritos	N
dorkings	N
dorloo	N
dormobiles	N
dornier	N
dornsife	N
dorsets	N
dorton	N
dospalos	N
dostoevski	N
dostoevskian	N
dostoyevski	N
dostoyevskian	N
doswell	N
douay	N
doucette	N
douds	N
douglassville	N
doukhobory	N
doulton	N
dounreay	N
dousman	N
dovray	N
dowelltown	N
downie	N
downies	N
downieville	N
downsville	N
doyline	N
doyon	N
draconianisms	N
dracontium	N
dracut	N
draffin	N
drakesboro	N
drakesville	N
dralon	N
dramamines	N
drano	N
drasco	N
dravidians	N
dravidic	N
drawcansir	N
drawcansirs	N
drayden	N
dreiserian	N
drennen	N
drewryville	N
drewsey	N
dreyfusards	N
dreyfuss	N
drifton	N
driggs	N
dristan	N
droitwich	N
drood	N
dropbox	N
droseraceae	N
drummonds	N
drumore	N
drumright	N
drupal	N
druz	N
druzean	N
druzes	N
druzian	N
drygas	N
drygases	N
dryprong	N
dschubba	N
duanesburg	N
dubach	N
dubayy	N
dubberly	N
dubhe	N
dubliner	N
dubre	N
duchampian	N
duchenne	N
duchesne	N
ducktown	N
duckwater	N
ducor	N
duenweg	N
duewest	N
duffau	N
duffield	N
dufur	N
dugger	N
dugspur	N
dugway	N
dukhobor	N
dukhobortsy	N
dukhobory	N
dulac	N
duluthian	N
duluthians	N
dulwich	N
dulzura	N
dumfriesshire	N
dunaway	N
dunbartonshire	N
duncannon	N
duncansville	N
dunciad	N
duncombe	N
dundas	N
dundonian	N
dundonians	N
dundreary	N
dungannon	N
dunkard	N
dunkards	N
dunkerton	N
dunkirks	N
dunlap	N
dunlevy	N
dunlo	N
dunlops	N
dunlow	N
dunmor	N
dunmore	N
dunmow	N
dunnegan	N
dunnell	N
dunnellon	N
dunnigan	N
dunnsville	N
dunnville	N
dunreith	N
dunseith	N
dunwoody	N
duplessis	N
dupree	N
dupuyer	N
duquoin	N
duracell	N
duran	N
durbin	N
dureresque	N
durey	N
durga	N
durhams	N
durhamville	N
duricef	N
duricefs	N
durius	N
durkheimian	N
durocher	N
dushore	N
duson	N
dustbuster	N
dutchly	N
dutchtown	N
dutchwoman	N
dutchwomen	N
dutzow	N
duwamish	N
duwamishes	N
duxbury	N
dwamish	N
dwamishes	N
dyaks	N
dycusburg	N
dyersburg	N
dyess	N
dyirbal	N
dyirbals	N
dynamodb	N
dytiscus	N
dzerzhinsky	N
eadwig	N
eagar	N
eagarville	N
eaglesmere	N
eagletown	N
eagleville	N
eakly	N
earleton	N
earleville	N
earlham	N
earlimart	N
earline	N
earling	N
earlington	N
earlsboro	N
earlton	N
earlville	N
earlysville	N
earnestine	N
earnhardt	N
eastender	N
eastenders	N
eastertides	N
eastwood	N
eatanswill	N
eatontown	N
eatonville	N
eauclaire	N
eaugalle	N
eban	N
ebay	N
ebenaceae	N
ebeneezer	N
ebervale	N
ebeye	N
ebionite	N
ebionites	N
eblana	N
ebola	N
ebolas	N
ecardines	N
echinocactus	N
echinoderma	N
echinops	N
echola	N
echols	N
eckelson	N
eckerman	N
eckert	N
eckerty	N
eckley	N
eckman	N
ecmascript	N
eco	N
ector	N
ecuadorans	N
ecuadoreans	N
ecuadorians	N
edams	N
edberg	N
eddery	N
eddyville	N
edens	N
edentata	N
edenville	N
edgars	N
edgarton	N
edgartown	N
edgeley	N
edgemont	N
edgemoor	N
edinboro	N
edmeston	N
edmonson	N
edmontonian	N
edmontonians	N
edmore	N
edneyville	N
edomites	N
edon	N
edos	N
edrich	N
edroy	N
edsels	N
eduskunta	N
edwall	N
edwardean	N
edwardiana	N
edwardianisms	N
edwardians	N
edwardo	N
edwardsburg	N
edwardsport	N
edwy	N
eeyore	N
effexor	N
effexors	N
efiks	N
efland	N
efrain	N
egegik	N
egeland	N
egerias	N
eggo	N
eglon	N
egnar	N
egyptologies	N
egyptologists	N
ehrhardt	N
eifel	N
eigg	N
eisner	N
eitzen	N
ekalaka	N
ekron	N
ekwok	N
elaeagnaceae	N
elaeagnus	N
elaeis	N
elamites	N
elanor	N
elanus	N
elaps	N
elasmobranchii	N
elasticsearch	N
elastoplasts	N
elavil	N
elavils	N
elbas	N
elberon	N
elbing	N
elburn	N
elburz	N
elcho	N
elco	N
eldena	N
elderon	N
eldersburg	N
eldersville	N
elderton	N
eleaticisms	N
eleatics	N
eleele	N
eleroy	N
eleusinians	N
eleva	N
elfers	N
elian	N
elians	N
eliasville	N
elida	N
eliotian	N
eliotic	N
elizabethanism	N
elizabethans	N
elizabethton	N
elizabethville	N
elizaville	N
elkader	N
elkland	N
elkmont	N
elkmound	N
elkport	N
elkview	N
elkville	N
elkwood	N
ellabell	N
ellamore	N
ellaville	N
ellenboro	N
ellenburg	N
ellendale	N
ellenton	N
ellenwood	N
ellerbe	N
ellerslie	N
ellesmere	N
ellettsville	N
ellice	N
ellicottville	N
ellijay	N
ellinwood	N
elliottsburg	N
elliottville	N
ellisburg	N
elliston	N
ellisville	N
elloree	N
ellsinore	N
ellston	N
elmaton	N
elmdale	N
elmendorf	N
elmhall	N
elmmott	N
elmonte	N
elmora	N
elnath	N
elohists	N
elsah	N
elsberry	N
elsmore	N
eltanin	N
eluls	N
elvaston	N
elverson	N
elverta	N
elway	N
elwell	N
elyria	N
elysburg	N
elysiums	N
emacs	N
embden	N
embdens	N
embudo	N
emeigh	N
emelle	N
emerado	N
emigsville	N
eminem	N
emington	N
emison	N
emlenton	N
emmalena	N
emmaus	N
emmental	N
emmentaler	N
emmentalers	N
emmentals	N
emmenthalers	N
emmenthals	N
emmitsburg	N
emmonak	N
empfindung	N
emusic	N
encarta	N
encephalartos	N
encinitas	N
encino	N
encratism	N
encratite	N
enderlin	N
enewetak	N
engelhard	N
enghalskrug	N
englanders	N
englishisms	N
englishnesses	N
englishries	N
englishtown	N
enif	N
enka	N
enloe	N
enneandria	N
ennice	N
enning	N
enochs	N
enon	N
enoree	N
enovids	N
enron	N
enteromorpha	N
enteropneusta	N
entiat	N
entomostraca	N
entriken	N
enville	N
enzedder	N
enzedders	N
eoanthropus	N
eola	N
eolia	N
eolians	N
eolics	N
eozoon	N
epacridaceae	N
epcot	N
epeiridae	N
epes	N
ephemeridae	N
ephemeroptera	N
ephraimites	N
epidermophyton	N
epimethius	N
epirotes	N
episcopalianisms	N
episcopals	N
epping	N
epson	N
epworth	N
equidae	N
equinunk	N
equisetaceae	N
equisetales	N
equisetinae	N
equus	N
erasmians	N
erastianisms	N
erastians	N
erath	N
erbacon	N
erdgeist	N
erewhonian	N
ericaceae	N
eries	N
erieville	N
eriline	N
eriocaulaceae	N
eriocaulon	N
eriodendron	N
eriophorous	N
eritreans	N
erlenmeyer	N
ernani	N
ernul	N
eroica	N
eruca	N
erwinna	N
erwinville	N
erymanthian	N
erysimum	N
esbon	N
escalante	N
escalon	N
escatawpa	N
escher	N
escoheag	N
eskdale	N
eskies	N
esko	N
esmont	N
esopus	N
espanola	N
esperantisms	N
esperantists	N
esperanza	N
espinoza	N
esquimaux	N
essencia	N
essenes	N
essenic	N
essenism	N
essenisms	N
essexfells	N
essig	N
essington	N
estacada	N
estela	N
estelline	N
estero	N
estherwood	N
esthonians	N
estill	N
estonians	N
estoril	N
estrada	N
estremaduran	N
estremadurans	N
estrildidae	N
ethelred	N
ethelsville	N
etheostoma	N
ethernet	N
ethernets	N
ethiope	N
ethiopes	N
ethiopians	N
etiwanda	N
etlan	N
etnean	N
etobicoke	N
etonians	N
etons	N
etrurian	N
etrurians	N
etruscans	N
etters	N
etterville	N
ettrick	N
eubacteriales	N
eubank	N
euboeans	N
eucha	N
eucharists	N
euglenales	N
euglenoidina	N
eugubine	N
euless	N
eumycetes	N
euphausia	N
euphausiacea	N
euphausiidae	N
euphorbiaceae	N
eupora	N
eurafrican	N
euraquilo	N
eurasians	N
eurobabble	N
eurocentric	N
eurocentrism	N
eurocentrisms	N
eurocentrist	N
eurocentrists	N
eurocommunisms	N
eurocommunist	N
eurocommunists	N
eurocratic	N
eurocrats	N
eurocurrencies	N
eurofighter	N
euromarkets	N
europeanisations	N
europeanisms	N
europeanist	N
europeanists	N
europeanizations	N
europeans	N
europhile	N
europhiles	N
europocentric	N
europocentrism	N
europocentrisms	N
euroseat	N
euroseats	N
eurospeak	N
eurosterling	N
euroterminal	N
eurotunnel	N
euryalae	N
euryanthe	N
eurypharynx	N
eurypterida	N
eurypterus	N
eusebian	N
euskarian	N
eustachian	N
euston	N
eutawville	N
eutheria	N
euthyneura	N
eutychian	N
evadale	N
evansport	N
evant	N
evart	N
evarts	N
eveningshade	N
evenki	N
evenkis	N
evensville	N
everette	N
everetts	N
everettville	N
everly	N
everready	N
everton	N
evian	N
evington	N
evinston	N
evista	N
evistas	N
ewenki	N
ewenkis	N
ewigkeit	N
excedrin	N
excello	N
exchangite	N
exchangites	N
exe	N
exeland	N
exercycle	N
exercycles	N
exira	N
exline	N
exmoors	N
exmore	N
exmouth	N
exocet	N
exocets	N
exton	N
exxon	N
eyeti	N
eyeties	N
eyota	N
eytie	N
eyties	N
ezel	N
faberges	N
fabianisms	N
fabianist	N
fabianists	N
fabians	N
fabius	N
fablon	N
fabyan	N
facebook	N
fackler	N
factoryville	N
faeroe	N
fagaceae	N
fagus	N
fahd	N
fahrenheits	N
fairbank	N
fairburn	N
fairchance	N
fairchild	N
fairdale	N
fairland	N
fairlawn	N
fairlee	N
fairoaks	N
fairplay	N
fairton	N
faisalabad	N
faison	N
fajardo	N
faldo	N
faliscans	N
falkland	N
falklands	N
falkville	N
fallbrook	N
fallopian	N
fallsburg	N
fallston	N
falwell	N
fancher	N
fannettsburg	N
fannin	N
fanshawe	N
fantee	N
fantes	N
fantis	N
fanwood	N
faridabad	N
farisita	N
farler	N
farlington	N
farmdale	N
farmersburg	N
farmingville	N
farnam	N
farner	N
farnhamville	N
faroe	N
farouk	N
farrakhan	N
farrandsville	N
farsi	N
farsis	N
farson	N
fasching	N
fascismo	N
fastext	N
fatimids	N
fatimite	N
fatimites	N
faubush	N
faucett	N
faulknerian	N
faulkton	N
faunsdale	N
faustino	N
fawley	N
fawnskin	N
faywood	N
febronianism	N
februarys	N
federalsburg	N
feesburg	N
fehm	N
fehme	N
fehmgericht	N
fehmgerichte	N
fehmic	N
felch	N
felidae	N
felinae	N
felis	N
felixstowe	N
felliniesque	N
fellsmere	N
femstat	N
femstats	N
fenelton	N
fenianisms	N
fenians	N
fennimore	N
fennville	N
fenris	N
fenriswolf	N
fentress	N
feringhee	N
ferlinghetti	N
ferney	N
fernley	N
fernwood	N
ferranti	N
ferraro	N
ferrellsburg	N
ferrier	N
ferrisburg	N
ferron	N
ferrysburg	N
ferryville	N
festina	N
fettes	N
feulgen	N
feurabush	N
ffestiniog	N
fiatt	N
fiberglases	N
fibonacci	N
fichteans	N
fiddletown	N
fidelismo	N
fidelismos	N
fidelisms	N
fidelist	N
fidelista	N
fidelistas	N
fidelists	N
fieldale	N
fieldon	N
fieldton	N
fifeshire	N
fifield	N
fifish	N
figaro	N
fijians	N
filicales	N
filices	N
filicineae	N
filion	N
filipina	N
filipinas	N
filley	N
filofax	N
filofaxes	N
finchville	N
fineview	N
fingal	N
fingerville	N
finksburg	N
finlanders	N
finlandisation	N
finlandisations	N
finlandization	N
finlandizations	N
finlandize	N
finlandized	N
finlandizes	N
finlandizing	N
finlayson	N
finleyville	N
finly	N
finnbogadottir	N
finns	N
finzi	N
firebaugh	N
firefox	N
firesteel	N
fishbourne	N
fishersville	N
fishertown	N
fisherville	N
fishguard	N
fishtrap	N
fiskdale	N
fiskeville	N
fithian	N
fittstown	N
fitzherbert	N
fitzrovia	N
fitzwilliam	N
flagellata	N
flagtown	N
flamingant	N
flandreau	N
flashman	N
flatlick	N
flatonia	N
flatt	N
flaubertian	N
flaubertians	N
flaxton	N
flaxville	N
fleetville	N
fleischmanns	N
flemingsburg	N
flicksville	N
flinton	N
flintstone	N
flintstones	N
flintville	N
flippin	N
flom	N
flomaton	N
flomot	N
floodwood	N
florala	N
floresville	N
floridan	N
floridans	N
florideae	N
floridian	N
floridians	N
florien	N
floriston	N
florsheim	N
flourtown	N
flovilla	N
floyddale	N
fluker	N
fluon	N
fluothane	N
flustra	N
fluvanna	N
flyingh	N
flymo	N
flymos	N
fogelsville	N
fogertown	N
fola	N
folgers	N
folkston	N
follett	N
folsomville	N
fombell	N
fonddulac	N
foneswood	N
fontanet	N
fontenoy	N
foosball	N
foosland	N
footville	N
forbestown	N
fordcliff	N
fordland	N
fordoche	N
fordsville	N
fordville	N
forestburg	N
forestburgh	N
forestdale	N
foreston	N
forestport	N
forestville	N
forficula	N
forgan	N
foristell	N
forkland	N
forksville	N
forkunion	N
forkville	N
forli	N
forman	N
formby	N
formosan	N
formosans	N
formoso	N
forreston	N
forsan	N
forsterian	N
forsyte	N
fortescue	N
fortinbras	N
fortunatus	N
fosamax	N
fosamaxes	N
fosston	N
fosterville	N
fotomat	N
fouke	N
fountaintown	N
fountainville	N
fourierisms	N
fourierists	N
fourierites	N
fourmile	N
fourneyron	N
fouroaks	N
fowlerton	N
fowlerville	N
fowles	N
fowlkes	N
fowlstown	N
foxboro	N
foxburg	N
foxcroft	N
foxholm	N
foxton	N
foxtown	N
foxworth	N
foyil	N
fragaria	N
frakes	N
frametown	N
francestown	N
francesville	N
franciscans	N
francitas	N
francoists	N
francome	N
franconians	N
francophilias	N
francophobias	N
francophobic	N
francophonic	N
frankclay	N
frankenia	N
frankeniaceae	N
frankenmuth	N
frankensteinian	N
frankensteins	N
frankewing	N
frankford	N
franklintown	N
franklinville	N
frankston	N
franksville	N
frankton	N
franktown	N
frankville	N
fratercula	N
frauendienst	N
fraulein	N
frauleins	N
fraxinus	N
frayn	N
frazee	N
frazeysburg	N
frederiksted	N
fredville	N
freeburg	N
freeburn	N
freefone	N
freelandville	N
freemanspur	N
freepost	N
freesoil	N
freeunion	N
freeville	N
freewater	N
freistatt	N
frenchboro	N
frenchburg	N
frenchier	N
frenchiest	N
frenchlick	N
frenchnesses	N
frenchtown	N
frenchville	N
freons	N
freudianisms	N
freudians	N
frewsburg	N
freyja	N
freyr	N
friant	N
friedan	N
friedens	N
friedensburg	N
friedheim	N
friedmann	N
friendsville	N
friendswood	N
friesians	N
friesic	N
friesish	N
frigga	N
frigidaires	N
fringillidae	N
frink	N
friona	N
frisians	N
fritch	N
frito	N
friulians	N
frodo	N
froebelism	N
frogmore	N
frohna	N
froid	N
fromberg	N
frontroyal	N
frostbelt	N
frostbelts	N
frostian	N
fruita	N
fruitdale	N
fruithurst	N
fruitland	N
fruitport	N
fruitvale	N
fryburg	N
fryeburg	N
fsf	N
fuad	N
fuchou	N
fuegians	N
fuentes	N
fuget	N
fujian	N
fujitsu	N
fujiyama	N
fukuyama	N
fulanis	N
fulbrights	N
fulda	N
fulshear	N
fultondale	N
fultonham	N
fultonville	N
fults	N
fumaria	N
fumariaceae	N
funabashi	N
funafuti	N
funkstown	N
funtumia	N
fuquay	N
furman	N
fusus	N
fuzhou	N
fuzzbuster	N
fuzzbusters	N
fyffe	N
gaastra	N
gabbs	N
gabriels	N
gackle	N
gacrux	N
gadarenes	N
gadhel	N
gadhels	N
gadidae	N
gaditan	N
gaditans	N
gadites	N
gadshill	N
gadus	N
gaeldom	N
gaels	N
gaeltachts	N
gaffney	N
gagetown	N
gaidhealtachd	N
gaiman	N
gainesboro	N
gainestown	N
gainesville	N
gakona	N
galahads	N
galbraithian	N
galcha	N
galenisms	N
galenists	N
galeopithecus	N
galesville	N
galeton	N
galicians	N
galien	N
galilaean	N
galilaeans	N
galileans	N
galilei	N
galion	N
gallaway	N
galliano	N
gallicanisms	N
gallicans	N
gallicisations	N
gallicizers	N
gallina	N
gallio	N
gallion	N
gallios	N
gallitzin	N
gallman	N
gallo	N
gallomanias	N
gallovidian	N
galloways	N
gallupville	N
galois	N
galt	N
galtonia	N
galtonias	N
galvestonian	N
galvestonians	N
galwegians	N
gambian	N
gambians	N
gambon	N
gambrills	N
gamow	N
ganado	N
gandalf	N
gandas	N
gandeeville	N
gandhiisms	N
gandhism	N
ganoidei	N
gansu	N
gantt	N
gapland	N
gapville	N
garamonds	N
garardsfort	N
garberville	N
garboesque	N
garciasville	N
garcinia	N
gardena	N
gardenville	N
gardners	N
gardnerville	N
garfunkel	N
gargantuism	N
gargantuist	N
gargantuists	N
garibaldians	N
garifuna	N
garifunas	N
garita	N
garnavillo	N
garnerville	N
garrattsville	N
garrettsville	N
garrisonville	N
garysburg	N
garyville	N
garza	N
gasburg	N
gasconism	N
gaspe	N
gaspesian	N
gasport	N
gasquet	N
gassaway	N
gassville	N
gastarbeiter	N
gastarbeiters	N
gasterbeiter	N
gasterbeiters	N
gasteromycetes	N
gasteropoda	N
gasthof	N
gastonville	N
gatewood	N
gatling	N
gatorade	N
gatsby	N
gatting	N
gattman	N
gatwick	N
gatzke	N
gauguinesque	N
gaullisms	N
gaullists	N
gauls	N
gaultier	N
gaumont	N
gause	N
gavaskar	N
gaylesville	N
gaylordsville	N
gaysville	N
gayville	N
gazan	N
gazans	N
gazza	N
geary	N
geatish	N
gedda	N
geff	N
geffen	N
gehennas	N
geigertown	N
geismar	N
gelbvieh	N
geldof	N
gemaras	N
gemarists	N
geminians	N
geminid	N
geminids	N
geminis	N
geneautry	N
genesiacal	N
genevans	N
genghis	N
gentianaceae	N
gentryville	N
geodimeter	N
geodimeters	N
geodimiter	N
geodimiters	N
geometridae	N
geomyidae	N
geomys	N
georgeann	N
georgians	N
gepp	N
geraniaceae	N
gerber	N
gericault	N
geritol	N
gerlach	N
gerlaw	N
germanesque	N
germanicus	N
germanish	N
germanisms	N
germanistic	N
germanists	N
germanizers	N
germanophil	N
germanophiles	N
germanophilia	N
germanophils	N
germanophobes	N
germanophobias	N
germansville	N
germanton	N
gerrardstown	N
gerton	N
gesneriaceae	N
getz	N
getzville	N
geyserville	N
ghanaians	N
ghanese	N
ghazvanid	N
ghebers	N
ghebre	N
ghebres	N
gheen	N
gheens	N
ghibeline	N
ghibelines	N
ghibellines	N
ghibellinisms	N
gibberella	N
gibbonian	N
gibbonsville	N
gibbsboro	N
gibbstown	N
gibeonites	N
gibraltarian	N
gibraltarians	N
gibraltars	N
gibsland	N
gibsonia	N
gibsonton	N
gibsonville	N
gideons	N
giemsa	N
giemsas	N
gienah	N
giggit	N
gikuyu	N
gikuyus	N
gilbertese	N
gilberton	N
gilbertown	N
gilbertsville	N
gilbertville	N
gilby	N
gildford	N
gileadites	N
gilley	N
gillham	N
gillsville	N
gilmanton	N
gilsonites	N
gilsum	N
giltner	N
gingrich	N
ginkgoales	N
ginsu	N
girdletree	N
girdwood	N
girondes	N
girondin	N
girondins	N
girondisms	N
girondists	N
girton	N
gita	N
gitas	N
github	N
giuliani	N
givenchy	N
gladbrook	N
gladeville	N
gladstonian	N
gladwyne	N
glagolithic	N
glamis	N
glandorf	N
glasco	N
glasford	N
glassboro	N
glasser	N
glassite	N
glasston	N
glaswegians	N
glaux	N
glaxo	N
gleichschaltung	N
glenallan	N
glenallen	N
glenarbor	N
glenarm	N
glenaubrey	N
glenbeulah	N
glenbrook	N
glenburn	N
glenburnie	N
glencarbon	N
glencliff	N
glencross	N
glendaniel	N
glendean	N
glendo	N
gleneaston	N
glenecho	N
glenelder	N
glenellen	N
glenellyn	N
glenferris	N
glenfield	N
glenflora	N
glenford	N
glengary	N
glenham	N
glenhayes	N
glenhead	N
glenjean	N
glenlivet	N
glenlyn	N
glenmont	N
glenmoore	N
glenmora	N
glenmorgan	N
glennallen	N
glenndale	N
glennville	N
glenoma	N
glenpool	N
glenrio	N
glenrose	N
glenshaw	N
glenside	N
glenspey	N
glentana	N
glenullin	N
glenvil	N
glenville	N
glenwhite	N
glenwild	N
glenwillard	N
glenwilton	N
glires	N
glock	N
glorieta	N
glossic	N
gloster	N
glouster	N
gloversville	N
gloverville	N
glumdalclitch	N
glumiflorae	N
glyndebourne	N
glyndon	N
glyptals	N
glyptodon	N
gnaphalium	N
gnathobdellida	N
gnetaceae	N
gnetales	N
gnetum	N
gnosticises	N
gnosticizes	N
goan	N
goanese	N
goans	N
gobelins	N
gober	N
gobiidae	N
gobler	N
gobles	N
goddam	N
goddammed	N
goddamming	N
goddams	N
godeffroy	N
godley	N
godot	N
godthab	N
godwinian	N
godzilla	N
goehner	N
goessel	N
goetzville	N
goffstown	N
gogolian	N
golan	N
goldbar	N
goldbergian	N
goldblum	N
goldbond	N
goldfinger	N
goldonna	N
goldrun	N
goldthwaite	N
goldvein	N
goliad	N
gollancz	N
goltry	N
golts	N
golva	N
gomorrahs	N
gonds	N
gondwana	N
gongorisms	N
gongorists	N
gonvick	N
goochland	N
goodall	N
goodell	N
goodfield	N
goodhope	N
goodview	N
goodville	N
goodwater	N
goodway	N
goodwell	N
goodwine	N
goodwood	N
goolagong	N
gorbachev	N
gorbachov	N
gorbymania	N
gordimer	N
gordius	N
gordo	N
gordonsville	N
gordonville	N
goree	N
goreville	N
gorgas	N
gorgonia	N
gorgonzolas	N
gorin	N
gormania	N
gormenghast	N
gorum	N
gosiute	N
gosiutes	N
gossypium	N
gotebo	N
gothamist	N
gothamists	N
gothamites	N
gothicisers	N
gothicist	N
gothicists	N
gothicizers	N
gothick	N
gothicks	N
gotlanders	N
goudas	N
goudeau	N
gouldbusk	N
gouldsboro	N
goura	N
gowen	N
gowers	N
goyaesque	N
goyesque	N
graafian	N
grabill	N
grable	N
graceland	N
gracemont	N
graceville	N
gracewood	N
gracey	N
graciela	N
gradgrind	N
gradgrindery	N
gradyville	N
graecises	N
graecisms	N
graettinger	N
graffias	N
graford	N
grahamsville	N
grahn	N
grallae	N
grallatores	N
gramineae	N
gramling	N
grammys	N
grampian	N
granbury	N
granby	N
grandisonian	N
graniteville	N
grannis	N
granton	N
grantsboro	N
grantsburg	N
grantsdale	N
grantsville	N
granttown	N
grantville	N
grapeland	N
grapeview	N
grapeville	N
graphis	N
grasonville	N
grasston	N
gratiot	N
graton	N
gratz	N
graustarks	N
gravensteins	N
gravette	N
grawn	N
graycourt	N
grayland	N
graymont	N
graytown	N
grayville	N
grecianise	N
grecianises	N
grecians	N
grecisms	N
greeking	N
greekless	N
greekling	N
greeks	N
greeleyville	N
greenbank	N
greenbush	N
greendell	N
greeneville	N
greenford	N
greenhall	N
greenhurst	N
greenlanders	N
greenlandic	N
greenlane	N
greenpeace	N
greenport	N
greensea	N
greensleeves	N
greenspan	N
greentown	N
greenup	N
greenvale	N
greenview	N
gregarina	N
gregarinida	N
greig	N
grenadan	N
grenadans	N
grenadians	N
grenloch	N
grenola	N
grenora	N
gretzky	N
greybull	N
greycliff	N
gricean	N
griffithville	N
grifton	N
griggsville	N
grimeses	N
grimesland	N
grimke	N
grimshaw	N
grimsley	N
grimstead	N
grimwig	N
griseldas	N
grobian	N
grobianism	N
grock	N
groesbeck	N
grolieresque	N
grosseile	N
grossetete	N
grossmith	N
grosvenordale	N
groucho	N
groveland	N
grovertown	N
groveton	N
grovetown	N
grubbs	N
grubville	N
gruetli	N
grulla	N
grumbletonian	N
grumman	N
grundies	N
grundyisms	N
grygla	N
gte	N
guadalupita	N
guadeloupean	N
guadeloupeans	N
guage	N
gualala	N
guallatiri	N
guamanians	N
guangdong	N
guangzhou	N
guanica	N
guantanamo	N
guaranies	N
guarneris	N
guarnieri	N
guarnieris	N
guasti	N
guatemalans	N
guayanilla	N
guaynabo	N
gucci	N
gueber	N
guebers	N
guebre	N
guebres	N
guelf	N
guelfs	N
guelphs	N
guerneville	N
guerrant	N
gueydan	N
guffey	N
guianan	N
guianans	N
guiderock	N
guignol	N
guildenstern	N
guilderland	N
guillotin	N
guinda	N
guineans	N
guion	N
guiyang	N
guizhou	N
gujaratis	N
gujerati	N
gujrati	N
gujratis	N
gulfhammock	N
gullahs	N
gullit	N
gulliver	N
gulston	N
gumbel	N
gumberry	N
gummo	N
guntown	N
guofeng	N
gurabo	N
gurage	N
gurdon	N
gurley	N
gurnee	N
gustine	N
gutierrez	N
guttiferae	N
guyanese	N
guysville	N
guyton	N
guzman	N
gwendoline	N
gwinn	N
gwinner	N
gwynn	N
gwynneville	N
gyandzha	N
habacuc	N
habsburgs	N
hachita	N
hackleburg	N
haddam	N
haddix	N
hadensville	N
hadlock	N
hadlyme	N
hadoop	N
haemanthus	N
hagaman	N
hagarstown	N
hagarville	N
hagerstown	N
hahira	N
hahnville	N
haidan	N
haidas	N
haiduck	N
haiducks	N
haigler	N
haikh	N
haikou	N
hailesboro	N
haileyville	N
hailsham	N
hainesport	N
haitians	N
hakalau	N
hakenkreuzes	N
hakka	N
halbur	N
halcion	N
halcions	N
halcottsville	N
haldol	N
haldols	N
haligonians	N
haliotidae	N
hallandale	N
halliburton	N
hallieford	N
halloweens	N
hallowmases	N
hallowmass	N
hallowmasses	N
hallsboro	N
hallstadt	N
hallstead	N
hallsville	N
halltown	N
hallwood	N
haloragidaceae	N
haloragis	N
halsingborg	N
halstad	N
hamah	N
hamamelidaceae	N
hamamelis	N
hamas	N
hamberg	N
hambletonians	N
hamburgh	N
hamburghs	N
hamersville	N
hamilcar	N
hamill	N
hamiltonianisms	N
hamiltonians	N
hamites	N
hamler	N
hamletsburg	N
hammarskjold	N
hammerklavier	N
hammon	N
hammondsport	N
hammondsville	N
hampshires	N
hamptonville	N
hamshire	N
hanalei	N
hanapepe	N
hanceville	N
handley	N
handsom	N
hangchou	N
hangzhou	N
hankamer	N
hankinson	N
hanksville	N
hanlontown	N
hannacroix	N
hannaford	N
hannastown	N
hannay	N
hanoverians	N
hanovers	N
hanoverton	N
hansards	N
hansberry	N
hansboro	N
hansell	N
hansford	N
hanska	N
hanston	N
hansville	N
hanuka	N
hanukahs	N
hanukas	N
hanukka	N
hanukkahs	N
hanukkas	N
hapsburgs	N
haralson	N
harare	N
harbeson	N
harborton	N
harco	N
hardaway	N
hardburly	N
hardeeville	N
hardenville	N
hardesty	N
hardinsburg	N
hardtner	N
hardyesque	N
hardyville	N
harfleur	N
harford	N
hargill	N
harlech	N
harleian	N
harlemites	N
harleton	N
harleysville	N
harleyville	N
harlowton	N
harmonsburg	N
harpersfield	N
harpersville	N
harperville	N
harpo	N
harpster	N
harpursville	N
harrah	N
harrells	N
harrellsville	N
harriett	N
harrisonburg	N
harriston	N
harristown	N
harrisville	N
harrods	N
harrold	N
harrovians	N
harshaw	N
hartfordite	N
hartfordites	N
harthacanute	N
hartington	N
hartland	N
hartleton	N
hartline	N
hartly	N
hartsburg	N
hartsdale	N
hartsel	N
hartsfield	N
hartshorne	N
hartstown	N
hartville	N
hartwick	N
hartwood	N
harvel	N
harveysburg	N
harveyville	N
harviell	N
harwichport	N
harwick	N
harwood	N
hasbro	N
hashemite	N
hashemites	N
hashimites	N
hasidisms	N
haskalahs	N
hasmonaean	N
hasmonaeans	N
hasmoneans	N
hasse	N
hassell	N
hassid	N
hassidic	N
hassidim	N
hassidism	N
hatchechubbee	N
hathorne	N
hatillo	N
hatley	N
hatshepset	N
hatsheput	N
hattersley	N
hattieville	N
hatton	N
haubstadt	N
haughey	N
haughton	N
hauppauge	N
hausdorff	N
hauula	N
havaco	N
havanan	N
havanans	N
havanas	N
havasupai	N
havasupais	N
havensville	N
haversian	N
havoline	N
hawesville	N
hawi	N
hawke	N
hawleyville	N
haxtun	N
haydenville	N
hayek	N
hayesville	N
hayneville	N
haysi	N
hayworth	N
hazelcrest	N
hazelhurst	N
hazlet	N
hbase	N
hbo	N
headrick	N
heaney	N
heartwell	N
heathrow	N
heathsville	N
heaton	N
heavener	N
hebei	N
hebo	N
hebraical	N
hebraicism	N
hebraisms	N
hebraistical	N
hebraists	N
hebraizers	N
hebrewess	N
hebrewism	N
hebrideans	N
hecla	N
hedera	N
hedgesville	N
hedrick	N
heflin	N
hefner	N
hegelianisms	N
hegelians	N
hegins	N
heide	N
heidenheimer	N
heidrick	N
heiducs	N
heilongjiang	N
heilwood	N
heimdal	N
heimweh	N
heineken	N
heinkel	N
heinlein	N
heinz	N
heislerville	N
heisman	N
heisson	N
helechawa	N
helendale	N
helenville	N
helenwood	N
helfenstein	N
helianthemum	N
helicidae	N
helicobacter	N
heliozoa	N
hellenes	N
hellenian	N
hellenians	N
hellenisations	N
hellenisms	N
hellenistical	N
hellenists	N
hellenizers	N
helmetta	N
helmsburg	N
helmuth	N
helmville	N
helotes	N
heltonville	N
helvetians	N
helvetics	N
helvetius	N
hemerobaptist	N
hemet	N
hemichordata	N
hemingford	N
hemings	N
hemingwayesque	N
henagar	N
henan	N
hendley	N
hendrum	N
henefer	N
henlawson	N
henman	N
henmania	N
henniker	N
henrician	N
henrico	N
henrieville	N
henryton	N
henryville	N
hensel	N
hensler	N
hensonville	N
hepler	N
heppner	N
heptagynia	N
heptameron	N
heptandria	N
heracleidan	N
heracleitean	N
herbar	N
herbster	N
herefords	N
hereroes	N
hereros	N
herez	N
herezes	N
heriz	N
herizes	N
herlong	N
hermansville	N
hermanville	N
herminie	N
hermleigh	N
herodotean	N
heroku	N
herpestes	N
herreid	N
herrnhuter	N
herron	N
herscher	N
hertel	N
hertzsprung	N
herzegovinians	N
heseltine	N
heshvans	N
heshwan	N
heshwans	N
hesperidean	N
hesperiidae	N
hessel	N
hessmer	N
hesston	N
hestand	N
heston	N
hesychasm	N
heterocera	N
heterocontae	N
heteropoda	N
heteroptera	N
heterosomata	N
hetland	N
hettick	N
hettinger	N
heuvelton	N
hever	N
hexactinellida	N
hexagynia	N
hexandria	N
hexapoda	N
hext	N
heyburn	N
heyducks	N
heyworth	N
hezbollah	N
hiawassee	N
hib	N
hibernianism	N
hibernians	N
hibernically	N
hibernicisms	N
hibs	N
hickman	N
hickorywithe	N
hico	N
hidatsas	N
hieracium	N
hieronymian	N
hieronymite	N
hierosolymitan	N
higashiosaka	N
higden	N
higdon	N
higganum	N
higginsport	N
highgate	N
highlandman	N
highlandmen	N
highlandville	N
highmore	N
highshoals	N
highsmith	N
hightown	N
highview	N
hihat	N
hiko	N
hiland	N
hildebran	N
hildebrandic	N
hildebrandism	N
hildreth	N
hilfiger	N
hilger	N
hilham	N
hiligaynon	N
hiligaynons	N
hillburn	N
hilliards	N
hillisburg	N
hillister	N
hillrose	N
hillsville	N
hilltown	N
hillview	N
hilmar	N
hiltons	N
hilwan	N
hima	N
himalaya	N
himalayans	N
himrod	N
himyarites	N
hinayanas	N
hinayanistic	N
hinayanists	N
hindman	N
hindooisms	N
hindostani	N
hindsboro	N
hindsville	N
hinduise	N
hinduised	N
hinduises	N
hinduising	N
hinduisms	N
hinduizes	N
hindustanis	N
hinesburg	N
hineston	N
hingham	N
hingis	N
hinkley	N
hinsdale	N
hipparion	N
hippocastanaceae	N
hippocratism	N
hippuris	N
hirobumi	N
hiseville	N
hispanicisations	N
hispanicist	N
hispanicists	N
hispanicizations	N
hispanics	N
hispaniolise	N
hispaniolised	N
hispaniolises	N
hispaniolising	N
hispaniolize	N
hispaniolized	N
hispaniolizes	N
hispaniolizing	N
hispanists	N
hispanophile	N
hispanophiles	N
hispanophilia	N
hispanophilias	N
hispanophobe	N
hispanophobes	N
hispanophobia	N
hispanophobias	N
hispanos	N
hissop	N
histiophorus	N
hitachi	N
hitchcockian	N
hitchins	N
hitchita	N
hitlerian	N
hitlerisms	N
hitlerites	N
hitlers	N
hitterdal	N
hittites	N
hiwasse	N
hiwassee	N
hixson	N
hixton	N
hizbollah	N
hizbullah	N
hizen	N
hmong	N
hmongs	N
hobbesians	N
hobbian	N
hobbinoll	N
hobbisms	N
hobbists	N
hobbsville	N
hobgood	N
hobucken	N
hochheim	N
hockday	N
hockessin	N
hockingport	N
hockley	N
hode	N
hodgen	N
hoff	N
hoffmeister	N
hoffnung	N
hogansburg	N
hogansville	N
hogeland	N
hogwarts	N
hohenstaufens	N
hohenwald	N
hohenzollerns	N
hohhot	N
hohokams	N
hokah	N
hokan	N
holabird	N
holberg	N
holborn	N
holcombe	N
holderness	N
holdingford	N
holdrege	N
holguin	N
holicong	N
hollanders	N
hollandish	N
hollansburg	N
hollenberg	N
hollerith	N
holley	N
hollins	N
holliston	N
holloman	N
hollowville	N
hollsopple	N
hollybush	N
hollytree	N
hollywoodise	N
hollywoodised	N
hollywoodises	N
hollywoodising	N
hollywoodize	N
hollywoodized	N
hollywoodizes	N
hollywoodizing	N
holmesian	N
holmesians	N
holmesville	N
holmsville	N
holostei	N
holtsville	N
holtwood	N
holyrood	N
holyroodhouse	N
homedale	N
homerid	N
homeridae	N
homeworth	N
homoiousianisms	N
homoousianisms	N
homorelaps	N
homosassa	N
honaker	N
honaunau	N
honduraneans	N
honduranians	N
hondurans	N
honeapath	N
honeoye	N
honeybrook	N
honeyville	N
hongkongite	N
hongkongites	N
honobia	N
honokaa	N
honolulan	N
honolulans	N
honomu	N
honoraville	N
hoodsport	N
hookerton	N
hookstown	N
hoolehua	N
hoopa	N
hoopas	N
hoople	N
hooppole	N
hoosick	N
hoosiers	N
hooversville	N
hoovervilles	N
hopbottom	N
hopehull	N
hopeland	N
hopeton	N
hopkinsville	N
hopland	N
hopwood	N
hordern	N
hordeum	N
hordville	N
horlivka	N
hormel	N
hormigueros	N
hornbeck	N
hornblower	N
hornbrook	N
hornby	N
hornell	N
hornersville	N
hornick	N
horntown	N
horsepen	N
horsham	N
hortensio	N
hortonville	N
hoschton	N
hosford	N
hoskins	N
hoskinston	N
hosmer	N
hosston	N
hostetter	N
hotevilla	N
hotpoint	N
houck	N
houlka	N
houstonian	N
houstonians	N
houstonite	N
houstonites	N
houtzdale	N
houyhnhnms	N
hova	N
hovas	N
hovhaness	N
hovland	N
howardstown	N
howertons	N
hoxeyville	N
hoyleton	N
hoytville	N
hrothgar	N
hsbc	N
hualapai	N
hualapais	N
hubbards	N
hubbardston	N
hubbardsville	N
hubei	N
hubertus	N
huddy	N
hudgins	N
hudibrastics	N
hudsonian	N
hueysville	N
huffman	N
hugheston	N
hughesville	N
hughson	N
hughsonville	N
hugoesque	N
huguenotisms	N
huguenots	N
huichol	N
huicholes	N
huichols	N
huis	N
huitzilopotchli	N
hulett	N
hulsean	N
humacao	N
humansville	N
humarock	N
humbird	N
humean	N
humeston	N
humian	N
humist	N
humnoke	N
humphreys	N
humphries	N
humphry	N
humptulips	N
hunanese	N
hungarians	N
hungerford	N
hunkpapa	N
hunkpapas	N
hunnewell	N
hunniford	N
hunnishnesses	N
hunspell	N
hunterian	N
huntersville	N
huntertown	N
huntingtown	N
huntland	N
huntly	N
huntsburg	N
hupas	N
hurdland	N
hurdsfield	N
hurleyville	N
hurlock	N
huronian	N
hurons	N
hurrians	N
hurston	N
hurtsboro	N
husser	N
husserlian	N
hussites	N
hussitisms	N
hustisford	N
hustontown	N
hustonville	N
husum	N
hutchinsonian	N
hutsonville	N
hutterian	N
hutterians	N
hutterite	N
hutterites	N
huttig	N
hutto	N
huttonian	N
huttonsville	N
hutus	N
huxford	N
huxleyan	N
hwei	N
hweis	N
hyads	N
hyaenidae	N
hyampom	N
hyannisport	N
hyattville	N
hyden	N
hydes	N
hydesville	N
hydetown	N
hydeville	N
hydnocarpus	N
hydrangeaceae	N
hydriot	N
hydriote	N
hydriotes	N
hydriots	N
hydrocharis	N
hydrocharitaceae	N
hydrocorallinae	N
hydromys	N
hydrophidae	N
hydropterideae	N
hymenomycetes	N
hymenophyllaceae	N
hymera	N
hymies	N
hyndman	N
hypericaceae	N
hyracoidea	N
hyrcanians	N
hyrum	N
hysham	N
hyundai	N
hz	N
iaccoca	N
iachimo	N
iacocca	N
iaeger	N
iastic	N
ibague	N
ibapah	N
iberians	N
iberis	N
ibibios	N
ibizan	N
ibizans	N
ibm	N
ibos	N
ibsenesque	N
ibsenisms	N
ibsenite	N
ibsenites	N
icahn	N
icard	N
icarians	N
icelanders	N
icenian	N
ichthyopterygia	N
ichthyosauria	N
ickesburg	N
icosandria	N
icteridae	N
idahoans	N
idahoes	N
idahos	N
idalian	N
idalou	N
idamay	N
idanha	N
idaville	N
idean	N
ider	N
idist	N
idledale	N
idumaeans	N
idumeans	N
idyllwild	N
ignatian	N
ignorantine	N
igo	N
iguacu	N
iguanidae	N
iguassu	N
iguazu	N
iguvine	N
ihlen	N
ijamsville	N
ikea	N
ilian	N
ilians	N
iliff	N
illecebraceae	N
illecebrum	N
illingworth	N
illinoisans	N
illiopolis	N
illyrians	N
illyric	N
ilongo	N
ilongos	N
ilwaco	N
ilyushin	N
imbler	N
imboden	N
imhotep	N
imitrex	N
imitrexes	N
imlay	N
imlaystown	N
imler	N
immaculata	N
immanuels	N
immelmann	N
immelmanns	N
imnaha	N
imodium	N
imus	N
inavale	N
incans	N
incaparinas	N
incas	N
inchelium	N
inderal	N
indiahoma	N
indianan	N
indianans	N
indianhead	N
indianians	N
indianises	N
indianism	N
indianisms	N
indianist	N
indianists	N
indianizations	N
indianizes	N
indianness	N
indiannesses	N
indians	N
indiantown	N
indics	N
indigofera	N
indira	N
indocin	N
indocins	N
indologies	N
indologists	N
indology	N
indonesians	N
indurain	N
inglefield	N
ingoldsby	N
ingomar	N
ingushes	N
inka	N
inkan	N
inkans	N
inkas	N
inkatha	N
inkom	N
innu	N
innuits	N
innus	N
inola	N
inonu	N
insessores	N
insko	N
instagram	N
instamatic	N
intal	N
intelpost	N
interlachen	N
interlochen	N
internationales	N
intoximeter	N
intoximeters	N
inuits	N
inuktitut	N
inupiak	N
inupiaq	N
inupiaqs	N
inupiat	N
inupiats	N
inveraray	N
invernessshire	N
invertebrata	N
inwood	N
inyokern	N
ionamin	N
ionamins	N
ione	N
ionians	N
ionicise	N
ionicised	N
ionicises	N
ionicising	N
ionicize	N
ionicized	N
ionicizes	N
ionicizing	N
ionism	N
ionist	N
ionists	N
iowan	N
iowans	N
iowas	N
ipad	N
ipava	N
iphone	N
ipod	N
iqaluit	N
iraan	N
irangate	N
irani	N
iranians	N
iranic	N
iranis	N
irasburg	N
irelanders	N
iridaceae	N
irisher	N
irishers	N
irishisms	N
irishness	N
irishnesses	N
irishries	N
irishry	N
irmo	N
ironbelt	N
ironbridge	N
ironia	N
iroquoians	N
irridentist	N
irridentists	N
irrigon	N
irtish	N
irvingism	N
irvingite	N
irvingites	N
irvona	N
irwinville	N
isaban	N
isabela	N
isaias	N
isanti	N
isatis	N
isaurian	N
isaurians	N
isegrim	N
iselin	N
ishim	N
ishmaelites	N
ishmaelitism	N
ishmaelitisms	N
ishmaels	N
isiacal	N
islamicise	N
islamicised	N
islamicises	N
islamicising	N
islamicist	N
islamicists	N
islamicize	N
islamicized	N
islamicizes	N
islamicizing	N
islamics	N
islamisations	N
islamises	N
islamisms	N
islamist	N
islamists	N
islamites	N
islamitic	N
islamizations	N
islamizer	N
islamizers	N
islamizes	N
islamophobia	N
islamophobic	N
islams	N
islandton	N
islesboro	N
islesford	N
isleta	N
isleton	N
islip	N
ismaelian	N
ismaelians	N
ismail	N
ismailians	N
ismailis	N
ismay	N
iso	N
isoetaceae	N
isokontae	N
isom	N
isonville	N
isopoda	N
ispell	N
israelis	N
israelites	N
israelitic	N
israels	N
issac	N
issaquah	N
issigonis	N
istachatta	N
istiophorus	N
istrians	N
isuzu	N
itaipu	N
itala	N
italianisations	N
italianisms	N
italianizations	N
italians	N
italiot	N
italiote	N
italophiles	N
italophilia	N
italophilias	N
ithacans	N
ithaki	N
itmann	N
ittabena	N
itunes	N
ituraean	N
ituraeans	N
iturean	N
itureans	N
iuka	N
ivel	N
ivesdale	N
ivesian	N
ivins	N
ivoirian	N
ivoirians	N
ivorian	N
ivorians	N
ivoryton	N
ivydale	N
ivyton	N
ixonia	N
ixtapalapa	N
iyars	N
iyyar	N
iyyars	N
izod	N
izvestiya	N
jachin	N
jackhorn	N
jacksonboro	N
jacksonburg	N
jacksonianism	N
jacksonianisms	N
jacksonians	N
jacksonport	N
jacksontown	N
jacobeans	N
jacobians	N
jacobinises	N
jacobinisms	N
jacobinizes	N
jacobites	N
jacobitisms	N
jacobsburg	N
jacque	N
jacqueminot	N
jacumba	N
jadwin	N
jaffas	N
jaffrey	N
jagannatha	N
jagannathas	N
jagannaths	N
jagiellon	N
jah	N
jahvists	N
jaina	N
jainas	N
jainisms	N
jainist	N
jainists	N
jains	N
jakin	N
jamaicans	N
jamar	N
jame	N
jamesean	N
jamesport	N
jamesstore	N
jamesville	N
jamul	N
jandal	N
jandals	N
janeite	N
janeites	N
janelew	N
janell	N
janjaweed	N
jannie	N
jansenisms	N
jansenists	N
januarys	N
japanesery	N
japaneses	N
japanisation	N
japanisations	N
japanise	N
japanised	N
japanises	N
japanising	N
japanization	N
japanizations	N
japanophile	N
japanophiles	N
japonic	N
japonisms	N
japura	N
jaqueline	N
jarales	N
jarbidge	N
jarlsberg	N
jarlsbergs	N
jarman	N
jarndyce	N
jaroso	N
jarratt	N
jarreau	N
jarrettsville	N
jaruzelski	N
jarvisburg	N
jasonville	N
jats	N
javan	N
javascript	N
jawi	N
jayapura	N
jayawardene	N
jaycees	N
jayem	N
jayess	N
jayhawk	N
jayhawks	N
jayton	N
jayuya	N
jeames	N
jeddo	N
jedi	N
jeeves	N
jeeze	N
jeffersonianisms	N
jeffersonians	N
jeffersonton	N
jehosaphat	N
jehovisms	N
jehovists	N
jekyll	N
jellico	N
jellos	N
jellyby	N
jelm	N
jemison	N
jenison	N
jenkinsburg	N
jenkinsville	N
jenkintown	N
jennerian	N
jennerstown	N
jeremiahs	N
jerilyn	N
jeromesville	N
jerrod	N
jerseyans	N
jerseyites	N
jerusalemites	N
jessieville	N
jessup	N
jesuitises	N
jesuitizes	N
jetersville	N
jetmore	N
jetson	N
jewesses	N
jewishnesses	N
jezreelites	N
jhabvala	N
jiangsu	N
jiangxi	N
jicarilla	N
jicarillas	N
jilin	N
jimenez	N
jinan	N
jinzhou	N
jobcentres	N
jobstown	N
joelton	N
joesph	N
johannean	N
johnadreams	N
johnday	N
johnian	N
johnie	N
johnsburg	N
johnsoneses	N
johnsoniana	N
johnsonians	N
johnsonism	N
johnsonville	N
joinerville	N
joliette	N
jolliet	N
jolon	N
jomada	N
jomadas	N
jonahs	N
jonancy	N
jonathans	N
jonben	N
jonesborough	N
jonesburg	N
jonesport	N
jonestown	N
jonesville	N
jordanian	N
jordanians	N
jordanville	N
josef	N
josephite	N
josephites	N
jourdanton	N
joyceans	N
joyner	N
juanadiaz	N
juarez	N
judaeans	N
judaeo	N
judaical	N
judaisms	N
judaists	N
judaizations	N
judaizers	N
judaizes	N
judeans	N
judica	N
judsonia	N
jugendstils	N
juglandaceae	N
juglans	N
jugoslavs	N
julesburg	N
juliaetta	N
julien	N
juliustown	N
julliard	N
julundur	N
julyflower	N
julys	N
jumadas	N
juncaceae	N
junebug	N
junebugs	N
junedale	N
junes	N
juneteenths	N
jungermanniales	N
jungians	N
juniata	N
juninho	N
juniperus	N
junonian	N
juntura	N
jurua	N
justiceburg	N
jutlanders	N
kaaawa	N
kaaren	N
kabardinian	N
kabardinians	N
kabuli	N
kabulis	N
kabyles	N
kadoka	N
kaffrarians	N
kafkaesque	N
kahlotus	N
kahlua	N
kahoka	N
kahuku	N
kailuakona	N
kainozoic	N
kalaheo	N
kalama	N
kalaupapa	N
kalavala	N
kalavalas	N
kalida	N
kalispels	N
kalkaska	N
kallima	N
kalmucks	N
kalmuk	N
kalmuks	N
kalmyk	N
kalmyks	N
kalona	N
kalskag	N
kalvesta	N
kalyan	N
kamasutras	N
kamay	N
kamehameha	N
kamiah	N
kampsville	N
kampuchean	N
kampucheans	N
kamrar	N
kamuela	N
kanab	N
kanak	N
kanaks	N
kanaranzi	N
kanarraville	N
kanawha	N
kandinski	N
kandiyohi	N
kandyan	N
kaneville	N
kanona	N
kanopolis	N
kanorado	N
kanosh	N
kansans	N
kansasville	N
kantianisms	N
kantians	N
kantism	N
kantner	N
kanuri	N
kanuris	N
kapaau	N
kaposi	N
kapowsin	N
kapton	N
kaptons	N
karaisms	N
karaites	N
karaj	N
karamazov	N
karelians	N
karenina	N
karenni	N
karennis	N
karens	N
karling	N
karlsruher	N
karlsruhers	N
karluk	N
karmathian	N
karnack	N
karthaus	N
kartvelian	N
karval	N
kasbeer	N
kashan	N
kashans	N
kashmirians	N
kashmirs	N
kasigluk	N
kasilof	N
kasota	N
kasparov	N
kasson	N
katelyn	N
katemcy	N
kathakali	N
kathakalis	N
katharevousa	N
kathmandu	N
kaukauna	N
kaumakani	N
kaunakakai	N
kawabata	N
kaweah	N
kawkawlin	N
kaybecker	N
kaybeckers	N
kayenta	N
kaylor	N
kazakhs	N
kazakhstan	N
kazaks	N
keaau	N
kealakekua	N
kealia	N
keansburg	N
kearneysville	N
kearsarge	N
keasbey	N
keatchie	N
kechi	N
kechua	N
kechuas	N
keddie	N
keedysville	N
keeline	N
keenes	N
keenesburg	N
keensburg	N
keeseville	N
keezletown	N
kegley	N
keillor	N
keiser	N
keisha	N
keisterville	N
keithsburg	N
keithville	N
kekaha	N
kelayres	N
keldron	N
kelford	N
kellerman	N
kellerton	N
kelliher	N
kellnersville	N
kellysville	N
kellyton	N
kellyville	N
kelmscott	N
kelper	N
kelpers	N
kelseyville	N
kelthane	N
kelthanes	N
kemah	N
kemblesville	N
kemmerer	N
kempner	N
kempster	N
kempton	N
kenai	N
kenansville	N
kendalia	N
kendleton	N
kenduskeag	N
keneally	N
kenefic	N
kenesaw	N
kenly	N
kenmare	N
kennebunkport	N
kennedale	N
kennedyesque	N
kennedyville	N
kennerdell	N
kennesaw	N
kensal	N
kensett	N
kentland	N
kentuck	N
kentuckians	N
kenvil	N
kenvir	N
kenyans	N
keo	N
keogh	N
keokee	N
keosauqua	N
keota	N
kepone	N
kepones	N
kerens	N
kerhonkson	N
kerkhoven	N
kermans	N
kernville	N
kerrick	N
kershaw	N
kes	N
keshena	N
kettlersville	N
ketubahs	N
keuper	N
kevlar	N
kevlars	N
kevorkian	N
kewadin	N
kewanna	N
kewaskum	N
keyapaha	N
keyesport	N
keylargo	N
keymar	N
keynesianisms	N
keynesians	N
keysville	N
keytesville	N
kfc	N
khalka	N
khalkhas	N
kharkiv	N
khartum	N
khayyam	N
khazar	N
khmerian	N
khmers	N
khoikhoin	N
khoikhoins	N
khoikhois	N
khomeini	N
khorana	N
khrushchevian	N
khrushchevite	N
khwarizmi	N
khyber	N
kiahsville	N
kibo	N
kickapoos	N
kidderminsters	N
kidsgrove	N
kieler	N
kieth	N
kievans	N
kihei	N
kilbourne	N
killawog	N
killbuck	N
killduff	N
killington	N
killona	N
kilmichael	N
kilsyth	N
kilvert	N
kimballton	N
kimberton	N
kimbolton	N
kimbundu	N
kimbundus	N
kimeridgian	N
kimmell	N
kimmswick	N
kimper	N
kinards	N
kincardineshire	N
kincheloe	N
kinde	N
kinderhook	N
kingfield	N
kingmont	N
kingsdown	N
kingsland	N
kinmundy	N
kinnear	N
kinnock	N
kinrossshire	N
kinsale	N
kinta	N
kintnersville	N
kintyre	N
kinzers	N
kiplingesque	N
kipnuk	N
kirbyville	N
kirghistan	N
kirghizian	N
kirghizians	N
kirgiz	N
kirgizes	N
kiribati	N
kirinyaga	N
kirkcudbrightshire	N
kirkersville	N
kirklin	N
kirksey	N
kirksville	N
kirkville	N
kirmans	N
kiron	N
kirsty	N
kirtland	N
kirvin	N
kislevs	N
kistler	N
kittitas	N
kittitian	N
kittitians	N
kittrell	N
kitzmiller	N
kiwanians	N
klanisms	N
klans	N
kleenexes	N
klemme	N
kletterschuh	N
kletterschuhe	N
klickitat	N
klingerstown	N
klingon	N
klinsmann	N
klondiked	N
klondiking	N
klondyke	N
klondyked	N
klondykes	N
klondyking	N
klossner	N
klosters	N
kmart	N
knaresborough	N
knebworth	N
kneipe	N
kneipes	N
kngwarreye	N
knierim	N
knievel	N
knifley	N
knightdale	N
knightsbridge	N
knightsen	N
knightstown	N
knightsville	N
kniphofia	N
knippa	N
knobel	N
knoblick	N
knobnoster	N
knoke	N
knopf	N
knossus	N
knowlesville	N
knoxboro	N
knoxdale	N
knussen	N
knutsford	N
kochab	N
kodaks	N
kodiaks	N
koeltztown	N
koizumi	N
kojak	N
kolarian	N
koleen	N
koloa	N
kolwesi	N
kominform	N
kommers	N
kommersbuch	N
kommunizma	N
konawa	N
kongos	N
koontz	N
koosharem	N
kooskia	N
kootenays	N
kopperl	N
kopperston	N
korans	N
korbel	N
korda	N
koreans	N
korngold	N
koror	N
kosciuszko	N
koshkonong	N
kosovar	N
kosovars	N
kosovo	N
kosrae	N
kotah	N
kotlik	N
kotlin	N
kotys	N
kotytto	N
koufax	N
kountze	N
kouts	N
kovars	N
kraemer	N
krameriaceae	N
kranzburg	N
kreamer	N
kremmling	N
kresge	N
kresgeville	N
krilium	N
kringle	N
krishnaism	N
krishnaisms	N
krishnamurti	N
kroc	N
kroger	N
kruman	N
kshatriyas	N
kualapuu	N
kublai	N
kueiyang	N
kuhnian	N
kulm	N
kulpsville	N
kulthumm	N
kulturkampfs	N
kundera	N
kungs	N
kunia	N
kunkletown	N
kuomintangs	N
kupferschiefer	N
kurdistans	N
kurds	N
kurhaus	N
kuril	N
kurilian	N
kurilians	N
kurten	N
kurthwood	N
kurtistown	N
kushitic	N
kutenais	N
kutenay	N
kutenays	N
kuttawa	N
kutztown	N
kuwaitis	N
kuybyshev	N
kuzbas	N
kuzbass	N
kuznets	N
kuznetsk	N
kwanzaa	N
kwanzaas	N
kwethluk	N
kwigillingok	N
kyburz	N
kylertown	N
kymri	N
kynar	N
kynars	N
kyrgyz	N
kyrgyzes	N
kyrgyzstan	N
kyrgyzstani	N
kyrgyzstanis	N
labadie	N
labadieville	N
labarge	N
labarre	N
labelle	N
labolt	N
labradoreans	N
labridae	N
labrus	N
lacamp	N
lacarne	N
lacassine	N
lacedaemonians	N
lacertilia	N
laceyville	N
lachine	N
lackawaxen	N
laclede	N
lacon	N
lacona	N
laconians	N
lacoochee	N
lacoste	N
lacota	N
lacrescent	N
lactuca	N
lacygne	N
ladakhi	N
ladakhis	N
laddonia	N
ladiesburg	N
ladins	N
ladon	N
ladonia	N
ladora	N
ladson	N
lafarge	N
lafargeville	N
laferia	N
lafferty	N
lafollette	N
lafontaine	N
lafox	N
lafrance	N
lagrangeville	N
lagrangian	N
lagrangians	N
lagro	N
lagthing	N
lagunitas	N
lahabra	N
laharpe	N
lahaska	N
lahmansville	N
laie	N
laingian	N
laings	N
laingsburg	N
lairdsville	N
lajas	N
lajos	N
lajose	N
lakeisha	N
lakhota	N
lakhotas	N
lakisha	N
lakota	N
lakotas	N
laloma	N
laluz	N
lamadera	N
lamaisms	N
lamaists	N
lamarckianism	N
lamarckianisms	N
lamarckians	N
lamarckisms	N
lamarque	N
lamaze	N
lamazes	N
lambegger	N
lambeggers	N
lamberton	N
lamborghini	N
lambric	N
lambrook	N
lambrusco	N
lambruscos	N
lambsburg	N
lamellibranchiata	N
lamellicornia	N
lamero	N
lamesa	N
lamian	N
lamians	N
lamison	N
lammases	N
lammastides	N
lamoille	N
lamoni	N
lamonte	N
lamotte	N
lamoure	N
lampe	N
lampeter	N
lanagan	N
lanarkshire	N
lancashires	N
lancasterian	N
lancasters	N
lancastrians	N
landenberg	N
landess	N
landingville	N
landisburg	N
landisville	N
landsat	N
landsats	N
landseers	N
landsmaal	N
landtags	N
landville	N
laneburg	N
lanesboro	N
lanesville	N
laneview	N
laneville	N
lanexa	N
langeloth	N
langerhans	N
langford	N
langhorne	N
langlois	N
langobards	N
langsville	N
languedocians	N
langworthy	N
lanham	N
lanka	N
lankan	N
lankin	N
lannon	N
lansdale	N
lansdowne	N
lanse	N
lantry	N
lanzhou	N
laodiceanism	N
laodiceans	N
laona	N
laotians	N
laotto	N
lapaz	N
lapine	N
laplander	N
laplanders	N
laplandish	N
lapps	N
lapryor	N
laputans	N
lapwai	N
laquey	N
larchwood	N
largactil	N
laridae	N
larne	N
larose	N
larslan	N
larto	N
larus	N
larussell	N
larwill	N
lasal	N
lasalle	N
lascassas	N
laserpitium	N
lashmeet	N
lasiocampidae	N
lasmarias	N
lassen	N
lastexes	N
lastrup	N
latasha	N
latexo	N
latian	N
latiner	N
latinisations	N
latiniser	N
latinisers	N
latinises	N
latinisms	N
latinists	N
latinizer	N
latinizers	N
latins	N
latinx	N
laton	N
latonya	N
lattimore	N
latvians	N
laughlintown	N
laupahoehoe	N
lauraceae	N
laurasian	N
laurelton	N
laurelville	N
laurus	N
lavalette	N
lavalle	N
lavallette	N
lavergne	N
laverkin	N
lavernia	N
laveta	N
lavilla	N
lavon	N
lavonia	N
lawai	N
lawanda	N
laward	N
lawen	N
lawnside	N
lawrie	N
lawsons	N
lawsonville	N
lawtell	N
lawtey	N
lawtons	N
lawyersville	N
layland	N
laytonville	N
lazarists	N
lazbuddie	N
leachville	N
leaday	N
leadore	N
leadwood	N
leakesville	N
leamington	N
learjet	N
leasburg	N
leavisian	N
leavisite	N
leavisites	N
leavittsburg	N
lebam	N
lebeau	N
lebec	N
lebo	N
leburn	N
lecanto	N
leckkill	N
leckrone	N
leclaire	N
lecoma	N
lecompton	N
lecythidaceae	N
lederach	N
ledgewood	N
ledyard	N
leeco	N
leedey	N
leemont	N
leeper	N
leesport	N
leeton	N
leetsdale	N
leevining	N
leewood	N
lefor	N
lefors	N
lego	N
legoland	N
leguminosae	N
leibnitzians	N
leibnizians	N
leicesters	N
leipsic	N
leisenring	N
leiter	N
leitersford	N
leivasy	N
lemaitre	N
lemars	N
lemasters	N
lemhi	N
lemitar	N
lemmon	N
lemna	N
lemnaceae	N
lemnians	N
lemoyen	N
lempster	N
lemuria	N
lemuroidea	N
lenapah	N
lendl	N
lengby	N
lenhartsville	N
leningrader	N
leningraders	N
leninisms	N
leninists	N
leninite	N
leninites	N
lenorah	N
lenoxdale	N
lenoxville	N
lentibulariaceae	N
lentner	N
lents	N
lenzburg	N
leoma	N
leonardsville	N
leonardtown	N
leonardville	N
leonel	N
leonides	N
leonids	N
leonville	N
leopoldo	N
leopolis	N
leota	N
leoti	N
lepcha	N
lepchas	N
lepidodendraceae	N
lepidodendron	N
lepidosteus	N
lepidostrobus	N
lepke	N
lepontic	N
leppard	N
lequire	N
leraysville	N
lerne	N
lerona	N
lerose	N
lesa	N
lesage	N
lescol	N
lescols	N
lessie	N
lesterville	N
lestrade	N
lesueur	N
letart	N
letcher	N
letohatchee	N
letona	N
letraset	N
letts	N
lettsworth	N
leuciscus	N
leucojum	N
leupp	N
levallois	N
levantines	N
levantinisms	N
levasy	N
levelland	N
levelock	N
lewinsky	N
lewisberry	N
lewisetta	N
lewisia	N
lewisian	N
lewisport	N
lewistown	N
lexa	N
lexan	N
lexans	N
lexus	N
leyland	N
lhasas	N
lhotse	N
liberace	N
liberas	N
libertytown	N
libran	N
librans	N
libreoffice	N
libriums	N
libuse	N
libyans	N
lickingville	N
lidderdale	N
lide	N
lidgerwood	N
liebenthal	N
liechtensteiner	N
liechtensteiners	N
liederkranzes	N
ligon	N
liguliflorae	N
liguori	N
liguorian	N
ligurians	N
lilbourn	N
lilburn	N
lilesville	N
liliaceae	N
liliana	N
lilium	N
lillee	N
lilliburlero	N
lillington	N
lilliwaup	N
lilydale	N
limaceae	N
limavady	N
limaville	N
limbaugh	N
limburgers	N
limburgs	N
limeport	N
limington	N
limnaeidae	N
limousins	N
lincolndale	N
lincolns	N
lincolnville	N
lincroft	N
lindale	N
lindenwood	N
lindleyan	N
lindrith	N
lindseyville	N
lindside	N
lineker	N
linesville	N
lineville	N
lingayats	N
lingle	N
lingleville	N
lingulella	N
linkwood	N
linnaean	N
linneus	N
linux	N
linuxes	N
linville	N
lipan	N
lipans	N
lipitor	N
lipitors	N
lipizzan	N
lipizzaners	N
lipizzans	N
lippizan	N
lippizaners	N
lippizans	N
lippizzaner	N
lippizzaners	N
liptauer	N
liptauers	N
lisboa	N
lisboan	N
lisboans	N
lisburn	N
lisco	N
lisman	N
lismore	N
lissajous	N
listerian	N
listerine	N
listerises	N
listerizes	N
listie	N
liston	N
litchville	N
literberry	N
lithistida	N
lithodomus	N
lithonia	N
lithopolis	N
lithospermum	N
lithuanians	N
littcarr	N
littleport	N
litvak	N
litvaks	N
liverpudlians	N
livonians	N
lizella	N
lizemores	N
lizton	N
llanfairpwllgwyngyllgogerychwyrndrobwllllantysiliogogogoch	N
llewelyn	N
loachapoka	N
loaghtan	N
loaghtans	N
loami	N
lobata	N
lobeco	N
lobeliaceae	N
lobelville	N
lochgelly	N
lochinvars	N
lochloosa	N
lochmere	N
lockbourne	N
lockeford	N
lockeian	N
lockesburg	N
lockheed	N
lockian	N
lockist	N
lockists	N
lockney	N
locrians	N
locustdale	N
locustidae	N
locustville	N
loda	N
lodgegrass	N
lodine	N
lodines	N
lodz	N
loews	N
lofoten	N
logandale	N
loganiaceae	N
loganton	N
loganville	N
loghtan	N
loghtans	N
loghtyn	N
loghtyns	N
logting	N
lohn	N
lohrville	N
loiza	N
loliginidae	N
loligo	N
lolitas	N
lolium	N
lollardies	N
lollardisms	N
lollardries	N
lollards	N
lollobrigida	N
lolo	N
lomalinda	N
lomamar	N
loman	N
lombardian	N
lombardic	N
lombards	N
lometa	N
lomira	N
lomita	N
lomotil	N
lomotils	N
lompoc	N
lomu	N
lonaconing	N
londinium	N
londoners	N
londonese	N
londonian	N
londonise	N
londonised	N
londonises	N
londonising	N
londonism	N
londonize	N
londonized	N
londonizes	N
londonizing	N
lonedell	N
lonejack	N
lonestar	N
lonetree	N
longbottom	N
longchamps	N
longdale	N
longhi	N
longkey	N
longlane	N
longleat	N
longmeadow	N
longmont	N
longobardi	N
longobardic	N
longobards	N
longport	N
longton	N
longville	N
lonoke	N
lonsdale	N
lookeba	N
looneyville	N
lopeno	N
lorado	N
lorane	N
loranger	N
loreauville	N
loreleis	N
lorentzian	N
loretto	N
lorida	N
lorimor	N
lorman	N
lorre	N
lorton	N
lossiemouth	N
lostant	N
lostine	N
lothian	N
lott	N
lottsburg	N
louann	N
louellen	N
loughborough	N
loughman	N
louin	N
louisianans	N
louisianians	N
louisvillians	N
louvale	N
louviers	N
lovecraft	N
lovejoy	N
lovelaceville	N
lovelady	N
lovettsville	N
loveville	N
lovilia	N
lovingston	N
lowake	N
lowber	N
lowden	N
lowder	N
lowellville	N
lowenbrau	N
lowestofts	N
lowesville	N
lowman	N
lowmansville	N
lowmoor	N
lowndesboro	N
lowndesville	N
loxahatchee	N
loxley	N
loyall	N
loyalton	N
loyd	N
loysburg	N
loysville	N
lubas	N
lubavitch	N
lubavitcher	N
lubavitchers	N
lubec	N
lucama	N
lucasville	N
lucayan	N
lucayans	N
lucayo	N
lucayos	N
lucedale	N
luciferian	N
lucile	N
lucinas	N
luckey	N
luda	N
luddisms	N
luddites	N
ludell	N
ludowici	N
luebbering	N
lueders	N
lufthansa	N
lugano	N
lugoff	N
lugosi	N
lukan	N
lukeville	N
lumbee	N
lumbees	N
lumberport	N
lumbricidae	N
lunda	N
lundale	N
lundas	N
lundy	N
lunenburg	N
luning	N
luoyang	N
lupercal	N
lupercals	N
lupton	N
luquillo	N
lurgan	N
lurgi	N
luria	N
lusatians	N
lusby	N
lushun	N
lusiad	N
lusiads	N
lusitanians	N
lusophile	N
lusophiles	N
lutesville	N
lutetian	N
lutheranisms	N
lutherans	N
lutherisms	N
lutherist	N
luthersburg	N
luthersville	N
lutherville	N
lutsen	N
lutts	N
luvian	N
luvians	N
luvs	N
luwians	N
luxembourger	N
luxembourgers	N
luxembourgian	N
luxemburger	N
luxemburgers	N
luxemburgian	N
luxora	N
luzula	N
lviv	N
lyburn	N
lycaena	N
lycaenidae	N
lychnic	N
lycians	N
lycoming	N
lycopodiaceae	N
lycopodiales	N
lycopodinae	N
lycopodineae	N
lycosa	N
lycosidae	N
lydians	N
lyerly	N
lykens	N
lyles	N
lymantriidae	N
lymeswold	N
lymnaea	N
lynam	N
lynco	N
lyndeborough	N
lyndonville	N
lynndyl	N
lynnfield	N
lynnville	N
lynnwood	N
lyomeri	N
lysenkoisms	N
lysite	N
lysols	N
lythraceae	N
lythrum	N
lytten	N
lyttleton	N
lyx	N
maalox	N
maasai	N
maasais	N
maazel	N
mabank	N
mabelvale	N
maben	N
mabie	N
mabinogion	N
mabscott	N
mabton	N
macanese	N
macassarese	N
macatawa	N
macbride	N
maccabaean	N
maccabeus	N
macclenny	N
macdoel	N
macdona	N
macduff	N
macedonians	N
maceo	N
macfarlan	N
macguffin	N
machairodus	N
machias	N
machiasport	N
machiavelians	N
machiavellianisms	N
machiavellians	N
machiavellisms	N
machiavellist	N
machiavellists	N
machipongo	N
machmeters	N
macias	N
mackeyville	N
macksburg	N
macksinn	N
macksville	N
mackville	N
macleaya	N
macmillanite	N
macomb	N
macoun	N
macouns	N
macquarie	N
macrura	N
macungie	N
madagascans	N
madeiran	N
madeirans	N
madelia	N
madelyn	N
madera	N
madisonburg	N
madisonian	N
madrasi	N
madrasis	N
madrilenians	N
madrileno	N
madrilenos	N
madurese	N
maecenases	N
maeonian	N
maeonides	N
maeystown	N
mafikeng	N
mafiosos	N
magalia	N
magellanic	N
magherafelt	N
maghrebi	N
maghrebian	N
maghrebians	N
maghrebis	N
maghrib	N
maghribi	N
maghribian	N
maghribians	N
maghribis	N
magianism	N
magianisms	N
maginot	N
magism	N
magness	N
magnoliaceae	N
magoo	N
magsaysay	N
magyarism	N
magyars	N
mahabharata	N
mahabharatas	N
mahaffey	N
mahaska	N
mahavira	N
mahayanas	N
mahayanistic	N
mahayanists	N
mahdisms	N
mahdists	N
mahfouz	N
mahlerian	N
mahnomen	N
mahometans	N
mahommedan	N
mahopac	N
mahrattas	N
mahto	N
mahtowa	N
mahwah	N
maidenform	N
maidsville	N
maidu	N
maidus	N
maigret	N
maiman	N
mainers	N
mainesburg	N
maineville	N
maitreya	N
majorcans	N
majuro	N
makah	N
makahs	N
makanda	N
makarios	N
makasarese	N
makassarese	N
makawao	N
makaweli	N
makinen	N
makiyivka	N
makoti	N
makua	N
makuas	N
malabar	N
malaccans	N
malachias	N
malacopterygii	N
malacostraca	N
malagas	N
malagash	N
malagasies	N
malakoff	N
malawian	N
malawians	N
malawis	N
malayalaam	N
malayans	N
malays	N
malaysian	N
malaysians	N
maldivan	N
maldivans	N
maldive	N
maldivian	N
maldivians	N
maldonado	N
malebolge	N
malecite	N
malecites	N
malian	N
malians	N
malibu	N
malinkes	N
malinois	N
malinta	N
maliseet	N
maliseets	N
maljamar	N
mallie	N
mallomars	N
mallophaga	N
mallorcan	N
mallorcans	N
maloneton	N
malott	N
malpighia	N
malpighiaceae	N
malplaquet	N
malthusianisms	N
malthusians	N
malvaceae	N
malvinas	N
malvolio	N
mamet	N
mammalia	N
managuan	N
managuans	N
manahawkin	N
manakinsabot	N
manassa	N
manawa	N
mancelona	N
manchaca	N
manchaug	N
manchegan	N
manchegans	N
manchurians	N
mancini	N
mancos	N
mancunean	N
mancuneans	N
mancunians	N
mandaeans	N
mandans	N
mandaree	N
mandeans	N
mandela	N
mandelbrot	N
mandelson	N
mandelstam	N
manderson	N
mandes	N
mandinka	N
mandinkas	N
mandrell	N
mangham	N
mangohick	N
mangum	N
manhasset	N
manhattanise	N
manhattanises	N
manhattanites	N
manhattanization	N
manhattanizations	N
manhattanize	N
manhattanized	N
manhattanizes	N
manhattanizing	N
manichaean	N
manichaeanisms	N
manichaeans	N
manichaeisms	N
manicheanisms	N
manicheans	N
manichee	N
manichees	N
manicheisms	N
manillas	N
maninka	N
maninkas	N
manis	N
manitoban	N
manitobans	N
manlius	N
mannboro	N
mannford	N
mannschoice	N
mannsville	N
manokin	N
manokotak	N
manomet	N
manorville	N
manquin	N
mansell	N
mansura	N
mantachie	N
mantador	N
mantalini	N
mantee	N
manteno	N
manteo	N
manter	N
manti	N
mantoloking	N
mantorville	N
mantuans	N
manxwoman	N
manxwomen	N
manzanola	N
mao	N
maoisms	N
maoist	N
maoists	N
maoridom	N
maoriland	N
maoris	N
maoritanga	N
mapaville	N
maplaquet	N
maplecrest	N
mapleshade	N
maplesville	N
mapleton	N
mapleview	N
mapleville	N
mapplethorpe	N
mappsville	N
mapuche	N
mapuches	N
mapudungun	N
mapudunguns	N
maquoketa	N
maquon	N
maradona	N
maramec	N
marana	N
marantaceae	N
marasmius	N
marathas	N
maratta	N
marattas	N
marattia	N
marattiaceae	N
maravi	N
maravis	N
marbury	N
marcelino	N
marcgravia	N
marcgraviaceae	N
marchand	N
marchantiaceae	N
marcionisms	N
marcionist	N
marcionists	N
marcionites	N
marcionitism	N
marcobrunner	N
marcola	N
marcushook	N
marenisco	N
marfrance	N
margaretville	N
margarito	N
margrethe	N
mariadb	N
marianas	N
marianist	N
marianists	N
marians	N
mariastein	N
mariba	N
maricao	N
maricela	N
maricopa	N
maricopas	N
marienville	N
marilynn	N
marinette	N
maringouin	N
marinist	N
mariolaters	N
mariolatries	N
mariolatrist	N
mariolatrists	N
mariological	N
mariologies	N
mariologists	N
marionville	N
marisat	N
marisats	N
marists	N
maritimers	N
maritza	N
marivaudage	N
markab	N
markesan	N
markle	N
markleeville	N
markleton	N
markleville	N
markleysburg	N
markoff	N
markov	N
markovian	N
markville	N
marland	N
marlboro	N
marlinton	N
marlton	N
marmarth	N
marmora	N
maroa	N
maronian	N
maronites	N
marple	N
marquesans	N
marquesas	N
marrakesh	N
marrero	N
marriner	N
marsalis	N
marseillais	N
marseillaises	N
marshalese	N
marshallberg	N
marshallville	N
marshessiding	N
marshfield	N
marshville	N
marsilea	N
marsileaceae	N
marsilia	N
marsing	N
marsipobranchii	N
marsteller	N
martensdale	N
marthasville	N
marthaville	N
martindale	N
martinicans	N
martiniquais	N
martinmases	N
martinsdale	N
martinton	N
martville	N
marxianisms	N
marxians	N
marxisms	N
marxists	N
maryalice	N
maryd	N
marydel	N
marydell	N
maryknoll	N
maryknoller	N
maryknollers	N
marylander	N
marylanders	N
marylebone	N
marylhurst	N
marylon	N
maryneal	N
maryolater	N
maryolaters	N
maryolatrous	N
maryolatry	N
maryologies	N
maryologist	N
maryology	N
marysvale	N
maryus	N
masada	N
mascotte	N
mascoutah	N
maserati	N
mashonas	N
mashpee	N
maskell	N
masontown	N
masonville	N
masorahs	N
masoras	N
masoretes	N
masoreth	N
masorite	N
masorites	N
massachusets	N
massachusett	N
massai	N
massais	N
massilia	N
massora	N
massoretes	N
mastercard	N
masurian	N
masurians	N
matagorda	N
matamoras	N
matewan	N
matherville	N
mathiston	N
mathurin	N
matinicus	N
matlab	N
matoaka	N
mattapoisett	N
mattaponi	N
mattawamkeag	N
mattawan	N
mattawana	N
mattel	N
matthaean	N
matthau	N
matthean	N
mattituck	N
mattoon	N
mauckport	N
maugansville	N
mauk	N
maunabo	N
maunie	N
maurepas	N
maurertown	N
mauretanians	N
mauricetown	N
mauriceville	N
mauritanians	N
mauritians	N
mausers	N
mavisdale	N
maxatawny	N
maxbass	N
maxton	N
maxwellian	N
maxwelton	N
mayaguez	N
mayakovsky	N
mayanist	N
mayanists	N
mayans	N
maybee	N
maybell	N
maybeury	N
maybrook	N
maydelle	N
mayersville	N
mayesville	N
mayetta	N
mayking	N
maylene	N
maynardville	N
mayodan	N
mayologist	N
mayologists	N
maypearl	N
mayport	N
mayra	N
maysel	N
maysfield	N
mayslick	N
maytag	N
maytide	N
maytides	N
maytimes	N
maytown	N
mayview	N
mayville	N
mazama	N
mazatlan	N
mazdaisms	N
mazdaist	N
mazdaists	N
mazdean	N
mazdeism	N
mazdeisms	N
mazeppa	N
mazie	N
mazola	N
mazomanie	N
mazon	N
mbini	N
mbundu	N
mbundus	N
mcadam	N
mcadenville	N
mcadoo	N
mcalester	N
mcalister	N
mcalpin	N
mcandrews	N
mcbain	N
mcbee	N
mcbrides	N
mccain	N
mccalla	N
mccallsburg	N
mccammon	N
mccanna	N
mccarley	N
mccarr	N
mccarthyisms	N
mccarthyist	N
mccarthyists	N
mccarthyite	N
mccarthyites	N
mccaskill	N
mccaulley	N
mccausland	N
mccaysville	N
mcclave	N
mccleary	N
mccloud	N
mcclurg	N
mcclusky	N
mccoll	N
mccomas	N
mccombs	N
mccondy	N
mcconnells	N
mccook	N
mccool	N
mccordsville	N
mccoys	N
mccray	N
mccrory	N
mccune	N
mccurtain	N
mcdaniel	N
mcdaniels	N
mcdavid	N
mcdermitt	N
mcdonnell	N
mcdonough	N
mcdougal	N
mcelhattan	N
mcenroe	N
mcewan	N
mcewen	N
mcewensville	N
mcfaddin	N
mcfall	N
mcfarlan	N
mcgaheysville	N
mcgirk	N
mcgovern	N
mcgowan	N
mcgrady	N
mcgrann	N
mcgraws	N
mcgrew	N
mcguffin	N
mcguigan	N
mcintoshes	N
mcjob	N
mcjobs	N
mckean	N
mckellen	N
mckenney	N
mckinnon	N
mckittrick	N
mcknightstown	N
mclean	N
mcleansboro	N
mcleansville	N
mclouth	N
mcmillin	N
mcnabb	N
mcnary	N
mcneal	N
mcneill	N
mcpherson	N
mcquady	N
mcqueeney	N
mcrae	N
mcshan	N
mcveigh	N
mcveytown	N
mcville	N
mcwhorter	N
mdewakanton	N
mdewakantons	N
meadowbrook	N
meadville	N
meally	N
meansville	N
mebane	N
meccan	N
meccans	N
mechanicstown	N
mechanicville	N
mechlins	N
meckling	N
mecoptera	N
mecosta	N
medanales	N
medaryville	N
medellin	N
medes	N
medfield	N
mediapolis	N
medinah	N
medism	N
mediterraneans	N
medjidie	N
medocs	N
medomak	N
meeteetse	N
megargel	N
megarians	N
megarics	N
megatherium	N
meggers	N
megrez	N
meherrin	N
mehoopany	N
meighen	N
meigs	N
meissens	N
mejia	N
mejlis	N
mekhitarists	N
mekinock	N
meknes	N
mekoryuk	N
melanesians	N
melanochroid	N
melastoma	N
melastomaceae	N
melber	N
melbeta	N
melbournian	N
melbournians	N
melburnians	N
melchites	N
melcroft	N
meldrim	N
melendez	N
melfa	N
meliaceae	N
melians	N
melkites	N
mellenville	N
mellott	N
mellwood	N
melmore	N
melstone	N
melvern	N
melvillean	N
melvilleans	N
melvindale	N
memcached	N
memphians	N
memphites	N
menahga	N
menan	N
mende	N
mendelianism	N
mendelianisms	N
mendelians	N
mendelisms	N
mendelist	N
mendelists	N
mendelssohnian	N
mendelssohnians	N
mendenhall	N
mendham	N
mendon	N
mendota	N
menelik	N
menemsha	N
menevian	N
menfro	N
mengzi	N
menifee	N
menispermaceae	N
menkalinan	N
menkar	N
menkent	N
mennen	N
menno	N
mennonites	N
mennonitism	N
mennonitisms	N
menoken	N
menominee	N
menominees	N
menominis	N
mensheviki	N
mensheviks	N
menshevisms	N
menshevists	N
mensur	N
mensuren	N
mentcle	N
mentholatum	N
mentmore	N
mentone	N
meo	N
meos	N
mephisto	N
mephistophelic	N
mephistos	N
meppen	N
merak	N
meraux	N
mercedita	N
mercersburg	N
merchantville	N
mercians	N
merck	N
merckx	N
mercurochromes	N
mercutio	N
meredithville	N
meredosia	N
mereta	N
meridale	N
meridia	N
meridianville	N
meridias	N
merigold	N
merkel	N
merlyn	N
mermentau	N
meroite	N
meroites	N
meroitic	N
merom	N
meropidae	N
merovingians	N
merricourt	N
merrifield	N
merrillan	N
merrimac	N
merrittstown	N
merrouge	N
merryville	N
mershon	N
mertens	N
merthiolates	N
mertzon	N
mertztown	N
merulius	N
mervyn	N
mesabi	N
mesaverde	N
mescalero	N
mescaleros	N
mesena	N
meservey	N
meshoppen	N
mesick	N
mesilla	N
mesita	N
mesoamerica	N
mesoamericanist	N
mesoamericanists	N
mesoamericans	N
mesopotamians	N
mesozoa	N
messager	N
messapians	N
messenian	N
messenians	N
messerschmidt	N
messianist	N
messias	N
messiases	N
metacom	N
metairie	N
metaline	N
metallica	N
metamora	N
metamucil	N
metaphysicals	N
metatheria	N
metcalfe	N
methody	N
methow	N
metrazols	N
metroland	N
metter	N
metternichian	N
meursault	N
meursaults	N
mevacor	N
mevacors	N
mexicans	N
meyersdale	N
meyersville	N
mezzogiorno	N
mfume	N
mgm	N
mhz	N
miamian	N
miamians	N
miamisburg	N
miamitown	N
miamiville	N
miao	N
miaos	N
miaplacidus	N
micanopy	N
micaville	N
miccosukee	N
miccosukees	N
michaelmases	N
michelangelesque	N
michelin	N
michelob	N
michie	N
michigamme	N
michigander	N
michiganders	N
michiganians	N
michiganite	N
michiganites	N
michoacan	N
mickleton	N
micmacs	N
microchiroptera	N
micronesians	N
microsoft	N
micrurus	N
middlebass	N
middleboro	N
middlebourne	N
middlebrook	N
middleburg	N
middleburgh	N
middlefield	N
middlesboro	N
middleville	N
mideasterner	N
mideasterners	N
midianites	N
midkiff	N
midlander	N
midlanders	N
midpines	N
midville	N
midwesterners	N
miesian	N
miesians	N
mifflin	N
mifflinburg	N
mifflintown	N
mifflinville	N
mikana	N
mikasuki	N
mikasukis	N
mikhail	N
mikoyan	N
milaca	N
milagros	N
milam	N
milanville	N
milbank	N
milesburg	N
milesians	N
milesville	N
miley	N
milfay	N
milladore	N
millboro	N
millbrook	N
millbury	N
milldale	N
millersburg	N
millersport	N
millerstown	N
millersville	N
millerton	N
millerville	N
millfield	N
millhall	N
millheim	N
millhousen	N
millican	N
milliken	N
millis	N
millmont	N
millport	N
millrift	N
millry	N
millsap	N
millsboro	N
millshoals	N
millstadt	N
millston	N
millwood	N
milmay	N
milmine	N
milnesand	N
milnesville	N
milnor	N
milosevic	N
milosz	N
milpitas	N
milroy	N
miltona	N
miltonian	N
miltonism	N
miltonvale	N
miltown	N
milvus	N
milwaukeeans	N
mimbres	N
mimosaceae	N
mimus	N
minangkabau	N
minangkabaus	N
minatare	N
minburn	N
minco	N
mindelian	N
minden	N
minelamotte	N
minetto	N
mineville	N
minford	N
mingo	N
mingoville	N
miniconjou	N
miniconjous	N
minitel	N
minneapolitans	N
minneconjou	N
minneconjous	N
minnehaha	N
minnelli	N
minneota	N
minnesotans	N
minnewaukan	N
minoa	N
minoans	N
minocqua	N
minolta	N
minong	N
minonk	N
minooka	N
minorcan	N
minorcans	N
minotola	N
minsky	N
mintaka	N
minto	N
minturn	N
mio	N
miquon	N
mirach	N
miraloma	N
miramonte	N
mirandize	N
mirandized	N
mirandizes	N
mirandizing	N
mirapex	N
mirapexes	N
mirfak	N
miro	N
mirzam	N
misenheimer	N
mishicot	N
mishna	N
mishnahs	N
mishnas	N
mishnayot	N
miskito	N
miskitos	N
mississippians	N
missoula	N
missourians	N
missouris	N
miston	N
mit	N
mitannians	N
mitchells	N
mitchellsburg	N
mitchellville	N
mitchum	N
mithra	N
mithradatic	N
mithraic	N
mithraicism	N
mithraisms	N
mithraist	N
mithraistic	N
mithraists	N
mitsubishi	N
mittie	N
mitty	N
miwok	N
miwoks	N
mixtecans	N
mixtecs	N
mizpah	N
moabite	N
moabites	N
moabitish	N
moapa	N
moatsville	N
mobeetie	N
moberly	N
mobil	N
mobjack	N
moche	N
moches	N
mochicas	N
mocksville	N
moclips	N
modale	N
modenese	N
modesttown	N
modiola	N
modocs	N
moet	N
moffett	N
mogadishu	N
mogadon	N
moghul	N
moghuls	N
mogilyov	N
mogollon	N
mohacs	N
mohall	N
mohammedanise	N
mohammedanised	N
mohammedanises	N
mohammedanising	N
mohammedanisms	N
mohammedanized	N
mohammedanizes	N
mohammedanizing	N
mohammedans	N
mohammedism	N
moharrams	N
mohaves	N
mohegan	N
mohegans	N
mohnton	N
mohockism	N
mohockisms	N
mohocks	N
mohorovicic	N
mohrsville	N
mojaves	N
mokane	N
mokena	N
molalla	N
molasse	N
moldavian	N
moldavians	N
moldova	N
moldovan	N
moldovans	N
molechs	N
molena	N
moliere	N
molino	N
molluscoidea	N
molnar	N
molossian	N
molucca	N
moluccan	N
moluccans	N
monacans	N
monadelphia	N
monandria	N
monango	N
monarchianisms	N
monarchianists	N
monarchians	N
monarcho	N
monaville	N
monaxonida	N
monchengladbach	N
moncure	N
mondamin	N
mondayish	N
mondovi	N
monee	N
monegasques	N
monel	N
monels	N
monette	N
mongodb	N
mongolians	N
mongolise	N
mongolised	N
mongolises	N
mongolising	N
mongolize	N
mongolized	N
mongolizes	N
mongolizing	N
monhegan	N
monico	N
monkton	N
monochlamydeae	N
monocotyledones	N
monodelphia	N
monodon	N
monoecia	N
monogynia	N
monon	N
monongah	N
monophysitisms	N
monotropa	N
monoville	N
monponsett	N
monroeism	N
monroeist	N
monroeists	N
monroeton	N
monroeville	N
monsanto	N
monsey	N
montagnais	N
montagnaises	N
montanans	N
montanism	N
montanisms	N
montanist	N
montanistic	N
montanists	N
montauk	N
montauks	N
montenegran	N
montenegrin	N
montenegrins	N
montessorian	N
montezuma	N
monticello	N
montmorencies	N
montmorency	N
montoya	N
montparnassian	N
montrachet	N
montrachets	N
montrealer	N
montrealers	N
moodus	N
moodys	N
mooers	N
moog	N
moogs	N
moonie	N
moonies	N
moorcroft	N
mooreland	N
mooresboro	N
mooresburg	N
mooress	N
moorestown	N
mooreton	N
mooreville	N
moorgate	N
moorhead	N
mooseheart	N
moosup	N
moraceae	N
moraea	N
moraga	N
morann	N
morattico	N
moravianism	N
moravianisms	N
moravians	N
morayshire	N
mordvinian	N
mordvinians	N
morean	N
moreauville	N
morehead	N
morenci	N
morescoes	N
moretown	N
morganton	N
morgantown	N
morganville	N
morganza	N
morglay	N
morin	N
moringa	N
moringaceae	N
moriscoes	N
moriscos	N
morisonian	N
morisonianism	N
morisot	N
morland	N
mormonisms	N
mormonite	N
mormons	N
moroccans	N
morovis	N
morpeth	N
morral	N
morrisdale	N
morrisonville	N
morriston	N
morristown	N
morrisville	N
morrowville	N
mortlake	N
morus	N
mosaical	N
mosaism	N
mosca	N
moselles	N
moshannon	N
mosheim	N
mosherville	N
mosinee	N
mosquero	N
mosquitos	N
mossad	N
mossville	N
mossyrock	N
motorola	N
motowns	N
motrin	N
motrins	N
mottville	N
motus	N
moultonboro	N
moundsville	N
moundville	N
mountjoy	N
mousie	N
moustierian	N
mouthcard	N
mouthe	N
moville	N
moweaqua	N
mowgli	N
mowrystown	N
moxahala	N
moxee	N
moygashel	N
moyock	N
mozambicans	N
mozarabs	N
mozier	N
mozilla	N
mtbaldy	N
muawiya	N
mubarak	N
mucorales	N
muddings	N
muftat	N
muftiat	N
muganda	N
mugandas	N
muggletonian	N
mughal	N
mughals	N
muhammadanism	N
muhammadanisms	N
muhammadans	N
muharrams	N
muharrum	N
muharrums	N
mujib	N
mukilteo	N
mukwonago	N
mulder	N
muldraugh	N
muldrow	N
mulhall	N
mulheim	N
mulino	N
mulkeytown	N
mullan	N
mullerian	N
mullikan	N
mullin	N
mullinville	N
mulroney	N
mumbai	N
mummerset	N
munchausen	N
munchausens	N
munday	N
mundelein	N
munden	N
munfordville	N
munger	N
munichism	N
munith	N
munnsville	N
munoz	N
munros	N
munsee	N
munsees	N
munsonville	N
muraenidae	N
murasaki	N
murcian	N
murcott	N
murcotts	N
murdo	N
muridae	N
murphys	N
murphysboro	N
murraysville	N
murrayville	N
murrieta	N
murrysville	N
murtaugh	N
musaceae	N
musales	N
muschelkalk	N
musci	N
muscidae	N
muscoda	N
muscotah	N
musella	N
musgrave	N
musharraf	N
muskego	N
muskogees	N
muslimism	N
muslims	N
mussalman	N
mussalmans	N
mussalmen	N
mussulmen	N
mussulwoman	N
mustardseed	N
mustela	N
mustelidae	N
mustoe	N
muzaks	N
myanman	N
myanmans	N
myanmar	N
mycenaeans	N
mycenean	N
myceneans	N
mycenian	N
mycenians	N
mycetozoa	N
myersville	N
mykolayiv	N
mykonos	N
myrdal	N
myriapoda	N
myricaceae	N
myristica	N
myristicaceae	N
myrmecophaga	N
myrtaceae	N
myrtlewood	N
myrtus	N
mysians	N
myspace	N
mysql	N
myst	N
mytilidae	N
mytilus	N
myton	N
myukolayiv	N
myxophyceae	N
naalehu	N
nabataea	N
nabataeans	N
nabateans	N
nabathaean	N
nabathean	N
nabb	N
nabisco	N
nabokovian	N
nabucco	N
nachschlag	N
nachusa	N
naco	N
nacoochee	N
nadene	N
nageezi	N
nagshead	N
naguabo	N
nahma	N
nahuatlans	N
nahuatls	N
nahunta	N
naia	N
naiadaceae	N
naias	N
naipaul	N
nair	N
nairnshire	N
naja	N
najdi	N
najdis	N
nakina	N
naknek	N
nakota	N
nakotas	N
nallen	N
namaqua	N
namas	N
namath	N
namibian	N
namibians	N
nanafalia	N
nanjemoy	N
nanjing	N
nannette	N
nanticokes	N
nantucketer	N
nantucketers	N
nantyglo	N
nantz	N
nanuet	N
napakiak	N
napanoch	N
napavine	N
naper	N
naperville	N
napoleonism	N
napoleonist	N
napoleonville	N
naponee	N
naprosyn	N
naprosyns	N
napster	N
naranjito	N
naravisa	N
nardin	N
narka	N
narnia	N
narragansets	N
narrowsburg	N
naruna	N
narvon	N
nasalis	N
nasca	N
nascar	N
naselle	N
nashoba	N
nashotah	N
nashport	N
nashvilles	N
nashwauk	N
nasik	N
naskapi	N
naskapis	N
nassawadox	N
natalbany	N
natalians	N
nathans	N
nathrop	N
natoma	N
naturita	N
naubinway	N
naugahyde	N
naugahydes	N
naugatuck	N
nauruans	N
nauvoo	N
navajo	N
navajoes	N
navajos	N
navaratra	N
navaratri	N
navesink	N
naxera	N
nayar	N
naytahwaush	N
nazarean	N
nazarenes	N
nazarites	N
nazaritic	N
nazaritism	N
nazca	N
nazirite	N
nazirites	N
naziritism	N
naziritisms	N
nazism	N
nazisms	N
nazlini	N
ndongo	N
ndongos	N
ndrangheta	N
neafus	N
neagle	N
neandertaler	N
neandertalers	N
neanderthalers	N
neanderthaloids	N
neapolis	N
neapolitans	N
neavitt	N
nebraskan	N
nebraskans	N
nebuchadrezzar	N
necedah	N
neche	N
neches	N
nedrow	N
needmore	N
needville	N
neelyton	N
neelyville	N
neffs	N
negley	N
negreet	N
negresses	N
negrilloes	N
negrillos	N
negroness	N
negronesses	N
negrophobic	N
nehalem	N
nehawka	N
neihart	N
neilton	N
nejdi	N
nejdis	N
nekoma	N
nekoosa	N
neligh	N
nellis	N
nelliston	N
nellysford	N
nelse	N
nelsonia	N
nelsonville	N
nemacolin	N
nemaha	N
nemathelminthes	N
nematoidea	N
nematomorpha	N
nembutals	N
nemean	N
nemeans	N
nemertinea	N
nemours	N
nenets	N
nenzel	N
neoceratodus	N
neocomian	N
neoga	N
neogea	N
neohellenism	N
neola	N
neopit	N
neoplatonic	N
neoplatonisms	N
neopythagorean	N
neopythagoreanism	N
neorican	N
neoricans	N
neotropic	N
neotsu	N
nepalis	N
nepenthaceae	N
neponset	N
neptunist	N
nerf	N
nerfs	N
nerinx	N
neritidae	N
neritina	N
nerium	N
neronian	N
neronic	N
nerstrand	N
nesbit	N
nescafe	N
nesconset	N
nescopeck	N
neshkoro	N
nesiot	N
neskhi	N
neski	N
nesmith	N
nespelem	N
nesselrodes	N
nestorianisms	N
nestorians	N
netawaka	N
netflix	N
netherland	N
netherlanders	N
netherlandish	N
nethinim	N
netscape	N
nettleton	N
netzahualcoyotl	N
neufchatels	N
neuroptera	N
neuropteroidea	N
neustrians	N
nevadan	N
nevadans	N
nevadian	N
nevadians	N
nevelson	N
neversink	N
nevisdale	N
nevisian	N
nevsky	N
newbolt	N
newdigate	N
newfies	N
newfoundlanders	N
newfoundlands	N
newporter	N
newporters	N
newry	N
newsweek	N
newtonian	N
newtonians	N
newtonic	N
newtownabbey	N
newtownards	N
nexis	N
nexises	N
ngaliema	N
ngoni	N
ngonis	N
ngunis	N
niangua	N
niantic	N
niarada	N
niassan	N
niassans	N
nibelungen	N
nicaeans	N
nicaraguan	N
nicaraguans	N
nicasio	N
niceville	N
nichiren	N
nicholville	N
nichromes	N
nickelsville	N
nickieben	N
nickleby	N
nicktown	N
nicobar	N
nicolaus	N
nicollet	N
nicut	N
niebuhrian	N
nielsville	N
niersteiners	N
nietzscheanism	N
nietzscheanisms	N
nietzscheans	N
nigerian	N
nigerians	N
nigerien	N
nigeriens	N
nigerois	N
nigritian	N
nikep	N
nikiski	N
nikkei	N
nikkeis	N
nikolaev	N
nikolski	N
niland	N
nilgiri	N
nilot	N
nilots	N
nilwood	N
nimbies	N
nimes	N
nimoy	N
ninde	N
ninevites	N
ninilchik	N
ninnekah	N
nintendinitus	N
nintendo	N
nintendoitis	N
nintendos	N
niota	N
niotaze	N
nipomo	N
nirenberg	N
nisans	N
niseis	N
nissans	N
nissen	N
nisswa	N
nisula	N
nitrian	N
nittayuma	N
niuean	N
niueans	N
nivea	N
niverville	N
niwot	N
nixa	N
nixonesque	N
nixonian	N
nizoral	N
nizorals	N
noachic	N
noachical	N
nobelists	N
nobleboro	N
nobleton	N
nocatee	N
nocona	N
noctilio	N
noctor	N
noctuidae	N
nodaway	N
nodoz	N
noetian	N
nogal	N
nohs	N
nokesville	N
nokia	N
nokomis	N
nolanville	N
nolensville	N
nollekens	N
nolvadex	N
nolvadexes	N
nomex	N
nomexes	N
nonantum	N
nondalton	N
nooksack	N
norad	N
norbertine	N
norberto	N
norborne	N
norcatur	N
norco	N
norcross	N
norden	N
nordheim	N
nordics	N
nordland	N
nordman	N
norene	N
norgay	N
noriega	N
norlina	N
normalville	N
normangee	N
normanisation	N
normanisations	N
normanism	N
normanization	N
normanizations	N
normanna	N
normantown	N
norna	N
norns	N
norphlet	N
norplant	N
norplants	N
norridgewock	N
norroy	N
norsemen	N
northener	N
northeners	N
northumbrians	N
nortonville	N
norvelt	N
norwegians	N
norwell	N
norweyan	N
nosferatu	N
nostratic	N
nostromo	N
notasulga	N
nothofagus	N
noti	N
notodontidae	N
notogaean	N
notogaeic	N
notogea	N
notonecta	N
notonectidae	N
notoryctes	N
nototrema	N
notrees	N
nottawa	N
nottoway	N
noumea	N
novartis	N
novatian	N
novatianism	N
novatianist	N
novembers	N
novial	N
novinger	N
novocain	N
novocains	N
noxapater	N
noxen	N
noxon	N
noxzema	N
noyce	N
np	N
nsaid	N
nsaids	N
nuangola	N
nubians	N
nubieber	N
nucla	N
nuer	N
nuers	N
nuevo	N
nukualofa	N
numa	N
numidians	N
numine	N
nunapitchuk	N
nunavut	N
nunda	N
nunez	N
nunica	N
nunki	N
nunn	N
nunnelly	N
nupes	N
nuphar	N
nuristani	N
nuristanis	N
nurofen	N
nutrasweet	N
nutrioso	N
nuttsville	N
nuyorican	N
nuyoricans	N
nvidia	N
nyac	N
nyanjas	N
nym	N
nyman	N
nymphaeaceae	N
nymphalidae	N
nyquil	N
oacoma	N
oakbluffs	N
oakboro	N
oakesdale	N
oakfield	N
oakford	N
oakhall	N
oakhurst	N
oaklawn	N
oakton	N
oaktown	N
oakvale	N
oakview	N
oark	N
oatman	N
oaxacan	N
obama	N
obamacare	N
obernburg	N
obert	N
obies	N
obion	N
observantine	N
ocaml	N
ocate	N
occidentalisations	N
occidentalisms	N
occidentalists	N
occidentalizations	N
occitan	N
occoquan	N
oceana	N
oceanians	N
oceano	N
oceanview	N
oceanville	N
oceola	N
ochelata	N
ocheyedan	N
ochopee	N
ochotona	N
ockhamism	N
ockhamist	N
ockhamistic	N
ocoee	N
oconee	N
ocracoke	N
octandria	N
octavio	N
octobers	N
octogynia	N
octopoda	N
octopussy	N
odanah	N
oddfellowship	N
oddfellowships	N
odebolt	N
odelsthing	N
odem	N
oden	N
odenton	N
odenville	N
odinists	N
odis	N
odon	N
odonata	N
odonnell	N
odum	N
odyssean	N
oelrichs	N
oenothera	N
ofallon	N
offerle	N
offerman	N
officemax	N
offutt	N
ogallah	N
ogdensburg	N
ogema	N
oglala	N
oglalas	N
ogunquit	N
ohatchee	N
ohioan	N
ohioans	N
ohiopyle	N
ohiowa	N
ohley	N
ohlman	N
ohsa	N
oilmont	N
oilton	N
oiltrough	N
oilville	N
ojibwe	N
ojibwes	N
ok	N
okabena	N
okahumpka	N
okanogan	N
okarche	N
okaton	N
okauchee	N
okawville	N
okean	N
okeana	N
oked	N
okeene	N
okefenokee	N
okemos	N
oketo	N
okies	N
okinawans	N
oking	N
oklahoman	N
oklahomans	N
oklaunion	N
oklawaha	N
oklee	N
okmulgee	N
okoboji	N
okovango	N
okreek	N
oks	N
oktaha	N
oktoberfest	N
oktoberfests	N
olajuwon	N
olalla	N
olamon	N
olancha	N
olanta	N
olar	N
olaton	N
oldfield	N
oldowan	N
oldsmobile	N
olduvai	N
oleaceae	N
olean	N
olema	N
olenek	N
olenellus	N
olenus	N
oley	N
oliveburg	N
olivehurst	N
oliverea	N
oliverian	N
olivetan	N
olivetti	N
olmec	N
olmecs	N
olmito	N
olmitz	N
olmstedville	N
olsburg	N
olton	N
olustee	N
olympiads	N
olympians	N
olynthian	N
olynthians	N
olyphant	N
omahas	N
omani	N
omanis	N
omayyades	N
omayyads	N
omena	N
omro	N
onaga	N
onagra	N
onagraceae	N
onaka	N
onamia	N
onancock	N
onarga	N
onawa	N
onaway	N
onchiota	N
ondaatje	N
oneals	N
oneco	N
onegin	N
onego	N
oneidas	N
onekama	N
onemo	N
oneonta	N
oniscus	N
onley	N
ono	N
onondagas	N
onsager	N
onsted	N
ontarians	N
ontonagon	N
onychophora	N
ookala	N
oologah	N
ooltewah	N
oort	N
oostburg	N
opalocka	N
opdyke	N
opel	N
openoffice	N
opheim	N
ophidia	N
ophioglossaceae	N
ophioglossum	N
ophism	N
ophitism	N
ophiura	N
ophiuridae	N
ophiuroidea	N
opie	N
opisthobranchia	N
opolis	N
oprah	N
oquawka	N
oquossoc	N
oradell	N
orangefield	N
orangeisms	N
orangevale	N
orangeville	N
orangism	N
oranjestad	N
oraville	N
orbilius	N
orbison	N
orbisonia	N
orcadians	N
orchidaceae	N
orderville	N
oreana	N
orefield	N
oregonia	N
oregonians	N
oreland	N
oreo	N
oreos	N
orfordville	N
orgas	N
orick	N
orientalization	N
orientalizations	N
origenists	N
orimulsion	N
orinda	N
oriolidae	N
oriska	N
orkney	N
orkneyan	N
orkneyans	N
orla	N
orlean	N
orleanisms	N
orleanists	N
orlinda	N
orma	N
ormuzd	N
ornithischia	N
ornithodelphia	N
ornithogaea	N
ornithopoda	N
orobanchaceae	N
orobanche	N
orocovis	N
oromo	N
oromos	N
orondo	N
oronoco	N
oronogo	N
orosi	N
orovada	N
orphists	N
orpingtons	N
orrick	N
orrington	N
orrstown	N
orrtanna	N
orrum	N
ortega	N
orthoceras	N
orting	N
ortley	N
orval	N
orvietan	N
orvietos	N
orwellian	N
orwigsburg	N
oryza	N
osages	N
osakis	N
osawatomie	N
osburn	N
oscans	N
oscars	N
osceola	N
osco	N
oscoda	N
oshkosh	N
oshoto	N
oshtemo	N
oskaloosa	N
osmundaceae	N
osnabrock	N
osseo	N
ossete	N
ossetes	N
ossetian	N
ossetians	N
ossets	N
ossi	N
ossianesque	N
ossies	N
ossineke	N
ossipee	N
ossis	N
osteolepis	N
osterburg	N
osterville	N
ostiaks	N
ostmen	N
ostpolitik	N
ostracion	N
ostracoda	N
ostrea	N
ostrogoths	N
ostyaks	N
osvaldo	N
oswegatchie	N
osyka	N
otago	N
otego	N
othmans	N
otisco	N
otisville	N
otley	N
oto	N
otoe	N
otos	N
otsego	N
ottawas	N
ottertail	N
otterville	N
ottine	N
ottomite	N
ottosen	N
ottoville	N
ottsville	N
otwell	N
ouaquaga	N
oudenaarde	N
oudenarde	N
oudenardes	N
ouray	N
oushak	N
oushaks	N
ouzinkie	N
ovalo	N
ovambos	N
ovando	N
ovapa	N
overbrook	N
overgaard	N
overpeck	N
ovett	N
ovimbundu	N
ovimbundus	N
owaneco	N
owanka	N
owasco	N
owasso	N
owatonna	N
owego	N
owendale	N
owenian	N
owensboro	N
owensburg	N
owensville	N
owenton	N
owings	N
owingsville	N
owlshead	N
owlspiegle	N
owyhee	N
oxalidaceae	N
oxfam	N
oxfordian	N
oxfordians	N
oxly	N
oxnard	N
oxonians	N
oxycontin	N
oyens	N
oysterville	N
ozarker	N
ozarkers	N
ozarkian	N
ozarkians	N
ozarks	N
ozawa	N
ozawkie	N
ozes	N
ozymandias	N
ozzies	N
paar	N
paauhau	N
paauilo	N
pabst	N
pachuta	N
pachydermata	N
pacino	N
packard	N
packwaukee	N
packwood	N
pacoima	N
pacolet	N
paddyism	N
paden	N
padilla	N
paduans	N
pageland	N
pageton	N
paglia	N
paguate	N
pahala	N
pahoa	N
pahrump	N
paia	N
paicines	N
painesdale	N
paintbank	N
paintlick	N
painton	N
paiutes	N
pakhto	N
pakhtu	N
pakhtun	N
pakis	N
pakistani	N
pakistanis	N
palacios	N
palaeoanthropus	N
palaeotherium	N
palatka	N
palauan	N
palauans	N
palco	N
palenville	N
paleoanthropus	N
paleocene	N
paleosiberians	N
palermitans	N
palestinian	N
palestinians	N
palikir	N
palilia	N
palin	N
palladianisms	N
pallmall	N
palmae	N
palmcoast	N
palmdale	N
palmdesert	N
palmerdale	N
palmerin	N
palmerstonian	N
palmersville	N
palmerton	N
palmolive	N
palmyrene	N
palmyrenes	N
paloalto	N
palocedro	N
palopinto	N
palouse	N
palouses	N
paludrine	N
paluxy	N
pamir	N
pamlico	N
pamphyllian	N
pamphyllians	N
pamplico	N
pamplin	N
panaca	N
panadol	N
panamanians	N
panasonic	N
panathenaean	N
panchiao	N
pandanaceae	N
pandemonic	N
pangburn	N
pangea	N
pangloss	N
panglossian	N
panglossic	N
panguitch	N
panhellenisms	N
panhellenist	N
panhellenists	N
panionic	N
panjabis	N
pannamaria	N
pannonians	N
panola	N
panora	N
pansey	N
pantagruelion	N
pantagruelisms	N
pantagruelists	N
pantego	N
panufnik	N
paolozzi	N
paonia	N
papago	N
papagos	N
papaikou	N
papaver	N
papaveraceae	N
paphlagonian	N
paphlagonians	N
papilionaceae	N
papilionidae	N
papineau	N
papuans	N
paracelsians	N
paradis	N
paradiseidae	N
paradoxides	N
paragonah	N
paraguayan	N
paraguayans	N
paralympian	N
paralympians	N
paralympic	N
paralympics	N
parcheesis	N
parcoal	N
pardeesville	N
pardeeville	N
pareoean	N
paricutin	N
parishville	N
parisians	N
parisienne	N
parkdale	N
parkerford	N
parkhall	N
parkman	N
parksley	N
parkston	N
parksville	N
parkton	N
parkville	N
parlier	N
parmele	N
parmelee	N
parnassianism	N
parnassianisms	N
parnassians	N
parnassism	N
parnassisms	N
parnassuses	N
parnellites	N
paron	N
parousias	N
parowan	N
parrottsville	N
parryville	N
parseeisms	N
parsiism	N
parsiisms	N
parsippany	N
parsism	N
parsisms	N
parsonian	N
parsonsburg	N
parthenoi	N
parthian	N
parthians	N
partitur	N
partlow	N
pasadenan	N
pasadenans	N
pascalian	N
paschas	N
paschs	N
pascola	N
pashtun	N
pashtuns	N
paskenta	N
pasquin	N
pasquins	N
passadumkeag	N
passamaquoddies	N
passamaquoddy	N
passeres	N
passeriformes	N
passifloraceae	N
passionists	N
passiontides	N
passumpsic	N
pasteurellas	N
pasteurelloses	N
patagonian	N
patagonians	N
patarin	N
patarine	N
pataskala	N
patavinity	N
patel	N
pateros	N
paters	N
pathans	N
patillas	N
patoka	N
patricksburg	N
pattonsburg	N
pattonville	N
paulden	N
paulian	N
paulianist	N
paulician	N
paulinian	N
paulist	N
paulists	N
paullina	N
paupack	N
pavarotti	N
pavillion	N
pavlovian	N
pawlet	N
pawling	N
pawneerock	N
paxico	N
paxil	N
paxils	N
paxinos	N
paxtonville	N
payloader	N
payloaders	N
paynesville	N
payneville	N
paypal	N
peacham	N
peachbottom	N
peachland	N
peapack	N
pearblossom	N
pearcy	N
pearisburg	N
pearland	N
pearlie	N
pearlington	N
peaster	N
pebworth	N
pecatonica	N
pecht	N
pecksniff	N
peckville	N
peconic	N
pecora	N
pedaliaceae	N
pedicularis	N
pediculati	N
pediculus	N
pedipalpi	N
pedipalpida	N
pedricktown	N
peeblesshire	N
peedee	N
peelite	N
peell	N
peetz	N
pegasean	N
peggotty	N
peggs	N
pegram	N
peircean	N
pejepscot	N
pekings	N
pelagianisms	N
pelagians	N
pelahatchie	N
pelasgians	N
pelasgic	N
pelecypoda	N
pelee	N
pelkie	N
pellston	N
pellville	N
pelmatozoa	N
pelopid	N
peloponnesians	N
peloponnesus	N
peloponnisos	N
pelsor	N
pelton	N
pelzer	N
pemaquid	N
pemberton	N
pemberville	N
pembine	N
penalosa	N
penargyl	N
penasco	N
pendennis	N
pender	N
pendergrass	N
pendroy	N
penfield	N
pengilly	N
penhook	N
penitas	N
penitentes	N
pennellville	N
pennisetum	N
pennlaird	N
pennock	N
pennsboro	N
pennsburg	N
pennsville	N
pennsylvanians	N
pennville	N
pennyan	N
pennzoil	N
penobscots	N
penokee	N
penryn	N
penshurst	N
pentacrinus	N
pentagonese	N
pentagoneses	N
pentagynia	N
pentameron	N
pentandria	N
pentax	N
pentecostalism	N
pentecostalisms	N
pentecostalist	N
pentecostalists	N
pentecostals	N
pentecosts	N
pentel	N
pentels	N
pentium	N
pentothals	N
pentress	N
pentwater	N
penuelas	N
penwell	N
peosta	N
peotone	N
pepeekeo	N
pepperell	N
pepsi	N
pepysian	N
pequabuck	N
pequannock	N
pequea	N
pequots	N
perahia	N
percidae	N
pere	N
peres	N
perez	N
perham	N
peripateticisms	N
perkinston	N
perkinsville	N
perley	N
pernods	N
peron	N
peronists	N
perrineville	N
perrinton	N
perronville	N
perryhall	N
perryman	N
perryopolis	N
perrysville	N
perseides	N
perseids	N
persianise	N
persianised	N
persianises	N
persianising	N
persianize	N
persianized	N
persianizes	N
persianizing	N
persians	N
persic	N
persicise	N
persicised	N
persicises	N
persicising	N
persicize	N
persicized	N
persicizes	N
persicizing	N
persism	N
perugians	N
peruvians	N
pesachs	N
pesah	N
pescadero	N
peshastin	N
peshito	N
peshitos	N
peshittas	N
pesotum	N
petaca	N
peterboro	N
peterhouse	N
peterloo	N
peterstown	N
petipa	N
petrarchal	N
petrarchian	N
petrarchianism	N
petrarchise	N
petrarchised	N
petrarchises	N
petrarchising	N
petrarchism	N
petrarchize	N
petrarchized	N
petrarchizes	N
petrarchizing	N
petrey	N
petri	N
petrodromus	N
petrolia	N
petronian	N
petros	N
petruchio	N
petrushka	N
pettibone	N
pettigrew	N
pettisville	N
pettus	N
peugeot	N
peul	N
peuls	N
pevely	N
pewamo	N
pewaukee	N
peytona	N
peytonsburg	N
peziza	N
pfafftown	N
pfizer	N
pflugerville	N
phaeophyceae	N
phaethontic	N
phalaenopsis	N
phanariot	N
phanerogamae	N
phanerogamia	N
pharisaist	N
pharoah	N
pharr	N
phasma	N
phasmatidae	N
phasmatodea	N
phasmidae	N
pheba	N
phecda	N
phekda	N
phenician	N
pherecratic	N
phidian	N
philadelphian	N
philadelphians	N
philippise	N
philippised	N
philippises	N
philippising	N
philippize	N
philippized	N
philippizes	N
philippizing	N
philipsburg	N
philister	N
philistian	N
philistinise	N
philistinised	N
philistinises	N
philistinising	N
philistinize	N
philistinized	N
philistinizes	N
philistinizing	N
phillipa	N
phillipses	N
phillipsville	N
phillyrea	N
philmont	N
philomont	N
phippsburg	N
phleum	N
phlomis	N
phocaean	N
phocaeans	N
phocaena	N
phocean	N
phocian	N
phocians	N
phocidae	N
phoenicians	N
phoenixville	N
photinia	N
php	N
phrygians	N
phyllopoda	N
phytolacca	N
phytolaccaceae	N
piagetian	N
piasa	N
picabia	N
picards	N
picariae	N
picea	N
picher	N
pickerington	N
pickrell	N
pickstown	N
pickton	N
pickwickians	N
picorivera	N
picts	N
piedra	N
piegan	N
piegans	N
piercefield	N
pierceton	N
pierceville	N
piercy	N
pierians	N
pieridae	N
pieris	N
piermont	N
pierron	N
pierz	N
piesporter	N
piesporters	N
pieta	N
pietown	N
piffard	N
piketon	N
pilates	N
pilger	N
pilipino	N
pilkington	N
pilocarpus	N
pilottown	N
pils	N
pilsener	N
pilseners	N
pimlico	N
pimpinella	N
pinatubo	N
pinckard	N
pinconning	N
pindall	N
pindarics	N
pindarise	N
pindarised	N
pindarises	N
pindarising	N
pindarism	N
pindarist	N
pindarize	N
pindarized	N
pindarizes	N
pindarizing	N
pinebank	N
pinebluffs	N
pinebush	N
pinecliffe	N
pinecrest	N
pinedale	N
pinehall	N
pineknot	N
pineola	N
pinetops	N
pinetown	N
pinetta	N
pineview	N
pineville	N
pineywoods	N
pingree	N
pinguicula	N
pinksters	N
pinnipedia	N
pinocchio	N
pinola	N
pinon	N
pinopolis	N
pinson	N
pinteresque	N
pioche	N
pioneertown	N
piperaceae	N
pipersville	N
pippapasses	N
pirandellian	N
piranesian	N
pirtleville	N
piru	N
pisans	N
piscean	N
pisceans	N
piseco	N
pisek	N
pissaro	N
pitcairn	N
pitjantjara	N
pitjantjaras	N
pitjantjatjara	N
pitjantjatjaras	N
pitkin	N
pitocins	N
pitsburg	N
pittism	N
pittsboro	N
pittsburgher	N
pittsburghers	N
pittsford	N
pittstown	N
pittsview	N
pittsville	N
pixley	N
placedo	N
placentalia	N
placerville	N
placitas	N
plagiostomi	N
plainsboro	N
plainville	N
plainwell	N
plaisted	N
plaistow	N
planada	N
plankinton	N
planorbis	N
plantagenets	N
plantaginaceae	N
plantersville	N
plantin	N
plantsville	N
plataean	N
plataeans	N
platanaceae	N
platanus	N
platonical	N
platonicism	N
platonises	N
platonisms	N
platonist	N
platonistic	N
platonists	N
platonized	N
platonizes	N
platonizing	N
plattekill	N
plattenville	N
platteville	N
plattsburg	N
plattsburgh	N
plaucheville	N
plautine	N
playstation	N
playtex	N
pleasantdale	N
pleasence	N
pleasureville	N
plecoptera	N
plectognathi	N
plentywood	N
plessis	N
pleuronectes	N
pleuronectidae	N
plevna	N
plexiglases	N
pliocenes	N
pliohippus	N
plotinian	N
plotinisms	N
plotinists	N
plowright	N
pluckemin	N
plumbaginaceae	N
plumerville	N
plumtree	N
plumularia	N
plumville	N
plutarchan	N
plutarchian	N
plutonism	N
plutonist	N
plymouthism	N
plymouthist	N
plymouthite	N
plympton	N
pnyx	N
poca	N
pocasset	N
pocola	N
pocono	N
poconos	N
pocopson	N
podargus	N
podhoretz	N
podocarpus	N
podostemaceae	N
podostemon	N
podsnap	N
podsnappery	N
podunks	N
podura	N
poestenkill	N
poiret	N
poirot	N
poitier	N
polab	N
polabian	N
polabians	N
polabs	N
polacks	N
polander	N
polaroids	N
polartec	N
polartecs	N
polemoniaceae	N
polianthes	N
politbureau	N
polkton	N
polkville	N
pollocksville	N
pollok	N
pollyannaish	N
pollyannas	N
pollyannish	N
polonia	N
polonian	N
polonians	N
polonisation	N
polson	N
polvadera	N
polyadelphia	N
polyandria	N
polycleitus	N
polygalaceae	N
polygamia	N
polygonaceae	N
polygynia	N
polymnia	N
polynesians	N
polypay	N
polypays	N
polyphemian	N
polyphemic	N
polyplacophora	N
polypodiaceae	N
polypodium	N
polyporus	N
polyprotodontia	N
polypterus	N
polystichum	N
polytrichum	N
polyzoa	N
pomak	N
pomaria	N
pomeranians	N
pomerene	N
pomeroyton	N
pompeians	N
pompeiian	N
pompeiians	N
ponape	N
ponchatoula	N
ponderay	N
ponemah	N
poneto	N
ponsford	N
pontederia	N
pontederiaceae	N
pontotoc	N
ponzi	N
ponzis	N
poohsticks	N
poolesville	N
poolville	N
pooter	N
pooterish	N
pooterism	N
popean	N
popejoy	N
popemobile	N
popemobiles	N
popian	N
poplarville	N
popp	N
popperian	N
poppins	N
popsicles	N
poquonock	N
porfirio	N
porifera	N
porlock	N
porphyra	N
porphyrogenitism	N
porphyrogeniture	N
porrima	N
porsche	N
porsches	N
portakabin	N
portakabins	N
portaloo	N
portaloos	N
portes	N
porthos	N
portlander	N
portlanders	N
portlandian	N
portugee	N
portulacaceae	N
porum	N
poseidonian	N
poseyville	N
poskin	N
postelle	N
postgresql	N
poston	N
postville	N
potamogetonaceae	N
potecasi	N
poth	N
potrero	N
pottawatomie	N
pottersville	N
potterville	N
pottsboro	N
potwin	N
poughquag	N
poujadism	N
poujadist	N
poulan	N
poulsbo	N
poultney	N
poundian	N
poway	N
powderhorn	N
powderly	N
powellsville	N
powellton	N
powellville	N
powerpc	N
powerpoint	N
powersite	N
powersville	N
powhatans	N
powhattan	N
pownal	N
poyen	N
poynette	N
poynor	N
poyntelle	N
poysippi	N
prada	N
prado	N
praia	N
prakritic	N
pratchett	N
prather	N
prattsburg	N
prattshollow	N
prattsville	N
pravachol	N
pravachols	N
preakness	N
preaknesses	N
premarin	N
premarins	N
premonstrant	N
premonstratensians	N
premyslid	N
prensa	N
prenter	N
presbyterianise	N
presbyterianised	N
presbyterianises	N
presbyterianising	N
presbyterianisms	N
presbyterianize	N
presbyterianized	N
presbyterianizes	N
presbyterianizing	N
presbyterians	N
presho	N
presidia	N
presidiums	N
pressburger	N
prestel	N
prestonsburg	N
prewitt	N
pribilof	N
pricedale	N
priceline	N
priddy	N
prilosec	N
prilosecs	N
primghar	N
primulaceae	N
princeville	N
princewick	N
princip	N
prineville	N
pringle	N
prinsburg	N
priscianist	N
pristina	N
prizren	N
proberta	N
procellaria	N
procious	N
proctorsville	N
proctorville	N
procyonidae	N
profumo	N
progne	N
prokofievian	N
prometheans	N
prompton	N
propecia	N
propecias	N
prophetstown	N
proserpine	N
prospekt	N
protem	N
protestantise	N
protestantised	N
protestantises	N
protestantising	N
protestantisms	N
protestantize	N
protestantized	N
protestantizes	N
protestantizing	N
protevangelium	N
protivin	N
protoceratops	N
protochordata	N
protococcales	N
protococcus	N
protophyta	N
prototheria	N
prototracheata	N
provencals	N
provencaux	N
prozac	N
prozacs	N
pruden	N
prudenville	N
pruitt	N
prussianisers	N
prussianisms	N
prussianizers	N
prussians	N
prussification	N
prussify	N
psilophytales	N
psilophyton	N
psilotaceae	N
psilotum	N
psittacus	N
psocidae	N
psyllidae	N
pterichthys	N
pteridium	N
pteridophyta	N
pteris	N
pteropoda	N
pterosauria	N
pterygotus	N
ptolemaean	N
ptolemaists	N
ptolemean	N
pu	N
puccinia	N
puccinian	N
puckett	N
puerto	N
puertoreal	N
puget	N
pugwash	N
pukhtun	N
pukhtuns	N
pukwana	N
pulaskis	N
pulcifer	N
pulcinella	N
pulex	N
pulitzers	N
pulmonaria	N
pulmonata	N
pulmozyme	N
pulmozymes	N
pulsatilla	N
pulteney	N
pultneyville	N
pumblechook	N
pungoteague	N
punica	N
punicaceae	N
punjabis	N
puposky	N
purbeck	N
purbeckian	N
purcellville	N
purdin	N
purdon	N
purdue	N
purdys	N
purex	N
purgatorio	N
purgitsville	N
purina	N
purlear	N
purmela	N
pursglove	N
purus	N
puryear	N
puseyisms	N
puseyites	N
pushkinian	N
pushtun	N
pushtuns	N
putin	N
putnamville	N
putney	N
puttnam	N
puunene	N
puxico	N
puzo	N
pyatt	N
pycnogonida	N
pylesville	N
pynchon	N
pynchonesque	N
pyote	N
pyotr	N
pyralidae	N
pyramus	N
pyrenaean	N
pyreneans	N
pyrenomycetes	N
pyroceram	N
pyrocerams	N
pyrolaceae	N
pyrosoma	N
pyrrhonic	N
pyrrhonisms	N
pyrrhonists	N
pyrus	N
pythagoreanisms	N
pythagoreans	N
pythagorism	N
pythiads	N
pythians	N
pythic	N
pythonesque	N
pythonomorpha	N
pytorch	N
qaddishim	N
qadhafi	N
qajar	N
qantas	N
qatari	N
qataris	N
qiana	N
qianas	N
qingdao	N
qinghai	N
qiqihar	N
qom	N
qoran	N
quadrantid	N
quadrantids	N
quadrigesima	N
quadrigesimal	N
quadrigesimas	N
quadrumana	N
quakake	N
quakerdom	N
quakeress	N
quakerish	N
quakerism	N
quakerisms	N
quakerstreet	N
qualcomm	N
quaoar	N
quapaw	N
quapaws	N
quarryville	N
quartzsite	N
quashee	N
quashees	N
quashie	N
quashies	N
quasimodos	N
quasqueton	N
quattrocentro	N
quattrocentros	N
quayle	N
quebecers	N
quebeck	N
quebradillas	N
quechan	N
quechans	N
quechee	N
quechuans	N
quechuas	N
queenanne	N
queensberry	N
queenslander	N
queenslanders	N
quemado	N
quenemo	N
quercus	N
queretaro	N
quezon	N
quichuan	N
quichuas	N
quicksburg	N
quilcene	N
quimby	N
quinapalus	N
quinault	N
quinebaug	N
quinnesec	N
quinnimont	N
quinquagesimas	N
quinque	N
quinter	N
quinwood	N
quirinalia	N
quirinals	N
quitaque	N
quitman	N
qulin	N
quogue	N
quonset	N
quonsets	N
quorn	N
quranic	N
qurans	N
rabias	N
raceland	N
rachman	N
rachmaninov	N
racinian	N
rackerby	N
racovian	N
radcliff	N
radiolaria	N
radisson	N
raeford	N
raetia	N
raetian	N
raetians	N
rafflesiaceae	N
rafsanjani	N
ragley	N
ragnaroks	N
rago	N
ragsdale	N
rahu	N
rahway	N
raiford	N
rainelle	N
rainsville	N
rajabs	N
rajpoot	N
rajpoots	N
rajputs	N
rajshahi	N
rallidae	N
ralls	N
rallus	N
ramadans	N
ramadhan	N
ramapithecus	N
ramayanas	N
ramazans	N
rambo	N
ramboesque	N
ramboism	N
ramer	N
ramesses	N
ramirez	N
ramiro	N
ramism	N
ramisms	N
ramist	N
ramists	N
ramphastos	N
rampling	N
ramseur	N
ranburne	N
ranchester	N
rancocas	N
randalia	N
randallstown	N
randle	N
randleman	N
randlett	N
randsburg	N
randwick	N
rangeley	N
rangely	N
ranidae	N
ransomville	N
ranunculaceae	N
rapelje	N
raphaelesque	N
raphanus	N
raphine	N
rappaport	N
rappite	N
raptores	N
rapunzel	N
rarden	N
rarotongan	N
rarotongans	N
rasalgethi	N
rasalhague	N
rasores	N
rasselas	N
rasta	N
rastaban	N
rastafari	N
rastafarianism	N
rastafarianisms	N
rastafarians	N
rastafaris	N
rastaman	N
rastamen	N
rastas	N
rathauser	N
rathdrum	N
ratliff	N
ravelian	N
ravena	N
ravencliff	N
ravendale	N
ravenden	N
ravenel	N
ravensdale	N
ravenwood	N
ravia	N
ravinia	N
rawl	N
rawlplugs	N
rawson	N
rayban	N
raybans	N
raybrook	N
rayland	N
raymore	N
raymundo	N
raynesford	N
raynham	N
rayonism	N
rayonisms	N
rayonist	N
rayonistic	N
rayonists	N
raysal	N
rayville	N
raywick	N
raywood	N
rca	N
rds	N
readfield	N
readington	N
readlyn	N
readsboro	N
readstown	N
readyville	N
reaganism	N
reaganite	N
reaganites	N
reaganomics	N
reagenesque	N
realitos	N
realtors	N
reamstown	N
reardan	N
reardon	N
reasnor	N
rebeccaism	N
rebersburg	N
reblochon	N
reblochons	N
rebuck	N
rechabitism	N
rectortown	N
redart	N
redash	N
redbank	N
redbanks	N
redby	N
redcliff	N
redcrest	N
reddell	N
reddick	N
redfox	N
redhook	N
redis	N
redkey	N
redlion	N
redmon	N
redondo	N
redowl	N
redrock	N
redruth	N
redstar	N
reduxes	N
redvale	N
redway	N
reedsville	N
reedville	N
reelsville	N
reeseville	N
reesville	N
reevesville	N
refton	N
refugio	N
regor	N
rehnquist	N
rehobeth	N
rehoboth	N
rehrersburg	N
reichian	N
reichs	N
reichsland	N
reichstags	N
reidsville	N
reidville	N
reinbeck	N
reinholds	N
reisterstown	N
reklaw	N
remagen	N
rembert	N
rembrandtism	N
remer	N
remlap	N
remsenburg	N
renalara	N
renfrewshire	N
renovo	N
rentiesville	N
rentz	N
renville	N
repton	N
requip	N
requips	N
resaca	N
rescriptor	N
rescriptors	N
resedaceae	N
restoril	N
restorils	N
retrovir	N
retrovirs	N
retsof	N
reubens	N
reuters	N
reuther	N
reva	N
revelo	N
revillo	N
revloc	N
revlon	N
rewey	N
rexmont	N
rexville	N
reydell	N
reydon	N
reyes	N
reynaldo	N
reyno	N
rezulin	N
rezulins	N
rhabdophora	N
rhaetians	N
rhame	N
rhamnaceae	N
rhamphorhynchus	N
rheems	N
rheinberry	N
rhemist	N
rhenishes	N
rhinebeck	N
rhinecliff	N
rhinegrave	N
rhinehart	N
rhinelanders	N
rhineodon	N
rhinocerotidae	N
rhipidoptera	N
rhipiptera	N
rhizocephala	N
rhizophora	N
rhizophoraceae	N
rhizopoda	N
rhoadesville	N
rhodanus	N
rhodelia	N
rhodell	N
rhodesdale	N
rhodesians	N
rhodhiss	N
rhodians	N
rhodophyceae	N
rhodymenia	N
rhoeadales	N
rhopalocera	N
rhynchobdellida	N
rhynchocephalia	N
rhynchonella	N
rhynchophora	N
rhynchota	N
rhyniaceae	N
rhytisma	N
ribbonism	N
ricardian	N
riccia	N
riceboro	N
ricetown	N
riceville	N
richardia	N
richardsville	N
richardton	N
richburg	N
richeyville	N
richford	N
richmonddale	N
richmonder	N
richmonders	N
richmondville	N
richton	N
richvale	N
richview	N
richville	N
richwood	N
richwoods	N
ricinulei	N
rickenbacker	N
rickettsiales	N
rickman	N
rickreall	N
riddlesburg	N
riddleton	N
riderhood	N
riderwood	N
ridgedale	N
ridgeland	N
ridgeley	N
ridgely	N
ridgeview	N
ridgeville	N
ridott	N
riegelsville	N
riegelwood	N
riesel	N
rievaulx	N
riffi	N
riffian	N
riffians	N
rifton	N
rigil	N
rigoberto	N
rigveda	N
rigvedas	N
rijksmuseum	N
rileyville	N
rillito	N
rillton	N
rimersburg	N
rinard	N
rincon	N
rindge	N
riner	N
rineyville	N
ringgold	N
ringle	N
ringling	N
ringoes	N
ringold	N
ringsted	N
ringtown	N
ringwood	N
rio	N
rion	N
rios	N
riparius	N
rippey	N
ripplemead	N
rippon	N
ripuarians	N
ririe	N
risco	N
rison	N
rissian	N
ritalin	N
ritalins	N
ritner	N
rittman	N
ritzville	N
riveredge	N
rivervale	N
rivesville	N
rix	N
rixeyville	N
rixford	N
roachdale	N
roann	N
roark	N
robards	N
robbinston	N
robbinsville	N
robeline	N
robersonville	N
robertlee	N
robertsburg	N
robertsdale	N
robertsville	N
robesonia	N
robinsonville	N
robitussin	N
robstown	N
robt	N
roccella	N
rocha	N
rochambeau	N
rocheport	N
rochert	N
rochford	N
rociada	N
rockall	N
rockfield	N
rockhall	N
rockham	N
rockholds	N
rockhouse	N
rocklin	N
rockton	N
rockvale	N
rockview	N
rockwall	N
rodanthe	N
roddenberry	N
roddick	N
rodentia	N
roderfield	N
rodessa	N
rodinesque	N
rodriquez	N
roduco	N
roebling	N
roeg	N
roff	N
rogaine	N
rogaines	N
rogelio	N
rogersville	N
roggen	N
rohrersville	N
rohypnol	N
rohypnols	N
roku	N
rolaids	N
rolesville	N
rolette	N
rolex	N
rolfings	N
rolla	N
rollingstone	N
rollinsford	N
rollinsville	N
rolodex	N
rolodexes	N
rolvaag	N
romanesques	N
romani	N
romanians	N
romanics	N
romanie	N
romanis	N
romanisations	N
romaniser	N
romanisers	N
romanish	N
romanisms	N
romanistic	N
romanists	N
romanizers	N
romanoffs	N
romanovs	N
romayor	N
rombauer	N
romblon	N
romes	N
romescot	N
romewards	N
romic	N
romishnesses	N
romneys	N
ronan	N
ronay	N
ronceverte	N
ronks	N
ronstadt	N
rontgen	N
roopville	N
rootstown	N
ropesville	N
roqueforts	N
rorschach	N
rorschachs	N
rosaceae	N
rosales	N
rosanky	N
rosburg	N
roseau	N
roseboom	N
roseboro	N
rosedale	N
roseland	N
roselawn	N
rosemead	N
rosemont	N
rosencrantz	N
rosendale	N
rosendo	N
rosenhayn	N
rosharon	N
rosholt	N
rosiclare	N
rosicrucianism	N
rosicrucianisms	N
rosicrucians	N
rosine	N
rosman	N
rosminian	N
rosminianism	N
rossburg	N
rossinian	N
rossiter	N
rosslare	N
rosslyn	N
rossmore	N
rosston	N
rosten	N
rotan	N
rotanese	N
rotarianisms	N
rotarians	N
rotavator	N
rotavators	N
rothbury	N
rothsay	N
rothville	N
rotovator	N
rotovators	N
rotterdammer	N
rotterdammers	N
roubillac	N
rougemont	N
rougon	N
rouman	N
roundheads	N
roundo	N
roundrock	N
rouseville	N
rousseauesque	N
rousseauian	N
rousseauisms	N
rousseauists	N
rouzerville	N
rowesville	N
rowlesburg	N
rowlett	N
rowletts	N
rowling	N
roxboro	N
roxburghe	N
roxburghshire	N
roxobel	N
roxton	N
royalton	N
royston	N
rozel	N
rozet	N
ruandas	N
rubbermaid	N
rubenesian	N
rubiaceae	N
rubik	N
ruchbah	N
ruckersville	N
ruddigore	N
rudge	N
rueter	N
ruffsdale	N
ruidoso	N
rukeyser	N
ruleville	N
rulo	N
ruman	N
rumanias	N
rumely	N
rumex	N
ruminantia	N
rumper	N
rumsfeld	N
rumson	N
runa	N
runcie	N
rundi	N
rundis	N
runnells	N
runnemede	N
runyonesque	N
ruralhall	N
ruritan	N
ruritanian	N
ruritans	N
rusedski	N
rushdie	N
rushford	N
rushland	N
rushsylvania	N
rusin	N
rusins	N
ruso	N
russellton	N
russianisations	N
russianises	N
russianism	N
russianist	N
russianizations	N
russianizes	N
russianness	N
russiannesses	N
russians	N
russiaville	N
russification	N
russifications	N
russki	N
russkie	N
russkies	N
russkis	N
russniak	N
russophil	N
russophiles	N
russophilia	N
russophilias	N
russophilism	N
russophilist	N
russophils	N
russophobes	N
russophobias	N
russophobist	N
rustburg	N
ruston	N
rusyn	N
rusyns	N
ruta	N
rutaceae	N
rutgers	N
ruthene	N
ruthenes	N
ruthenians	N
rutheron	N
ruthian	N
ruthton	N
ruthville	N
rwandan	N
rwandans	N
rwandas	N
rwandese	N
rydberg	N
ryde	N
ryderwood	N
ryland	N
ryukyuan	N
ryukyuans	N
saab	N
saam	N
saame	N
saami	N
saamis	N
saanen	N
saanens	N
saarlander	N
saarlanders	N
saatchi	N
sabaeans	N
sabael	N
sabahan	N
sabahans	N
sabaism	N
sabanahoyos	N
sabanaseca	N
sabattus	N
sabbatarianism	N
sabbatarianisms	N
sabbatarians	N
sabbathbreaker	N
sabbathbreaking	N
sabeans	N
sabellianism	N
sabellianisms	N
sabellians	N
sabetha	N
sabianism	N
sabik	N
sabillasville	N
sabinal	N
sabinsville	N
sabme	N
sabmi	N
sabrmetrics	N
sabula	N
sacagawea	N
sacajawea	N
saccharum	N
sachertorte	N
sachertortes	N
saco	N
sacramentarianisms	N
sacul	N
saddam	N
sadduceeisms	N
sadducees	N
sadducism	N
sadieville	N
sadorus	N
sadr	N
sadsburyville	N
saegertown	N
safars	N
safavids	N
safeway	N
saffell	N
sagamihara	N
sagan	N
sagaponack	N
saginaw	N
sagittaria	N
sagittarians	N
sagittariuses	N
sagle	N
sagola	N
sahaptian	N
sahaptians	N
sahaptins	N
saharans	N
sahel	N
sahelian	N
sahelians	N
sahuarita	N
saigonese	N
saipanese	N
saiph	N
saite	N
saites	N
saivaism	N
saivaisms	N
saivas	N
saivism	N
saivisms	N
saivite	N
sakha	N
saktisms	N
saldee	N
salemburg	N
salernitan	N
salernitans	N
salesforce	N
salesians	N
salesville	N
salfordville	N
salians	N
salicaceae	N
salientia	N
salineno	N
salineville	N
salishans	N
salishes	N
salitpa	N
salkum	N
salley	N
sallis	N
sallisaw	N
sallustian	N
salmanaser	N
salmanasers	N
salmanazars	N
salmo	N
salmonidae	N
salomonic	N
salopians	N
salsola	N
salterpath	N
saltgum	N
saltlick	N
salton	N
saltsburg	N
saltville	N
saluda	N
salvadoran	N
salvadorans	N
salvadorean	N
salvadoreans	N
salvadorian	N
salvadorians	N
salvinia	N
salviniaceae	N
salvisa	N
salyer	N
salyersville	N
samarinda	N
samaritans	N
samarqand	N
samaveda	N
samburg	N
samians	N
samis	N
samit	N
sammarinese	N
sammarinesi	N
samnites	N
samnorwood	N
samoans	N
samothracians	N
samoyede	N
samoyedes	N
sampras	N
samsonian	N
samsonite	N
samsons	N
samsung	N
sana	N
sancerre	N
sancerres	N
sanchung	N
sanctuses	N
sandemanian	N
sandinismo	N
sandinista	N
sandinistas	N
sandoval	N
sandown	N
sanforise	N
sanforised	N
sanforises	N
sanforising	N
sanforized	N
sanforizes	N
sanforizing	N
sangiovese	N
sangrail	N
sangreal	N
sanguisorba	N
sanhedrim	N
sanhedrims	N
sanhedrins	N
sanhedrist	N
sanka	N
sankhyas	N
sanskritists	N
santalaceae	N
santali	N
santalis	N
santalum	N
santees	N
santer	N
santiagan	N
santiagans	N
saphar	N
saphars	N
sapindaceae	N
sapindus	N
sapium	N
saponaria	N
sapotaceae	N
sapulpa	N
saracenic	N
saracens	N
saragosa	N
sarahann	N
sarahsville	N
saraland	N
saralee	N
saranac	N
saratoga	N
saratogas	N
sarcodina	N
sarcophaga	N
sarcoptes	N
sarcoxie	N
sardians	N
sardinians	N
sarepta	N
sargeant	N
sargents	N
sargentville	N
sargon	N
sarkese	N
sarles	N
sarmatians	N
sarmatic	N
sarona	N
saronville	N
sarraceniaceae	N
sartell	N
sarton	N
sartrean	N
sartrian	N
sarver	N
sasabe	N
sasakwa	N
sasanian	N
sasanians	N
sasanid	N
sasanids	N
saskatchewanian	N
saskatchewanians	N
saspamco	N
sassanian	N
sassanians	N
sassanidae	N
sassanide	N
sassanids	N
sassenachs	N
sasser	N
sassurean	N
sassurian	N
satanas	N
satanta	N
satartia	N
satchmo	N
satsop	N
sattley	N
saturnia	N
saturnians	N
satyricon	N
satyridae	N
satyrinae	N
saudi	N
saudis	N
saugatuck	N
sauks	N
saukville	N
saulsbury	N
saunderstown	N
saunemin	N
sauquoit	N
sauria	N
saurischia	N
saurognathae	N
sauropoda	N
sauropsida	N
sauropterygia	N
saururae	N
sausalito	N
saussurean	N
sautee	N
sauvignon	N
sauvignons	N
saverton	N
savery	N
savonburg	N
savoyards	N
sawyerville	N
saxapahaw	N
saxeville	N
saxicava	N
saxicola	N
saxifraga	N
saxifragaceae	N
saxis	N
saxonburg	N
saxondom	N
saxonians	N
saxonise	N
saxonised	N
saxonises	N
saxonising	N
saxonisms	N
saxonist	N
saxonize	N
saxonized	N
saxonizes	N
saxonizing	N
saxons	N
saxton	N
saybrook	N
saylorsburg	N
sayner	N
sayville	N
sazeracs	N
scalaria	N
scaldis	N
scalf	N
scalia	N
scandians	N
scandinavians	N
scandix	N
scansores	N
scaphopoda	N
scappoose	N
scarabaeidae	N
scarbro	N
scarfe	N
scargill	N
scaridae	N
scarus	N
scarville	N
schaghticoke	N
schaller	N
schaumburg	N
scheat	N
schedar	N
scheherezade	N
scheherezades	N
scheller	N
schellingian	N
schellsburg	N
schenevus	N
schenley	N
schererville	N
schiele	N
schistosoma	N
schizaea	N
schizaeaceae	N
schizanthus	N
schizomycetes	N
schizophyceae	N
schizophyta	N
schizopoda	N
schlater	N
schley	N
schlitz	N
schmeisser	N
schmeissers	N
schnecksville	N
schneiderian	N
schnittke	N
schoenbergian	N
schoharie	N
schopenhauerisms	N
schrieffer	N
schubertian	N
schulenburg	N
schulter	N
schuylerville	N
schuylkill	N
schwartzkopf	N
schwarzenegger	N
schwenkfeldian	N
schweppes	N
schwertner	N
schwinger	N
sciaena	N
sciaenidae	N
sciaridae	N
scillies	N
scillonians	N
scilly	N
scio	N
sciota	N
scirpus	N
scitamineae	N
sciuridae	N
sciuropterus	N
sciurus	N
sclav	N
sclavonian	N
scobey	N
scoggin	N
scolopacidae	N
scolopax	N
scolopendrium	N
scolytidae	N
scolytus	N
scomber	N
scombresocidae	N
scombresox	N
scombridae	N
scooba	N
scopelidae	N
scopelus	N
scorpaena	N
scorpaenidae	N
scorpionida	N
scorpionidea	N
scorsese	N
scotchmen	N
scotchness	N
scotchwoman	N
scotchwomen	N
scotchy	N
scotic	N
scoticism	N
scotisms	N
scotists	N
scotophile	N
scotophiles	N
scotophilia	N
scotophobe	N
scotophobes	N
scotophobia	N
scotophobic	N
scotswoman	N
scotswomen	N
scottice	N
scotticise	N
scotticised	N
scotticises	N
scotticising	N
scotticisms	N
scotticize	N
scotticized	N
scotticizes	N
scotticizing	N
scottification	N
scottified	N
scottify	N
scottifying	N
scottishman	N
scottishness	N
scottishnesses	N
scottown	N
scotts	N
scottsmoor	N
scottville	N
screven	N
scroggins	N
scrophulariaceae	N
scruggs	N
scudamore	N
scuddy	N
scyphomedusae	N
scythians	N
seabeck	N
seabees	N
seadrift	N
seaforth	N
seagoville	N
seagram	N
seahurst	N
sealab	N
sealabs	N
sealeyham	N
sealeyhams	N
sealston	N
sealy	N
seanad	N
seanor	N
searles	N
searsboro	N
searsmont	N
searsport	N
seaspeak	N
seatonville	N
seattleite	N
seattleites	N
seaview	N
sebat	N
sebec	N
sebeka	N
sebewaing	N
seboeis	N
seboyeta	N
sebree	N
secaucus	N
secombe	N
sedalia	N
sedley	N
sedna	N
sedona	N
seekonk	N
seeley	N
seelyville	N
seffner	N
sega	N
segre	N
seguin	N
segundo	N
segway	N
segways	N
sehnsucht	N
seibert	N
seidlitz	N
seiko	N
seinfeld	N
sejms	N
sejong	N
sekiu	N
sekt	N
selaginellaceae	N
selbornian	N
selbyville	N
selectric	N
seleucidae	N
seleucids	N
seleucus	N
selim	N
seljukian	N
seljukians	N
seljuks	N
selkirkshire	N
sellafield	N
sellersville	N
selmer	N
selz	N
seminoles	N
semitaur	N
semites	N
semiticist	N
semiticists	N
semitisation	N
semitise	N
semitised	N
semitises	N
semitising	N
semitisms	N
semitize	N
semitized	N
semitizes	N
semitizing	N
semnopithecus	N
semora	N
semtex	N
semtexes	N
senath	N
sendak	N
senecaville	N
senegambians	N
seney	N
senoia	N
senonian	N
sensurround	N
senussis	N
sephardim	N
septembers	N
septembral	N
septembriser	N
septembrisers	N
septembrists	N
septembrizer	N
septembrizers	N
septuagesimas	N
septuagints	N
sepulveda	N
sequatchie	N
sequim	N
sequoyah	N
serapic	N
serbians	N
serbs	N
sercial	N
seree	N
serengeti	N
serevent	N
serranidae	N
serranus	N
sertoman	N
sertomans	N
sertularia	N
servites	N
serzone	N
serzones	N
sesser	N
setswana	N
sevenmile	N
sevierville	N
sevilla	N
sevillian	N
sevillians	N
sevin	N
sevins	N
sewanee	N
sewaren	N
sewickley	N
sexagesimas	N
sextonville	N
seychellois	N
seyfert	N
seyferts	N
shaaban	N
shaabans	N
shaanxi	N
shabans	N
shabbatot	N
shabbats	N
shabbona	N
shabbos	N
shabboses	N
shabuoths	N
shacklefords	N
shadydale	N
shafiite	N
shaftsburg	N
shaftsbury	N
shahaptian	N
shahaptians	N
shahaptin	N
shahaptins	N
shaiva	N
shaivism	N
shakerisms	N
shakespeareana	N
shakespeareanisms	N
shakespeareans	N
shakespearian	N
shakespeariana	N
shakespearians	N
shakopee	N
shaksperean	N
shakspereans	N
shaksperians	N
shaktas	N
shaktis	N
shaktisms	N
shaktist	N
shaktists	N
shalimar	N
shallotte	N
shallowater	N
shambaugh	N
shamokin	N
shandaken	N
shandean	N
shandon	N
shandong	N
shanghainese	N
shaniko	N
shanksville	N
shannock	N
shanxi	N
shapleigh	N
sharepoint	N
shariat	N
sharpes	N
sharples	N
sharptown	N
sharron	N
shartlesville	N
shatner	N
shattuc	N
shattuckville	N
shauck	N
shaula	N
shavianism	N
shavianisms	N
shavians	N
shavuoths	N
shavuots	N
shawanee	N
shawanese	N
shawboro	N
shawmut	N
shawnees	N
shawneetown	N
shawsville	N
shawville	N
shawwals	N
shcharansky	N
sheakleyville	N
shebats	N
shebeli	N
shekinahs	N
shelbiana	N
shelbina	N
shelburn	N
sheldahl	N
sheldonville	N
shelleyans	N
shelleyesque	N
shellman	N
shellsburg	N
shelocta	N
shemas	N
shemites	N
shemitish	N
shepardsville	N
shepherdstown	N
sheppey	N
sheppton	N
sheratan	N
shergar	N
sheriat	N
sheringham	N
sherlockian	N
shermanesque	N
sherrodsville	N
shetlander	N
shetlanders	N
shetlandic	N
shevardnadze	N
shevats	N
shevlin	N
sheyenne	N
shia	N
shias	N
shiatzu	N
shiatzus	N
shickley	N
shickshinny	N
shidler	N
shiisms	N
shiites	N
shiitic	N
shijiazhuang	N
shilluk	N
shilluks	N
shilton	N
shingleton	N
shingletown	N
shingon	N
shingons	N
shinhopple	N
shintoism	N
shintoisms	N
shintoistic	N
shintoists	N
shintos	N
shiocton	N
shippenville	N
shipshewana	N
shirazes	N
shirland	N
shirleysburg	N
shiro	N
shivaisms	N
shivaists	N
shivaite	N
shoah	N
shobonier	N
shohola	N
shokan	N
shonas	N
shongaloo	N
shopville	N
shoreditch	N
shoreham	N
shorterville	N
shortsville	N
shoshones	N
shostakovitch	N
showell	N
showlow	N
shrek	N
shriners	N
shropshires	N
shrovetides	N
shubert	N
shubuta	N
shudra	N
shudras	N
shula	N
shulerville	N
shullsburg	N
shunk	N
shuqualak	N
shutesbury	N
shylockian	N
sias	N
siberians	N
sibyllist	N
sicel	N
siceliot	N
sichuan	N
sicilians	N
sicklerville	N
siculian	N
siddhis	N
sidmouth	N
sidnaw	N
sidonian	N
sidonians	N
siegmund	N
siennese	N
sieper	N
sierpinski	N
sierrans	N
sierraville	N
sigel	N
sigillaria	N
sigillariaceae	N
sigourney	N
sihasapa	N
sihasapas	N
sikeston	N
sikhisms	N
sikhs	N
sikkimese	N
silastics	N
silchester	N
silerton	N
silesians	N
siletz	N
sillery	N
sillitoe	N
siluria	N
silurians	N
siluridae	N
silurus	N
silverado	N
silvercliff	N
silverdale	N
silverpeak	N
silverplume	N
silverstar	N
silverstreet	N
silverwood	N
simenon	N
simeonite	N
simmental	N
simmentals	N
simmenthal	N
simmenthaler	N
simmenthalers	N
simmenthals	N
simmesport	N
simonton	N
simpsons	N
simpsonville	N
simsboro	N
simuliidae	N
sinaean	N
sinaic	N
sinaitic	N
sinanthropuses	N
sinbad	N
sinclairville	N
sindbad	N
sindhis	N
sindi	N
sindis	N
sinead	N
singaporean	N
singaporeans	N
sinhala	N
sinhalas	N
sinic	N
sinicisms	N
sinicizations	N
sinifications	N
sinifies	N
sinnamahoning	N
sinningia	N
sinolog	N
sinologs	N
sinope	N
sinophile	N
sinophiles	N
sinophilia	N
sinophilias	N
sinophilism	N
sinophobe	N
sinophobes	N
sinophobia	N
sinophobias	N
sinophobic	N
sinsinawa	N
sions	N
siouans	N
sipesville	N
siphonaptera	N
siphonophora	N
sipsey	N
sipunculacea	N
sipunculoidea	N
sirees	N
sirenia	N
sirian	N
sissetons	N
sissinghurst	N
sistersville	N
sisyphian	N
sitkans	N
sitta	N
sium	N
sivaisms	N
sivaists	N
sivaite	N
sivans	N
sivapithecus	N
sivatherium	N
sixmile	N
sixtine	N
sizewell	N
skagerak	N
skamokawa	N
skandia	N
skanee	N
skegness	N
skellytown	N
skeltonic	N
skeltonics	N
skiddaw	N
skidmore	N
skillcentre	N
skillcentres	N
skillman	N
skinnerian	N
skinnerians	N
skinnerism	N
skinnerisms	N
skippack	N
skipperville	N
skipwith	N
skoda	N
skryabin	N
skupshtina	N
skykomish	N
skyland	N
skype	N
slackware	N
slagle	N
slanesville	N
slashdot	N
slatedale	N
slatersville	N
slatkin	N
slavdom	N
slavicism	N
slavicisms	N
slavicist	N
slavicists	N
slavify	N
slavisms	N
slavist	N
slavists	N
slavonian	N
slavonians	N
slavonicise	N
slavonicised	N
slavonicises	N
slavonicising	N
slavonicize	N
slavonicized	N
slavonicizes	N
slavonicizing	N
slavonise	N
slavonised	N
slavonises	N
slavonising	N
slavonize	N
slavonized	N
slavonizes	N
slavonizing	N
slavophil	N
slavophiles	N
slavophilisms	N
slavophils	N
slavophobes	N
slavophobias	N
slavs	N
slayden	N
sleepyeye	N
slemp	N
slickville	N
slidell	N
slimbridge	N
sloanes	N
sloansville	N
sloatsburg	N
slocomb	N
sloughhouse	N
slovakians	N
slovakish	N
slovaks	N
slovan	N
slovenes	N
slovenians	N
slurpee	N
smackover	N
smallwood	N
smarr	N
smartt	N
smartville	N
smelterville	N
smethport	N
smicksburg	N
smirnoff	N
smithboro	N
smithburg	N
smithdale	N
smithland	N
smithsburg	N
smithshire	N
smithsonian	N
smithton	N
smithtown	N
smithwick	N
smoaks	N
smoketown	N
smolan	N
smyer	N
smyth	N
snapple	N
sneedville	N
snellville	N
snoqualmie	N
snover	N
snowmass	N
snowville	N
snydersburg	N
soay	N
soays	N
socastee	N
socceroos	N
socinianisms	N
socinians	N
socotrans	N
socratical	N
socratics	N
socratise	N
socratised	N
socratises	N
socratising	N
socratize	N
socratized	N
socratizes	N
socratizing	N
sodus	N
sogdians	N
solanaceae	N
solebury	N
solgohachia	N
solifugae	N
solomonian	N
solomons	N
solomonseal	N
solomonseals	N
solonic	N
solpuga	N
solsberry	N
solsville	N
solutrian	N
solvang	N
solway	N
somalians	N
somalis	N
somersville	N
somerton	N
somis	N
somonauk	N
sondheimer	N
songhua	N
sonoita	N
sonorans	N
sony	N
sonyea	N
sopchoppy	N
soper	N
soperton	N
sophonias	N
sopwith	N
soquel	N
sorbians	N
sorbish	N
sorbonical	N
sorento	N
soricidae	N
soroptimists	N
sosa	N
sotadean	N
sotadic	N
sotheby	N
sothos	N
soto	N
souder	N
soudersburg	N
soulsbyville	N
souness	N
souphanouvong	N
sourceforge	N
souris	N
southcottian	N
southdowns	N
southeasterners	N
southwesterner	N
southwesterners	N
sovietdoms	N
sovietological	N
sovietologies	N
sovietologist	N
sovietologists	N
sovietology	N
spahn	N
spanaway	N
spanglish	N
spanglishes	N
spaniards	N
spanishburg	N
spanishflies	N
spanishfly	N
spanishness	N
spanishnesses	N
sparagmite	N
sparganiaceae	N
sparidae	N
sparkill	N
sparland	N
sparr	N
sparrowbush	N
spartacists	N
spartanic	N
spartanisms	N
spartans	N
spartansburg	N
spatangoidea	N
spatangus	N
spavinaw	N
spearsville	N
spearville	N
speight	N
speke	N
spencerianisms	N
spencerians	N
spencerism	N
spencerisms	N
spencerport	N
spencertown	N
spencerville	N
spenglerian	N
spenglerians	N
spenserians	N
speonk	N
spergula	N
spergularia	N
spermaphyta	N
spermatophyta	N
spermophyta	N
sperryville	N
spetsnaz	N
spetznaz	N
sphagnaceae	N
sphenisciformes	N
spheniscus	N
sphinges	N
sphingidae	N
spiceland	N
spickard	N
spielberg	N
spielbergian	N
spigelia	N
spigelian	N
spillane	N
spillville	N
spinnerstown	N
spinozisms	N
spinozists	N
spinx	N
spirifer	N
spiritwood	N
spirochaeta	N
spitalfields	N
spivey	N
splendora	N
spofford	N
spork	N
sporks	N
spotswood	N
spotsylvania	N
spottsville	N
spottswood	N
spraggs	N
spragueville	N
sprakers	N
sprigg	N
springboro	N
springbrook	N
springerton	N
springerville	N
springhope	N
springlick	N
springport	N
springsteen	N
springtown	N
springvale	N
springville	N
sprott	N
spurger	N
spurlock	N
spurlockville	N
sqlite	N
squamata	N
squanto	N
squeers	N
squibb	N
srivijaya	N
staatsburg	N
stacyville	N
stael	N
staffordshires	N
staffordville	N
stagirites	N
stahlhelmer	N
stahlhelmist	N
stahlian	N
stahlianism	N
stahlism	N
stahlstown	N
stairmaster	N
stairmasters	N
stakhanovisms	N
stalinisms	N
stalinists	N
stalinize	N
stalinized	N
stalinizes	N
stalinizing	N
stalinoid	N
stalinoids	N
stallone	N
stamboul	N
stanaford	N
stanardsville	N
stanberry	N
stanchfield	N
stanfordville	N
stanleytown	N
stantonsburg	N
stantonville	N
stanville	N
staphylea	N
staphyleaceae	N
staplehurst	N
starbucks	N
starford	N
starke	N
starksboro	N
starkweather	N
starrucca	N
startex	N
statenville	N
statesville	N
statham	N
staubach	N
stayton	N
steamburg	N
steedman	N
steeleville	N
steelville	N
steff	N
steffenville	N
steganopodes	N
stegocephalia	N
stehekin	N
steiger	N
steinauer	N
steinberger	N
steinem	N
steinhatchee	N
stelazines	N
stellaria	N
stellenbosch	N
stellenbosched	N
stellenbosches	N
stellenbosching	N
stendal	N
stendhalian	N
stengel	N
stenmark	N
stephano	N
stephensburg	N
stephentown	N
sterculiaceae	N
sterlington	N
sterno	N
sternos	N
stetsonville	N
steuben	N
stevengraphs	N
stevensburg	N
stevensgraph	N
stevensgraphs	N
stevensville	N
stevinson	N
stewartstown	N
stewartsville	N
stewartville	N
sthelena	N
stidham	N
stigler	N
stigmaria	N
stilesville	N
stillmore	N
stillson	N
stillsons	N
stillwell	N
stiltons	N
stinesville	N
stirlingshire	N
stirrat	N
stites	N
stittville	N
stitzer	N
stockdale	N
stockertown	N
stockett	N
stockholmer	N
stockholmers	N
stockland	N
stockville	N
stokesdale	N
stolichnaya	N
stollings	N
stolypin	N
stomatopoda	N
stoneboro	N
stonefort	N
stonega	N
stoneville	N
stonington	N
stonybottom	N
stonybrook	N
stonyford	N
storden	N
stormont	N
stormville	N
storrie	N
storthing	N
stottville	N
stourhead	N
stoutland	N
stoutsville	N
stowell	N
stoy	N
stoystown	N
strabane	N
stradivarii	N
stradivaris	N
stradivariuses	N
strandburg	N
strandquist	N
strangeways	N
strasburg	N
stratford	N
stratham	N
strathcona	N
strathmere	N
strathmore	N
stratiotes	N
strattanville	N
straughn	N
strausstown	N
stravinskian	N
stravinskyan	N
streamwood	N
streep	N
streetsboro	N
strepsiptera	N
strigiformes	N
strimmer	N
strimmers	N
strindbergian	N
stringtown	N
stroh	N
stromsburg	N
stronghurst	N
struldbrug	N
struldbrugs	N
strunk	N
struthio	N
struthiones	N
struwwelpeter	N
strykersville	N
stuarts	N
studebaker	N
stukas	N
stumptown	N
stundism	N
stundist	N
sturgis	N
sturkie	N
sturmers	N
sturnidae	N
sturnus	N
sturtevant	N
styracaceae	N
styrian	N
styrians	N
styrofoams	N
styron	N
suamico	N
suarez	N
subaru	N
subbuteo	N
subiaco	N
sublapsarian	N
sublette	N
subungulata	N
succasunna	N
succoths	N
suches	N
sucrets	N
sudetens	N
sudith	N
sudlersville	N
sudoku	N
sudras	N
suellen	N
suffield	N
suffolks	N
sufic	N
sufiism	N
sufiisms	N
sufiistic	N
sufisms	N
sugarland	N
sugartown	N
sugartree	N
suidae	N
sukkos	N
sukkoses	N
sukkots	N
sulligent	N
sulpicians	N
sumas	N
sumatrans	N
sumerco	N
sumerduck	N
sumeria	N
sumerians	N
sumerologies	N
sumerologists	N
sumgait	N
sumiton	N
summerdale	N
summerfield	N
summerland	N
summerlee	N
summershade	N
summersville	N
summerton	N
summertown	N
summitville	N
sumneytown	N
sumrall	N
sumterville	N
sunapee	N
sunburg	N
sunbury	N
sunchon	N
suncook	N
sundance	N
sundanese	N
sundas	N
sunfield	N
sunkist	N
sunman	N
sunnis	N
sunnism	N
sunnisms	N
sunnites	N
sunnysouth	N
sunol	N
suomic	N
suomish	N
supai	N
superball	N
superballs	N
superbowl	N
suplee	N
suquamish	N
suquamishes	N
surgoinsville	N
suriname	N
surinamer	N
surinamers	N
surinamese	N
suring	N
surrency	N
surry	N
surya	N
susank	N
susanville	N
suse	N
susians	N
susquehannas	N
susquehannock	N
susquehannocks	N
sussexes	N
sustiva	N
sustivas	N
sutersville	N
sutherlin	N
sutter	N
suwanee	N
suwon	N
suzann	N
suzhou	N
suzuki	N
svea	N
svengali	N
svengalis	N
svn	N
swabians	N
swadeshism	N
swainsboro	N
swaledale	N
swaledales	N
swampscott	N
swannanoa	N
swansboro	N
swanton	N
swanville	N
swanwick	N
swartswood	N
swayzee	N
swazis	N
swedeborg	N
swedenborgianisms	N
swedenborgians	N
swedenborgisms	N
swedesboro	N
swedesburg	N
sweeden	N
sweetbriar	N
sweetgrass	N
sweetland	N
sweetser	N
swengel	N
swepsonville	N
swiftian	N
swifton	N
swiftown	N
swiftwater	N
swinburgian	N
swissair	N
switzers	N
swoope	N
sybertsville	N
sycorax	N
sydneyer	N
sydneyers	N
sydneyite	N
sydneyites	N
sydneysiders	N
sykeston	N
sykesville	N
sylmar	N
sylvaner	N
sylvian	N
sylviidae	N
sympetalae	N
symphyla	N
symphytum	N
symsonia	N
syngenesia	N
syngnathidae	N
syosset	N
syracusan	N
syracusans	N
syriacism	N
syrianism	N
syrians	N
syriarch	N
syriasm	N
syrophoenician	N
syrphidae	N
syrphus	N
szilard	N
szymborska	N
tabanidae	N
tabanus	N
tabascos	N
taberg	N
tabernash	N
tabiona	N
tabrizes	N
tacan	N
tacna	N
tacomans	N
taconic	N
tadjiks	N
tadzhiks	N
tafton	N
taftsville	N
taftville	N
tagalogs	N
tagamet	N
tagamets	N
tagday	N
tagliacotian	N
tahitians	N
tahoka	N
taholah	N
tahuya	N
taiban	N
tainos	N
taintor	N
taipings	N
taiwanian	N
taiwanians	N
tajikistan	N
tajiks	N
takakkaw	N
taklamakan	N
taklimakan	N
talala	N
talbotton	N
talco	N
talcott	N
taleban	N
taliacotian	N
taliban	N
talihina	N
talisheek	N
tallega	N
tallevast	N
talleyrand	N
tallmadge	N
tallman	N
tallmansville	N
talmage	N
talmo	N
talmudical	N
talmudistic	N
talmudists	N
talmuds	N
taloga	N
talpidae	N
talwin	N
talwins	N
tamaqua	N
tamaricaceae	N
tamaroa	N
tamassee	N
tameka	N
tamika	N
tamilian	N
tamilic	N
tamils	N
tamiment	N
tammanyisms	N
tammanyites	N
tamms	N
tammuzes	N
tampax	N
tamulic	N
tanachs	N
tanagridae	N
tanakh	N
tanakhs	N
tanalised	N
tanalith	N
tanalized	N
taneytown	N
taneyville	N
tanganyikans	N
tangiers	N
tangipahoa	N
tanisha	N
tannersville	N
tanoan	N
tantalean	N
tantalian	N
tantrist	N
tantrists	N
tanzanian	N
tanzanians	N
taoiseach	N
taoiseachs	N
taoisms	N
taoists	N
taopi	N
taplin	N
tapoco	N
tappahannock	N
tappan	N
tappen	N
tarahumara	N
tarahumaras	N
tarantino	N
tarascan	N
tarascans	N
tarasco	N
tarascos	N
tarazed	N
tardigrada	N
tardis	N
targumim	N
targumistic	N
targumists	N
targums	N
tarheels	N
tariffville	N
tarka	N
tarkenton	N
tarkio	N
tarlac	N
tarpeian	N
tarpley	N
tarrs	N
tarrytown	N
tarsipes	N
tarsius	N
tartuffian	N
tartufian	N
tartufish	N
tartufism	N
tarzana	N
tasian	N
tasley	N
tasmanian	N
tasmanians	N
taswell	N
tatamy	N
tataric	N
tateville	N
tatry	N
tattersails	N
tatums	N
taureans	N
tauruses	N
tavener	N
tavernier	N
taxaceae	N
taxodium	N
taylors	N
taylorstown	N
taylorsville	N
tayside	N
tchaikovskian	N
tchaikovskyan	N
tchula	N
teachey	N
tean	N
teasmade	N
teays	N
tebaldi	N
tebbetts	N
tebeth	N
tebeths	N
tebets	N
tebilise	N
tebilised	N
tebilises	N
tebilising	N
tebilize	N
tebilized	N
tebilizes	N
tebilizing	N
tecate	N
technicolors	N
techny	N
tecopa	N
tectibranchiata	N
teeswater	N
tefft	N
tehama	N
tehran	N
tehuacana	N
teian	N
tejano	N
tejanos	N
tekamah	N
tekoa	N
tekonsha	N
telecopier	N
telecopiers	N
telegus	N
telemessage	N
telemessages	N
teleosaurus	N
teleostei	N
teleostomi	N
teletypesetters	N
telferner	N
tellima	N
telogia	N
telstars	N
telugus	N
temazepam	N
temecula	N
temnes	N
tempean	N
templeville	N
tenafly	N
tenaha	N
tendoy	N
tenebrionidae	N
tengku	N
tenino	N
tenmile	N
tennant	N
tennent	N
tennessean	N
tennesseans	N
tennesseean	N
tennesseeans	N
tennga	N
tennille	N
tennysonian	N
tensorflow	N
tenstrike	N
teotihuacan	N
terentian	N
tererro	N
terfel	N
terkel	N
terlingua	N
terlton	N
termes	N
terminalia	N
termo	N
ternstroemiaceae	N
terraalta	N
terraceia	N
terral	N
terramycins	N
terran	N
terrans	N
terrebonne	N
terreton	N
terril	N
tescott	N
testicardines	N
tesuque	N
tethyan	N
teton	N
tetonia	N
tetons	N
tetrabranchia	N
tetrabranchiata	N
tetractinellida	N
tetragynia	N
tetramorph	N
tetrandria	N
teutones	N
teutonically	N
teutonicism	N
teutonicisms	N
teutonics	N
teutonises	N
teutonisms	N
teutonists	N
teutonizations	N
teutons	N
teutopolis	N
tevets	N
tewa	N
tewas	N
tewksbury	N
texaco	N
texan	N
texans	N
texel	N
texhoma	N
texico	N
texline	N
texola	N
texon	N
thackerville	N
thailander	N
thailanders	N
thalamiflorae	N
thalesian	N
thallophyta	N
thammuzes	N
thatcherism	N
thatcherite	N
thatcherites	N
thawville	N
thaxton	N
theaceae	N
theatines	N
thebae	N
thebans	N
thedford	N
theilman	N
thelemite	N
thendara	N
theobroma	N
theodosius	N
theopaschite	N
theopaschitism	N
therapeutae	N
theravadas	N
theria	N
theriodontia	N
theriot	N
thermidorians	N
thermidors	N
thermits	N
thermopane	N
thermopanes	N
therock	N
theromorpha	N
theropoda	N
theroux	N
thessalian	N
thessalians	N
thessalonica	N
thetford	N
thibet	N
thibetan	N
thibetans	N
thibets	N
thibodaux	N
thida	N
thiells	N
thieu	N
thimphu	N
thinsulate	N
thinsulates	N
thiokol	N
thiokols	N
thomasboro	N
thomaston	N
thomastown	N
thomisms	N
thomistical	N
thomists	N
thompsons	N
thompsontown	N
thompsonville	N
thonga	N
thongas	N
thonotosassa	N
thorazine	N
thorazines	N
thoreauvians	N
thorndale	N
thornfield	N
thorntown	N
thornville	N
thornwood	N
thorsby	N
thracia	N
thracians	N
throckmorton	N
thuban	N
thucydidean	N
thurberesque	N
thuringers	N
thuringian	N
thuringians	N
thurrock	N
thurso	N
thutmose	N
thyestean	N
thymelaeaceae	N
thyrostraca	N
thysanoptera	N
thysanura	N
tianjin	N
tib	N
tibbie	N
tiberian	N
tiberis	N
tibetans	N
tiburon	N
tichnor	N
ticinese	N
ticketmaster	N
tickfaw	N
tidioute	N
tienanmen	N
tiesiding	N
tieton	N
tigerton	N
tigerville	N
tignall	N
tigrean	N
tigreans	N
tigres	N
tigrett	N
tijeras	N
tilghman	N
tilia	N
tiliaceae	N
tiline	N
tillar	N
tillatoba	N
tilleda	N
tillery	N
tillson	N
tilsiter	N
tilsiters	N
tilsits	N
tiltonsville	N
timberville	N
timblin	N
timbo	N
timbuctoo	N
timewell	N
timex	N
timken	N
timmonsville	N
timnath	N
timonise	N
timonised	N
timonises	N
timonising	N
timonism	N
timonist	N
timonists	N
timonium	N
timonize	N
timonized	N
timonizes	N
timonizing	N
timorese	N
timpson	N
timucua	N
timucuas	N
timur	N
timurid	N
tineidae	N
tinkerbell	N
tinkertoy	N
tinkertoys	N
tinseltown	N
tinsley	N
tintagel	N
tintah	N
tintern	N
tiona	N
tionesta	N
tiplersville	N
tippo	N
tiptonville	N
tipulidae	N
tirane	N
tiree	N
tiroleans	N
tironian	N
tishomingo	N
tishris	N
tiskilwa	N
titanian	N
titanosaurus	N
titanotherium	N
titoisms	N
titoists	N
titonka	N
titusville	N
tiverton	N
tiw	N
tiwa	N
tiwas	N
tlaloc	N
toaalta	N
toabaja	N
toano	N
tobaccoville	N
tobagonian	N
tobagonians	N
tobinsport	N
tobyhanna	N
toccopola	N
tocharians	N
tocharish	N
tocqueville	N
toddville	N
tofte	N
toggenburg	N
toggenburgs	N
togolanders	N
tohatchi	N
toivola	N
tokaj	N
tokeland	N
tokelauan	N
tokelauans	N
tokharians	N
tokio	N
tokyoites	N
toledan	N
toledans	N
toledoan	N
toledoans	N
toler	N
tolkien	N
tolkienesque	N
tollesboro	N
tolleson	N
tolna	N
tolono	N
tolpuddle	N
tolstoian	N
tolstoians	N
tolstoyan	N
tolstoyans	N
toltecan	N
tolyatti	N
tomales	N
tomball	N
tombean	N
tompkinsville	N
tomsbrook	N
tonalea	N
tonasket	N
tonawanda	N
tonganoxie	N
tongans	N
tonica	N
tonkinese	N
tonkingese	N
tonopah	N
tontitown	N
tontobasin	N
tontogany	N
tonys	N
toomsboro	N
toomsuba	N
toone	N
topanga	N
topawa	N
tophets	N
topinabee	N
topock	N
topolski	N
toponas	N
topsfield	N
topsham	N
topsy	N
topton	N
toquerville	N
torahs	N
tories	N
torified	N
torifies	N
torify	N
torifying	N
torontonians	N
torpedinidae	N
torrenize	N
torrenized	N
torrenizes	N
torrenizing	N
torridonian	N
torrington	N
tortricidae	N
torvalds	N
toryfied	N
toryfies	N
toryfy	N
toryfying	N
toryisms	N
toshiba	N
toston	N
toto	N
totowa	N
totz	N
touareg	N
touaregs	N
touchet	N
tougaloo	N
toughkenamon	N
tourette	N
touretter	N
touretters	N
toutle	N
towaco	N
towaoc	N
townley	N
townville	N
toxey	N
toyah	N
toyahvale	N
toyoda	N
toyonaka	N
toyota	N
trachearia	N
tracheata	N
trachinidae	N
trachinus	N
trachypteridae	N
trachypterus	N
tractarianisms	N
tracyton	N
tradescant	N
traer	N
tragelaphus	N
trailways	N
trakehner	N
trakehners	N
trampas	N
transcaucasians	N
transjordanian	N
transjordanians	N
transkeian	N
transkeians	N
transvaaler	N
transvaalers	N
transvaalian	N
transylvanian	N
transylvanians	N
trappe	N
trappistine	N
trappists	N
traskwood	N
traunik	N
travolta	N
treadway	N
treadwell	N
trebbiano	N
trebbianos	N
trebloc	N
treece	N
trego	N
treichlers	N
trekkie	N
treloar	N
tremella	N
trementina	N
tremont	N
tremonton	N
trempealeau	N
trenary	N
trentonians	N
tresckow	N
trespiedras	N
trespinos	N
trevett	N
trevorton	N
trexlertown	N
treynor	N
trezevant	N
triadelphia	N
triandria	N
triangulum	N
trias	N
tribbett	N
tribunite	N
trichiuridae	N
trichiurus	N
trichomonas	N
trichoptera	N
tridell	N
tridentines	N
triestine	N
trigynia	N
trilla	N
trilobita	N
trimont	N
trinacrians	N
trinchera	N
trinculo	N
trinidadians	N
trinitarianisms	N
trinitarians	N
trinitytide	N
trinitytides	N
trinobantes	N
trinway	N
triodion	N
trion	N
triphysite	N
tripolitan	N
tripolitanian	N
tripolitanians	N
tripolitans	N
trippe	N
trivoli	N
trizonia	N
troadic	N
trobriand	N
trobriander	N
trobrianders	N
trochelminthes	N
trochidae	N
trochilidae	N
trogonidae	N
troia	N
troic	N
troja	N
trojans	N
troon	N
tropaeolaceae	N
trophonian	N
tropicana	N
trosky	N
trosper	N
trotski	N
trotskyisms	N
trotskyist	N
trotskyists	N
trotskyites	N
troup	N
troupsburg	N
troutdale	N
troutville	N
troxelville	N
trubenise	N
trubenised	N
trubenises	N
trubenising	N
trubenize	N
trubenized	N
trubenizes	N
trubenizing	N
truckee	N
truesdale	N
trufant	N
truffaut	N
truk	N
trullan	N
trumansburg	N
trumbull	N
truxton	N
tryon	N
trypanosoma	N
trypanosomatidae	N
tshi	N
tsongkhapa	N
tsvetaeva	N
tualatin	N
tuamotu	N
tuaregs	N
tubac	N
tuberaceae	N
tubigrip	N
tubularia	N
tuckasegee	N
tuckerman	N
tuckerton	N
tucsonan	N
tucsonans	N
tudorbethan	N
tudoresque	N
tudors	N
tuinals	N
tujunga	N
tulane	N
tuleta	N
tulipa	N
tullahassee	N
tullahoma	N
tullian	N
tullos	N
tulsan	N
tulsans	N
tulsidas	N
tumacacori	N
tungusian	N
tunicata	N
tunisians	N
tunkhannock	N
tunku	N
tunnelton	N
tuolumne	N
tupaia	N
tupaiidae	N
tupamaros	N
tupians	N
tupman	N
tupperware	N
turanians	N
turbellaria	N
turbeville	N
turbotville	N
turcophilism	N
turdus	N
turinese	N
turing	N
turkess	N
turkicise	N
turkicised	N
turkicises	N
turkicising	N
turkicize	N
turkicized	N
turkicizes	N
turkicizing	N
turkics	N
turkified	N
turkifies	N
turkify	N
turkifying	N
turkisms	N
turkmens	N
turlock	N
turneresque	N
turnerian	N
turnersburg	N
turnersville	N
turnerville	N
turney	N
turon	N
turritella	N
turtletown	N
turton	N
tuscaloosa	N
tuscans	N
tuscarawas	N
tuscola	N
tuscon	N
tusculan	N
tuscumbia	N
tuskahoma	N
tuskegee	N
tussy	N
tustin	N
tutankhamun	N
tutorkey	N
tutsi	N
tutsis	N
tutuilans	N
tutwiler	N
tuvaluan	N
tuvaluans	N
tuxtla	N
twinbrooks	N
twinoaks	N
twinsburg	N
twisp	N
twizzlers	N
twyford	N
tyaskin	N
tychonic	N
tygon	N
tygons	N
tylenol	N
tylenols	N
tylersburg	N
tylersport	N
tylersville	N
tylerton	N
tylertown	N
tylopoda	N
tyner	N
tyngsboro	N
typha	N
typhaceae	N
tyrannidae	N
tyrians	N
tyroglyphus	N
tyroleans	N
tyrolian	N
tyronza	N
tyrrhene	N
tyrrhenian	N
tyrtaean	N
tyty	N
ubangis	N
ubly	N
ubs	N
ucla	N
ucon	N
uehling	N
uffizi	N
ugandans	N
ugrians	N
ugrics	N
uighur	N
uighurs	N
uigurian	N
uiguric	N
uigurs	N
uintatherium	N
ujungpandang	N
ukiah	N
ukrainians	N
uledi	N
ulen	N
ullapool	N
ullin	N
ulmaceae	N
ulman	N
ulmer	N
ulmus	N
ulothrix	N
ulotrichales	N
ulsan	N
ulsterite	N
ulsterites	N
ulstermen	N
ulsterwoman	N
ulsterwomen	N
ultonian	N
ultonians	N
ultrasuede	N
ultrasuedes	N
uluru	N
umatilla	N
umatillas	N
umbarger	N
umbelliferae	N
umbrians	N
umbundu	N
umbundus	N
umpqua	N
unadilla	N
unami	N
unamis	N
uncasville	N
uneeda	N
ungulata	N
uniate	N
uniates	N
uniatisms	N
uniats	N
unicode	N
unicoi	N
unilever	N
unio	N
unionhall	N
unionidae	N
unionport	N
unionville	N
uniopolis	N
uniroyal	N
unitas	N
unityhouse	N
unityville	N
unix	N
unukalhai	N
upanisad	N
upanisads	N
upanishadic	N
upanishads	N
upham	N
upjohn	N
upperco	N
upperville	N
upson	N
urals	N
uranoscopus	N
urartians	N
uravan	N
uredinales	N
uredineae	N
urich	N
uriconian	N
urim	N
uris	N
urochorda	N
urodela	N
ursina	N
urspraches	N
ursulines	N
ursus	N
urticaceae	N
uruguayans	N
urumqi	N
usenet	N
ushak	N
ushaks	N
uspallata	N
ustilaginaceae	N
ustilaginales	N
ustilagineae	N
ustilago	N
utahans	N
utopians	N
utraquists	N
utricularia	N
utuado	N
uvalda	N
uvalde	N
uwchland	N
uyghur	N
uyghurs	N
uygur	N
uygurs	N
uzbegs	N
uzbekistan	N
uzbeks	N
uzi	N
uzis	N
vacaville	N
vacciniaceae	N
vacherie	N
vader	N
vadis	N
vadito	N
vaiden	N
vaishnavas	N
vaishnavisms	N
vaisyas	N
valarie	N
valatie	N
valders	N
valdese	N
valdez	N
valdosta	N
valenti	N
valentinian	N
valentinianism	N
valenzuela	N
valerianaceae	N
valier	N
valium	N
valiums	N
valkyrian	N
vallecito	N
vallecitos	N
vallejo	N
valliant	N
vallisneria	N
valmeyer	N
valmy	N
valoniaceae	N
valrico	N
valsalva	N
valsalvas	N
valvoline	N
valyermo	N
vanalstyne	N
vanceboro	N
vanceburg	N
vancourt	N
vancouverite	N
vancouverites	N
vandalia	N
vandemere	N
vandergrift	N
vanderpool	N
vandervoort	N
vandiver	N
vanduser	N
vandyne	N
vanetten	N
vanhorn	N
vanndale	N
vannuys	N
vanorin	N
vansant	N
vantassell	N
vanuatu	N
vanuatuan	N
vanuatuans	N
vanvleck	N
vanwert	N
vanwyck	N
varanidae	N
varanus	N
vardaman	N
varina	N
varnell	N
varnville	N
varsovian	N
varsovians	N
varysburg	N
vaselined	N
vaselining	N
vashon	N
vass	N
vassalboro	N
vaticanist	N
vatman	N
vatmen	N
vaudoix	N
vaughnsville	N
vauxhall	N
vazquez	N
vba	N
veadars	N
vectian	N
vectis	N
vedaisms	N
vedantas	N
vedantic	N
vedantism	N
vedantisms	N
vedantist	N
vedantists	N
vedas	N
veddah	N
veddahs	N
veddas	N
veddoids	N
vedism	N
vedist	N
veedersburg	N
vegabaja	N
vegemite	N
veguita	N
vehm	N
vehme	N
vehmic	N
vehmique	N
velarde	N
velez	N
vellozia	N
velloziaceae	N
velpen	N
velva	N
velveeta	N
venables	N
venango	N
vendas	N
vendeans	N
venedocia	N
venedy	N
veneta	N
venezuelans	N
venites	N
ventolin	N
ventress	N
venturia	N
venushair	N
venushairs	N
venusians	N
venutian	N
veradale	N
verbank	N
verbascum	N
verbenaceae	N
verdel	N
verden	N
verdian	N
verdigre	N
verdon	N
verdunville	N
vergas	N
vergennes	N
veribest	N
verizon	N
vermonters	N
vermontville	N
verndale	N
vernonia	N
verplanck	N
verrazzano	N
versace	N
vershire	N
vertoscope	N
vertoscopes	N
vertrees	N
vespidae	N
vestaburg	N
viacom	N
viagra	N
viagras	N
vian	N
vibram	N
vicco	N
vicente	N
vici	N
vickery	N
victorianas	N
victorianise	N
victorianises	N
victorianism	N
victorianisms	N
victorianization	N
victorianizations	N
victorianize	N
victorianized	N
victorianizes	N
victorianizing	N
victorians	N
victorville	N
victrola	N
victrolas	N
victrolla	N
victrollas	N
vidor	N
viennese	N
vieques	N
vietnamise	N
vietnamised	N
vietnamises	N
vietnamising	N
vietnamize	N
vietnamized	N
vietnamizes	N
vietnamizing	N
viewtown	N
vijayanagar	N
vilas	N
villafranchian	N
villalba	N
villamaria	N
villamont	N
villanova	N
villanueva	N
villarica	N
villarreal	N
villette	N
villisca	N
vilna	N
vilonia	N
vilyui	N
vinalia	N
vincentians	N
vincentown	N
vindemiatrix	N
vindobna	N
vindobona	N
vineburg	N
vinemont	N
vineyarder	N
vineyarders	N
vintondale	N
violaceae	N
vipera	N
viperidae	N
viramune	N
viramunes	N
vireonidae	N
virgilina	N
virginians	N
virginville	N
virgoan	N
virgoans	N
virgos	N
viroqua	N
vishakhapatnam	N
vishnuisms	N
vishnuite	N
vishnuites	N
visigoths	N
vitaceae	N
vitaglass	N
vitalium	N
vitaliums	N
vitim	N
vitis	N
vitrina	N
vitsyebsk	N
vivaldi	N
viverra	N
viverridae	N
vlach	N
vlachs	N
vlasic	N
vliets	N
voca	N
vodafone	N
vodafones	N
vodaphone	N
vodaphones	N
voguls	N
voip	N
volborg	N
volcker	N
voldemort	N
volkswagen	N
volkswagens	N
volscians	N
volstead	N
volsungs	N
voltairism	N
volumnia	N
voluntown	N
volvo	N
vonda	N
vonnegut	N
vonore	N
vonormy	N
voorheesville	N
voortrekkers	N
vors	N
vosgian	N
vossburg	N
vowinckel	N
vredenburgh	N
vuitton	N
vulpes	N
vycors	N
waafs	N
waban	N
wabanaki	N
wabanakis	N
wabasso	N
wabbaseka	N
wabeno	N
waccabuc	N
wachapreague	N
wacissa	N
waconia	N
wacs	N
wadesboro	N
wadestown	N
wadesville	N
wadham	N
wadhams	N
wadley	N
waelder	N
wagarville	N
wagener	N
wagneresque	N
wagnerian	N
wagnerianism	N
wagnerians	N
wagnerite	N
wagnerites	N
wagontown	N
wahabi	N
wahabiism	N
wahabis	N
wahabism	N
wahabisms	N
wahabite	N
wahabites	N
wahhabis	N
wahhabism	N
wahhabisms	N
wahhabite	N
wahhabites	N
wahkiacus	N
wahkon	N
wahpekute	N
wahpekutes	N
wahpetons	N
waianae	N
waimanalo	N
waimea	N
wainscott	N
waipahu	N
waiteville	N
waitsburg	N
waitsfield	N
wakarusa	N
wakeeney	N
wakenda	N
wakita	N
wakonda	N
wakpala	N
wakulla	N
walachians	N
walapai	N
walapais	N
walburg	N
waldensean	N
waldenseans	N
waldensians	N
waldoboro	N
waldorf	N
waldport	N
waldsterben	N
waldteufel	N
waldwick	N
walesa	N
waleska	N
walgreen	N
walgreens	N
walhonding	N
walkersville	N
walkerton	N
walkertown	N
walkerville	N
walkman	N
walkmans	N
wallaceton	N
wallachians	N
walland	N
wallback	N
wallburg	N
wallingford	N
wallisville	N
wallkill	N
walloons	N
wallowa	N
wallsburg	N
wallula	N
walmart	N
walnutshade	N
walpolian	N
walpurgisnacht	N
walpurgisnachts	N
walsenburg	N
walshville	N
walstonburg	N
waltersburg	N
walterville	N
walthall	N
walthourville	N
waltonville	N
wamego	N
wampsville	N
wamsutter	N
wana	N
wanakena	N
wanamingo	N
wanaque	N
wanatah	N
wanblee	N
wanchese	N
wando	N
wanette	N
wankel	N
wann	N
wannaska	N
wantagh	N
wapanucka	N
wapella	N
wapello	N
wappapello	N
wappinger	N
wappingers	N
wapwallopen	N
warba	N
warda	N
wardell	N
wardensville	N
wardian	N
wardsboro	N
wardtown	N
wardville	N
wareham	N
waresboro	N
wareshoals	N
waretown	N
warfordsburg	N
warholian	N
warminster	N
warne	N
warnerville	N
warnock	N
warrendale	N
warrensville	N
warrenville	N
warthen	N
wartrace	N
wasatch	N
wasco	N
wascott	N
washingtonians	N
washo	N
washoe	N
washoes	N
washos	N
washta	N
washtucna	N
waskish	N
waskom	N
wasola	N
waspdom	N
waspdoms	N
wassaic	N
wassermanns	N
wasta	N
wataga	N
watauga	N
waterboro	N
waterflow	N
watergates	N
waterport	N
waterview	N
watha	N
wathena	N
watkinsville	N
watrous	N
watseka	N
watsontown	N
watsonville	N
watton	N
wattsburg	N
wattsville	N
watutsi	N
watutsis	N
waubun	N
wauchula	N
waucoma	N
wauconda	N
waukau	N
waukee	N
waukomis	N
wauna	N
waunakee	N
wauneta	N
waupaca	N
wauregan	N
waurika	N
wausa	N
wausaukee	N
wautoma	N
wauzeka	N
waveland	N
wawaka	N
wawarsing	N
wawina	N
waxahachie	N
waxhaw	N
wayan	N
waymart	N
waynesfield	N
waynetown	N
waynoka	N
wealden	N
wealthies	N
weare	N
weatherford	N
weatogue	N
weaubleau	N
weaverville	N
webberville	N
webbville	N
weberian	N
webern	N
websterville	N
weddell	N
wedderburn	N
wedgefield	N
wedgwoods	N
wednesdays	N
wedowee	N
wedron	N
weedsport	N
weedville	N
weeksbury	N
weepingwater	N
weesatche	N
weierstrass	N
weimarian	N
weimarians	N
weippe	N
weirsdale	N
weirwood	N
weismannisms	N
weissert	N
weissmanism	N
weissmanisms	N
weissmuller	N
welaka	N
welches	N
welda	N
weldmesh	N
weldona	N
weleetka	N
welland	N
wellbutrin	N
wellbutrins	N
weller	N
wellerism	N
wellerisms	N
wellford	N
wellman	N
wellpinit	N
wellsian	N
wellton	N
wenceslas	N
wenden	N
wendic	N
wendover	N
wenham	N
wenlock	N
weogufka	N
weott	N
wernersville	N
werther	N
wertherism	N
wesak	N
wesco	N
weskan	N
wesleyanisms	N
wesleyans	N
wesleyism	N
wesleyisms	N
wessi	N
wessington	N
wessis	N
wesson	N
westby	N
westie	N
westies	N
westphalians	N
wetherby	N
wetmore	N
wetumka	N
wetumpka	N
wever	N
wevertown	N
wewahitchka	N
wewela	N
weyanoke	N
weyauwega	N
weyerhaeuser	N
wezen	N
whalan	N
whaleysville	N
whallonsburg	N
wharncliffe	N
whately	N
wheatcroft	N
wheaties	N
wheatland	N
wheatley	N
wheelock	N
whick	N
whiggarchy	N
whiggeries	N
whiggisms	N
whigham	N
whigship	N
whipholt	N
whippleville	N
whiskeytown	N
whitakers	N
whitbread	N
whitebird	N
whiteclay	N
whitefieldian	N
whitefieldians	N
whitefieldite	N
whitefieldites	N
whiteford	N
whiteheath	N
whiteland	N
whiteowl	N
whitepost	N
whitesboro	N
whitesburg	N
whiteside	N
whitestone	N
whitestown	N
whitesville	N
whitewright	N
whitfield	N
whitharral	N
whitingham	N
whitinsville	N
whitlash	N
whitley	N
whitleyville	N
whitmanesque	N
whitmanian	N
whitmer	N
whitmonday	N
whitmondays	N
whitmore	N
whitneyville	N
whitsett	N
whitstable	N
whitsundays	N
whitsuntides	N
whitt	N
whittier	N
whitweek	N
whitwell	N
whitworth	N
whon	N
whymper	N
wibaux	N
wiborg	N
wichitas	N
wickatunk	N
wickenburg	N
wickes	N
wickett	N
wicomico	N
wiconisco	N
wideman	N
widnoon	N
widor	N
wiemar	N
wiesel	N
wiesenthal	N
wiffle	N
wiffles	N
wifi	N
wii	N
wikieup	N
wikileaks	N
wikipedia	N
wilbar	N
wilbraham	N
wilburton	N
wilcoe	N
wildean	N
wildersville	N
wildhorse	N
wildie	N
wildomar	N
wildorado	N
wildrose	N
wildsville	N
wileyville	N
wilford	N
wilfredo	N
wilkerson	N
wilkesbarre	N
wilkesboro	N
wilkeson	N
wilkesville	N
willacoochee	N
willards	N
willernie	N
williamsfield	N
williamston	N
williamstown	N
williford	N
willimantic	N
willingboro	N
willisburg	N
willisville	N
willits	N
willmar	N
willowshade	N
willowstreet	N
willowwood	N
willsboro	N
willseyville	N
willshire	N
wilmont	N
wilmot	N
wilsall	N
wilseyville	N
wilsie	N
wilsonburg	N
wilsondale	N
wilsons	N
wilsonville	N
wiltons	N
wiltshires	N
wimauma	N
wimberley	N
wimsey	N
winamac	N
winburne	N
winchesters	N
windex	N
windies	N
windscale	N
windsors	N
windthorst	N
windyville	N
winesburg	N
winfall	N
winfrey	N
wingdale	N
wingina	N
wingo	N
winifrede	N
winigan	N
winkelman	N
winlock	N
winnabow	N
winnebagoes	N
winneconne	N
winnetoon	N
winnett	N
winnfield	N
winnies	N
winnipeggers	N
winnisquam	N
winnsboro	N
winside	N
winstonville	N
wintel	N
winterport	N
winterreise	N
winterson	N
winterville	N
wintu	N
wintun	N
wintuns	N
wintus	N
wiota	N
wirtschaftswunder	N
wisacky	N
wisbech	N
wiscasset	N
wisconsinites	N
wisden	N
wishek	N
wishram	N
wisner	N
wister	N
withams	N
withee	N
witherbee	N
witmer	N
witten	N
wittensville	N
wittgensteinian	N
wittman	N
wittmann	N
wixom	N
wm	N
wobegon	N
woburn	N
wodehouse	N
wodenism	N
wogan	N
wojtyla	N
wolbach	N
wolcottville	N
wolfcoal	N
wolfeboro	N
wolffian	N
wolfforth	N
wolfian	N
wolfpen	N
wolftown	N
wollaston	N
wollstonecraft	N
wolofs	N
wolverton	N
womelsdorf	N
wonalancet	N
wonderbra	N
wonderbras	N
wonewoc	N
wonnie	N
woodacre	N
woodard	N
woodbourne	N
wooddale	N
woodfield	N
woodhenge	N
woodhull	N
woodinville	N
woodleaf	N
woodlyn	N
woodmere	N
woodsboro	N
woodscross	N
woodshole	N
woodston	N
woodsville	N
woodville	N
woodworth	N
woolford	N
woolite	N
woollum	N
woolongong	N
woolrich	N
woolstock	N
woolwine	N
woosung	N
wooten	N
wooton	N
worcesters	N
worcestershires	N
wordpress	N
worley	N
wormian	N
woronoco	N
wortham	N
worthville	N
worton	N
wovoka	N
woxall	N
wozniak	N
wozzeck	N
wray	N
wrenshall	N
wrentham	N
wrightsboro	N
wrightstown	N
wrightsville	N
wrightwood	N
wroclaw	N
wurlitzer	N
wurtsboro	N
wyaconda	N
wyalusing	N
wyandots	N
wyanet	N
wyano	N
wyarno	N
wyat	N
wyckoff	N
wyclif	N
wycliffian	N
wycliffisms	N
wycliffites	N
wyclifite	N
wyco	N
wycombe	N
wyeville	N
wykehamist	N
wykehamists	N
wykoff	N
wylliesburg	N
wymer	N
wynantskill	N
wyncote	N
wyndmere	N
wynnburg	N
wynona	N
wynot	N
wyocena	N
wyola	N
wyomingites	N
wysox	N
wytheville	N
wytopitlock	N
xamarin	N
xanadu	N
xanadus	N
xanthippes	N
xanthochroi	N
xanthoura	N
xanthoxylum	N
xema	N
xemacs	N
xenakis	N
xenarthra	N
xenurus	N
xer	N
xeriscape	N
xeriscapes	N
xers	N
xhosan	N
xhosas	N
xiamen	N
xian	N
xians	N
xiaoping	N
ximenean	N
xingu	N
xinjiang	N
xiongnu	N
xiphias	N
xiphiidae	N
xiphosura	N
xizang	N
xmases	N
xochipilli	N
xosa	N
xosas	N
xuzhou	N
xylocaine	N
xylocaines	N
xylonite	N
xylophaga	N
xylopia	N
xyridaceae	N
xyridales	N
xyris	N
yabucoa	N
yacc	N
yachats	N
yacolt	N
yadkinville	N
yahtzee	N
yahvism	N
yahvisms	N
yahvist	N
yahvists	N
yahwisms	N
yahwist	N
yahwists	N
yajurveda	N
yakama	N
yakamas	N
yakimas	N
yakuts	N
yalaha	N
yalow	N
yamaha	N
yamasee	N
yamasees	N
yamoussoukro	N
yampa	N
yamuna	N
yanceyville	N
yangon	N
yangshao	N
yankeedoms	N
yankeeisms	N
yankees	N
yankeetown	N
yankton	N
yanktonai	N
yanktonais	N
yanktons	N
yanomami	N
yanomamis	N
yanomamo	N
yanomamos	N
yantic	N
yantis	N
yao	N
yaobang	N
yaos	N
yaounde	N
yapese	N
yaphank	N
yaquis	N
yardie	N
yardies	N
yaren	N
yarnell	N
yat	N
yataro	N
yatesboro	N
yatesville	N
yats	N
yauco	N
yavapai	N
yavapais	N
yawkey	N
yazoo	N
yeaddiss	N
yeager	N
yeagertown	N
yellville	N
yeltsin	N
yemassee	N
yemeni	N
yemenis	N
yemenites	N
yenisey	N
yerington	N
yermo	N
yesenia	N
yeso	N
yettem	N
yezdi	N
yezidi	N
yezidis	N
ygdrasil	N
yiddisher	N
yiddishisms	N
yiddishist	N
yiddishists	N
yiddishkeit	N
yiddishkeits	N
yinglish	N
yinglishes	N
yizkors	N
yoakum	N
yoda	N
yoknapatawpha	N
yolo	N
yolyn	N
yoncalla	N
yooper	N
yoopers	N
yorkish	N
yorkists	N
yorklyn	N
yorkshireman	N
yorkshiremen	N
yorkshires	N
yorubans	N
yorubas	N
yossarian	N
youngsville	N
youngtown	N
youngwood	N
yountville	N
youtube	N
yquems	N
yreka	N
yucaipa	N
yucatan	N
yucatecans	N
yuchi	N
yuchis	N
yugoslavians	N
yugoslavs	N
yukaghirs	N
yukagir	N
yukagirs	N
yulee	N
yumans	N
yumas	N
yunnan	N
yunnanese	N
yupik	N
yupiks	N
yurok	N
yuroks	N
yutan	N
zabian	N
zacata	N
zachow	N
zadkiel	N
zaharias	N
zahl	N
zairian	N
zairians	N
zaleski	N
zalma	N
zalophus	N
zambezian	N
zambian	N
zambians	N
zamboni	N
zambonis	N
zanesfield	N
zanesville	N
zanoni	N
zantac	N
zantacs	N
zantedeschia	N
zantiot	N
zantiote	N
zanzibari	N
zanzibaris	N
zapodidae	N
zapopan	N
zaporogian	N
zapotecan	N
zapotecs	N
zarathustrianism	N
zarathustrians	N
zarathustrism	N
zarqa	N
zavalla	N
zealander	N
zealanders	N
zearing	N
zechstein	N
zedong	N
zeelanders	N
zeigler	N
zeitvertreib	N
zelanian	N
zeligs	N
zell	N
zellwood	N
zemlinsky	N
zendic	N
zends	N
zennist	N
zens	N
zeona	N
zeppo	N
zeuglodon	N
zeuglodontia	N
zeuxian	N
zezidee	N
zezidees	N
zhangjiakou	N
zhejiang	N
zhengzhou	N
zhivago	N
zibo	N
zieglerville	N
ziggy	N
zika	N
zim	N
zimbabwean	N
zimbabweans	N
zincala	N
zincali	N
zincalo	N
zingiberaceae	N
zionisms	N
zionists	N
zions	N
zionsville	N
zionville	N
zionward	N
ziphiidae	N
ziphius	N
ziploc	N
ziplocs	N
zizania	N
zizyphus	N
zoantharia	N
zoanthidae	N
zoanthus	N
zocor	N
zocors	N
zohars	N
zoilean	N
zoilism	N
zoilist	N
zolaism	N
zoloft	N
zolofts	N
zomig	N
zomigs	N
zonians	N
zonotrichia	N
zontian	N
zontians	N
zonuridae	N
zonurus	N
zoophaga	N
zoophyta	N
zoroastrianisms	N
zoroastrians	N
zortman	N
zosma	N
zostera	N
zubenelgenubi	N
zubeneschamali	N
zugunruhe	N
zugunruhes	N
zukerman	N
zukor	N
zullinger	N
zulus	N
zumbrota	N
zuni	N
zunian	N
zunians	N
zunis	N
zuricher	N
zurichers	N
zurvanism	N
zurvanisms	N
zwanziger	N
zwingle	N
zwinglianism	N
zwinglianisms	N
zwinglianist	N
zwinglians	N
zyban	N
zybans	N
zyflo	N
zyflos	N
zygaena	N
zygaenidae	N
zygobranchiata	N
zygophyllaceae	N
zygophyllum	N
zyrians	N
zyrtec	N
zyuganov	N
