# Blender 4.5.0
# www.blender.org
mtllib Spitfire.mtl
o polySurface12
v 0.075162 0.035944 0.049576
v 0.075211 0.035635 0.049576
v 0.074211 0.035635 0.049576
v 0.075020 0.036223 0.049576
v 0.074799 0.036444 0.049576
v 0.074520 0.036586 0.049576
v 0.074211 0.036635 0.049576
v 0.073902 0.036586 0.049576
v 0.073623 0.036444 0.049576
v 0.073402 0.036223 0.049576
v 0.073260 0.035944 0.049576
v 0.073211 0.035635 0.049576
v 0.073260 0.035326 0.049576
v 0.073402 0.035047 0.049576
v 0.073623 0.034826 0.049576
v 0.073902 0.034684 0.049576
v 0.074211 0.034635 0.049576
v 0.074520 0.034684 0.049576
v 0.074799 0.034826 0.049576
v 0.075020 0.035047 0.049576
v 0.075162 0.035326 0.049576
v 0.075211 0.035635 0.054095
v 0.075162 0.035944 0.054714
v 0.075200 0.035704 0.054258
v 0.075204 0.035676 0.054192
v 0.075062 0.036141 0.055116
v 0.075107 0.036052 0.054933
v 0.075020 0.036223 0.055120
v 0.074799 0.036444 0.055141
v 0.074520 0.036586 0.055167
v 0.074502 0.036589 0.055169
v 0.074211 0.036635 0.055027
v 0.074498 0.036589 0.055167
v 0.073902 0.036586 0.055079
v 0.073724 0.036495 0.055238
v 0.073623 0.036444 0.055250
v 0.073721 0.036494 0.055241
v 0.073402 0.036223 0.055271
v 0.073260 0.035944 0.055284
v 0.073211 0.035635 0.054794
v 0.073231 0.035764 0.055026
v 0.073254 0.035905 0.055285
v 0.073259 0.035329 0.054157
v 0.073247 0.035408 0.054342
v 0.073240 0.035449 0.054440
v 0.073260 0.035326 0.054150
v 0.073402 0.035047 0.053440
v 0.073361 0.035128 0.053660
v 0.073291 0.035264 0.053997
v 0.073286 0.035275 0.054024
v 0.073623 0.034826 0.052793
v 0.073902 0.034684 0.052319
v 0.074211 0.034635 0.052064
v 0.074520 0.034684 0.052053
v 0.074799 0.034826 0.052288
v 0.075020 0.035047 0.052745
v 0.075162 0.035326 0.053379
v 0.075203 0.035582 0.053978
v 0.075201 0.035574 0.053959
v 0.075185 0.035469 0.053728
v 0.075209 0.035622 0.054067
v 0.059789 0.033112 0.054351
v 0.060010 0.033333 0.054769
v 0.079264 0.036233 0.053880
v 0.059684 0.034783 0.056547
v 0.059677 0.034787 0.056538
v 0.079264 0.037169 0.054726
v 0.079264 0.036689 0.054726
v 0.052852 0.033490 0.056949
v 0.044190 0.032671 0.057459
v 0.052892 0.033741 0.056947
v 0.044190 0.033473 0.057459
v 0.053254 0.034240 0.056924
v 0.053034 0.034020 0.056938
v 0.087454 0.037456 0.023506
v 0.073068 0.035907 0.020391
v 0.087454 0.036928 0.023506
v 0.076003 0.035773 0.021027
v 0.075951 0.035767 0.021020
v 0.073068 0.035334 0.020391
v 0.073068 0.036591 0.020391
v 0.087454 0.038141 0.023506
v 0.073068 0.036982 0.020391
v 0.075951 0.037299 0.021020
v 0.076003 0.037303 0.021027
v 0.087454 0.038273 0.023506
v 0.099919 0.039199 0.049905
v 0.099919 0.039616 0.047737
v 0.104341 0.039744 0.048314
v 0.104303 0.040051 0.046468
v 0.108659 0.040490 0.044264
v 0.099919 0.039902 0.044094
v 0.112513 0.040700 0.042107
v 0.099919 0.039816 0.041625
v 0.113661 0.040742 0.040779
v 0.099919 0.039704 0.038777
v 0.099919 0.039545 0.036315
v 0.113981 0.040684 0.039622
v 0.113052 0.040448 0.037357
v 0.099919 0.039468 0.033026
v 0.110754 0.040097 0.034324
v 0.101156 0.039350 0.030159
v 0.108220 0.039704 0.031373
v 0.101687 0.039271 0.026875
v 0.099919 0.039037 0.050751
v 0.104439 0.039679 0.049553
v 0.104386 0.039135 0.048352
v 0.099919 0.038622 0.049905
v 0.104439 0.039409 0.049553
v 0.099919 0.038783 0.050751
v 0.099919 0.038309 0.047737
v 0.103017 0.038852 0.046012
v 0.107051 0.039135 0.043892
v 0.099919 0.038097 0.044094
v 0.111166 0.039671 0.041634
v 0.099919 0.038183 0.041625
v 0.111662 0.039688 0.040269
v 0.099919 0.038310 0.038777
v 0.099919 0.038444 0.036315
v 0.111768 0.039579 0.039212
v 0.111123 0.039186 0.036281
v 0.099919 0.038558 0.033026
v 0.109443 0.039206 0.034324
v 0.101156 0.038668 0.030159
v 0.107497 0.039115 0.032332
v 0.101687 0.038482 0.026875
v 0.101840 0.038520 0.026293
v 0.101840 0.038508 0.026585
v 0.105714 0.038795 0.028938
v 0.101687 0.038495 0.026552
v 0.090108 0.038398 0.052095
v 0.090108 0.039028 0.049544
v 0.090108 0.039261 0.045901
v 0.090108 0.039176 0.040781
v 0.090108 0.039116 0.037228
v 0.090108 0.038935 0.033604
v 0.090108 0.038806 0.030235
v 0.090108 0.038666 0.027472
v 0.090108 0.038518 0.024345
v 0.090108 0.038173 0.052941
v 0.090108 0.037747 0.052941
v 0.090108 0.037488 0.052095
v 0.090108 0.036717 0.049544
v 0.090108 0.036501 0.045901
v 0.090108 0.036587 0.040781
v 0.090108 0.036718 0.037228
v 0.090108 0.036820 0.033604
v 0.090108 0.037044 0.027472
v 0.090108 0.036934 0.030235
v 0.090108 0.037183 0.024345
v 0.079264 0.037447 0.053880
v 0.079264 0.038400 0.051328
v 0.079264 0.038633 0.047685
v 0.079264 0.038547 0.041556
v 0.079264 0.038487 0.037228
v 0.079264 0.038199 0.033604
v 0.079264 0.038017 0.029795
v 0.076998 0.037568 0.024684
v 0.079264 0.035211 0.051328
v 0.079264 0.034941 0.047685
v 0.079264 0.035027 0.041556
v 0.079264 0.035212 0.037228
v 0.079264 0.035368 0.033604
v 0.079264 0.035481 0.029795
v 0.076998 0.035592 0.024684
v 0.059677 0.035192 0.055702
v 0.059677 0.036621 0.053150
v 0.059677 0.037245 0.049507
v 0.059677 0.037159 0.043378
v 0.059677 0.036709 0.037228
v 0.059677 0.036368 0.031478
v 0.059677 0.036027 0.026303
v 0.059677 0.035666 0.021343
v 0.059677 0.032566 0.053150
v 0.060152 0.033612 0.055349
v 0.060174 0.033750 0.055655
v 0.059677 0.033055 0.054265
v 0.059677 0.032271 0.049507
v 0.059677 0.032357 0.043378
v 0.059677 0.032567 0.037228
v 0.059677 0.032749 0.031478
v 0.059677 0.032862 0.026303
v 0.059677 0.032972 0.021343
v 0.067832 0.034543 0.019306
v 0.058682 0.033164 0.017369
v 0.058573 0.033148 0.017346
v 0.058682 0.033160 0.017411
v 0.044190 0.035059 0.030704
v 0.044190 0.035400 0.037228
v 0.044190 0.034718 0.024495
v 0.044190 0.034357 0.018838
v 0.058573 0.035403 0.017346
v 0.044190 0.034094 0.014620
v 0.058573 0.034965 0.013762
v 0.044190 0.033656 0.011809
v 0.058573 0.033877 0.010823
v 0.058573 0.034135 0.009533
v 0.044190 0.031975 0.008870
v 0.044190 0.032671 0.007580
v 0.044190 0.030270 0.054061
v 0.044190 0.029736 0.050418
v 0.044190 0.029822 0.043378
v 0.044190 0.030271 0.037228
v 0.044190 0.030613 0.030704
v 0.044190 0.030726 0.024495
v 0.044190 0.030836 0.018838
v 0.044190 0.031012 0.014620
v 0.044190 0.031274 0.011809
v 0.058573 0.033410 0.013762
v 0.029951 0.034541 0.043971
v 0.029951 0.034091 0.037228
v 0.044190 0.035850 0.043378
v 0.029951 0.033750 0.030187
v 0.029951 0.033409 0.023147
v 0.029951 0.033048 0.016973
v 0.029951 0.028358 0.043971
v 0.029951 0.028808 0.037228
v 0.029951 0.029149 0.030187
v 0.029951 0.029263 0.023147
v 0.029951 0.030302 0.007006
v 0.029951 0.029811 0.009945
v 0.016554 0.032997 0.037228
v 0.016554 0.033447 0.044268
v 0.016554 0.031953 0.016107
v 0.016554 0.032315 0.023147
v 0.016554 0.030725 0.058349
v 0.029951 0.030998 0.058051
v 0.016554 0.029318 0.057503
v 0.029951 0.030325 0.057205
v 0.016554 0.026531 0.044268
v 0.016554 0.026980 0.037228
v 0.016554 0.027545 0.016107
v 0.016554 0.027435 0.023147
v 0.029951 0.029373 0.016973
v 0.016554 0.027983 0.009078
v 0.016554 0.029208 0.006139
v 0.009551 0.031691 0.010137
v 0.016554 0.031691 0.011889
v 0.009551 0.031953 0.016107
v 0.008177 0.030725 0.058918
v 0.009551 0.031891 0.058568
v 0.016554 0.031891 0.058349
v 0.009292 0.029904 0.001146
v 0.014257 0.029904 0.003280
v 0.009551 0.030729 0.001146
v 0.014257 0.030729 0.003280
v 0.008177 0.029318 0.057722
v 0.008177 0.027720 0.010137
v 0.008177 0.027260 0.016107
v 0.016554 0.027720 0.011889
v 0.007883 0.031865 0.007326
v 0.007883 0.030954 0.004387
v 0.009551 0.031253 0.007326
v 0.009551 0.030893 0.004387
v 0.009551 0.032301 0.057722
v 0.007883 0.032914 0.057722
v 0.004130 0.032826 0.059587
v 0.005782 0.030797 -0.003351
v 0.003802 0.030725 0.059371
v 0.004130 0.029318 0.057722
v 0.109042 0.040387 0.045915
v 0.113260 0.040534 0.043267
v 0.114924 0.040585 0.041159
v 0.114779 0.040328 0.038274
v 0.115393 0.040503 0.039852
v 0.113187 0.040132 0.035569
v 0.109345 0.039807 0.030798
v 0.106060 0.039320 0.028063
v 0.105618 0.039383 0.028938
v 0.110121 0.040161 0.047313
v 0.114894 0.040390 0.044019
v 0.116563 0.040454 0.041483
v 0.116946 0.040346 0.039260
v 0.116513 0.040273 0.037199
v 0.114802 0.040093 0.034592
v 0.111242 0.039822 0.030798
v 0.106060 0.039279 0.026773
v 0.110121 0.040034 0.047313
v 0.109027 0.039721 0.045911
v 0.114894 0.040234 0.044019
v 0.113413 0.039925 0.043176
v 0.116563 0.040304 0.041483
v 0.114838 0.039922 0.041483
v 0.116513 0.040061 0.037199
v 0.114804 0.039747 0.038171
v 0.116946 0.040136 0.039260
v 0.115419 0.039865 0.039852
v 0.113190 0.039543 0.035569
v 0.114802 0.039881 0.034592
v 0.109345 0.039298 0.030798
v 0.111242 0.039583 0.030798
v 0.106060 0.038977 0.026773
v 0.106060 0.038806 0.028063
v 0.001476 0.028360 -0.002129
v -0.001290 0.028072 -0.002129
v 0.001476 0.027602 0.000718
v -0.001290 0.027496 0.000718
v 0.002589 0.031947 -0.015385
v 0.003627 0.032367 -0.002222
v -0.001290 0.032540 -0.002222
v -0.001290 0.032182 -0.015385
v -0.001290 0.035731 0.051528
v -0.001290 0.035645 0.044268
v 0.004013 0.036092 0.048727
v 0.004375 0.035186 0.044268
v 0.003644 0.036916 0.052370
v 0.007883 0.034342 0.055171
v 0.002592 0.036784 0.057826
v -0.001290 0.036797 0.057722
v -0.001290 0.036655 0.055171
v 0.001476 0.033115 0.060765
v -0.001290 0.035413 0.060765
v 0.001476 0.031392 0.060765
v 0.001476 0.029318 0.057722
v -0.001290 0.030784 0.060765
v -0.001290 0.029318 0.057722
v 0.001476 0.027800 0.055171
v -0.001290 0.027953 0.055171
v 0.029951 0.034627 0.051011
v 0.016554 0.034353 0.051308
v 0.029951 0.031823 0.005715
v 0.029951 0.031987 0.007006
v 0.016554 0.030893 0.006139
v 0.029951 0.030998 0.005715
v 0.016554 0.027265 0.051308
v 0.029951 0.028273 0.051011
v 0.009551 0.034353 0.051528
v 0.009551 0.033447 0.044268
v 0.008858 0.028868 0.003278
v 0.008177 0.027265 0.051528
v 0.008177 0.026448 0.044268
v 0.008177 0.026481 0.037228
v 0.008177 0.026936 0.023147
v 0.008378 0.028097 0.006390
v 0.005445 0.029904 -0.003351
v 0.004981 0.028505 0.001298
v 0.004130 0.026531 0.044268
v 0.004130 0.027265 0.051528
v 0.004130 0.026653 0.037228
v 0.008177 0.026823 0.030187
v 0.004130 0.026739 0.030187
v 0.004130 0.026905 0.023147
v 0.004130 0.026996 0.016107
v 0.004130 0.027360 0.010137
v 0.004914 0.027864 0.002284
v -0.001290 0.026476 0.044268
v -0.001290 0.027419 0.051528
v 0.001476 0.026531 0.044268
v 0.001476 0.027265 0.051528
v 0.001476 0.026497 0.037228
v -0.001290 0.026510 0.037228
v 0.001476 0.026512 0.030187
v -0.001290 0.026514 0.030187
v 0.001464 0.026653 0.023110
v -0.001290 0.026477 0.023147
v 0.001476 0.026722 0.016107
v -0.001290 0.026628 0.016107
v 0.001476 0.027135 0.010137
v -0.001290 0.026755 0.010137
v 0.002163 0.030800 -0.015385
v -0.001290 0.030800 -0.015385
v 0.004526 0.033279 0.007326
v -0.001290 0.033451 0.007326
v 0.007883 0.032303 0.010137
v 0.004802 0.033717 0.010137
v -0.001290 0.033889 0.010137
v 0.004911 0.033979 0.016107
v 0.007883 0.032566 0.016107
v 0.005036 0.034341 0.023147
v 0.007883 0.032928 0.023147
v 0.004997 0.034682 0.030187
v 0.007883 0.033269 0.030187
v 0.004997 0.035023 0.037228
v 0.007883 0.034059 0.044268
v 0.007883 0.033610 0.037228
v -0.001290 0.035196 0.037228
v 0.007883 0.034966 0.051528
v 0.054794 0.033741 0.049576
v 0.054843 0.033432 0.049576
v 0.053843 0.033432 0.049576
v 0.054652 0.034020 0.049576
v 0.054431 0.034241 0.049576
v 0.054152 0.034383 0.049576
v 0.053843 0.034432 0.049576
v 0.053534 0.034383 0.049576
v 0.053255 0.034241 0.049576
v 0.053034 0.034020 0.049576
v 0.052892 0.033741 0.049576
v 0.052843 0.033432 0.049576
v 0.052892 0.033123 0.049576
v 0.053034 0.032844 0.049576
v 0.053255 0.032623 0.049576
v 0.053534 0.032481 0.049576
v 0.053843 0.032432 0.049576
v 0.054152 0.032481 0.049576
v 0.054431 0.032623 0.049576
v 0.054652 0.032844 0.049576
v 0.054794 0.033123 0.049576
v 0.054843 0.033432 0.056597
v 0.054794 0.033741 0.056835
v 0.054804 0.033674 0.056834
v 0.054652 0.034020 0.056843
v 0.054431 0.034241 0.056856
v 0.054152 0.034383 0.056733
v 0.054266 0.034325 0.056866
v 0.053843 0.034432 0.056596
v 0.053534 0.034383 0.056661
v 0.052843 0.033432 0.056895
v 0.052892 0.033123 0.056592
v 0.052899 0.033108 0.056576
v 0.053034 0.032844 0.056047
v 0.053021 0.032870 0.056093
v 0.053255 0.032623 0.055617
v 0.053534 0.032481 0.055304
v 0.053843 0.032432 0.055140
v 0.054152 0.032481 0.055140
v 0.054431 0.032623 0.055305
v 0.054652 0.032844 0.055619
v 0.054774 0.033084 0.055990
v 0.054794 0.033123 0.056057
v 0.054838 0.033401 0.056568
v 0.058250 0.033612 0.055976
v 0.058299 0.033516 0.055783
v 0.058203 0.033911 0.056554
v 0.044190 0.031788 0.056613
v 0.058201 0.033921 0.056563
v 0.058213 0.033996 0.056634
v 0.090108 0.037196 0.024074
v 0.095053 0.037749 0.025132
v 0.101840 0.038787 0.026585
v 0.101840 0.038520 0.026254
v 0.101840 0.038702 0.025336
v 0.101840 0.038708 0.025291
v 0.101840 0.038787 0.024104
v 0.101840 0.038790 0.024063
v 0.101840 0.038941 0.024063
v 0.101840 0.039066 0.025291
v 0.101840 0.039067 0.025336
v 0.101840 0.039120 0.026254
v 0.101840 0.039123 0.026295
v 0.101840 0.039190 0.026585
v 0.095053 0.038772 0.025132
v 0.093108 0.038664 0.024716
v 0.101687 0.039196 0.026552
v 0.090108 0.038498 0.024074
v 0.067832 0.036413 0.019306
v 0.062494 0.035832 0.018200
v 0.058682 0.035416 0.017411
v 0.058682 0.034098 0.017411
v 0.058682 0.034976 0.013770
v 0.058682 0.034618 0.010849
v 0.058682 0.034454 0.009559
v 0.058682 0.034149 0.009559
v 0.058682 0.034098 0.009811
v 0.058682 0.035415 0.017369
v 0.058682 0.035412 0.017348
v 0.058682 0.034977 0.013786
v 0.058682 0.033428 0.013770
v 0.058682 0.033427 0.013788
v 0.058682 0.033166 0.017350
v 0.058682 0.033892 0.010845
v 0.058573 0.034605 0.010823
v 0.058573 0.034441 0.009533
v 0.060158 0.034197 0.056503
v 0.060152 0.034230 0.056503
v 0.060010 0.034508 0.056517
v 0.059789 0.034730 0.056537
v 0.044190 0.035312 0.054061
v 0.044190 0.033883 0.056613
v 0.044190 0.035936 0.050418
v 0.044190 0.033296 0.008870
v 0.059510 0.034872 0.056344
v 0.059201 0.034921 0.056207
v 0.058892 0.034872 0.056272
v 0.058614 0.034730 0.056533
v 0.058573 0.034689 0.056613
v 0.044190 0.033132 0.007580
v 0.058392 0.034508 0.056623
v 0.058250 0.034230 0.056632
v 0.029951 0.034003 0.054654
v 0.029951 0.032575 0.057205
v 0.029951 0.032785 0.012756
v 0.029951 0.032347 0.009945
v 0.039261 0.033100 0.057498
v 0.039173 0.033012 0.057667
v 0.029951 0.032164 0.058051
v 0.040390 0.033124 0.057617
v 0.040158 0.033242 0.057338
v 0.039849 0.033291 0.057191
v 0.039540 0.033242 0.057247
v 0.039040 0.032879 0.057673
v 0.038898 0.032600 0.057679
v 0.038849 0.032291 0.057681
v 0.038887 0.032048 0.057679
v 0.039849 0.031291 0.056708
v 0.040158 0.031340 0.056724
v 0.040240 0.031382 0.056777
v 0.029951 0.028807 0.054654
v 0.039655 0.031322 0.056801
v 0.029951 0.029548 0.012756
v 0.016554 0.033730 0.054951
v 0.016554 0.032301 0.057503
v 0.016554 0.032656 0.030187
v 0.016554 0.031253 0.009078
v 0.016554 0.027800 0.054951
v 0.016554 0.027321 0.030187
v 0.009551 0.033730 0.055171
v 0.009551 0.032997 0.037228
v 0.009551 0.032656 0.030187
v 0.009551 0.032315 0.023147
v 0.008177 0.027800 0.055171
v 0.004130 0.027800 0.055171
v -0.001290 0.034152 0.016107
v -0.001290 0.034514 0.023147
v -0.001290 0.034855 0.030187
v 0.038898 0.031982 0.057595
v 0.038984 0.031813 0.057366
v 0.040437 0.031482 0.056845
v 0.040658 0.031704 0.057026
v 0.040800 0.031982 0.057273
v 0.040821 0.032116 0.057399
v 0.040847 0.032279 0.057598
v 0.040849 0.032291 0.057598
v 0.040800 0.032600 0.057600
v 0.040658 0.032879 0.057606
v 0.040437 0.033100 0.057615
v 0.039261 0.031482 0.057010
v 0.039540 0.031340 0.056835
v 0.039040 0.031704 0.057253
v 0.040158 0.031340 0.049576
v 0.040437 0.031482 0.049576
v 0.039849 0.031291 0.049576
v 0.039540 0.031340 0.049576
v 0.039261 0.031482 0.049576
v 0.039040 0.031704 0.049576
v 0.038898 0.031982 0.049576
v 0.038849 0.032291 0.049576
v 0.038898 0.032600 0.049576
v 0.039040 0.032879 0.049576
v 0.039261 0.033100 0.049576
v 0.039540 0.033242 0.049576
v 0.039849 0.033291 0.049576
v 0.040158 0.033242 0.049576
v 0.040437 0.033100 0.049576
v 0.040658 0.032879 0.049576
v 0.040800 0.032600 0.049576
v 0.040849 0.032291 0.049576
v 0.040800 0.031982 0.049576
v 0.040658 0.031704 0.049576
v 0.039849 0.032291 0.049576
v 0.060176 0.033762 0.055677
v 0.060201 0.033921 0.055968
v 0.058360 0.033396 0.055565
v 0.058350 0.033416 0.055601
v 0.058328 0.033459 0.055679
v 0.058614 0.033112 0.054816
v 0.058892 0.032970 0.054382
v 0.059201 0.032921 0.054148
v 0.059510 0.032970 0.054137
v 0.058392 0.033333 0.055409
v 0.059201 0.034921 0.049576
v 0.058892 0.034872 0.049576
v 0.059510 0.034872 0.049576
v 0.059789 0.034730 0.049576
v 0.060010 0.034508 0.049576
v 0.060152 0.034230 0.049576
v 0.060201 0.033921 0.049576
v 0.060152 0.033612 0.049576
v 0.060010 0.033333 0.049576
v 0.059789 0.033112 0.049576
v 0.059510 0.032970 0.049576
v 0.059201 0.032921 0.049576
v 0.058892 0.032970 0.049576
v 0.058614 0.033112 0.049576
v 0.058392 0.033333 0.049576
v 0.058250 0.033612 0.049576
v 0.058201 0.033921 0.049576
v 0.058250 0.034230 0.049576
v 0.058392 0.034508 0.049576
v 0.058614 0.034730 0.049576
v 0.059201 0.033921 0.049576
vn -0.0000 -0.0000 1.0000
vn -1.0000 -0.0000 -0.0000
vn -0.9511 -0.3090 -0.0000
vn -0.9877 -0.1564 -0.0000
vn -0.8910 -0.4540 -0.0000
vn -0.8090 -0.5878 -0.0000
vn -0.5878 -0.8090 -0.0000
vn -0.3090 -0.9511 -0.0000
vn -0.1564 -0.9877 -0.0000
vn -0.0000 -1.0000 -0.0000
vn 0.3090 -0.9511 -0.0000
vn 0.4540 -0.8910 -0.0000
vn 0.5878 -0.8090 -0.0000
vn 0.8090 -0.5878 -0.0000
vn 0.9511 -0.3090 -0.0000
vn 1.0000 -0.0000 -0.0000
vn 0.9877 -0.1565 -0.0000
vn 0.9877 0.1564 -0.0000
vn 0.9511 0.3090 -0.0000
vn 0.8090 0.5878 -0.0000
vn 0.8910 0.4540 -0.0000
vn 0.5878 0.8090 -0.0000
vn 0.3090 0.9511 -0.0000
vn 0.3090 0.9510 -0.0000
vn -0.0000 1.0000 -0.0000
vn -0.3090 0.9511 -0.0000
vn -0.5878 0.8090 -0.0000
vn -0.8090 0.5878 -0.0000
vn -0.9511 0.3090 -0.0000
vn -0.9877 0.1564 -0.0000
vn 0.1546 -0.9048 0.3969
vn 0.1546 -0.9048 0.3968
vn 0.1576 -0.9103 0.3827
vn 0.1546 -0.9047 0.3969
vn 0.1563 -0.9108 0.3821
vn -0.0717 0.9113 0.4055
vn 0.0141 0.5313 0.8471
vn 0.0142 0.5313 0.8471
vn -0.0646 0.9073 0.4156
vn 0.1452 -0.5076 0.8493
vn 0.0926 -0.0000 0.9957
vn 0.0138 0.5314 0.8470
vn 0.0172 0.6702 0.7420
vn 0.1697 -0.6172 0.7683
vn 0.1568 -0.8707 0.4661
vn 0.1567 -0.8693 0.4688
vn 0.1586 -0.8902 0.4271
vn 0.0894 -0.3699 0.9248
vn 0.0923 -0.4670 0.8794
vn -0.0042 0.5309 0.8474
vn 0.0049 0.5316 0.8470
vn 0.0587 0.0012 0.9983
vn 0.2118 -0.0010 -0.9773
vn 0.2106 -0.0005 -0.9776
vn 0.2105 -0.0002 -0.9776
vn 0.2073 -0.0003 -0.9783
vn 0.2069 -0.0004 -0.9784
vn 0.2114 0.0016 -0.9774
vn 0.2071 0.0008 -0.9783
vn 0.2072 0.0004 -0.9783
vn 0.2104 0.0004 -0.9776
vn 0.2103 0.0008 -0.9776
vn -0.0383 0.9796 0.1972
vn -0.0495 0.9897 0.1341
vn -0.0618 0.9904 0.1240
vn -0.0517 0.9827 0.1777
vn -0.0699 0.9974 0.0201
vn -0.0639 0.9977 0.0221
vn -0.0687 0.9971 -0.0328
vn -0.0658 0.9974 -0.0287
vn -0.0674 0.9964 -0.0507
vn -0.0609 0.9971 -0.0459
vn -0.0588 0.9970 -0.0493
vn -0.0652 0.9963 -0.0554
vn -0.0550 0.9972 -0.0508
vn -0.0572 0.9967 -0.0578
vn -0.0481 0.9972 -0.0574
vn -0.0444 0.9968 -0.0666
vn -0.0045 0.9903 -0.1386
vn 0.0253 0.9892 -0.1440
vn 0.1139 0.6488 0.7524
vn -0.0648 0.9837 0.1675
vn -0.0963 0.9890 0.1122
vn 0.1087 0.6718 0.7328
vn 0.1831 -0.9627 0.1994
vn 0.1711 -0.9607 0.2186
vn 0.2578 -0.6068 0.7518
vn 0.2790 -0.6114 0.7405
vn 0.1750 -0.9732 0.1495
vn 0.1709 -0.9822 0.0779
vn 0.1713 -0.9808 0.0931
vn 0.1732 -0.9780 0.1163
vn 0.1541 -0.9869 0.0482
vn 0.1597 -0.9866 0.0329
vn 0.1304 -0.9913 -0.0157
vn 0.1463 -0.9890 -0.0232
vn 0.1157 -0.9932 -0.0114
vn 0.1416 -0.9896 -0.0252
vn 0.1289 -0.9916 -0.0094
vn 0.0863 -0.9961 0.0171
vn 0.0693 -0.9976 0.0022
vn 0.1167 -0.9931 -0.0085
vn 0.0650 -0.9979 0.0017
vn 0.1024 -0.9947 0.0041
vn 0.0550 -0.9976 0.0430
vn 0.0886 -0.9959 0.0161
vn 0.0574 -0.9979 0.0308
vn 0.0524 -0.9974 0.0491
vn 0.0863 -0.9963 0.0048
vn -0.0229 0.9662 0.2566
vn -0.0358 0.9860 0.1627
vn -0.0556 0.9982 0.0243
vn -0.0607 0.9980 -0.0200
vn -0.0573 0.9975 -0.0404
vn -0.0592 0.9971 -0.0485
vn -0.0615 0.9970 -0.0462
vn -0.0621 0.9968 -0.0500
vn -0.0498 0.9944 -0.0936
vn 0.0976 0.6134 0.7837
vn -0.0364 0.9667 0.2533
vn 0.2142 -0.5720 0.7918
vn 0.1601 -0.9365 0.3120
vn 0.1754 -0.9456 0.2740
vn 0.1689 -0.9711 0.1687
vn 0.1554 -0.9876 0.0218
vn 0.1509 -0.9881 -0.0294
vn 0.1519 -0.9877 -0.0383
vn 0.1526 -0.9877 -0.0347
vn 0.1318 -0.9909 -0.0290
vn 0.1475 -0.9885 -0.0336
vn 0.1189 -0.9922 -0.0365
vn -0.0374 0.9322 0.3601
vn -0.0483 0.9726 0.2273
vn -0.0618 0.9974 0.0380
vn -0.0682 0.9974 -0.0233
vn -0.0729 0.9961 -0.0487
vn -0.0771 0.9953 -0.0582
vn -0.0808 0.9953 -0.0535
vn -0.0848 0.9951 -0.0508
vn -0.0817 0.9943 -0.0691
vn -0.0572 0.9422 0.3301
vn 0.1569 -0.9648 0.2112
vn 0.1415 -0.9895 0.0283
vn 0.1364 -0.9903 -0.0266
vn 0.1353 -0.9901 -0.0370
vn 0.1348 -0.9904 -0.0320
vn 0.1371 -0.9896 -0.0442
vn 0.1411 -0.9876 -0.0691
vn 0.1404 -0.9875 -0.0715
vn -0.0494 0.8889 0.4555
vn -0.0612 0.9510 0.3031
vn -0.0751 0.9951 0.0648
vn -0.0809 0.9960 -0.0370
vn -0.0844 0.9946 -0.0608
vn -0.0846 0.9946 -0.0600
vn -0.0843 0.9946 -0.0609
vn -0.0868 0.9947 -0.0551
vn -0.0720 0.9113 0.4053
vn -0.0746 0.9240 0.3750
vn -0.0625 0.9119 0.4056
vn 0.1579 -0.9166 0.3673
vn 0.1558 -0.9493 0.2729
vn 0.1554 -0.9046 0.3968
vn 0.1493 -0.9880 0.0407
vn 0.1454 -0.9889 -0.0293
vn 0.1410 -0.9891 -0.0420
vn 0.1380 -0.9900 -0.0306
vn 0.1410 -0.9895 -0.0302
vn 0.1522 -0.9867 -0.0576
vn 0.1668 -0.9817 -0.0918
vn 0.1609 -0.9840 -0.0768
vn 0.1662 -0.9823 -0.0869
vn -0.0851 0.9949 -0.0541
vn -0.0875 0.9942 -0.0618
vn -0.0816 0.9949 -0.0599
vn -0.0801 0.9949 -0.0610
vn -0.0750 0.9920 -0.1012
vn -0.0829 0.9927 -0.0876
vn -0.0718 0.9885 -0.1329
vn -0.0787 0.9890 -0.1250
vn 0.1635 -0.9614 -0.2212
vn 0.1633 -0.9494 -0.2684
vn 0.1595 -0.8997 -0.4064
vn 0.1544 -0.9407 -0.3022
vn 0.1357 -0.9308 0.3393
vn 0.1325 -0.9895 0.0580
vn 0.1293 -0.9909 -0.0372
vn 0.1251 -0.9907 -0.0536
vn 0.1218 -0.9920 -0.0322
vn 0.1213 -0.9924 -0.0190
vn 0.1259 -0.9914 -0.0358
vn 0.1332 -0.9887 -0.0692
vn 0.1418 -0.9798 -0.1410
vn 0.1632 -0.9786 -0.1251
vn -0.0799 0.9953 -0.0538
vn -0.0866 0.9945 -0.0581
vn -0.0884 0.9952 -0.0418
vn -0.0853 0.9951 -0.0494
vn -0.0833 0.9951 -0.0538
vn -0.0812 0.9949 -0.0597
vn 0.1109 -0.9935 -0.0251
vn 0.1182 -0.9913 -0.0579
vn 0.1191 -0.9923 -0.0326
vn 0.1196 -0.9927 -0.0171
vn 0.1332 -0.9343 -0.3307
vn 0.1276 -0.9779 -0.1655
vn -0.0408 0.9976 -0.0563
vn -0.0340 0.9961 -0.0813
vn -0.0376 0.9978 -0.0549
vn -0.0402 0.9979 -0.0506
vn 0.0423 -0.2935 0.9550
vn 0.0620 -0.3825 0.9219
vn 0.0887 -0.7016 0.7070
vn 0.0427 -0.6089 0.7921
vn 0.0706 -0.9974 0.0138
vn 0.0910 -0.9947 -0.0489
vn 0.0860 -0.9956 -0.0380
vn 0.0943 -0.9953 -0.0199
vn 0.1214 -0.9922 -0.0296
vn 0.1319 -0.9335 -0.3334
vn 0.1008 -0.9759 -0.1935
vn 0.1854 0.9776 -0.0993
vn -0.0258 0.9941 -0.1054
vn 0.1764 0.9831 -0.0488
vn 0.0734 -0.3268 0.9422
vn 0.1335 0.5224 0.8422
vn 0.0226 0.5563 0.8307
vn 0.5871 -0.1642 -0.7927
vn 0.2807 -0.0319 -0.9593
vn 0.2806 -0.0319 -0.9593
vn 0.0381 -0.6493 0.7596
vn 0.0584 -0.9956 -0.0733
vn 0.0459 -0.9978 -0.0478
vn 0.0803 -0.9941 -0.0731
vn 0.3506 0.9211 -0.1692
vn 0.3233 0.9371 -0.1315
vn 0.0756 0.9913 -0.1080
vn 0.1522 0.9756 -0.1583
vn 0.1344 0.8708 0.4730
vn 0.3412 0.3335 0.8788
vn 0.3737 0.7741 0.5111
vn 0.8116 0.4463 -0.3770
vn 0.0385 0.9980 -0.0507
vn 0.1882 -0.4479 0.8740
vn 0.0246 -0.8111 0.5844
vn -0.0523 0.9905 0.1270
vn -0.0560 0.9909 0.1227
vn -0.0228 0.9940 0.1071
vn -0.0139 0.9931 0.1168
vn 0.0479 0.9944 0.0940
vn 0.0490 0.9943 0.0945
vn 0.0906 0.9954 0.0295
vn 0.1071 0.9934 0.0408
vn 0.1300 0.9776 -0.1657
vn 0.0690 0.9906 -0.1181
vn 0.0992 0.9924 -0.0724
vn 0.1415 0.9858 -0.0907
vn 0.0407 0.9920 -0.1192
vn 0.0150 0.9958 -0.0908
vn -0.0535 0.9963 -0.0671
vn -0.0414 0.9966 -0.0715
vn -0.0820 0.9947 -0.0620
vn -0.0652 0.9949 -0.0765
vn 0.3116 0.6678 0.6760
vn 0.2141 0.6663 0.7143
vn 0.5111 0.6757 0.5312
vn 0.6789 0.6865 0.2605
vn 0.7208 0.6913 -0.0499
vn 0.6419 0.6997 -0.3136
vn 0.5388 0.6966 -0.4737
vn 0.4467 0.6933 -0.5655
vn 0.3914 0.6890 -0.6100
vn 0.3523 -0.6295 0.6925
vn 0.4032 -0.6366 0.6574
vn 0.1452 -0.9835 0.1079
vn 0.1612 -0.9804 0.1136
vn 0.5585 -0.6401 0.5277
vn 0.1272 -0.9878 0.0901
vn 0.7154 -0.6285 0.3054
vn 0.1303 -0.9878 0.0857
vn 0.7141 -0.6496 -0.2609
vn 0.1458 -0.9893 -0.0040
vn 0.1337 -0.9886 0.0686
vn 0.7696 -0.6380 0.0246
vn 0.6218 -0.6473 -0.4409
vn 0.1414 -0.9886 -0.0510
vn 0.1386 -0.9897 -0.0357
vn 0.5516 -0.6438 -0.5304
vn 0.5220 -0.6400 -0.5639
vn 0.1539 -0.9879 -0.0213
vn 0.1377 -0.9871 0.0817
vn 0.1440 -0.9858 0.0862
vn 0.1006 -0.9932 0.0583
vn 0.0623 -0.9964 0.0575
vn 0.0701 -0.9942 0.0812
vn 0.1166 -0.9931 0.0100
vn 0.1194 -0.9917 -0.0476
vn 0.1063 -0.9943 0.0012
vn 0.1214 -0.9921 0.0310
vn 0.1787 -0.9560 -0.2327
vn 0.0572 -0.9763 -0.2087
vn 0.0692 -0.9713 -0.2276
vn 0.1789 -0.9438 -0.2780
vn 0.5896 0.5871 -0.5547
vn 0.2815 0.9541 -0.1017
vn 0.0392 0.9972 -0.0640
vn 0.0322 0.6952 -0.7181
vn -0.1011 0.9815 -0.1625
vn 0.0200 0.9978 -0.0630
vn 0.1892 0.9793 -0.0721
vn 0.1431 0.9825 -0.1193
vn 0.2466 0.9620 0.1170
vn 0.3979 0.8916 0.2161
vn 0.3011 0.8383 0.4545
vn 0.1137 0.9298 0.3500
vn -0.0297 0.9995 -0.0052
vn 0.2914 0.3072 0.9059
vn 0.1320 0.3956 0.9089
vn 0.1702 -0.4974 0.8506
vn 0.0327 -0.8495 0.5265
vn 0.0353 -0.8670 0.4971
vn 0.0546 -0.4967 0.8662
vn -0.0119 -0.8650 0.5017
vn -0.0241 -0.8704 0.4917
vn -0.0614 0.9961 0.0641
vn -0.0165 0.9992 0.0356
vn -0.0725 0.9939 -0.0829
vn -0.0733 0.9921 -0.1021
vn -0.0232 0.9960 -0.0861
vn -0.0251 0.9984 -0.0507
vn 0.1377 -0.8968 -0.4205
vn 0.1430 -0.9156 -0.3758
vn 0.0484 -0.9926 0.1111
vn 0.0983 -0.9919 0.0809
vn 0.1760 0.9841 0.0218
vn 0.1739 0.9804 -0.0929
vn 0.2212 -0.9236 -0.3130
vn 0.2308 -0.9132 -0.3360
vn -0.0000 -0.9920 0.1263
vn -0.0002 -0.9991 0.0423
vn 0.0129 -0.9994 -0.0310
vn 0.0392 -0.9989 -0.0240
vn 0.1401 -0.9723 -0.1868
vn 0.6237 -0.6819 -0.3821
vn 0.2958 -0.9170 -0.2677
vn -0.0031 -0.9989 0.0475
vn -0.0026 -0.9922 0.1244
vn 0.0148 -0.9998 -0.0137
vn 0.0306 -0.9991 -0.0287
vn 0.0413 -0.9989 -0.0198
vn 0.0597 -0.9980 -0.0206
vn 0.0763 -0.9961 -0.0435
vn 0.0944 -0.9936 -0.0627
vn 0.2013 -0.9626 -0.1813
vn -0.0050 -0.9983 0.0574
vn -0.0362 -0.9909 0.1300
vn -0.0180 -0.9918 0.1264
vn 0.0048 -0.9986 0.0524
vn 0.0266 -0.9996 -0.0037
vn 0.0023 -1.0000 -0.0007
vn 0.0476 -0.9988 -0.0094
vn 0.0143 -0.9999 -0.0044
vn 0.0671 -0.9976 -0.0140
vn 0.0399 -0.9991 -0.0114
vn 0.0815 -0.9961 -0.0341
vn 0.0670 -0.9973 -0.0303
vn 0.0897 -0.9944 -0.0563
vn 0.0863 -0.9948 -0.0544
vn 0.0900 -0.9943 -0.0578
vn 0.0873 -0.9941 -0.0638
vn 0.4104 -0.7369 -0.5371
vn 0.0295 -0.6357 -0.7714
vn 0.2541 0.9581 -0.1320
vn 0.0320 0.9948 -0.0965
vn 0.3772 0.9210 -0.0978
vn 0.2238 0.9692 -0.1030
vn 0.2166 0.9630 -0.1607
vn 0.0284 0.9946 -0.0998
vn 0.0286 0.9875 -0.1553
vn 0.2339 0.9711 -0.0484
vn 0.3873 0.9208 -0.0458
vn 0.2387 0.9699 -0.0491
vn 0.3923 0.9187 -0.0465
vn 0.2395 0.9698 -0.0467
vn 0.3931 0.9184 -0.0442
vn 0.2263 0.9732 -0.0400
vn 0.3745 0.9262 -0.0432
vn 0.3481 0.9337 -0.0837
vn 0.0401 0.9982 -0.0447
vn 0.3616 0.9320 -0.0241
vn 0.1211 0.9844 -0.1278
vn -0.1881 0.9529 -0.2380
vn -0.3090 -0.9510 -0.0000
vn -0.4540 -0.8910 -0.0000
vn 0.3093 -0.9510 -0.0000
vn 0.5880 -0.8088 -0.0000
vn 0.5881 -0.8088 -0.0000
vn 0.9510 -0.3090 -0.0000
vn 0.9877 -0.1564 -0.0000
vn -0.3090 0.9510 -0.0000
vn -0.8910 0.4540 -0.0000
vn 0.1345 -0.8750 0.4650
vn 0.1224 -0.7913 0.5990
vn 0.1224 -0.7914 0.5990
vn 0.1072 -0.6877 0.7180
vn 0.1154 -0.7588 0.6410
vn 0.1072 -0.6878 0.7180
vn 0.0894 -0.3705 0.9245
vn 0.2093 -0.0000 -0.9779
vn 0.2029 -0.0000 -0.9792
vn -0.0848 0.9903 -0.1099
vn -0.0928 0.9928 -0.0755
vn -0.0311 0.9985 -0.0444
vn -0.0252 0.9981 -0.0560
vn -0.0182 0.9975 -0.0681
vn 0.0383 0.9876 -0.1521
vn -0.0146 0.9947 -0.1013
vn -0.0269 0.9974 -0.0666
vn 0.0864 -0.9941 -0.0660
vn 0.0975 -0.9904 -0.0983
vn 0.1286 -0.9784 -0.1618
vn 0.1069 -0.9888 -0.1041
vn 0.1061 -0.9902 -0.0908
vn 0.0378 0.9737 -0.2248
vn -0.0266 0.9881 -0.1513
vn -0.0389 0.9963 -0.0765
vn -0.0534 0.9957 -0.0762
vn 0.1206 -0.9917 -0.0439
vn 0.1159 -0.9921 -0.0481
vn -0.0678 0.9948 -0.0758
vn -0.0846 0.9891 -0.1208
vn -0.0893 0.9886 -0.1210
vn -0.0810 0.9890 -0.1235
vn -0.0888 0.9884 -0.1230
vn 0.1707 -0.9663 -0.1927
vn 0.1677 -0.9704 -0.1738
vn 0.1646 -0.9741 -0.1547
vn 0.1653 -0.9836 -0.0721
vn 0.1655 -0.9828 -0.0819
vn 0.0897 0.9705 -0.2237
vn 0.5403 -0.0000 -0.8415
vn -0.0805 0.9888 -0.1258
vn -0.0881 0.9881 -0.1257
vn 0.2307 -0.0000 -0.9730
vn 0.1828 -0.0000 -0.9831
vn -0.0663 0.9406 0.3329
vn -0.0523 0.8713 0.4880
vn -0.0836 0.9934 0.0783
vn -0.0740 0.9896 -0.1235
vn -0.0503 0.8987 0.4357
vn 0.0050 0.5311 0.8473
vn 0.0049 0.5311 0.8473
vn -0.0570 0.8983 0.4356
vn -0.0738 0.9893 -0.1258
vn 0.0587 -0.0000 0.9983
vn 0.1320 -0.0000 -0.9912
vn 0.1323 -0.0000 -0.9912
vn -0.0422 0.9419 0.3333
vn -0.0333 0.8720 0.4883
vn -0.0755 0.9913 -0.1079
vn -0.0723 0.9879 -0.1373
vn -0.0644 0.8979 0.4354
vn -0.0135 0.5306 0.8475
vn -0.0028 0.5307 0.8475
vn -0.0366 0.8992 0.4360
vn 0.0416 -0.0000 0.9991
vn 0.0881 -0.4313 0.8979
vn 0.1415 -0.0000 -0.9899
vn 0.1416 -0.0000 -0.9899
vn 0.1089 -0.8543 0.5082
vn 0.1217 -0.8530 0.5075
vn 0.0941 -0.9382 0.3332
vn 0.0925 -0.8557 0.5091
vn 0.1249 -0.9899 -0.0668
vn -0.0007 0.9428 0.3334
vn 0.0044 0.8725 0.4886
vn -0.0407 0.9980 -0.0484
vn -0.0187 0.9903 -0.1378
vn 0.0023 0.8998 0.4363
vn 0.0446 -0.8586 0.5108
vn 0.0434 -0.9415 0.3343
vn 0.0974 -0.9947 -0.0321
vn 0.1711 0.9287 0.3290
vn 0.1620 0.8610 0.4822
vn 0.1747 0.9831 -0.0552
vn 0.1749 0.9834 -0.0476
vn 0.1749 0.9834 -0.0491
vn 0.0067 -0.8594 0.5113
vn 0.0044 -0.9424 0.3346
vn -0.0000 -0.9424 0.3346
vn -0.0274 -0.9890 0.1451
vn -0.0547 -0.9879 0.1449
vn 0.0278 0.9985 -0.0479
vn 0.0274 0.9984 -0.0499
vn 0.0274 0.9985 -0.0483
vn 0.1105 -0.9927 -0.0478
vn -0.1006 0.9941 -0.0407
vn 0.1171 -0.7771 0.6184
vn 0.1091 -0.7343 0.6700
vn 0.1006 -0.6882 0.7185
vn 0.0881 -0.4314 0.8979
vn -0.4540 0.8910 -0.0000
vn 0.1564 0.9877 -0.0000
vn 0.9510 -0.3091 -0.0000
vn 0.7071 -0.7071 -0.0000
vn 0.3090 -0.9510 -0.0000
vn -0.9510 -0.3090 -0.0000
vn 0.1568 -0.8706 0.4664
vn 0.1568 -0.8708 0.4660
vn 0.1569 -0.8721 0.4634
vn 0.1421 -0.8707 0.4708
vn 0.1341 -0.8516 0.5067
vn 0.1574 -0.9043 0.3968
vn -1.0000 -0.0001 -0.0000
vn -0.8090 0.5877 -0.0000
vt 0.351397 0.107966
vt 0.343750 0.156250
vt 0.500000 0.150000
vt 0.373591 0.064409
vt 0.408159 0.029841
vt 0.451716 0.007647
vt 0.500000 -0.000000
vt 0.548284 0.007647
vt 0.591842 0.029841
vt 0.626409 0.064408
vt 0.648603 0.107966
vt 0.656250 0.156250
vt 0.648603 0.204534
vt 0.626409 0.248091
vt 0.591841 0.282659
vt 0.548284 0.304853
vt 0.500000 0.312500
vt 0.451716 0.304853
vt 0.408159 0.282659
vt 0.373591 0.248091
vt 0.351397 0.204534
vt 0.487500 0.397434
vt 0.487500 0.312500
vt 0.475000 0.312500
vt 0.475000 0.409080
vt 0.484687 0.400495
vt 0.485825 0.399257
vt 0.466153 0.416639
vt 0.470164 0.413184
vt 0.462500 0.312500
vt 0.462500 0.416711
vt 0.462500 0.416711
vt 0.450000 0.312500
vt 0.450000 0.417098
vt 0.437500 0.312500
vt 0.437500 0.417586
vt 0.436770 0.417617
vt 0.437500 0.417586
vt 0.425000 0.312500
vt 0.425000 0.414965
vt 0.436615 0.417582
vt 0.425000 0.414965
vt 0.412500 0.312500
vt 0.412500 0.415943
vt 0.404518 0.418929
vt 0.412500 0.415943
vt 0.400000 0.312500
vt 0.400000 0.419154
vt 0.404373 0.418983
vt 0.387500 0.312500
vt 0.387500 0.419541
vt 0.387500 0.419541
vt 0.375000 0.312500
vt 0.375000 0.419789
vt 0.625000 0.419789
vt 0.625000 0.312500
vt 0.612500 0.312500
vt 0.612500 0.410568
vt 0.617724 0.414941
vt 0.623443 0.419800
vt 0.600112 0.398603
vt 0.603314 0.402086
vt 0.605001 0.403922
vt 0.600000 0.312500
vt 0.600000 0.398480
vt 0.600000 0.398480
vt 0.587500 0.312500
vt 0.587500 0.385135
vt 0.591121 0.389256
vt 0.597223 0.395595
vt 0.597716 0.396108
vt 0.575000 0.312500
vt 0.575000 0.372970
vt 0.562500 0.312500
vt 0.562500 0.364055
vt 0.550000 0.312500
vt 0.550000 0.359262
vt 0.537500 0.312500
vt 0.537500 0.359060
vt 0.525000 0.312500
vt 0.525000 0.363469
vt 0.525000 0.363469
vt 0.512500 0.312500
vt 0.512500 0.372058
vt 0.500000 0.312500
vt 0.500000 0.383986
vt 0.489633 0.395236
vt 0.489969 0.394889
vt 0.494195 0.390533
vt 0.487500 0.397434
vt 0.488009 0.396910
vt 0.625000 0.044363
vt 0.625000 0.041937
vt 0.625000 0.023733
vt 0.625000 0.032331
vt 0.625000 0.044490
vt 0.625000 0.046279
vt 0.625000 0.046829
vt 0.625000 0.048717
vt 0.625000 0.050000
vt 0.625000 0.048717
vt 0.625000 0.050000
vt 0.625000 0.039586
vt 0.625000 0.044158
vt 0.625000 0.150152
vt 0.625000 0.150000
vt 0.625000 0.150000
vt 0.625000 0.150539
vt 0.624999 0.109606
vt 0.625000 0.109055
vt 0.625000 0.135120
vt 0.625000 0.149604
vt 0.625000 0.150000
vt 0.625000 0.150000
vt 0.625000 0.100000
vt 0.625000 0.089388
vt 0.625000 0.100000
vt 0.625000 0.076786
vt 0.624999 0.089387
vt 0.625000 0.050000
vt 0.625000 0.044158
vt 0.625000 0.044522
vt 0.625000 0.094754
vt 0.625000 0.150000
vt 0.625000 0.134495
vt 0.625000 0.115441
vt 0.475339 0.050397
vt 0.541667 0.030919
vt 0.541667 0.083333
vt 0.458333 0.083333
vt 0.458333 0.050648
vt 0.475033 0.050567
vt 0.475036 0.189307
vt 0.458333 0.188982
vt 0.458333 0.166667
vt 0.541667 0.166667
vt 0.541667 0.181111
vt 0.475339 0.189256
vt 0.625000 0.200000
vt 0.625000 0.250000
vt 0.656250 0.250000
vt 0.687500 0.250000
vt 0.718750 0.250000
vt 0.750000 0.250000
vt 0.781250 0.250000
vt 0.812500 0.250000
vt 0.843750 0.250000
vt 0.625000 0.000000
vt 0.656250 0.000000
vt 0.687500 0.000000
vt 0.718750 0.000000
vt 0.750000 0.000000
vt 0.781250 0.000000
vt 0.812500 0.000000
vt 0.843750 0.000000
vt 0.875000 0.000000
vt 0.861711 0.000000
vt 0.858448 0.000000
vt 0.843807 0.250000
vt 0.843813 0.000000
vt 0.625000 0.150131
vt 0.625000 0.159940
vt 0.625000 0.158564
vt 0.625000 0.150000
vt 0.625000 0.150131
vt 0.625000 0.018430
vt 0.625000 0.009643
vt 0.625000 0.005209
vt 0.625000 0.005562
vt 0.625000 0.010667
vt 0.625000 0.020025
vt 0.625000 0.032719
vt 0.625000 0.039586
vt 0.625000 0.034930
vt 0.625000 0.030709
vt 0.625000 0.050000
vt 0.625000 0.048098
vt 0.625000 0.043961
vt 0.625000 0.050000
vt 0.625000 0.048099
vt 0.625000 0.044490
vt 0.625000 0.041412
vt 0.625000 0.034930
vt 0.625000 0.021837
vt 0.625000 0.041412
vt 0.625000 0.044522
vt 0.625000 0.046279
vt 0.843408 0.000000
vt 0.843750 0.000000
vt 0.875000 0.250000
vt 0.875000 0.050000
vt 0.875000 0.100000
vt 0.875000 0.150000
vt 0.875000 0.200000
vt 0.656250 0.200000
vt 0.687500 0.200000
vt 0.718750 0.200000
vt 0.781250 0.200000
vt 0.750000 0.200000
vt 0.812500 0.200000
vt 0.843750 0.200000
vt 0.656250 0.150000
vt 0.687500 0.150000
vt 0.718750 0.150000
vt 0.750000 0.150000
vt 0.781250 0.150000
vt 0.812500 0.150000
vt 0.843750 0.150000
vt 0.656250 0.100000
vt 0.656250 0.050000
vt 0.687500 0.100000
vt 0.687500 0.050000
vt 0.718750 0.100000
vt 0.718750 0.050000
vt 0.781250 0.100000
vt 0.781250 0.050000
vt 0.750000 0.050000
vt 0.750000 0.100000
vt 0.812500 0.100000
vt 0.812500 0.050000
vt 0.843750 0.050000
vt 0.843750 0.100000
vt 0.500000 0.700000
vt 0.375000 0.700000
vt 0.375000 0.750000
vt 0.500000 0.750000
vt 0.500000 0.600000
vt 0.625000 0.600000
vt 0.625000 0.550000
vt 0.500000 0.550000
vt 0.375000 0.550000
vt 0.375000 0.600000
vt 0.375000 0.281250
vt 0.500000 0.281250
vt 0.500000 0.250000
vt 0.500000 0.200000
vt 0.375000 0.200000
vt 0.375000 0.250000
vt 0.375000 0.150000
vt 0.500000 0.100000
vt 0.500000 0.050000
vt 0.375000 0.050000
vt 0.375000 0.100000
vt 0.500000 0.000000
vt 0.375000 0.000000
vt 0.375000 0.937500
vt 0.375000 0.968750
vt 0.500000 0.968750
vt 0.500000 0.937500
vt 0.625000 0.906250
vt 0.500000 0.906250
vt 0.625000 0.937500
vt 0.375000 0.906250
vt 0.625000 0.875000
vt 0.500000 0.875000
vt 0.375000 0.875000
vt 0.500000 0.843750
vt 0.625000 0.843750
vt 0.375000 0.843750
vt 0.625000 0.812500
vt 0.500000 0.812500
vt 0.375000 0.812500
vt 0.625000 0.781250
vt 0.500000 0.781250
vt 0.375000 0.781250
vt 0.625000 0.750000
vt 0.625000 0.700000
vt 0.500000 0.650000
vt 0.625000 0.650000
vt 0.375000 0.650000
vt 0.500000 0.500000
vt 0.625000 0.500000
vt 0.375000 0.500000
vt 0.625000 0.468750
vt 0.500000 0.468750
vt 0.375000 0.468750
vt 0.500000 0.437500
vt 0.625000 0.437500
vt 0.500000 0.406250
vt 0.625000 0.406250
vt 0.500000 0.375000
vt 0.625000 0.375000
vt 0.500000 0.343750
vt 0.625000 0.343750
vt 0.625000 0.312500
vt 0.375000 0.343750
vt 0.625000 0.281250
vt 0.487500 0.444461
vt 0.475000 0.448939
vt 0.477708 0.448927
vt 0.462500 0.449096
vt 0.462500 0.449096
vt 0.450000 0.449341
vt 0.450000 0.449341
vt 0.437500 0.447015
vt 0.442628 0.449522
vt 0.437500 0.447015
vt 0.425000 0.444447
vt 0.412500 0.445674
vt 0.412500 0.445674
vt 0.400000 0.450575
vt 0.399948 0.450609
vt 0.387500 0.450885
vt 0.387500 0.450885
vt 0.375000 0.451042
vt 0.614830 0.451086
vt 0.625000 0.451042
vt 0.612500 0.450074
vt 0.600000 0.444373
vt 0.599311 0.444074
vt 0.587500 0.434129
vt 0.588641 0.434998
vt 0.575000 0.426039
vt 0.562500 0.420164
vt 0.562500 0.420164
vt 0.550000 0.417080
vt 0.537500 0.417089
vt 0.537500 0.417089
vt 0.525000 0.420190
vt 0.512500 0.426079
vt 0.501730 0.433059
vt 0.500000 0.434317
vt 0.500000 0.434317
vt 0.488743 0.443921
vt 0.625000 0.061279
vt 0.625000 0.050000
vt 0.625000 0.050000
vt 0.625000 0.054023
vt 0.625000 0.084376
vt 0.625000 0.095240
vt 0.625000 0.096787
vt 0.625000 0.079030
vt 0.625000 0.078118
vt 0.625000 0.100000
vt 0.625000 0.095786
vt 0.625000 0.095240
vt 0.625000 0.084376
vt 0.625000 0.086090
vt 0.625000 0.100000
vt 0.625000 0.100000
vt 0.625000 0.078118
vt 0.625000 0.050000
vt 0.541667 0.030919
vt 0.557043 0.027581
vt 0.585686 0.026666
vt 0.624114 0.039981
vt 0.625000 0.039914
vt 0.625000 0.083333
vt 0.625000 0.039914
vt 0.649403 0.041726
vt 0.652652 0.041650
vt 0.729311 0.070111
vt 0.733082 0.071043
vt 0.832281 0.083333
vt 0.835667 0.083661
vt 0.835667 0.102053
vt 0.733082 0.117270
vt 0.729310 0.117446
vt 0.652651 0.123818
vt 0.649189 0.124219
vt 0.625000 0.132364
vt 0.585687 0.157912
vt 0.574419 0.166667
vt 0.625000 0.132364
vt 0.624114 0.134889
vt 0.557043 0.178794
vt 0.541667 0.181111
vt 0.574419 0.166667
vt 0.428002 0.177981
vt 0.397086 0.166667
vt 0.458333 0.188982
vt 0.397086 0.154943
vt 0.375000 0.158585
vt 0.375000 0.083333
vt 0.262298 0.133428
vt 0.171890 0.113025
vt 0.131949 0.103652
vt 0.131949 0.086209
vt 0.139764 0.083333
vt 0.373726 0.158496
vt 0.373051 0.158358
vt 0.262797 0.133510
vt 0.262298 0.045041
vt 0.262869 0.044996
vt 0.373116 0.030090
vt 0.373726 0.029996
vt 0.375000 0.029783
vt 0.171765 0.071567
vt 0.428002 0.043060
vt 0.843959 0.250000
vt 0.875000 0.200000
vt 0.875000 0.248251
vt 0.875000 0.248251
vt 0.875000 0.250000
vt 0.875000 0.150000
vt 0.875000 0.198251
vt 0.875000 0.098407
vt 0.875000 0.051749
vt 0.875000 0.100000
vt 0.875000 0.050000
vt 0.875000 0.051749
vt 0.875000 0.001749
vt 0.875000 0.050000
vt 0.875000 0.001749
vt 0.858448 0.250000
vt 0.857096 0.250000
vt 0.853032 0.250000
vt 0.857096 0.250000
vt 0.846765 0.250000
vt 0.857096 0.000000
vt 0.858448 0.000000
vt 0.846765 0.000000
vt 0.857096 0.000000
vt 0.846160 0.250000
vt 0.846765 0.250000
vt 0.843867 0.250000
vt 0.843944 0.250000
vt 0.875000 0.249686
vt 0.875000 0.200000
vt 0.875000 0.090216
vt 0.875000 0.050314
vt 0.875000 0.050000
vt 0.875000 0.000314
vt 0.843946 0.000000
vt 0.843984 0.000000
vt 0.861828 0.250000
vt 0.875000 0.124985
vt 0.875000 0.150000
vt 0.875000 0.200000
vt 0.875000 0.150000
vt 0.625000 0.150000
vt 0.625000 0.147049
vt 0.625000 0.131051
vt 0.625000 0.103928
vt 0.624999 0.108392
vt 0.625000 0.100000
vt 0.625000 0.102561
vt 0.625000 0.125511
vt 0.625000 0.144817
vt 0.625000 0.150000
vt 0.875000 0.150000
vt 0.875000 0.100000
vt 0.625000 0.162628
vt 0.625000 0.171777
vt 0.625000 0.168995
vt 0.625000 0.154553
vt 0.625000 0.150000
vt 0.625000 0.158281
vt 0.625000 0.167430
vt 0.625000 0.164648
vt 0.625000 0.150103
vt 0.625000 0.137969
vt 0.625000 0.117457
vt 0.625000 0.100000
vt 0.625000 0.100000
vt 0.625000 0.104236
vt 0.625000 0.123939
vt 0.625000 0.142460
vt 0.625000 0.150000
vt 0.625000 0.150000
vt 0.625000 0.159780
vt 0.625000 0.150000
vt 0.625000 0.150000
vt 0.625000 0.167045
vt 0.625000 0.176474
vt 0.625000 0.173970
vt 0.625000 0.139884
vt 0.625000 0.142477
vt 0.625000 0.125908
vt 0.625000 0.110617
vt 0.625000 0.100000
vt 0.625000 0.048329
vt 0.625000 0.048895
vt 0.625000 0.050000
vt 0.625000 0.050000
vt 0.500000 1.000000
vt 0.625000 1.000000
vt 0.625000 0.968750
vt 0.375000 1.000000
vt 0.375000 0.437500
vt 0.375000 0.406250
vt 0.375000 0.375000
vt 0.846160 0.000000
vt 0.843867 0.000000
vt 0.843750 0.250000
vt 0.843408 0.250000
vt 0.843551 0.250000
vt 0.625000 0.100000
vt 0.625000 0.095014
vt 0.625000 0.081719
vt 0.625000 0.050000
vt 0.625000 0.054521
vt 0.625000 0.065759
vt 0.625000 0.080715
vt 0.625000 0.088171
vt 0.625000 0.100000
vt 0.625000 0.100541
vt 0.625000 0.115005
vt 0.625000 0.133202
vt 0.625000 0.148265
vt 0.625000 0.138548
vt 0.625000 0.061361
vt 0.625000 0.051697
vt 0.625000 0.050000
vt 0.625000 0.081719
vt 0.625000 0.075173
vt 0.625000 0.088171
vt 0.625000 0.100000
vt 0.537500 0.446857
vt 0.525000 0.449136
vt 0.533803 0.447852
vt 0.550000 0.446555
vt 0.557857 0.448310
vt 0.562500 0.448940
vt 0.575000 0.452231
vt 0.587500 0.456797
vt 0.600000 0.463218
vt 0.587500 0.456797
vt 0.592427 0.458922
vt 0.602666 0.464812
vt 0.612500 0.464842
vt 0.600000 0.463218
vt 0.625000 0.464804
vt 0.387500 0.464693
vt 0.375000 0.464804
vt 0.400000 0.461409
vt 0.395007 0.464589
vt 0.412500 0.456678
vt 0.425000 0.455640
vt 0.412500 0.456678
vt 0.437500 0.458397
vt 0.447925 0.463636
vt 0.450000 0.463600
vt 0.437500 0.458397
vt 0.462500 0.463427
vt 0.475000 0.463316
vt 0.487500 0.463277
vt 0.494584 0.459537
vt 0.500000 0.457182
vt 0.488020 0.463279
vt 0.512500 0.452537
vt 0.512500 0.452537
vt 0.625000 0.084600
vt 0.625000 0.070736
vt 0.625000 0.050000
vt 0.625000 0.050000
vt 0.625000 0.051273
vt 0.625000 0.100000
vt 0.625000 0.084600
vt 0.625000 0.051273
vt 0.625000 0.068608
vt 0.625000 0.045804
vt 0.625000 0.050000
vt 0.625000 0.049109
vt 0.625000 0.040930
vt 0.625000 0.035126
vt 0.625000 0.032268
vt 0.625000 0.032633
vt 0.625000 0.046505
vt 0.625000 0.045857
vt 0.625000 0.036187
vt 0.625000 0.048008
vt 0.625000 0.046505
vt 0.625000 0.042582
vt 0.625000 0.048008
vt 0.625000 0.050000
vt 0.625000 0.031428
vt 0.625000 0.023235
vt 0.625000 0.019002
vt 0.625000 0.019142
vt 0.625000 0.021837
vt 0.625000 0.045750
vt 0.625000 0.042777
vt 0.425000 0.437140
vt 0.412500 0.438366
vt 0.437500 0.439708
vt 0.425000 0.437140
vt 0.445300 0.443527
vt 0.450000 0.443344
vt 0.444986 0.443368
vt 0.462500 0.442957
vt 0.475000 0.442708
vt 0.462500 0.442957
vt 0.476314 0.442699
vt 0.487500 0.432639
vt 0.493937 0.427170
vt 0.494417 0.426769
vt 0.500000 0.421014
vt 0.512500 0.410108
vt 0.525000 0.402247
vt 0.512500 0.410108
vt 0.530014 0.400624
vt 0.537500 0.398224
vt 0.525000 0.402247
vt 0.550000 0.398431
vt 0.562500 0.402833
vt 0.575000 0.410999
vt 0.562500 0.402833
vt 0.587500 0.422130
vt 0.575000 0.410999
vt 0.591242 0.425753
vt 0.593168 0.427219
vt 0.595720 0.429162
vt 0.600000 0.432802
vt 0.590343 0.425069
vt 0.612116 0.443655
vt 0.612500 0.443831
vt 0.600000 0.432803
vt 0.615557 0.445158
vt 0.625000 0.445117
vt 0.612500 0.443831
vt 0.387500 0.444960
vt 0.375000 0.445117
vt 0.400000 0.443267
vt 0.397694 0.444760
vt 0.412500 0.438366
s 1
usemtl lambert1
f 1/1/1 3/3/1 2/2/1
f 4/4/1 3/3/1 1/1/1
f 5/5/1 3/3/1 4/4/1
f 6/6/1 3/3/1 5/5/1
f 7/7/1 3/3/1 6/6/1
f 8/8/1 3/3/1 7/7/1
f 9/9/1 3/3/1 8/8/1
f 10/10/1 3/3/1 9/9/1
f 11/11/1 3/3/1 10/10/1
f 12/12/1 3/3/1 11/11/1
f 13/13/1 3/3/1 12/12/1
f 14/14/1 3/3/1 13/13/1
f 15/15/1 3/3/1 14/14/1
f 16/16/1 3/3/1 15/15/1
f 17/17/1 3/3/1 16/16/1
f 18/18/1 3/3/1 17/17/1
f 19/19/1 3/3/1 18/18/1
f 20/20/1 3/3/1 19/19/1
f 21/21/1 3/3/1 20/20/1
f 2/2/1 3/3/1 21/21/1
f 22/22/2 25/27/4 24/26/4 23/25/3 1/24/3 2/23/2
f 26/28/5 28/31/6 4/30/6 1/24/3 23/25/3 27/29/5
f 28/32/6 29/34/7 5/33/7 4/30/6
f 29/34/7 30/36/8 6/35/8 5/33/7
f 31/37/9 33/41/9 32/40/10 7/39/10 6/35/8 30/38/8
f 32/42/10 34/44/11 8/43/11 7/39/10
f 35/45/12 37/49/12 36/48/13 9/47/13 8/43/11 34/46/11
f 36/48/13 38/51/14 10/50/14 9/47/13
f 38/52/14 39/54/15 11/53/15 10/50/14
f 39/55/15 42/60/17 41/59/17 40/58/16 12/57/16 11/56/15
f 43/61/18 46/65/19 13/64/19 12/57/16 40/58/16 45/63/18 44/62/18
f 46/66/19 50/71/21 49/70/21 48/69/21 47/68/20 14/67/20 13/64/19
f 47/68/20 51/73/22 15/72/22 14/67/20
f 51/73/22 52/75/24 16/74/23 15/72/22
f 52/75/24 53/77/25 17/76/25 16/74/23
f 53/77/25 54/79/26 18/78/26 17/76/25
f 54/79/26 55/81/27 19/80/27 18/78/26
f 55/82/27 56/84/28 20/83/28 19/80/27
f 56/84/28 57/86/29 21/85/29 20/83/28
f 58/87/30 61/91/30 22/90/2 2/23/2 21/85/29 57/86/29 60/89/30 59/88/30
f 46/92/31 43/96/31 63/95/31 62/94/32 50/93/32
f 61/97/32 64/100/33 25/99/31 22/98/32
f 25/101/31 64/100/33 24/102/34
f 60/103/35 64/100/33 59/104/32
f 35/105/36 66/108/39 65/107/38 37/106/37
f 26/109/40 68/115/44 67/114/43 31/113/42 30/112/41 29/111/41 28/110/41
f 27/116/45 68/115/44 26/117/40
f 23/118/46 24/120/46 64/100/47 68/115/44 27/119/45
f 59/121/32 64/100/33 58/122/32
f 69/123/48 71/126/52 74/125/52 73/124/51 72/114/50 70/115/49
f 78/127/53 79/132/53 80/131/57 76/130/56 75/129/55 77/128/54
f 84/133/58 85/138/58 86/137/62 82/136/61 81/135/60 83/134/59
f 87/139/63 89/139/66 90/140/65 88/140/64
f 91/141/67 92/141/68 88/140/64 90/140/65
f 93/142/69 94/142/70 92/141/68 91/141/67
f 95/143/71 96/143/72 94/142/70 93/142/69
f 97/144/73 96/143/72 95/143/71 98/144/74
f 98/144/74 99/145/76 100/145/75 97/144/73
f 99/145/76 101/146/78 102/146/77 100/145/75
f 101/146/78 103/147/80 104/147/79 102/146/77
f 105/114/81 106/114/84 89/139/83 87/139/82
f 107/100/85 109/115/88 110/115/87 108/100/86
f 108/100/89 111/148/92 112/148/91 107/100/90
f 113/149/93 112/148/91 111/148/92 114/149/94
f 115/150/95 113/149/93 114/149/94 116/150/96
f 117/151/97 115/150/95 116/150/96 118/151/98
f 119/152/99 120/152/100 117/151/97 118/151/98
f 120/152/100 119/152/99 122/153/102 121/153/101
f 121/153/101 122/153/102 124/154/104 123/154/103
f 123/154/103 124/154/104 126/155/106 125/155/105
f 126/155/106 130/158/109 128/157/108 127/156/107 129/156/107 125/155/105
f 131/139/110 87/139/63 88/140/64 132/140/111
f 132/140/111 88/140/64 92/141/68 133/141/112
f 133/141/112 92/141/68 94/142/70 134/142/113
f 135/143/114 134/142/113 94/142/70 96/143/72
f 136/144/115 135/143/114 96/143/72 97/144/73
f 137/145/116 136/144/115 97/144/73 100/145/75
f 138/146/117 137/145/116 100/145/75 102/146/77
f 139/147/118 138/146/117 102/146/77 104/147/79
f 140/114/119 105/114/81 87/139/82 131/139/120
f 141/115/121 142/100/122 108/100/86 110/115/87
f 142/100/123 143/148/124 111/148/92 108/100/89
f 144/149/125 145/150/126 116/150/96 114/149/94
f 146/151/127 118/151/98 116/150/96 145/150/126
f 147/152/128 119/152/99 118/151/98 146/151/127
f 148/154/129 124/154/104 122/153/102 149/153/130
f 150/155/131 126/155/106 124/154/104 148/154/129
f 151/139/132 131/139/110 132/140/111 152/140/133
f 153/141/134 133/141/112 134/142/113 154/142/135
f 154/142/135 134/142/113 135/143/114 155/143/136
f 156/144/137 155/143/136 135/143/114 136/144/115
f 157/145/138 156/144/137 136/144/115 137/145/116
f 158/146/139 157/145/138 137/145/116 138/146/117
f 84/159/140 158/146/139 138/146/117 139/147/118
f 67/114/43 140/114/119 131/139/120 151/139/141
f 142/100/122 141/115/121 68/115/44 64/100/47
f 64/100/33 159/148/142 143/148/124 142/100/123
f 159/148/142 160/149/143 144/149/125 143/148/124
f 160/149/143 161/150/144 145/150/126 144/149/125
f 161/150/144 162/151/145 146/151/127 145/150/126
f 162/151/145 163/152/146 147/152/128 146/151/127
f 164/153/147 149/153/130 147/152/128 163/152/146
f 165/154/148 148/154/129 149/153/130 164/153/147
f 79/160/149 150/155/131 148/154/129 165/154/148
f 166/139/150 151/139/132 152/140/133 167/140/151
f 167/140/151 152/140/133 153/141/134 168/141/152
f 169/142/153 154/142/135 155/143/136 170/143/154
f 171/144/155 170/143/154 155/143/136 156/144/137
f 172/145/156 171/144/155 156/144/137 157/145/138
f 157/145/138 158/146/139 173/146/157 172/145/156
f 151/139/141 166/139/160 66/108/39 35/105/36 34/163/159 32/162/159 33/161/158 67/114/43
f 31/164/42 67/114/43 33/165/158
f 51/166/161 47/175/161 48/174/35 174/148/162 159/148/142 64/100/33 60/173/35 57/172/161 56/171/161 55/170/161 54/169/161 53/168/161 52/167/161
f 45/176/32 176/179/32 175/178/32 44/177/32
f 44/180/32 175/178/32 63/95/31 43/181/31
f 49/182/32 177/184/163 174/148/162 48/183/35
f 50/93/32 62/94/32 177/184/163 49/185/32
f 58/186/32 64/100/33 61/187/32
f 174/148/162 178/149/164 160/149/143 159/148/142
f 179/150/165 180/151/166 162/151/145 161/150/144
f 181/152/167 163/152/146 162/151/145 180/151/166
f 182/153/168 164/153/147 163/152/146 181/152/167
f 164/153/147 182/153/168 183/154/169 165/154/148
f 187/188/170 184/155/172 79/160/149 165/154/148 183/154/169 186/155/171 185/189/170
f 188/144/173 189/143/174 170/143/154 171/144/155
f 190/145/175 188/144/173 171/144/155 172/145/156
f 191/146/176 190/145/175 172/145/156 173/146/157
f 173/146/157 192/147/178 193/147/177 191/146/176
f 192/147/178 194/190/180 195/190/179 193/147/177
f 196/191/181 198/191/184 199/192/183 197/192/182
f 200/148/185 201/149/186 178/149/164 174/148/162
f 202/150/187 203/151/188 180/151/166 179/150/165
f 204/152/189 181/152/167 180/151/166 203/151/188
f 205/153/190 182/153/168 181/152/167 204/152/189
f 206/154/191 183/154/169 182/153/168 205/153/190
f 183/154/169 206/154/191 207/155/192 186/155/171
f 198/191/184 196/191/181 209/156/194 208/156/193
f 186/155/171 207/155/192 208/156/193 209/156/194
f 210/142/195 212/142/197 189/143/174 211/143/196
f 213/144/198 211/143/196 189/143/174 188/144/173
f 214/145/199 213/144/198 188/144/173 190/145/175
f 215/146/200 214/145/199 190/145/175 191/146/176
f 216/150/201 217/151/202 203/151/188 202/150/187
f 217/151/202 218/152/203 204/152/189 203/151/188
f 219/153/204 205/153/190 204/152/189 218/152/203
f 220/191/205 198/191/184 208/156/193 221/156/206
f 222/143/207 223/142/208 210/142/195 211/143/196
f 224/146/209 225/145/210 214/145/199 215/146/200
f 226/115/211 228/100/214 229/100/213 227/115/212
f 230/150/215 231/151/216 217/151/202 216/150/201
f 232/154/217 234/154/219 219/153/204 233/153/218
f 221/156/206 235/156/221 236/191/220 220/191/205
f 237/147/222 239/146/224 224/146/209 238/147/223
f 240/115/225 226/115/211 242/114/227 241/114/226
f 243/192/228 245/193/228 246/193/230 244/192/229
f 247/100/231 228/100/214 226/115/211 240/115/225
f 248/155/232 250/155/234 232/154/217 249/154/233
f 251/190/235 253/190/238 254/194/237 252/194/236
f 255/139/239 256/139/241 257/114/240 241/114/226
f 254/194/237 245/193/243 258/193/242 252/194/236
f 241/114/226 257/114/240 259/115/244 240/115/225
f 240/115/225 259/115/244 260/100/245 247/100/231
f 89/139/246 261/195/249 91/141/248 90/140/247
f 261/195/249 262/196/251 93/142/250 91/141/248
f 263/197/252 95/143/253 93/142/250 262/196/251
f 99/145/254 98/144/257 265/199/256 264/198/255
f 101/146/258 99/145/254 264/198/255 266/200/259
f 266/200/259 267/201/261 103/147/260 101/146/258
f 267/201/261 268/194/263 269/190/262 103/147/260
f 270/202/264 261/195/249 89/139/246 106/114/265
f 271/203/266 262/196/251 261/195/249 270/202/264
f 271/203/266 272/204/267 263/197/252 262/196/251
f 272/204/267 273/205/268 265/199/256 263/197/252
f 273/205/268 274/206/269 264/198/255 265/199/256
f 274/206/269 275/207/270 266/200/259 264/198/255
f 267/201/261 266/200/259 275/207/270 276/208/271
f 276/208/271 277/193/272 268/194/263 267/201/261
f 109/115/273 107/100/276 279/210/275 278/209/274
f 278/209/274 279/210/275 281/212/278 280/211/277
f 282/213/279 280/211/277 281/212/278 283/214/280
f 284/215/281 286/218/284 287/217/283 285/216/282
f 285/216/282 288/220/286 289/219/285 284/215/281
f 290/221/287 291/222/288 289/219/285 288/220/286
f 291/222/288 290/221/287 293/191/290 292/192/289
f 279/210/275 107/100/276 112/148/292 113/149/291
f 281/212/278 279/210/275 113/149/291 115/150/293
f 283/214/280 281/212/278 115/150/293 117/151/294
f 287/217/283 283/214/280 117/151/294 120/152/295
f 121/153/296 285/216/282 287/217/283 120/152/295
f 123/154/297 288/220/286 285/216/282 121/153/296
f 288/220/286 123/154/297 125/155/298 290/221/287
f 293/191/290 290/221/287 125/155/298 129/156/299
f 294/223/300 296/226/303 297/225/302 295/224/301
f 298/227/304 299/230/305 252/229/236 258/228/242
f 300/231/306 299/230/305 298/227/304 301/232/307
f 302/233/308 304/234/311 305/17/310 303/53/309
f 306/235/312 308/236/314 256/139/241 307/140/313
f 308/236/314 306/235/312 310/238/316 309/237/315
f 256/139/241 308/236/314 311/3/317 257/114/240
f 311/3/317 308/236/314 309/237/315 312/239/318
f 259/115/244 257/114/240 311/3/317 313/240/319
f 313/240/319 314/241/320 260/100/245 259/115/244
f 313/240/319 315/243/322 316/242/321 314/241/320
f 317/244/323 314/241/320 316/242/321 318/245/324
f 210/142/195 223/142/208 320/141/326 319/141/325
f 321/193/327 246/193/330 323/194/329 322/194/328
f 324/192/331 220/191/205 236/191/220 244/192/332
f 325/149/333 230/150/215 216/150/201 326/149/334
f 327/141/335 320/141/326 223/142/208 328/142/336
f 323/194/329 246/193/330 245/193/243 254/194/237
f 329/191/337 243/192/338 244/192/332 236/191/220
f 330/149/339 331/150/340 230/150/215 325/149/333
f 231/151/216 230/150/215 331/150/340 332/151/341
f 333/153/342 249/154/233 232/154/217 233/153/218
f 235/156/221 334/156/343 329/191/337 236/191/220
f 334/156/343 235/156/221 250/155/234 248/155/232
f 335/192/344 258/193/242 245/193/228 243/192/228
f 335/192/344 243/192/338 329/191/337 336/191/345
f 331/150/340 330/149/339 338/149/347 337/150/346
f 331/150/340 337/150/346 339/151/348 332/151/341
f 332/151/341 339/151/348 341/152/350 340/152/349
f 341/152/350 342/153/351 333/153/342 340/152/349
f 249/154/233 333/153/342 342/153/351 343/154/352
f 343/154/352 344/155/353 248/155/232 249/154/233
f 334/156/343 345/156/354 336/191/345 329/191/337
f 345/156/354 334/156/343 248/155/232 344/155/353
f 346/246/355 348/249/358 349/248/357 347/247/356
f 339/250/348 337/252/346 348/249/358 350/251/359
f 346/246/355 351/253/360 350/251/359 348/249/358
f 350/251/359 352/255/361 341/254/350 339/250/348
f 350/251/359 351/253/360 353/256/362 352/255/361
f 354/257/363 342/258/351 341/254/350 352/255/361
f 352/255/361 353/256/362 355/259/364 354/257/363
f 342/258/351 354/257/363 356/261/365 343/260/352
f 355/259/364 357/262/366 356/261/365 354/257/363
f 356/261/365 358/264/367 344/263/353 343/260/352
f 358/264/367 356/261/365 357/262/366 359/265/368
f 358/264/367 296/226/369 345/266/354 344/263/353
f 359/265/368 297/225/370 296/226/369 358/264/367
f 296/226/303 294/223/300 336/267/345 345/266/354
f 360/268/371 335/269/344 336/267/345 294/223/300
f 360/268/371 294/223/300 295/224/301 361/270/372
f 298/227/304 258/228/242 335/269/344 360/268/371
f 362/271/373 251/272/235 252/229/236 299/230/305
f 363/273/374 362/271/373 299/230/305 300/231/306
f 251/272/235 362/271/377 365/275/376 364/274/375
f 365/275/376 362/271/377 363/273/379 366/276/378
f 367/277/380 368/278/381 364/274/375 365/275/376
f 369/279/382 370/280/383 368/278/381 367/277/380
f 371/281/384 372/282/385 370/280/383 369/279/382
f 305/17/310 374/285/388 375/284/387 373/283/386
f 373/283/386 376/286/389 303/53/309 305/17/310
f 377/287/390 374/285/388 305/17/310 304/234/311
f 307/140/313 377/287/390 304/234/311 306/235/391
f 302/233/308 310/238/392 306/235/391 304/234/311
f 378/1/1 380/3/1 379/2/1
f 381/4/1 380/3/1 378/1/1
f 382/5/1 380/3/1 381/4/1
f 383/6/1 380/3/1 382/5/1
f 384/7/1 380/3/1 383/6/1
f 385/8/1 380/3/1 384/7/1
f 386/9/1 380/3/1 385/8/1
f 387/10/1 380/3/1 386/9/1
f 388/11/1 380/3/1 387/10/1
f 389/12/1 380/3/1 388/11/1
f 390/13/1 380/3/1 389/12/1
f 391/14/1 380/3/1 390/13/1
f 392/15/1 380/3/1 391/14/1
f 393/16/1 380/3/1 392/15/1
f 394/17/1 380/3/1 393/16/1
f 395/18/1 380/3/1 394/17/1
f 396/19/1 380/3/1 395/18/1
f 397/20/1 380/3/1 396/19/1
f 398/21/1 380/3/1 397/20/1
f 379/2/1 380/3/1 398/21/1
f 399/288/2 401/290/4 400/289/3 378/24/3 379/23/2
f 400/289/3 402/291/6 381/30/6 378/24/3
f 402/292/6 403/293/7 382/33/7 381/30/6
f 403/294/7 405/296/394 404/295/393 383/35/8 382/33/7
f 404/297/393 406/298/10 384/39/10 383/35/8
f 406/298/10 407/299/395 385/43/395 384/39/10
f 407/300/395 73/301/397 386/47/396 385/43/395
f 73/302/397 74/303/14 387/50/14 386/47/396
f 74/304/14 71/305/398 388/53/15 387/50/14
f 69/306/399 408/308/16 389/57/16 388/56/15 71/307/398
f 408/308/16 409/309/19 390/64/19 389/57/16
f 410/310/21 412/312/21 411/311/20 391/67/20 390/64/19 409/309/19
f 411/311/20 413/313/22 392/72/22 391/67/20
f 413/313/22 414/314/23 393/74/23 392/72/22
f 414/315/23 415/316/25 394/76/25 393/74/23
f 415/316/25 416/317/400 395/78/26 394/76/25
f 416/318/400 417/319/27 396/80/27 395/78/26
f 417/319/27 418/320/28 397/83/28 396/80/27
f 419/321/401 420/322/29 398/85/29 397/83/28 418/320/28
f 420/323/29 421/324/30 399/288/2 379/23/2 398/85/29
f 422/325/402 424/330/404 421/329/403 420/328/402 419/327/402 423/326/402
f 408/331/405 69/334/48 70/115/49 425/100/406 410/333/403 409/332/405
f 426/335/407 427/340/408 401/339/408 399/338/407 421/337/403 424/336/404
f 410/341/403 425/100/406 412/342/402
f 75/129/55 76/130/56 81/135/60 82/136/61
f 77/343/54 75/129/55 430/348/409 128/347/409 130/346/409 429/345/409 428/344/409
f 128/349/2 430/348/2 434/354/2 433/353/2 432/352/2 431/351/2 127/350/2
f 434/354/2 430/348/2 441/361/2 440/360/2 439/359/2 438/358/2 437/357/2 436/356/2 435/355/2
f 442/362/409 444/365/409 441/364/409 430/348/409 75/129/55 82/136/61 443/363/409
f 445/366/409 443/368/409 82/136/61 86/367/62
f 446/369/410 83/371/59 81/135/60 447/370/410
f 447/372/410 81/135/60 76/130/56 449/374/410 448/373/410
f 450/375/16 457/382/16 456/381/16 455/380/16 448/373/16 449/374/16 454/379/16 453/378/16 452/377/16 451/376/16
f 458/383/16 461/388/16 454/379/16 449/374/16 187/387/16 185/386/16 460/385/16 459/384/16
f 187/387/410 449/374/410 76/130/56 80/131/57 184/389/410
f 83/390/411 446/147/412 84/159/140
f 438/391/413 439/392/415 268/194/414
f 439/393/415 440/394/416 269/190/416 268/194/414
f 436/395/417 437/396/418 277/193/418
f 437/396/418 438/391/413 268/194/414 277/193/418
f 434/397/419 435/399/419 292/192/420 433/398/420
f 432/400/421 433/401/420 292/192/420 293/191/422
f 431/402/423 432/403/421 293/191/422
f 127/156/107 431/404/423 293/191/422 129/156/107
f 444/405/424 442/406/425 139/147/118 104/147/79
f 443/407/426 445/409/427 139/147/118 442/408/425
f 429/410/428 130/411/109 126/155/106 150/155/131
f 428/412/429 429/413/428 150/155/131
f 86/414/430 85/416/430 84/159/140 139/147/118 445/415/427
f 456/417/431 457/190/431 194/190/180 192/147/178
f 450/418/432 451/419/434 462/194/433 194/190/180
f 454/420/435 461/421/436 196/191/181 197/192/182 453/399/435
f 461/422/436 458/423/437 209/156/194 196/191/181
f 459/156/438 460/424/438 186/155/171 209/156/194
f 184/155/172 80/425/439 79/160/149
f 441/426/440 444/405/424 104/147/79 103/147/80 269/190/416 440/190/416
f 105/114/81 110/115/87 109/115/88 106/114/84
f 435/427/441 436/428/441 277/193/441 292/192/441
f 140/114/119 141/115/121 110/115/87 105/114/81
f 143/148/124 144/149/125 114/149/94 111/148/92
f 147/152/128 149/153/130 122/153/102 119/152/99
f 153/141/134 152/140/133 132/140/111 133/141/112
f 67/114/43 68/115/44 141/115/121 140/114/119
f 169/142/153 168/141/152 153/141/134 154/142/135
f 451/429/434 452/430/443 463/193/442 462/194/433
f 37/431/37 65/440/38 467/439/41 466/438/41 465/437/41 464/436/40 42/435/40 39/434/41 38/433/41 36/432/41
f 452/441/444 453/442/444 197/192/445 463/193/445
f 178/149/164 179/150/165 161/150/144 160/149/143
f 468/140/446 469/139/447 166/139/150 167/140/151
f 470/141/448 468/140/446 167/140/151 168/141/152
f 212/142/197 470/141/448 168/141/152 169/142/153
f 189/143/174 212/142/197 169/142/153 170/143/154
f 471/194/449 195/190/179 194/190/180 462/194/433
f 472/443/450 66/108/39 166/139/160 469/139/453 72/114/50 73/451/51 407/450/450 406/449/450 404/448/450 405/114/452 476/447/451 475/446/450 474/445/450 473/444/450
f 477/193/454 471/194/449 462/194/433 463/193/442
f 478/452/455 476/460/451 405/459/452 403/458/455 402/457/455 400/456/455 401/455/408 427/454/408 479/453/455
f 199/192/456 477/193/457 463/193/445 197/192/445
f 201/149/186 202/150/187 179/150/165 178/149/164
f 480/140/458 481/139/459 469/139/447 468/140/446
f 319/141/325 480/140/458 468/140/446 470/141/448
f 210/142/195 319/141/325 470/141/448 212/142/197
f 482/147/460 215/146/200 191/146/176 193/147/177
f 483/190/461 482/147/460 193/147/177 195/190/179
f 322/194/328 483/190/461 195/190/179 471/194/449
f 484/461/462 490/466/462 489/465/462 488/464/462 487/463/463 72/114/50 469/139/453 481/139/465 486/114/464 485/462/463
f 321/193/327 322/194/328 471/194/449 477/193/454
f 485/467/463 486/114/464 227/115/212 494/471/467 493/470/466 492/469/466 491/468/466
f 324/192/468 321/193/469 477/193/457 199/192/456
f 220/191/205 324/192/331 199/192/183 198/191/184
f 495/472/470 499/475/470 229/100/473 498/148/472 200/148/185 425/100/471 497/474/470 496/473/470
f 498/148/472 326/149/334 201/149/186 200/148/185
f 326/149/334 216/150/201 202/150/187 201/149/186
f 219/153/204 234/154/219 206/154/191 205/153/190
f 234/154/219 500/155/474 207/155/192 206/154/191
f 500/155/474 221/156/206 208/156/193 207/155/192
f 501/140/475 502/139/476 481/139/459 480/140/458
f 320/141/326 501/140/475 480/140/458 319/141/325
f 503/144/477 222/143/207 211/143/196 213/144/198
f 225/145/210 503/144/477 213/144/198 214/145/199
f 238/147/223 224/146/209 215/146/200 482/147/460
f 504/190/478 238/147/223 482/147/460 483/190/461
f 323/194/329 504/190/478 483/190/461 322/194/328
f 502/139/479 242/114/227 486/114/464 481/139/465
f 242/114/227 226/115/211 227/115/212 486/114/464
f 244/192/229 246/193/230 321/193/469 324/192/468
f 228/100/480 505/148/481 498/148/472 229/100/473
f 505/148/481 325/149/333 326/149/334 498/148/472
f 231/151/216 506/152/482 218/152/203 217/151/202
f 506/152/482 233/153/218 219/153/204 218/152/203
f 232/154/217 250/155/234 500/155/474 234/154/219
f 250/155/234 235/156/221 221/156/206 500/155/474
f 507/140/483 255/139/484 502/139/476 501/140/475
f 327/141/335 507/140/483 501/140/475 320/141/326
f 508/143/485 328/142/336 223/142/208 222/143/207
f 509/144/486 508/143/485 222/143/207 503/144/477
f 510/145/487 509/144/486 503/144/477 225/145/210
f 239/146/224 510/145/487 225/145/210 224/146/209
f 253/190/238 237/147/222 238/147/223 504/190/478
f 254/194/237 253/190/238 504/190/478 323/194/329
f 255/139/239 241/114/226 242/114/227 502/139/479
f 247/100/488 511/148/489 505/148/481 228/100/480
f 511/148/489 330/149/339 325/149/333 505/148/481
f 332/151/341 340/152/349 506/152/482 231/151/216
f 340/152/349 333/153/342 233/153/218 506/152/482
f 307/140/313 256/139/241 255/139/484 507/140/483
f 377/141/390 307/140/313 507/140/483 327/141/335
f 374/142/388 377/141/390 327/141/335 328/142/336
f 375/143/387 374/142/388 328/142/336 508/143/485
f 372/144/385 375/143/387 508/143/485 509/144/486
f 370/145/383 372/144/385 509/144/486 510/145/487
f 368/146/381 370/145/383 510/145/487 239/146/224
f 364/147/375 368/146/381 239/146/224 237/147/222
f 251/190/235 364/147/375 237/147/222 253/190/238
f 260/100/245 512/148/490 511/148/489 247/100/488
f 512/148/490 338/149/347 330/149/339 511/148/489
f 263/197/252 265/199/256 98/144/257 95/143/253
f 109/115/273 278/209/274 270/202/264 106/114/265
f 278/209/274 280/211/277 271/203/266 270/202/264
f 280/211/277 282/213/279 272/204/267 271/203/266
f 282/213/279 286/218/284 273/205/268 272/204/267
f 286/218/284 284/215/281 274/206/269 273/205/268
f 284/215/281 289/219/285 275/207/270 274/206/269
f 289/219/285 291/222/288 276/208/271 275/207/270
f 291/222/288 292/192/289 277/193/272 276/208/271
f 283/214/280 287/217/283 286/218/284 282/213/279
f 349/248/357 338/478/347 512/477/490 317/476/491
f 347/247/356 349/248/357 317/476/491 318/479/492
f 348/249/358 337/252/346 338/478/347 349/248/357
f 301/232/307 298/227/304 360/268/371 361/270/372
f 513/480/493 367/277/380 365/275/376 366/276/378
f 514/481/494 369/279/382 367/277/380 513/480/493
f 515/482/495 371/281/384 369/279/382 514/481/494
f 373/283/386 375/284/387 372/282/385 371/281/384
f 376/286/389 373/283/386 371/281/384 515/482/495
f 315/243/322 313/240/319 311/3/317 312/239/318
f 317/244/323 512/148/490 260/100/245 314/241/320
f 428/412/429 150/155/131 79/160/149 78/484/496 77/483/496
f 446/147/412 447/487/497 448/486/497 455/485/497 192/147/178 173/146/157 158/146/139 84/159/140
f 494/488/467 227/115/212 229/100/213 517/490/499 516/489/498
f 497/491/500 425/100/406 70/115/49 521/495/499 520/494/500 519/493/500 518/492/500
f 522/496/501 70/115/49 72/114/50 487/501/463 526/500/466 525/499/466 524/498/466 523/497/466
f 527/502/500 529/506/500 517/505/499 229/100/213 499/504/500 528/503/500
f 521/507/499 70/115/49 522/508/501
f 496/509/26 497/511/502 518/510/27 531/80/27 530/78/26
f 495/512/25 496/509/26 530/78/26 532/76/25
f 499/513/503 495/512/25 532/76/25 533/74/23 528/514/23
f 527/515/22 528/514/23 533/74/23 534/72/22
f 529/516/20 527/515/22 534/72/22 535/67/20
f 516/517/19 517/519/21 529/518/20 535/67/20 536/64/19
f 494/520/18 516/522/19 536/64/19 537/57/16 493/521/16
f 492/523/504 493/521/16 537/57/16 538/56/15
f 491/524/14 492/525/504 538/53/15 539/50/14
f 484/526/13 485/527/505 491/524/14 539/50/14 540/47/13
f 490/528/506 484/526/13 540/47/13 541/43/11
f 489/529/10 490/530/506 541/43/11 542/39/10
f 488/531/8 489/529/10 542/39/10 543/35/8
f 487/532/394 488/534/8 543/35/8 544/33/7 526/533/7
f 525/535/6 526/533/7 544/33/7 545/30/6
f 524/536/507 525/535/6 545/30/6 546/24/3
f 523/537/2 524/536/507 546/24/3 547/23/2
f 521/538/30 522/540/30 523/537/2 547/23/2 548/85/29 520/539/29
f 519/541/28 520/539/29 548/85/29 549/83/28
f 518/510/27 519/542/28 549/83/28 531/80/27
f 531/19/1 550/3/1 530/18/1
f 530/18/1 550/3/1 532/17/1
f 532/17/1 550/3/1 533/16/1
f 533/16/1 550/3/1 534/15/1
f 534/15/1 550/3/1 535/14/1
f 535/14/1 550/3/1 536/13/1
f 536/13/1 550/3/1 537/12/1
f 537/12/1 550/3/1 538/11/1
f 538/11/1 550/3/1 539/10/1
f 539/10/1 550/3/1 540/9/1
f 540/9/1 550/3/1 541/8/1
f 541/8/1 550/3/1 542/7/1
f 542/7/1 550/3/1 543/6/1
f 543/6/1 550/3/1 544/5/1
f 544/5/1 550/3/1 545/4/1
f 545/4/1 550/3/1 546/1/1
f 546/1/1 550/3/1 547/2/1
f 547/2/1 550/3/1 548/21/1
f 548/21/1 550/3/1 549/20/1
f 549/20/1 550/3/1 531/19/1
f 41/543/508 551/547/509 176/546/46 45/545/46 40/544/46
f 42/548/40 464/508/40 552/551/510 551/550/509 41/549/508
f 553/552/511 416/558/512 415/557/512 414/556/512 413/555/512 411/554/512 412/553/512 425/100/471 200/148/185
f 554/559/512 417/561/512 416/558/512 553/560/511
f 555/562/512 418/564/512 417/561/512 554/563/512
f 423/504/512 419/566/512 418/564/512 555/565/512
f 556/567/513 560/573/513 553/572/511 200/148/185 174/148/162 177/571/163 559/570/513 558/569/513 557/568/513
f 473/574/10 474/575/11 562/43/11 561/39/10
f 472/576/8 473/577/10 561/39/10 563/35/8
f 65/578/394 66/580/394 472/576/8 563/35/8 564/33/7 467/579/7
f 466/581/6 467/579/7 564/33/7 565/30/6
f 465/582/3 466/583/6 565/30/6 566/24/3
f 464/584/4 465/582/3 566/24/3 567/23/2 552/585/514
f 551/586/30 552/585/514 567/23/2 568/85/29 175/588/29 176/587/30
f 63/589/515 175/588/29 568/85/29 569/83/28
f 62/590/27 63/591/515 569/83/28 570/80/27
f 177/592/502 62/594/27 570/80/27 571/78/26 559/593/26
f 558/595/25 559/593/26 571/78/26 572/76/25
f 557/596/23 558/595/25 572/76/25 573/74/23
f 556/597/22 557/598/23 573/74/23 574/72/22
f 560/599/20 556/600/22 574/72/22 575/67/20
f 554/601/21 553/605/21 560/599/20 575/67/20 576/64/19 422/604/19 423/603/21 555/602/21
f 424/606/18 422/608/19 576/64/19 577/57/16 426/607/16
f 427/609/399 426/611/16 577/57/16 578/56/15 479/610/15
f 478/612/14 479/613/15 578/53/15 579/50/14
f 475/614/13 476/615/505 478/612/14 579/50/14 580/47/13
f 474/616/11 475/614/13 580/47/13 562/43/11
f 562/8/1 581/3/1 561/7/1
f 561/7/1 581/3/1 563/6/1
f 563/6/1 581/3/1 564/5/1
f 564/5/1 581/3/1 565/4/1
f 565/4/1 581/3/1 566/1/1
f 566/1/1 581/3/1 567/2/1
f 567/2/1 581/3/1 568/21/1
f 568/21/1 581/3/1 569/20/1
f 569/20/1 581/3/1 570/19/1
f 570/19/1 581/3/1 571/18/1
f 571/18/1 581/3/1 572/17/1
f 572/17/1 581/3/1 573/16/1
f 573/16/1 581/3/1 574/15/1
f 574/15/1 581/3/1 575/14/1
f 575/14/1 581/3/1 576/13/1
f 576/13/1 581/3/1 577/12/1
f 577/12/1 581/3/1 578/11/1
f 578/11/1 581/3/1 579/10/1
f 579/10/1 581/3/1 580/9/1
f 580/9/1 581/3/1 562/8/1
o polySurface18
v -0.025548 0.024194 0.037181
v -0.019918 0.023401 0.037181
v -0.026333 0.026643 0.037181
v -0.026127 0.028781 0.037181
v -0.019462 0.028140 0.037181
v -0.026265 0.028795 0.034022
v -0.026265 0.028795 0.030864
v -0.026569 0.025638 0.030864
v -0.025646 0.023176 0.030864
v -0.020016 0.022382 0.030864
v -0.025627 0.023380 0.034022
v -0.019996 0.022586 0.034022
v -0.026549 0.025842 0.034022
v -0.026265 0.028795 0.027926
v -0.026553 0.025810 0.027926
v -0.020000 0.022554 0.027926
v -0.025630 0.023348 0.027926
v -0.026265 0.028795 0.025334
v -0.026519 0.026153 0.025334
v -0.019967 0.022897 0.025334
v -0.025597 0.023691 0.025334
v -0.026265 0.028795 0.022060
v -0.026425 0.027137 0.022060
v -0.019925 0.023326 0.022060
v -0.025555 0.024120 0.022060
v -0.026265 0.028795 0.018770
v -0.026360 0.027808 0.018770
v -0.019861 0.023997 0.018770
v -0.025491 0.024790 0.018770
v -0.026265 0.028795 0.015690
v -0.026360 0.027808 0.016341
v -0.019814 0.024477 0.016341
v -0.025445 0.025271 0.016341
v -0.026265 0.028795 0.014728
v -0.026360 0.027808 0.014804
v -0.019773 0.024907 0.014804
v -0.025403 0.025701 0.014804
v -0.025363 0.028959 0.013236
v -0.019462 0.028140 0.013236
v -0.019535 0.027381 0.014001
v -0.025326 0.028191 0.014001
v -0.019671 0.025967 0.014498
v -0.025271 0.027318 0.014498
v -0.025166 0.024603 0.037181
v -0.019876 0.023842 0.037181
v -0.025784 0.026250 0.037181
v -0.019574 0.026979 0.037181
v -0.025657 0.027564 0.037181
v -0.024796 0.024887 0.035948
v -0.019845 0.024158 0.035948
v -0.019688 0.025792 0.035948
v -0.025444 0.026218 0.035948
v -0.019605 0.026656 0.035948
v -0.025349 0.027209 0.035948
v -0.014240 0.023105 0.037181
v -0.013003 0.025360 0.037181
v -0.012850 0.026942 0.037181
v -0.012658 0.027484 0.034022
v -0.012658 0.027484 0.030864
v -0.012962 0.024328 0.030864
v -0.014338 0.022087 0.030864
v -0.014318 0.022291 0.034022
v -0.012943 0.024532 0.034022
v -0.012658 0.027484 0.027926
v -0.012946 0.024500 0.027926
v -0.014321 0.022259 0.027926
v -0.012658 0.027484 0.025334
v -0.012913 0.024843 0.025334
v -0.014288 0.022602 0.025334
v -0.012658 0.027484 0.022060
v -0.012871 0.025272 0.022060
v -0.014247 0.023031 0.022060
v -0.012658 0.027484 0.018770
v -0.012807 0.025942 0.018770
v -0.014182 0.023701 0.018770
v -0.012658 0.027484 0.015690
v -0.012807 0.025942 0.016341
v -0.014136 0.024182 0.016341
v -0.012658 0.027484 0.014728
v -0.012807 0.025942 0.014804
v -0.014095 0.024612 0.014804
v -0.013512 0.027818 0.013236
v -0.013695 0.027071 0.014001
v -0.013969 0.025669 0.014498
v -0.014537 0.023579 0.037181
v -0.013616 0.025079 0.037181
v -0.013490 0.026393 0.037181
v -0.014846 0.023928 0.035948
v -0.013956 0.025111 0.035948
v -0.013861 0.026103 0.035948
vn -0.0000 -0.0000 1.0000
vn -0.0980 -0.7033 -0.7041
vn -0.0881 -0.5592 -0.8243
vn -0.0750 -0.3955 -0.9154
vn -0.1396 -0.9902 0.0030
vn -0.1379 -0.9777 0.1582
vn -0.1378 -0.9777 0.1587
vn -0.1352 -0.9586 0.2506
vn -0.9364 -0.3509 0.0013
vn -0.9377 -0.3387 0.0778
vn -0.9909 -0.1244 0.0512
vn -0.9914 -0.1309 0.0007
vn -0.9369 -0.3257 0.1271
vn -0.9892 -0.1178 0.0876
vn -0.9952 0.0958 0.0220
vn -0.9954 0.0958 -0.0000
vn -0.9944 0.0958 0.0440
vn -0.9912 -0.1307 -0.0216
vn -0.1390 -0.9857 -0.0953
vn -0.1390 -0.9857 -0.0951
vn -0.9356 -0.3506 -0.0420
vn -0.9921 -0.1200 -0.0371
vn -0.1384 -0.9817 -0.1311
vn -0.9412 -0.3301 -0.0724
vn -0.9941 -0.1005 -0.0412
vn -0.1377 -0.9765 -0.1657
vn -0.1377 -0.9766 -0.1654
vn -0.9527 -0.2929 -0.0808
vn -0.9946 -0.0994 -0.0292
vn -0.1369 -0.9707 -0.1975
vn -0.9550 -0.2909 -0.0572
vn -0.9918 -0.1249 -0.0267
vn -0.1358 -0.9630 -0.2329
vn -0.1358 -0.9630 -0.2328
vn -0.9391 -0.3396 -0.0520
vn -0.9269 -0.1073 -0.3598
vn -0.8547 -0.2412 -0.4597
vn -0.1025 -0.6819 -0.7242
vn -0.7484 -0.3733 -0.5483
vn -0.6957 -0.2917 -0.6564
vn -0.5450 -0.2888 -0.7871
vn -0.0419 -0.2192 -0.9748
vn -0.3726 -0.2745 -0.8865
vn 0.1391 0.9567 0.2557
vn 0.9468 0.1450 0.2875
vn 0.8804 0.3740 0.2917
vn -0.0927 -0.9627 0.2543
vn 0.9593 -0.0924 0.2669
vn -0.0380 -0.7091 -0.7041
vn -0.0284 -0.5335 -0.8453
vn -0.0174 -0.3307 -0.9436
vn -0.0519 -0.9986 0.0030
vn -0.0512 -0.9861 0.1584
vn -0.0512 -0.9860 0.1584
vn -0.0502 -0.9668 0.2506
vn 0.8522 -0.5231 0.0013
vn 0.9482 -0.3176 0.0007
vn 0.9490 -0.3112 0.0512
vn 0.8558 -0.5114 0.0778
vn 0.9485 -0.3043 0.0876
vn 0.8576 -0.4984 0.1271
vn 0.9954 -0.0958 -0.0000
vn 0.9952 -0.0958 0.0220
vn 0.9944 -0.0958 0.0440
vn 0.9480 -0.3175 -0.0216
vn -0.0517 -0.9941 -0.0951
vn -0.0517 -0.9941 -0.0953
vn 0.8515 -0.5227 -0.0420
vn 0.9479 -0.3173 -0.0298
vn -0.0515 -0.9900 -0.1311
vn 0.8508 -0.5223 -0.0580
vn 0.9476 -0.3171 -0.0378
vn -0.0512 -0.9849 -0.1654
vn -0.0512 -0.9849 -0.1657
vn 0.8499 -0.5217 -0.0737
vn 0.9442 -0.3275 -0.0353
vn -0.0509 -0.9790 -0.1975
vn 0.8386 -0.5405 -0.0685
vn 0.9312 -0.3630 -0.0331
vn -0.0505 -0.9712 -0.2328
vn -0.0505 -0.9712 -0.2329
vn 0.7954 -0.6027 -0.0637
vn 0.7760 -0.4108 -0.4787
vn 0.8912 -0.2433 -0.3829
vn -0.0368 -0.7084 -0.7048
vn -0.0370 -0.7084 -0.7049
vn 0.6144 -0.5631 -0.5527
vn 0.4784 -0.3497 -0.8055
vn 0.6272 -0.3471 -0.6972
vn -0.0144 -0.2762 -0.9610
vn 0.3134 -0.3405 -0.8865
vn 0.0460 0.9657 0.2557
vn -0.9017 0.3229 0.2875
vn -0.9017 0.3230 0.2875
vn -0.7928 0.5351 0.2917
vn -0.9593 0.0924 0.2669
vt 0.375000 0.000000
vt 0.500000 0.000000
vt 0.500000 0.125000
vt 0.375000 0.125000
vt 0.500000 0.250000
vt 0.375000 0.250000
vt 0.375000 0.500000
vt 0.500000 0.500000
vt 0.500000 0.625000
vt 0.375000 0.625000
vt 0.500000 0.750000
vt 0.375000 0.750000
vt 0.500000 0.875000
vt 0.375000 0.875000
vt 0.500000 1.000000
vt 0.375000 1.000000
vt 0.125000 0.000000
vt 0.250000 0.000000
vt 0.250000 0.125000
vt 0.125000 0.125000
vt 0.250000 0.250000
vt 0.125000 0.250000
s 1
usemtl lambert1
f 630/617/516 631/618/516 632/619/516 633/620/516
f 633/620/516 632/619/516 634/621/516 635/622/516
f 619/623/517 620/624/517 621/625/518 622/626/518
f 622/626/518 621/625/518 623/627/519 624/628/519
f 590/628/520 591/627/520 593/629/521 592/630/522
f 592/630/522 593/629/521 583/631/523 582/632/523
f 590/633/524 592/634/525 594/635/526 589/636/527
f 592/634/525 582/617/528 584/620/529 594/635/526
f 589/636/527 594/635/526 587/637/530 588/638/531
f 594/635/526 584/620/529 585/622/532 587/637/530
f 589/626/527 588/623/531 595/623/531 596/626/533
f 591/627/520 590/628/520 598/628/534 597/627/535
f 590/628/524 589/626/527 596/626/533 598/628/536
f 596/626/533 595/623/531 599/623/531 600/626/537
f 597/627/535 598/628/534 602/628/538 601/627/538
f 598/628/536 596/626/533 600/626/537 602/628/539
f 600/626/537 599/623/531 603/623/531 604/626/540
f 601/627/538 602/628/538 606/628/541 605/627/542
f 602/628/539 600/626/537 604/626/540 606/628/543
f 604/626/540 603/623/531 607/623/531 608/626/544
f 605/627/542 606/628/541 610/628/545 609/627/545
f 606/628/543 604/626/540 608/626/544 610/628/546
f 608/626/544 607/623/531 611/623/531 612/626/547
f 609/627/545 610/628/545 614/628/548 613/627/549
f 610/628/546 608/626/544 612/626/547 614/628/550
f 612/626/547 611/623/531 615/623/551 616/626/552
f 613/627/549 614/628/548 618/628/553 617/627/553
f 614/628/550 612/626/547 616/626/552 618/628/554
f 616/626/552 615/623/551 619/623/555 622/626/556
f 617/627/553 618/628/553 624/628/557 623/627/557
f 618/628/554 616/626/552 622/626/556 624/628/558
f 582/617/516 583/618/516 626/618/516 625/617/516
f 584/620/516 582/617/516 625/617/516 627/620/516
f 586/621/516 585/622/516 629/622/516 628/621/516
f 585/622/516 584/620/516 627/620/516 629/622/516
f 625/617/559 626/618/559 631/618/559 630/617/559
f 627/620/560 625/617/561 630/617/561 633/620/560
f 628/621/562 629/622/562 635/622/562 634/621/562
f 629/622/563 627/620/560 633/620/560 635/622/563
f 669/617/516 670/620/516 632/619/516 631/618/516
f 670/620/516 671/622/516 634/621/516 632/619/516
f 663/623/564 664/626/565 621/625/565 620/624/564
f 664/626/565 665/628/566 623/627/566 621/625/565
f 642/628/567 643/630/568 593/629/569 591/627/567
f 643/630/568 636/632/570 583/631/570 593/629/569
f 642/633/571 641/636/572 644/635/573 643/634/574
f 643/634/574 644/635/573 637/620/575 636/617/576
f 641/636/572 640/638/577 639/637/578 644/635/573
f 644/635/573 639/637/578 638/622/579 637/620/575
f 641/626/572 646/626/580 645/623/577 640/623/577
f 591/627/567 597/627/581 647/628/582 642/628/567
f 642/628/571 647/628/583 646/626/580 641/626/572
f 646/626/580 649/626/584 648/623/577 645/623/577
f 597/627/581 601/627/585 650/628/585 647/628/582
f 647/628/583 650/628/586 649/626/584 646/626/580
f 649/626/584 652/626/587 651/623/577 648/623/577
f 601/627/585 605/627/588 653/628/589 650/628/585
f 650/628/586 653/628/590 652/626/587 649/626/584
f 652/626/587 655/626/591 654/623/577 651/623/577
f 605/627/588 609/627/592 656/628/592 653/628/589
f 653/628/590 656/628/593 655/626/591 652/626/587
f 655/626/591 658/626/594 657/623/577 654/623/577
f 609/627/592 613/627/595 659/628/596 656/628/592
f 656/628/593 659/628/597 658/626/594 655/626/591
f 658/626/594 661/626/598 660/623/599 657/623/577
f 613/627/595 617/627/600 662/628/601 659/628/596
f 659/628/597 662/628/602 661/626/598 658/626/594
f 661/626/598 664/626/603 663/623/604 660/623/599
f 617/627/600 623/627/605 665/628/605 662/628/601
f 662/628/602 665/628/606 664/626/603 661/626/598
f 636/617/516 666/617/516 626/618/516 583/618/516
f 637/620/516 667/620/516 666/617/516 636/617/516
f 586/621/516 628/621/516 668/622/516 638/622/516
f 638/622/516 668/622/516 667/620/516 637/620/516
f 666/617/607 669/617/607 631/618/607 626/618/607
f 667/620/608 670/620/609 669/617/610 666/617/610
f 628/621/562 634/621/562 671/622/562 668/622/562
f 668/622/611 671/622/611 670/620/609 667/620/608
o polySurface32
v 0.005423 0.042375 0.028802
v 0.005423 0.043441 0.028802
v 0.003817 0.045165 0.031908
v 0.005423 0.045028 0.028802
v -0.001245 0.046751 0.031908
v 0.000665 0.046751 0.031908
v 0.003817 0.046751 0.031908
v 0.005058 0.046614 0.028802
v -0.001245 0.049251 0.031908
v 0.000665 0.049251 0.031908
v 0.002518 0.049251 0.031908
v -0.001245 0.051751 0.031908
v 0.000796 0.051692 0.031908
v 0.001561 0.050973 0.031908
v -0.001245 0.054114 0.029552
v -0.001245 0.056808 0.024761
v -0.001245 0.057014 0.023607
v -0.001245 0.056868 0.022982
v -0.001245 0.057391 0.017062
v -0.001245 0.057067 0.013344
v -0.001245 0.056241 0.010727
v 0.005877 0.042375 0.024999
v 0.005877 0.044447 0.024999
v -0.001245 0.056079 0.002978
v -0.001245 0.055188 0.002950
v -0.007905 0.042375 0.028802
v -0.007905 0.043441 0.028802
v -0.006299 0.045165 0.031908
v -0.007905 0.045028 0.028802
v -0.003147 0.046751 0.031908
v -0.006299 0.046751 0.031908
v -0.007539 0.046614 0.028802
v -0.003147 0.049251 0.031908
v -0.005000 0.049251 0.031908
v -0.006460 0.049308 0.027810
v -0.003278 0.051692 0.031908
v -0.004042 0.050973 0.031908
v -0.005131 0.051344 0.029217
v -0.002626 0.054055 0.029195
v -0.003502 0.053332 0.028896
v -0.004484 0.052429 0.029099
v -0.003079 0.056748 0.024543
v -0.003630 0.056030 0.024543
v -0.005132 0.054974 0.024730
v -0.003209 0.056954 0.023607
v -0.003913 0.056236 0.023607
v -0.005261 0.055029 0.023729
v -0.003209 0.056808 0.022982
v -0.003759 0.056090 0.022799
v -0.005261 0.054973 0.022500
v -0.003637 0.057106 0.017062
v -0.004341 0.056387 0.017062
v -0.005301 0.055197 0.017062
v -0.003637 0.056701 0.013344
v -0.004341 0.055982 0.013344
v -0.005095 0.054743 0.013344
v -0.003289 0.056091 0.010727
v -0.003886 0.055549 0.010727
v -0.004922 0.054477 0.010727
v -0.006290 0.052534 0.010591
v -0.007326 0.050623 0.010988
v -0.007967 0.049739 0.011019
v -0.008488 0.048161 0.011014
v -0.008488 0.045661 0.011014
v -0.008488 0.042375 0.011014
v -0.008687 0.042375 0.013729
v -0.008687 0.042375 0.017062
v -0.008488 0.042375 0.022596
v -0.008488 0.042375 0.023729
v -0.008358 0.042375 0.024999
v -0.008687 0.045605 0.013729
v -0.008687 0.045568 0.017062
v -0.008488 0.045126 0.022596
v -0.008488 0.044856 0.023729
v -0.008358 0.044447 0.024999
v -0.008687 0.047069 0.013729
v -0.008687 0.046991 0.017062
v -0.008488 0.046481 0.022876
v -0.008488 0.046647 0.023729
v -0.008358 0.047300 0.024999
v -0.008235 0.049403 0.013580
v -0.008235 0.049045 0.017062
v -0.008367 0.049002 0.021595
v -0.007891 0.049187 0.023634
v -0.007462 0.049460 0.024837
v -0.007587 0.050787 0.013396
v -0.007678 0.051048 0.017062
v -0.007108 0.051575 0.021533
v -0.007120 0.051541 0.023729
v -0.006990 0.051892 0.025009
v -0.006636 0.052861 0.013468
v -0.006636 0.053158 0.017062
v -0.006672 0.053294 0.022056
v -0.006647 0.053269 0.023763
v -0.006517 0.053153 0.024865
v -0.002778 0.055982 0.003000
v -0.003342 0.054810 0.002972
v -0.003337 0.055892 0.003035
v -0.004382 0.054167 0.003107
v -0.004637 0.054934 0.002922
v -0.005166 0.054496 0.002958
v -0.006417 0.052222 0.002965
v -0.005782 0.051804 0.002965
v -0.007620 0.049806 0.002976
v -0.006784 0.049510 0.002976
v -0.007907 0.048161 0.002958
v -0.006992 0.048161 0.002958
v -0.007913 0.042375 0.028802
v -0.007913 0.043441 0.028802
v -0.006307 0.045165 0.031908
v -0.007913 0.045028 0.028802
v -0.003155 0.046751 0.031908
v -0.006307 0.046751 0.031908
v -0.007548 0.046614 0.028802
v -0.003155 0.049251 0.031908
v -0.005008 0.049251 0.031908
v -0.003286 0.051692 0.031908
v -0.004050 0.050973 0.031908
v -0.008367 0.042375 0.024999
v -0.008367 0.044447 0.024999
v 0.005415 0.042375 0.028802
v 0.005415 0.043441 0.028802
v 0.003809 0.045165 0.031908
v 0.005415 0.045028 0.028802
v 0.000657 0.046751 0.031908
v 0.003809 0.046751 0.031908
v 0.005050 0.046614 0.028802
v 0.000657 0.049251 0.031908
v 0.002510 0.049251 0.031908
v 0.003970 0.049308 0.027810
v 0.000788 0.051692 0.031908
v 0.001552 0.050973 0.031908
v 0.002641 0.051344 0.029217
v 0.000136 0.054055 0.029195
v 0.001012 0.053332 0.028896
v 0.001994 0.052429 0.029099
v 0.000590 0.056748 0.024543
v 0.001140 0.056030 0.024543
v 0.002642 0.054974 0.024730
v 0.000719 0.056954 0.023607
v 0.001423 0.056236 0.023607
v 0.002771 0.055029 0.023729
v 0.000719 0.056808 0.022982
v 0.001269 0.056090 0.022799
v 0.002771 0.054973 0.022500
v 0.001147 0.057106 0.017062
v 0.001851 0.056387 0.017062
v 0.002811 0.055197 0.017062
v 0.001147 0.056701 0.013344
v 0.001851 0.055982 0.013344
v 0.002605 0.054743 0.013344
v 0.000799 0.056091 0.010727
v 0.001396 0.055549 0.010727
v 0.002432 0.054477 0.010727
v 0.003801 0.052534 0.010591
v 0.004837 0.050623 0.010988
v 0.005477 0.049739 0.011019
v 0.005998 0.048161 0.011014
v 0.005998 0.045661 0.011014
v 0.005998 0.042375 0.011014
v 0.006197 0.042375 0.013729
v 0.006197 0.042375 0.017062
v 0.005998 0.042375 0.022596
v 0.005998 0.042375 0.023729
v 0.005869 0.042375 0.024999
v 0.006197 0.045605 0.013729
v 0.006197 0.045568 0.017062
v 0.005998 0.045126 0.022596
v 0.005998 0.044856 0.023729
v 0.005869 0.044447 0.024999
v 0.006197 0.047069 0.013729
v 0.006197 0.046991 0.017062
v 0.005998 0.046481 0.022876
v 0.005998 0.046647 0.023729
v 0.005869 0.047300 0.024999
v 0.005745 0.049403 0.013580
v 0.005745 0.049045 0.017062
v 0.005877 0.049002 0.021595
v 0.005401 0.049187 0.023634
v 0.004972 0.049460 0.024837
v 0.005098 0.050787 0.013396
v 0.005189 0.051048 0.017062
v 0.004618 0.051575 0.021533
v 0.004630 0.051541 0.023729
v 0.004500 0.051892 0.025009
v 0.004146 0.052861 0.013468
v 0.004146 0.053158 0.017062
v 0.004182 0.053294 0.022056
v 0.004157 0.053269 0.023763
v 0.004027 0.053153 0.024865
v 0.000288 0.055982 0.003000
v 0.000852 0.054810 0.002972
v 0.000848 0.055892 0.003035
v 0.001892 0.054167 0.003107
v 0.002147 0.054934 0.002922
v 0.002676 0.054496 0.002958
v 0.003927 0.052222 0.002965
v 0.003292 0.051804 0.002965
v 0.005131 0.049806 0.002976
v 0.004294 0.049510 0.002976
v 0.005417 0.048161 0.002958
v 0.004502 0.048161 0.002958
vn 0.9059 0.1044 0.4104
vn -0.0000 -0.0000 1.0000
vn 0.9930 -0.0000 0.1184
vn -0.9059 0.1044 0.4104
vn -0.6952 0.2184 0.6849
vn -0.8878 0.2787 0.3663
vn -0.5200 0.2561 0.8149
vn -0.8475 0.4175 0.3278
vn -0.0525 0.4014 0.9144
vn -0.2146 0.4011 0.8906
vn -0.6214 0.4750 0.6231
vn -0.7688 0.5080 0.3885
vn -0.0960 0.7342 0.6721
vn -0.3893 0.7277 0.5647
vn -0.6556 0.6324 0.4126
vn -0.6663 0.6141 0.4230
vn -0.1206 0.8598 0.4962
vn -0.0825 0.9328 0.3508
vn -0.4231 0.8251 0.3745
vn -0.4277 0.7694 0.4744
vn -0.6309 0.6892 0.3563
vn -0.5976 0.6670 0.4449
vn -0.5477 0.7563 0.3579
vn -0.4957 0.7242 0.4794
vn -0.0367 0.9992 -0.0160
vn -0.4234 0.9058 0.0151
vn -0.6829 0.7289 0.0492
vn -0.6157 0.7861 0.0539
vn -0.0548 0.9954 -0.0788
vn -0.4352 0.8973 -0.0735
vn -0.7048 0.7082 -0.0415
vn -0.6582 0.7524 -0.0260
vn -0.1070 0.9942 -0.0125
vn -0.4512 0.8924 -0.0006
vn -0.7470 0.6649 0.0014
vn -0.7563 0.6542 -0.0086
vn -0.1235 0.9751 -0.1840
vn -0.4324 0.8833 -0.1813
vn -0.7490 0.6463 -0.1462
vn -0.7970 0.5894 -0.1317
vn -0.0913 0.9851 -0.1461
vn -0.3506 0.9253 -0.1448
vn -0.6581 0.7449 -0.1099
vn -0.7567 0.6498 -0.0714
vn -0.0164 0.0316 -0.9994
vn -0.0738 0.0447 -0.9963
vn 0.0456 -0.0475 -0.9978
vn 0.0220 -0.0597 -0.9980
vn 0.1336 -0.0996 -0.9860
vn 0.1742 -0.1749 -0.9691
vn 0.0451 -0.0137 -0.9989
vn -0.0000 0.0038 -1.0000
vn -0.0000 0.0037 -1.0000
vn 0.0019 0.0115 -0.9999
vn -0.9993 -0.0000 -0.0366
vn -0.9973 -0.0000 -0.0732
vn -0.9998 -0.0000 0.0180
vn -0.9998 -0.0009 0.0177
vn -0.9987 -0.0000 0.0508
vn -0.9939 -0.0000 0.1099
vn -0.9930 -0.0000 0.1184
vn -0.9936 0.1115 -0.0204
vn -0.9855 0.1624 -0.0499
vn -0.9965 0.0821 0.0153
vn -0.9960 0.0755 0.0469
vn -0.9888 0.1218 0.0858
vn -0.9766 0.1586 0.1455
vn -0.9685 0.1618 0.1892
vn -0.9476 0.3185 -0.0229
vn -0.9289 0.3679 -0.0426
vn -0.9656 0.2598 0.0111
vn -0.9619 0.2651 0.0668
vn -0.9534 0.2763 0.1207
vn -0.9318 0.2978 0.2074
vn -0.9685 0.1619 0.1893
vn -0.9033 0.3199 0.2858
vn -0.9039 0.4223 -0.0677
vn -0.8794 0.4723 -0.0603
vn -0.9278 0.3730 0.0003
vn -0.9396 0.3404 0.0370
vn -0.9520 0.2951 0.0811
vn -0.9237 0.2959 0.2435
vn -0.8750 0.3146 0.3680
vn -0.8508 0.5153 -0.1028
vn -0.8408 0.5374 -0.0656
vn -0.8680 0.4960 -0.0238
vn -0.8846 0.4663 0.0102
vn -0.8865 0.4590 0.0577
vn -0.8482 0.4522 0.2758
vn -0.7941 0.4279 0.4316
vn -0.7967 0.5941 -0.1112
vn -0.8056 0.5912 -0.0388
vn -0.7906 0.6124 0.0027
vn -0.7797 0.6219 0.0728
vn -0.7579 0.5819 0.2949
vn -0.7187 0.5405 0.4375
vn -0.0694 0.9974 -0.0197
vn -0.4801 0.8770 -0.0197
vn -0.5714 0.8206 -0.0080
vn -0.7222 0.6915 0.0150
vn -0.8332 0.5529 0.0106
vn -0.8753 0.4834 -0.0114
vn -0.9289 0.3685 -0.0366
vn -0.9685 0.2430 -0.0548
vn 0.8877 0.2788 0.3663
vn 0.6952 0.2184 0.6849
vn 0.5200 0.2561 0.8149
vn 0.8475 0.4175 0.3278
vn 0.2146 0.4011 0.8906
vn 0.0525 0.4014 0.9144
vn 0.6214 0.4750 0.6231
vn 0.7688 0.5080 0.3885
vn 0.3893 0.7277 0.5647
vn 0.0960 0.7342 0.6722
vn 0.6556 0.6324 0.4126
vn 0.6663 0.6141 0.4230
vn 0.1206 0.8598 0.4962
vn 0.4277 0.7694 0.4744
vn 0.4231 0.8251 0.3745
vn 0.0825 0.9328 0.3508
vn 0.5976 0.6670 0.4449
vn 0.6309 0.6892 0.3563
vn 0.4957 0.7242 0.4794
vn 0.5477 0.7563 0.3578
vn 0.4234 0.9058 0.0151
vn 0.0367 0.9992 -0.0160
vn 0.6829 0.7289 0.0492
vn 0.6157 0.7861 0.0538
vn 0.4352 0.8973 -0.0735
vn 0.0548 0.9954 -0.0788
vn 0.7048 0.7082 -0.0415
vn 0.6582 0.7524 -0.0260
vn 0.4515 0.8923 -0.0004
vn 0.1070 0.9942 -0.0125
vn 0.7470 0.6649 0.0014
vn 0.7563 0.6542 -0.0086
vn 0.4324 0.8833 -0.1813
vn 0.1235 0.9751 -0.1840
vn 0.7490 0.6463 -0.1462
vn 0.7970 0.5894 -0.1317
vn 0.3506 0.9253 -0.1448
vn 0.0913 0.9851 -0.1460
vn 0.6581 0.7448 -0.1099
vn 0.7568 0.6498 -0.0714
vn 0.0164 0.0316 -0.9994
vn 0.0738 0.0447 -0.9963
vn -0.0220 -0.0597 -0.9980
vn -0.0456 -0.0475 -0.9978
vn -0.1742 -0.1749 -0.9691
vn -0.1336 -0.0996 -0.9860
vn -0.0451 -0.0137 -0.9989
vn -0.0001 0.0041 -1.0000
vn -0.0019 0.0115 -0.9999
vn 0.9993 -0.0000 -0.0366
vn 0.9973 -0.0000 -0.0732
vn 0.9998 -0.0000 0.0180
vn 0.9998 -0.0009 0.0177
vn 0.9987 -0.0000 0.0508
vn 0.9939 -0.0000 0.1099
vn 0.9855 0.1624 -0.0499
vn 0.9936 0.1115 -0.0204
vn 0.9965 0.0821 0.0153
vn 0.9960 0.0755 0.0469
vn 0.9888 0.1218 0.0858
vn 0.9766 0.1586 0.1455
vn 0.9685 0.1619 0.1893
vn 0.9289 0.3679 -0.0426
vn 0.9476 0.3185 -0.0229
vn 0.9656 0.2598 0.0111
vn 0.9619 0.2651 0.0668
vn 0.9534 0.2763 0.1207
vn 0.9318 0.2978 0.2074
vn 0.9033 0.3199 0.2858
vn 0.8794 0.4723 -0.0603
vn 0.9039 0.4223 -0.0677
vn 0.9278 0.3731 0.0003
vn 0.9396 0.3404 0.0370
vn 0.9520 0.2951 0.0811
vn 0.9236 0.2961 0.2434
vn 0.8750 0.3146 0.3680
vn 0.8408 0.5374 -0.0656
vn 0.8508 0.5153 -0.1028
vn 0.8680 0.4960 -0.0238
vn 0.8846 0.4663 0.0102
vn 0.8865 0.4590 0.0577
vn 0.8482 0.4522 0.2758
vn 0.7941 0.4279 0.4316
vn 0.7967 0.5941 -0.1112
vn 0.8056 0.5912 -0.0388
vn 0.7906 0.6124 0.0027
vn 0.7797 0.6219 0.0729
vn 0.7579 0.5819 0.2949
vn 0.7187 0.5405 0.4375
vn 0.0694 0.9974 -0.0197
vn 0.5714 0.8206 -0.0080
vn 0.4801 0.8770 -0.0197
vn 0.7222 0.6915 0.0150
vn 0.8332 0.5529 0.0106
vn 0.8753 0.4834 -0.0114
vn 0.9289 0.3685 -0.0366
vn 0.9685 0.2430 -0.0548
vt 0.583333 0.083333
vt 0.625000 0.083333
vt 0.625000 0.125000
vt 0.583333 0.125000
vt 0.500000 0.125000
vt 0.541667 0.125000
vt 0.541667 0.166667
vt 0.500000 0.166667
vt 0.583333 0.166667
vt 0.541667 0.208333
vt 0.500000 0.208333
vt 0.583333 0.208333
vt 0.625000 0.000000
vt 0.666667 0.000000
vt 0.666667 0.041667
vt 0.625000 0.041667
vt 0.625000 0.166667
vt 0.625000 0.208333
vt 0.500000 0.250000
vt 0.541667 0.250000
vt 0.583333 0.250000
vt 0.625000 0.250000
vt 0.500000 0.291667
vt 0.541667 0.291667
vt 0.583333 0.291667
vt 0.625000 0.291667
vt 0.500000 0.333333
vt 0.541667 0.333333
vt 0.583333 0.333333
vt 0.625000 0.333333
vt 0.500000 0.375000
vt 0.541667 0.375000
vt 0.583333 0.375000
vt 0.625000 0.375000
vt 0.500000 0.416667
vt 0.541667 0.416667
vt 0.583333 0.416667
vt 0.625000 0.416667
vt 0.500000 0.458333
vt 0.541667 0.458333
vt 0.583333 0.458333
vt 0.625000 0.458333
vt 0.500000 0.500000
vt 0.541667 0.500000
vt 0.583333 0.500000
vt 0.625000 0.500000
vt 0.500000 0.541667
vt 0.541667 0.541667
vt 0.583333 0.541667
vt 0.625000 0.541667
vt 0.583333 0.583333
vt 0.625000 0.583333
vt 0.583333 0.625000
vt 0.625000 0.625000
vt 0.583333 0.666667
vt 0.625000 0.666667
vt 0.833333 0.000000
vt 0.833333 0.041667
vt 0.875000 0.041667
vt 0.875000 0.000000
vt 0.791667 0.000000
vt 0.791667 0.041667
vt 0.750000 0.000000
vt 0.750000 0.041667
vt 0.708333 0.000000
vt 0.708333 0.041667
vt 0.833333 0.083333
vt 0.875000 0.083333
vt 0.791667 0.083333
vt 0.750000 0.083333
vt 0.708333 0.083333
vt 0.666667 0.083333
vt 0.833333 0.125000
vt 0.875000 0.125000
vt 0.791667 0.125000
vt 0.750000 0.125000
vt 0.708333 0.125000
vt 0.666667 0.125000
vt 0.833333 0.166667
vt 0.875000 0.166667
vt 0.791667 0.166667
vt 0.750000 0.166667
vt 0.708333 0.166667
vt 0.666667 0.166667
vt 0.833333 0.208333
vt 0.875000 0.208333
vt 0.791667 0.208333
vt 0.750000 0.208333
vt 0.708333 0.208333
vt 0.666667 0.208333
vt 0.833333 0.250000
vt 0.875000 0.250000
vt 0.791667 0.250000
vt 0.750000 0.250000
vt 0.708333 0.250000
vt 0.666667 0.250000
s 1
usemtl lambert1
f 674/639/612 675/640/612 679/641/612 678/642/612
f 676/643/613 677/644/613 681/645/613 680/646/613
f 677/644/613 678/642/613 682/647/613 681/645/613
f 680/646/613 681/645/613 684/648/613 683/649/613
f 681/645/613 682/647/613 685/650/613 684/648/613
f 672/651/614 693/652/614 694/653/614 673/654/614
f 699/639/615 702/642/616 703/641/617 700/640/615
f 676/643/613 680/646/613 704/645/613 701/644/613
f 701/644/613 704/645/613 705/647/618 702/642/616
f 702/642/616 705/647/618 706/655/619 703/641/617
f 680/646/613 683/649/620 707/648/621 704/645/613
f 704/645/613 707/648/621 708/650/622 705/647/618
f 705/647/618 708/650/622 709/656/623 706/655/619
f 683/649/620 686/657/624 710/658/625 707/648/621
f 707/648/621 710/658/625 711/659/626 708/650/622
f 708/650/622 711/659/626 712/660/627 709/656/623
f 686/657/628 687/661/629 713/662/630 710/658/631
f 710/658/631 713/662/630 714/663/632 711/659/633
f 711/659/633 714/663/632 715/664/634 712/660/635
f 687/661/629 688/665/636 716/666/637 713/662/630
f 713/662/630 716/666/637 717/667/638 714/663/632
f 714/663/632 717/667/638 718/668/639 715/664/634
f 688/665/636 689/669/640 719/670/641 716/666/637
f 716/666/637 719/670/641 720/671/642 717/667/638
f 717/667/638 720/671/642 721/672/643 718/668/639
f 689/669/640 690/673/644 722/674/645 719/670/641
f 719/670/641 722/674/645 723/675/646 720/671/642
f 720/671/642 723/675/646 724/676/647 721/672/643
f 690/673/644 691/677/648 725/678/649 722/674/645
f 722/674/645 725/678/649 726/679/650 723/675/646
f 723/675/646 726/679/650 727/680/651 724/676/647
f 691/677/648 692/681/652 728/682/653 725/678/649
f 725/678/649 728/682/653 729/683/654 726/679/650
f 726/679/650 729/683/654 730/684/655 727/680/651
f 695/681/656 696/685/656 768/686/657 767/682/657
f 767/682/657 768/686/657 770/687/658 769/683/659
f 769/683/659 770/687/658 772/688/660 771/684/661
f 770/687/658 774/689/662 773/690/662 772/688/660
f 774/689/662 776/691/663 775/692/664 773/690/662
f 776/691/663 778/693/665 777/694/665 775/692/664
f 737/695/666 742/696/666 735/697/667 736/698/667
f 738/699/668 743/700/669 742/696/666 737/695/666
f 739/701/668 744/702/669 743/700/669 738/699/668
f 740/703/670 745/704/670 744/702/669 739/701/668
f 741/652/671 746/653/671 745/704/670 740/703/670
f 697/651/672 698/654/672 746/653/671 741/652/671
f 742/696/666 747/705/673 734/706/674 735/697/667
f 743/700/669 748/707/675 747/705/673 742/696/666
f 744/702/669 749/708/676 748/707/675 743/700/669
f 745/704/670 750/709/677 749/708/676 744/702/669
f 746/653/671 751/710/678 750/709/677 745/704/670
f 698/654/672 700/640/679 751/710/678 746/653/671
f 747/705/673 752/711/680 733/712/681 734/706/674
f 748/707/675 753/713/682 752/711/680 747/705/673
f 749/708/676 754/714/683 753/713/682 748/707/675
f 750/709/677 755/715/684 754/714/683 749/708/676
f 751/710/678 756/716/685 755/715/684 750/709/677
f 700/640/686 703/641/687 756/716/685 751/710/678
f 752/711/680 757/717/688 732/718/689 733/712/681
f 753/713/682 758/719/690 757/717/688 752/711/680
f 754/714/683 759/720/691 758/719/690 753/713/682
f 755/715/684 760/721/692 759/720/691 754/714/683
f 756/716/685 761/722/693 760/721/692 755/715/684
f 703/641/687 706/655/694 761/722/693 756/716/685
f 757/717/688 762/723/695 731/724/696 732/718/689
f 758/719/690 763/725/697 762/723/695 757/717/688
f 759/720/691 764/726/698 763/725/697 758/719/690
f 760/721/692 765/727/699 764/726/698 759/720/691
f 761/722/693 766/728/700 765/727/699 760/721/692
f 706/655/694 709/656/701 766/728/700 761/722/693
f 762/723/695 727/729/702 730/730/655 731/724/696
f 763/725/697 724/731/703 727/729/702 762/723/695
f 764/726/698 721/732/704 724/731/703 763/725/697
f 765/727/699 718/733/705 721/732/704 764/726/698
f 766/728/700 715/734/706 718/733/705 765/727/699
f 709/656/701 712/660/707 715/734/706 766/728/700
f 692/681/652 695/681/708 767/682/708 728/682/653
f 728/682/653 767/682/709 769/683/710 729/683/654
f 729/683/654 769/683/710 771/684/711 730/684/655
f 730/684/655 771/684/711 772/688/712 731/688/696
f 731/688/696 772/688/712 773/690/713 732/690/689
f 732/690/689 773/690/713 775/692/714 733/692/681
f 733/692/681 775/692/714 777/694/715 734/694/674
f 781/639/615 784/642/615 785/641/615 782/640/615
f 676/643/613 680/646/613 786/645/613 783/644/613
f 783/644/613 786/645/613 787/647/613 784/642/613
f 680/646/613 683/649/613 788/648/613 786/645/613
f 786/645/613 788/648/613 789/650/613 787/647/613
f 779/651/672 780/654/672 791/653/672 790/652/672
f 794/639/612 795/640/612 798/641/716 797/642/717
f 676/643/613 796/644/613 799/645/613 680/646/613
f 796/644/613 797/642/717 800/647/718 799/645/613
f 797/642/717 798/641/716 801/655/719 800/647/718
f 680/646/613 799/645/613 802/648/720 683/649/721
f 799/645/613 800/647/718 803/650/722 802/648/720
f 800/647/718 801/655/719 804/656/723 803/650/722
f 683/649/721 802/648/720 805/658/724 686/657/725
f 802/648/720 803/650/722 806/659/726 805/658/724
f 803/650/722 804/656/723 807/660/727 806/659/726
f 686/657/728 805/658/729 808/662/730 687/661/731
f 805/658/729 806/659/732 809/663/733 808/662/730
f 806/659/732 807/660/734 810/664/735 809/663/733
f 687/661/731 808/662/730 811/666/736 688/665/737
f 808/662/730 809/663/733 812/667/738 811/666/736
f 809/663/733 810/664/735 813/668/739 812/667/738
f 688/665/737 811/666/736 814/670/740 689/669/741
f 811/666/736 812/667/738 815/671/742 814/670/740
f 812/667/738 813/668/739 816/672/743 815/671/742
f 689/669/741 814/670/740 817/674/744 690/673/745
f 814/670/740 815/671/742 818/675/746 817/674/744
f 815/671/742 816/672/743 819/676/747 818/675/746
f 690/673/745 817/674/744 820/678/748 691/677/749
f 817/674/744 818/675/746 821/679/750 820/678/748
f 818/675/746 819/676/747 822/680/751 821/679/750
f 691/677/749 820/678/748 823/682/752 692/681/753
f 820/678/748 821/679/750 824/683/754 823/682/752
f 821/679/750 822/680/751 825/684/755 824/683/754
f 695/681/756 862/682/757 863/686/757 696/685/756
f 862/682/757 864/683/758 865/687/759 863/686/757
f 864/683/758 866/684/760 867/688/761 865/687/759
f 865/687/759 867/688/761 868/690/762 869/689/762
f 869/689/762 868/690/762 870/692/664 871/691/763
f 871/691/763 870/692/664 872/694/764 873/693/764
f 832/695/765 831/698/766 830/697/766 837/696/765
f 833/699/767 832/695/765 837/696/765 838/700/768
f 834/701/767 833/699/767 838/700/768 839/702/768
f 835/703/769 834/701/767 839/702/768 840/704/769
f 836/652/770 835/703/769 840/704/769 841/653/770
f 792/651/614 836/652/770 841/653/770 793/654/614
f 837/696/765 830/697/766 829/706/771 842/705/772
f 838/700/768 837/696/765 842/705/772 843/707/773
f 839/702/768 838/700/768 843/707/773 844/708/774
f 840/704/769 839/702/768 844/708/774 845/709/775
f 841/653/770 840/704/769 845/709/775 846/710/776
f 793/654/614 841/653/770 846/710/776 795/640/777
f 842/705/772 829/706/771 828/712/778 847/711/779
f 843/707/773 842/705/772 847/711/779 848/713/780
f 844/708/774 843/707/773 848/713/780 849/714/781
f 845/709/775 844/708/774 849/714/781 850/715/782
f 846/710/776 845/709/775 850/715/782 851/716/783
f 795/640/777 846/710/776 851/716/783 798/641/784
f 847/711/779 828/712/778 827/718/785 852/717/786
f 848/713/780 847/711/779 852/717/786 853/719/787
f 849/714/781 848/713/780 853/719/787 854/720/788
f 850/715/782 849/714/781 854/720/788 855/721/789
f 851/716/783 850/715/782 855/721/789 856/722/790
f 798/641/784 851/716/783 856/722/790 801/655/791
f 852/717/786 827/718/785 826/724/792 857/723/793
f 853/719/787 852/717/786 857/723/793 858/725/794
f 854/720/788 853/719/787 858/725/794 859/726/795
f 855/721/789 854/720/788 859/726/795 860/727/796
f 856/722/790 855/721/789 860/727/796 861/728/797
f 801/655/791 856/722/790 861/728/797 804/656/798
f 857/723/793 826/724/792 825/730/755 822/729/799
f 858/725/794 857/723/793 822/729/799 819/731/800
f 859/726/795 858/725/794 819/731/800 816/732/801
f 860/727/796 859/726/795 816/732/801 813/733/802
f 861/728/797 860/727/796 813/733/802 810/734/803
f 804/656/798 861/728/797 810/734/803 807/660/804
f 692/681/753 823/682/752 862/682/805 695/681/805
f 823/682/752 824/683/754 864/683/806 862/682/807
f 824/683/754 825/684/755 866/684/808 864/683/806
f 825/684/755 826/688/792 867/688/809 866/684/808
f 826/688/792 827/690/785 868/690/810 867/688/809
f 827/690/785 828/692/778 870/692/811 868/690/810
f 828/692/778 829/694/771 872/694/812 870/692/811
o pCube15
v 0.017621 0.025567 0.036847
v 0.018910 0.025202 0.036847
v 0.020199 0.025567 0.036847
v 0.016555 0.026476 0.036847
v 0.018910 0.026476 0.036847
v 0.021265 0.026476 0.036847
v 0.016555 0.028389 0.036847
v 0.018910 0.028389 0.036847
v 0.021265 0.028389 0.036847
v 0.016555 0.028389 0.035661
v 0.018910 0.028389 0.035661
v 0.021265 0.028389 0.035661
v 0.016555 0.028389 0.032417
v 0.021265 0.028389 0.032417
v 0.016555 0.026476 0.032417
v 0.021265 0.026476 0.032417
v 0.017621 0.024840 0.032417
v 0.018910 0.024475 0.032417
v 0.020199 0.024840 0.032417
v 0.017621 0.025083 0.035661
v 0.018910 0.024717 0.035661
v 0.020199 0.025083 0.035661
v 0.021265 0.026476 0.035661
v 0.016555 0.026476 0.035661
v 0.016555 0.028389 0.028784
v 0.016555 0.026476 0.028784
v 0.021265 0.028389 0.028784
v 0.021265 0.026476 0.028784
v 0.018910 0.024475 0.028784
v 0.017621 0.024840 0.028784
v 0.020199 0.024840 0.028784
v 0.016555 0.028389 0.025817
v 0.016555 0.026658 0.025817
v 0.021265 0.028389 0.025817
v 0.021265 0.026658 0.025817
v 0.018910 0.024657 0.025817
v 0.017621 0.025022 0.025817
v 0.020199 0.025022 0.025817
v 0.016555 0.028389 0.022790
v 0.016555 0.026961 0.022790
v 0.021265 0.028389 0.022790
v 0.021265 0.026961 0.022790
v 0.018910 0.024960 0.022790
v 0.017620 0.025325 0.022790
v 0.020199 0.025325 0.022790
v 0.016555 0.028389 0.019944
v 0.016555 0.026961 0.019944
v 0.021265 0.028389 0.019944
v 0.021265 0.026961 0.019944
v 0.018910 0.025266 0.019944
v 0.017620 0.025631 0.019944
v 0.020199 0.025631 0.019944
v 0.016555 0.028389 0.016534
v 0.018910 0.028389 0.016534
v 0.016555 0.026961 0.016534
v 0.021265 0.028389 0.016534
v 0.021265 0.026961 0.016534
v 0.018910 0.025445 0.016534
v 0.017620 0.025811 0.016534
v 0.020199 0.025811 0.016534
v 0.017062 0.028389 0.015509
v 0.018910 0.028389 0.015509
v 0.018910 0.026961 0.015599
v 0.017062 0.026961 0.015725
v 0.020795 0.028389 0.015509
v 0.020795 0.026961 0.015725
v 0.018910 0.025982 0.016139
v 0.017620 0.026440 0.015869
v 0.020199 0.026440 0.015869
vn -0.0000 -0.0000 1.0000
vn -0.0000 1.0000 -0.0000
vn -0.0339 -0.1064 -0.9937
vn -0.0003 -0.1065 -0.9943
vn -0.0002 -0.2675 -0.9635
vn -0.0272 -0.2673 -0.9632
vn 0.0332 -0.1065 -0.9938
vn 0.0268 -0.2675 -0.9632
vn -0.0001 -0.4214 -0.9069
vn -0.0199 -0.4211 -0.9068
vn 0.0197 -0.4215 -0.9066
vn -0.2723 -0.9615 0.0356
vn -0.0000 -0.9993 0.0374
vn -0.0000 -0.9733 0.2295
vn -0.2658 -0.9383 0.2212
vn 0.2723 -0.9615 0.0361
vn 0.2658 -0.9383 0.2212
vn -0.0000 -0.9257 0.3782
vn -0.2536 -0.8955 0.3658
vn 0.2536 -0.8955 0.3658
vn 0.7755 -0.6263 0.0797
vn 0.8281 -0.5605 0.0108
vn 0.9561 -0.2931 0.0056
vn 0.9424 -0.3317 0.0422
vn 0.7271 -0.6726 0.1374
vn 0.9293 -0.3619 0.0739
vn 1.0000 -0.0000 -0.0000
vn -0.8281 -0.5604 0.0107
vn -0.7755 -0.6263 0.0798
vn -0.9424 -0.3317 0.0422
vn -0.9561 -0.2931 0.0056
vn -0.7271 -0.6726 0.1374
vn -0.9293 -0.3619 0.0739
vn -1.0000 -0.0000 -0.0000
vn -0.9586 -0.2846 -0.0087
vn 0.9586 -0.2846 -0.0087
vn -0.2724 -0.9617 -0.0296
vn -0.0000 -0.9995 -0.0304
vn -0.8379 -0.5456 -0.0168
vn 0.8379 -0.5456 -0.0164
vn 0.2724 -0.9617 -0.0296
vn -0.9584 -0.2844 -0.0229
vn 0.9584 -0.2844 -0.0229
vn -0.2717 -0.9593 -0.0776
vn -0.0000 -0.9968 -0.0801
vn -0.8372 -0.5451 -0.0441
vn 0.8372 -0.5451 -0.0441
vn 0.2717 -0.9593 -0.0776
vn -0.2712 -0.9574 -0.0994
vn -0.2712 -0.9574 -0.0993
vn -0.8245 -0.5642 -0.0429
vn -0.8246 -0.5641 -0.0430
vn 0.8246 -0.5642 -0.0429
vn 0.8246 -0.5641 -0.0430
vn 0.2712 -0.9574 -0.0993
vn 0.2712 -0.9574 -0.0994
vn -0.2717 -0.9593 -0.0768
vn -0.2717 -0.9593 -0.0772
vn -0.7859 -0.6179 -0.0243
vn 0.7859 -0.6179 -0.0243
vn 0.2717 -0.9593 -0.0767
vn 0.2717 -0.9593 -0.0765
vn -0.9682 -0.0189 -0.2495
vn 0.9720 -0.0177 -0.2342
vn -0.2205 -0.8789 -0.4231
vn -0.2205 -0.8789 -0.4230
vn -0.7046 -0.6619 -0.2558
vn 0.7026 -0.6664 -0.2495
vn 0.2205 -0.8789 -0.4231
vn -0.9682 -0.0189 -0.2496
vn -0.8747 -0.0365 -0.4833
vn 0.8897 -0.0344 -0.4553
vn -0.1361 -0.6667 -0.7328
vn -0.6085 -0.6326 -0.4791
vn 0.6064 -0.6432 -0.4676
vn 0.1361 -0.6667 -0.7328
vt 0.375000 0.000000
vt 0.500000 0.000000
vt 0.500000 0.125000
vt 0.375000 0.125000
vt 0.625000 0.000000
vt 0.625000 0.125000
vt 0.500000 0.250000
vt 0.375000 0.250000
vt 0.625000 0.250000
vt 0.500000 0.375000
vt 0.375000 0.375000
vt 0.625000 0.375000
vt 0.375000 0.500000
vt 0.500000 0.500000
vt 0.500000 0.625000
vt 0.375000 0.625000
vt 0.625000 0.500000
vt 0.625000 0.625000
vt 0.500000 0.750000
vt 0.375000 0.750000
vt 0.625000 0.750000
vt 0.500000 0.875000
vt 0.375000 0.875000
vt 0.625000 0.875000
vt 0.500000 1.000000
vt 0.375000 1.000000
vt 0.625000 1.000000
vt 0.750000 0.000000
vt 0.875000 0.000000
vt 0.875000 0.125000
vt 0.750000 0.125000
vt 0.875000 0.250000
vt 0.750000 0.250000
vt 0.125000 0.000000
vt 0.250000 0.000000
vt 0.250000 0.125000
vt 0.125000 0.125000
vt 0.250000 0.250000
vt 0.125000 0.250000
s 1
usemtl lambert1
f 874/735/813 875/736/813 878/737/813 877/738/813
f 875/736/813 876/739/813 879/740/813 878/737/813
f 877/738/813 878/737/813 881/741/813 880/742/813
f 878/737/813 879/740/813 882/743/813 881/741/813
f 880/742/814 881/741/814 884/744/814 883/745/814
f 881/741/814 882/743/814 885/746/814 884/744/814
f 934/747/815 935/748/816 936/749/817 937/750/818
f 935/748/816 938/751/819 939/752/820 936/749/817
f 937/750/818 936/749/817 940/753/821 941/754/822
f 936/749/817 939/752/820 942/755/823 940/753/821
f 890/754/824 891/753/825 894/756/826 893/757/827
f 891/753/825 892/755/828 895/758/829 894/756/826
f 893/757/827 894/756/826 875/759/830 874/760/831
f 894/756/826 895/758/829 876/761/832 875/759/830
f 895/762/833 892/763/834 889/764/835 896/765/836
f 876/739/837 895/762/833 896/765/836 879/740/838
f 896/765/836 889/764/835 887/766/839 885/767/839
f 879/740/838 896/765/836 885/767/839 882/743/839
f 890/768/840 893/769/841 897/770/842 888/771/843
f 893/769/841 874/735/844 877/738/845 897/770/842
f 888/771/843 897/770/842 883/772/846 886/773/846
f 897/770/842 877/738/845 880/742/846 883/772/846
f 888/750/843 886/747/846 898/747/846 899/750/847
f 887/751/839 889/752/835 901/752/848 900/751/839
f 891/753/825 890/754/824 903/754/849 902/753/850
f 890/754/840 888/750/843 899/750/847 903/754/851
f 889/752/835 892/755/834 904/755/852 901/752/848
f 892/755/828 891/753/825 902/753/850 904/755/853
f 899/750/847 898/747/846 905/747/846 906/750/854
f 900/751/839 901/752/848 908/752/855 907/751/839
f 902/753/850 903/754/849 910/754/856 909/753/857
f 903/754/851 899/750/847 906/750/854 910/754/858
f 901/752/848 904/755/852 911/755/859 908/752/855
f 904/755/853 902/753/850 909/753/857 911/755/860
f 906/750/854 905/747/846 912/747/846 913/750/846
f 907/751/839 908/752/855 915/752/839 914/751/839
f 909/753/857 910/754/856 917/754/861 916/753/862
f 910/754/858 906/750/854 913/750/863 917/754/864
f 908/752/855 911/755/859 918/755/865 915/752/866
f 911/755/860 909/753/857 916/753/867 918/755/868
f 913/750/846 912/747/846 919/747/846 920/750/846
f 914/751/839 915/752/839 922/752/839 921/751/839
f 916/753/862 917/754/861 924/754/869 923/753/870
f 917/754/864 913/750/863 920/750/871 924/754/871
f 915/752/866 918/755/865 925/755/872 922/752/872
f 918/755/868 916/753/867 923/753/873 925/755/874
f 920/750/846 919/747/846 926/747/875 928/750/875
f 921/751/839 922/752/839 930/752/876 929/751/876
f 923/753/870 924/754/869 932/754/877 931/753/878
f 924/754/871 920/750/871 928/750/879 932/754/879
f 922/752/872 925/755/872 933/755/880 930/752/880
f 925/755/874 923/753/873 931/753/881 933/755/881
f 926/747/814 927/748/814 935/748/814 934/747/814
f 928/750/882 926/747/882 934/747/883 937/750/883
f 927/748/814 929/751/814 938/751/814 935/748/814
f 929/751/876 930/752/876 939/752/884 938/751/884
f 931/753/878 932/754/877 941/754/885 940/753/885
f 932/754/879 928/750/879 937/750/886 941/754/886
f 930/752/880 933/755/880 942/755/887 939/752/887
f 933/755/881 931/753/881 940/753/888 942/755/888
o pasted__pCylinder14
v -0.002279 0.050796 0.086251
v -0.002137 0.050796 0.085972
v -0.001915 0.050796 0.085751
v -0.001637 0.050796 0.085609
v -0.001328 0.050796 0.085560
v -0.001019 0.050796 0.085609
v -0.000740 0.050796 0.085751
v -0.000519 0.050796 0.085972
v -0.000376 0.050796 0.086251
v -0.000328 0.050796 0.086560
v -0.000376 0.050796 0.086869
v -0.000519 0.050796 0.087148
v -0.000740 0.050796 0.087369
v -0.001019 0.050796 0.087511
v -0.001328 0.050796 0.087560
v -0.001637 0.050796 0.087511
v -0.001915 0.050796 0.087369
v -0.002137 0.050796 0.087148
v -0.002279 0.050796 0.086869
v -0.002328 0.050796 0.086560
v -0.002279 0.046796 0.086251
v -0.002137 0.046796 0.085972
v -0.001915 0.046796 0.085751
v -0.001637 0.046796 0.085609
v -0.001328 0.046796 0.085560
v -0.001019 0.046796 0.085609
v -0.000740 0.046796 0.085751
v -0.000519 0.046796 0.085972
v -0.000376 0.046796 0.086251
v -0.000328 0.046796 0.086560
v -0.000376 0.046796 0.086869
v -0.000519 0.046796 0.087148
v -0.000740 0.046796 0.087369
v -0.001019 0.046796 0.087511
v -0.001328 0.046796 0.087560
v -0.001637 0.046796 0.087511
v -0.001915 0.046796 0.087369
v -0.002137 0.046796 0.087148
v -0.002279 0.046796 0.086869
v -0.002328 0.046796 0.086560
v -0.001328 0.050796 0.086560
vn -0.9511 -0.0000 -0.3090
vn -0.8090 -0.0000 -0.5878
vn -0.5878 -0.0000 -0.8090
vn -0.3090 -0.0000 -0.9511
vn -0.0000 -0.0000 -1.0000
vn 0.3090 -0.0000 -0.9511
vn 0.5878 -0.0000 -0.8090
vn 0.8090 -0.0000 -0.5878
vn 0.9511 -0.0000 -0.3090
vn 1.0000 -0.0000 -0.0000
vn 0.9511 -0.0000 0.3090
vn 0.8090 -0.0000 0.5878
vn 0.5878 -0.0000 0.8090
vn 0.3090 -0.0000 0.9511
vn -0.0000 -0.0000 1.0000
vn -0.3090 -0.0000 0.9511
vn -0.5878 -0.0000 0.8090
vn -0.8090 -0.0000 0.5878
vn -0.9511 -0.0000 0.3090
vn -1.0000 -0.0000 -0.0000
vn -0.0000 1.0000 -0.0000
vt 0.375000 0.312500
vt 0.387500 0.312500
vt 0.387500 0.688440
vt 0.375000 0.688440
vt 0.400000 0.312500
vt 0.400000 0.688440
vt 0.412500 0.312500
vt 0.412500 0.688440
vt 0.425000 0.312500
vt 0.425000 0.688440
vt 0.437500 0.312500
vt 0.437500 0.688440
vt 0.450000 0.312500
vt 0.450000 0.688440
vt 0.462500 0.312500
vt 0.462500 0.688440
vt 0.475000 0.312500
vt 0.475000 0.688440
vt 0.487500 0.312500
vt 0.487500 0.688440
vt 0.500000 0.312500
vt 0.500000 0.688440
vt 0.512500 0.312500
vt 0.512500 0.688440
vt 0.525000 0.312500
vt 0.525000 0.688440
vt 0.537500 0.312500
vt 0.537500 0.688440
vt 0.550000 0.312500
vt 0.550000 0.688440
vt 0.562500 0.312500
vt 0.562500 0.688440
vt 0.575000 0.312500
vt 0.575000 0.688440
vt 0.587500 0.312500
vt 0.587500 0.688440
vt 0.600000 0.312500
vt 0.600000 0.688440
vt 0.612500 0.312500
vt 0.612500 0.688440
vt 0.625000 0.312500
vt 0.625000 0.688440
vt 0.626409 0.064408
vt 0.648603 0.107966
vt 0.500000 0.150000
vt 0.591842 0.029841
vt 0.548284 0.007647
vt 0.500000 -0.000000
vt 0.451716 0.007647
vt 0.408159 0.029841
vt 0.373591 0.064409
vt 0.351397 0.107966
vt 0.343750 0.156250
vt 0.351397 0.204534
vt 0.373591 0.248091
vt 0.408159 0.282659
vt 0.451716 0.304853
vt 0.500000 0.312500
vt 0.548284 0.304853
vt 0.591841 0.282659
vt 0.626409 0.248091
vt 0.648603 0.204534
vt 0.656250 0.156250
s 1
usemtl lambert1
f 943/774/889 944/775/890 964/776/890 963/777/889
f 944/775/890 945/778/891 965/779/891 964/776/890
f 945/778/891 946/780/892 966/781/892 965/779/891
f 946/780/892 947/782/893 967/783/893 966/781/892
f 947/782/893 948/784/894 968/785/894 967/783/893
f 948/784/894 949/786/895 969/787/895 968/785/894
f 949/786/895 950/788/896 970/789/896 969/787/895
f 950/788/896 951/790/897 971/791/897 970/789/896
f 951/790/897 952/792/898 972/793/898 971/791/897
f 952/792/898 953/794/899 973/795/899 972/793/898
f 953/794/899 954/796/900 974/797/900 973/795/899
f 954/796/900 955/798/901 975/799/901 974/797/900
f 955/798/901 956/800/902 976/801/902 975/799/901
f 956/800/902 957/802/903 977/803/903 976/801/902
f 957/802/903 958/804/904 978/805/904 977/803/903
f 958/804/904 959/806/905 979/807/905 978/805/904
f 959/806/905 960/808/906 980/809/906 979/807/905
f 960/808/906 961/810/907 981/811/907 980/809/906
f 961/810/907 962/812/908 982/813/908 981/811/907
f 962/812/908 943/814/889 963/815/889 982/813/908
f 944/816/909 943/817/909 983/818/909
f 945/819/909 944/816/909 983/818/909
f 946/820/909 945/819/909 983/818/909
f 947/821/909 946/820/909 983/818/909
f 948/822/909 947/821/909 983/818/909
f 949/823/909 948/822/909 983/818/909
f 950/824/909 949/823/909 983/818/909
f 951/825/909 950/824/909 983/818/909
f 952/826/909 951/825/909 983/818/909
f 953/827/909 952/826/909 983/818/909
f 954/828/909 953/827/909 983/818/909
f 955/829/909 954/828/909 983/818/909
f 956/830/909 955/829/909 983/818/909
f 957/831/909 956/830/909 983/818/909
f 958/832/909 957/831/909 983/818/909
f 959/833/909 958/832/909 983/818/909
f 960/834/909 959/833/909 983/818/909
f 961/835/909 960/834/909 983/818/909
f 962/836/909 961/835/909 983/818/909
f 943/817/909 962/836/909 983/818/909
o polySurface30
v -0.001243 0.037637 -0.075589
v -0.001243 0.037677 -0.078060
v -0.001243 0.038264 -0.081048
v -0.001243 0.070900 -0.077612
v -0.001243 0.070707 -0.079213
v -0.001243 0.069959 -0.081064
v -0.001243 0.070789 -0.076115
v -0.001243 0.070471 -0.074693
v -0.001243 0.067642 -0.071164
v -0.001243 0.069382 -0.072997
v -0.001243 0.065016 -0.085838
v -0.001243 0.061469 -0.086885
v -0.001243 0.056994 -0.087620
v -0.001243 0.050542 -0.088110
v -0.001243 0.048605 -0.088110
v -0.001243 0.045071 -0.087729
v -0.001243 0.041749 -0.086231
v -0.001243 0.039884 -0.084450
v -0.001243 0.067180 -0.084463
v -0.001243 0.071148 -0.078065
v -0.001243 0.071087 -0.078578
v -0.001077 0.071921 -0.077856
v -0.001075 0.071715 -0.078542
v -0.001243 0.071717 -0.078544
v -0.001243 0.071995 -0.078015
v -0.001243 0.071913 -0.078322
v -0.001243 0.071595 -0.078019
v -0.001243 0.071768 -0.077146
v -0.001243 0.071965 -0.077563
v -0.001315 0.067612 -0.075206
v -0.002020 0.067602 -0.075202
v -0.002412 0.066572 -0.075202
v -0.002610 0.064656 -0.075562
v -0.003056 0.052870 -0.075720
v -0.003521 0.047514 -0.075720
v -0.003506 0.045641 -0.075745
v -0.003203 0.044620 -0.075745
v -0.003195 0.043905 -0.075562
v -0.002995 0.041956 -0.075562
v -0.001572 0.037915 -0.075562
v -0.002161 0.038861 -0.075562
v -0.002560 0.040156 -0.075562
v -0.002009 0.067581 -0.078068
v -0.002157 0.066551 -0.078068
v -0.002908 0.064998 -0.078068
v -0.003828 0.054834 -0.078068
v -0.003760 0.050741 -0.078068
v -0.003878 0.048228 -0.078068
v -0.003662 0.046134 -0.078068
v -0.003472 0.045036 -0.078068
v -0.003298 0.042638 -0.078068
v -0.001871 0.038135 -0.078068
v -0.002414 0.039081 -0.078068
v -0.002709 0.040376 -0.078068
v -0.001780 0.067571 -0.081058
v -0.002158 0.066545 -0.081059
v -0.002524 0.065966 -0.081059
v -0.002992 0.056097 -0.081059
v -0.003278 0.052004 -0.081059
v -0.003413 0.049491 -0.081059
v -0.003490 0.047397 -0.081059
v -0.003521 0.046299 -0.081059
v -0.002988 0.043226 -0.081059
v -0.001784 0.038813 -0.081058
v -0.002415 0.039669 -0.081059
v -0.002709 0.040963 -0.081059
v -0.001785 0.070337 -0.077608
v -0.001690 0.070086 -0.079220
v -0.001742 0.069323 -0.081072
v -0.001337 0.067625 -0.073425
v -0.002020 0.067615 -0.073419
v -0.001799 0.070270 -0.076108
v -0.001187 0.067633 -0.072376
v -0.001949 0.067622 -0.072368
v -0.001858 0.069909 -0.074684
v -0.001881 0.067631 -0.071632
v -0.001859 0.068884 -0.072988
v -0.001863 0.065177 -0.085411
v -0.001860 0.061456 -0.086539
v -0.002259 0.065504 -0.084458
v -0.002238 0.061458 -0.085482
v -0.002417 0.064859 -0.083603
v -0.002460 0.059470 -0.084268
v -0.002085 0.057075 -0.087150
v -0.002387 0.057075 -0.085848
v -0.002711 0.055084 -0.084458
v -0.002154 0.050569 -0.087641
v -0.002542 0.050569 -0.085848
v -0.002904 0.051113 -0.084458
v -0.002154 0.048594 -0.087641
v -0.002697 0.048594 -0.085848
v -0.002935 0.049619 -0.084458
v -0.002144 0.045041 -0.087210
v -0.002606 0.045038 -0.085848
v -0.002782 0.047920 -0.084458
v -0.001732 0.041885 -0.085756
v -0.002413 0.043136 -0.085766
v -0.002685 0.044847 -0.084458
v -0.001809 0.040479 -0.084453
v -0.002415 0.041290 -0.084458
v -0.002904 0.042584 -0.084458
v -0.001734 0.066772 -0.084189
v -0.001680 0.071147 -0.078060
v -0.001682 0.071085 -0.078576
v -0.001409 0.071921 -0.077856
v -0.001410 0.071715 -0.078542
v -0.001661 0.071593 -0.077638
v -0.001170 0.067612 -0.075206
v -0.000466 0.067602 -0.075202
v -0.000074 0.066572 -0.075202
v 0.000125 0.064656 -0.075562
v 0.000571 0.052870 -0.075720
v 0.001035 0.047514 -0.075720
v 0.001021 0.045641 -0.075745
v 0.000718 0.044620 -0.075745
v 0.000709 0.043905 -0.075562
v 0.000510 0.041956 -0.075562
v -0.000913 0.037915 -0.075562
v -0.000325 0.038861 -0.075562
v 0.000074 0.040156 -0.075562
v -0.000477 0.067581 -0.078068
v -0.000328 0.066551 -0.078068
v 0.000423 0.064998 -0.078068
v 0.001342 0.054834 -0.078068
v 0.001274 0.050741 -0.078068
v 0.001393 0.048228 -0.078068
v 0.001177 0.046134 -0.078068
v 0.000986 0.045036 -0.078068
v 0.000813 0.042638 -0.078068
v -0.000615 0.038135 -0.078068
v -0.000071 0.039081 -0.078068
v 0.000223 0.040376 -0.078068
v -0.000706 0.067571 -0.081058
v -0.000328 0.066545 -0.081059
v 0.000038 0.065966 -0.081059
v 0.000507 0.056097 -0.081059
v 0.000793 0.052004 -0.081059
v 0.000927 0.049491 -0.081059
v 0.001004 0.047397 -0.081059
v 0.001036 0.046299 -0.081059
v 0.000503 0.043226 -0.081059
v -0.000702 0.038813 -0.081058
v -0.000071 0.039669 -0.081059
v 0.000224 0.040963 -0.081059
v -0.000700 0.070337 -0.077608
v -0.000795 0.070086 -0.079220
v -0.000744 0.069323 -0.081072
v -0.001149 0.067625 -0.073425
v -0.000466 0.067615 -0.073419
v -0.000687 0.070270 -0.076108
v -0.001298 0.067633 -0.072376
v -0.000537 0.067622 -0.072368
v -0.000628 0.069909 -0.074684
v -0.000604 0.067631 -0.071632
v -0.000627 0.068884 -0.072988
v -0.000623 0.065177 -0.085411
v -0.000625 0.061456 -0.086539
v -0.000227 0.065504 -0.084458
v -0.000248 0.061458 -0.085482
v -0.000068 0.064859 -0.083603
v -0.000025 0.059470 -0.084268
v -0.000401 0.057075 -0.087150
v -0.000098 0.057075 -0.085848
v 0.000226 0.055084 -0.084458
v -0.000332 0.050569 -0.087641
v 0.000057 0.050569 -0.085848
v 0.000419 0.051113 -0.084458
v -0.000332 0.048594 -0.087641
v 0.000212 0.048594 -0.085848
v 0.000449 0.049619 -0.084458
v -0.000342 0.045041 -0.087210
v 0.000121 0.045038 -0.085848
v 0.000297 0.047920 -0.084458
v -0.000754 0.041885 -0.085756
v -0.000072 0.043136 -0.085766
v 0.000199 0.044847 -0.084458
v -0.000676 0.040479 -0.084453
v -0.000071 0.041290 -0.084458
v 0.000418 0.042584 -0.084458
v -0.000752 0.066772 -0.084189
v -0.000806 0.071147 -0.078060
v -0.000803 0.071085 -0.078576
v -0.000824 0.071593 -0.077638
vn -0.7024 -0.7114 0.0243
vn -0.5963 -0.8027 0.0091
vn -0.5897 -0.7757 0.2247
vn -0.7259 -0.6632 0.1825
vn -0.0134 -0.5574 0.8301
vn -0.0155 -0.7509 0.6602
vn -0.0135 -0.5574 0.8301
vn -0.6603 -0.7394 -0.1317
vn -0.5747 -0.7917 -0.2071
vn 0.5208 -0.3742 0.7673
vn 0.6867 -0.2955 0.6642
vn 0.7628 -0.1513 0.6287
vn 0.4849 -0.1970 0.8521
vn 0.9633 -0.0648 0.2606
vn 0.9708 -0.0637 0.2313
vn 0.9889 -0.0284 0.1459
vn 0.9898 -0.0409 0.1361
vn 0.7862 -0.0846 0.6121
vn 0.4730 -0.1066 0.8746
vn 0.9763 -0.0456 0.2113
vn 0.9836 -0.0429 0.1752
vn 0.7877 -0.0363 0.6150
vn 0.4630 -0.0346 0.8857
vn 0.9718 -0.0369 0.2329
vn 0.9720 -0.0420 0.2310
vn 0.7757 0.0258 0.6306
vn 0.4668 0.0504 0.8829
vn 0.9755 -0.0030 0.2202
vn 0.9868 -0.0029 0.1616
vn 0.7467 0.1990 0.6347
vn 0.5229 0.2400 0.8179
vn 0.9662 0.0982 0.2384
vn 0.9959 0.0527 0.0738
vn 0.6902 0.4030 0.6010
vn 0.5951 0.4539 0.6632
vn 0.8974 0.2117 0.3871
vn 0.9726 0.0656 0.2231
vn 0.6612 0.4843 0.5729
vn 0.6237 0.5282 0.5761
vn 0.8339 0.2619 0.4859
vn 0.9238 0.0701 0.3763
vn 0.9897 -0.1408 0.0261
vn 0.9661 -0.2578 0.0117
vn 0.9512 -0.3085 0.0110
vn 0.9855 -0.1650 0.0403
vn 0.9777 -0.1618 -0.1339
vn 0.9754 -0.2186 -0.0276
vn 0.9677 -0.0495 -0.2470
vn 0.9983 -0.0495 -0.0294
vn 0.9782 -0.0316 -0.2052
vn 0.9992 -0.0354 -0.0178
vn 0.9929 0.0713 -0.0948
vn 0.9994 0.0315 0.0169
vn 0.9892 0.1318 -0.0640
vn 0.9957 0.0925 0.0107
vn 0.9916 0.0920 -0.0904
vn 0.9953 0.0962 -0.0119
vn 0.9842 0.1654 -0.0640
vn 0.9867 0.1620 0.0107
vn 0.7469 0.6646 -0.0228
vn 0.6099 0.7925 0.0047
vn 0.6283 0.7731 0.0865
vn 0.7482 0.6604 0.0635
vn 0.9196 0.3893 -0.0527
vn 0.9208 0.3897 0.0167
vn 0.9666 0.2515 -0.0492
vn 0.9735 0.2286 0.0082
vn 0.6265 -0.6267 0.4635
vn 0.6265 -0.6267 0.4634
vn 0.7759 -0.5878 0.2290
vn 0.9097 -0.4047 0.0932
vn 0.9661 -0.2423 0.0890
vn 0.9693 -0.2270 0.0943
vn 0.9883 -0.0493 0.1443
vn 0.9888 -0.0478 0.1411
vn 0.9913 -0.0242 0.1290
vn 0.9911 0.0294 0.1299
vn 0.9871 0.0857 0.1355
vn 0.9894 0.1076 0.0978
vn 0.6635 0.7075 0.2433
vn 0.7378 0.6369 0.2235
vn 0.8992 0.4142 0.1414
vn 0.9817 0.1787 0.0663
vn 0.4788 -0.6418 -0.5990
vn 0.9963 -0.0747 0.0432
vn 0.9965 -0.0785 0.0283
vn 0.9964 -0.0703 0.0477
vn 0.5398 -0.4910 0.6838
vn -0.0152 0.9999 -0.0074
vn -0.0149 0.9999 -0.0066
vn -0.0149 0.9999 -0.0065
vn 0.9967 -0.0804 -0.0067
vn 0.9967 -0.0804 -0.0068
vn 0.5690 -0.7218 -0.3941
vn 0.5689 -0.7218 -0.3942
vn 0.6863 -0.7205 -0.0996
vn -0.0134 0.9999 -0.0073
vn -0.0133 0.9999 -0.0074
vn 0.9948 -0.0922 -0.0435
vn 0.6338 -0.7142 -0.2971
vn 0.6337 -0.7142 -0.2971
vn -0.0121 0.9999 -0.0090
vn 0.9919 -0.1053 -0.0709
vn 0.5860 -0.6878 -0.4285
vn 0.8769 -0.4474 0.1759
vn 0.9356 -0.3257 0.1362
vn 0.9776 -0.1812 0.1075
vn 0.9938 -0.0513 0.0986
vn 0.9921 -0.0576 0.1118
vn 0.9907 -0.0399 0.1301
vn 0.9847 0.0063 0.1742
vn 0.9765 0.0712 0.2036
vn 0.9923 0.0569 0.1104
vn 0.6796 0.6615 0.3171
vn 0.7274 0.6189 0.2964
vn 0.8771 0.4385 0.1957
vn 0.9861 0.1522 0.0669
vn 0.7017 -0.5510 0.4517
vn 0.9977 -0.0607 0.0302
vn 0.3551 -0.6279 -0.6925
vn 0.9726 -0.2224 0.0672
vn 0.9329 -0.3561 0.0542
vn 0.4277 -0.6162 0.6614
vn -0.1785 0.9652 -0.1910
vn 0.7259 -0.6632 0.1825
vn 0.7024 -0.7114 0.0243
vn 0.0066 -0.0554 0.9984
vn 0.0135 -0.5574 0.8301
vn 0.5897 -0.7757 0.2247
vn 0.5963 -0.8027 0.0091
vn -0.3715 0.4365 -0.8194
vn 0.6603 -0.7394 -0.1317
vn 0.7999 -0.5996 0.0253
vn 0.5747 -0.7917 -0.2071
vn 0.0155 -0.7509 0.6602
vn -0.5208 -0.3742 0.7673
vn -0.4849 -0.1970 0.8521
vn -0.7627 -0.1513 0.6287
vn -0.6867 -0.2955 0.6642
vn -0.9708 -0.0637 0.2313
vn -0.9633 -0.0647 0.2606
vn -0.9898 -0.0408 0.1361
vn -0.9889 -0.0284 0.1459
vn -0.4730 -0.1066 0.8746
vn -0.7862 -0.0846 0.6121
vn -0.9763 -0.0456 0.2113
vn -0.9836 -0.0429 0.1752
vn -0.4630 -0.0345 0.8857
vn -0.7877 -0.0363 0.6150
vn -0.9718 -0.0368 0.2329
vn -0.9720 -0.0420 0.2310
vn -0.4668 0.0504 0.8829
vn -0.7757 0.0258 0.6306
vn -0.9755 -0.0030 0.2202
vn -0.9868 -0.0029 0.1616
vn -0.5229 0.2400 0.8179
vn -0.7467 0.1990 0.6347
vn -0.9662 0.0982 0.2384
vn -0.9959 0.0527 0.0738
vn -0.5951 0.4539 0.6632
vn -0.6902 0.4030 0.6010
vn -0.8974 0.2117 0.3871
vn -0.9726 0.0656 0.2231
vn -0.6237 0.5282 0.5761
vn -0.6612 0.4843 0.5729
vn -0.8339 0.2619 0.4859
vn -0.9238 0.0701 0.3763
vn -0.9897 -0.1408 0.0261
vn -0.9855 -0.1650 0.0403
vn -0.9512 -0.3085 0.0110
vn -0.9661 -0.2578 0.0116
vn -0.9754 -0.2186 -0.0276
vn -0.9777 -0.1619 -0.1338
vn -0.9983 -0.0495 -0.0294
vn -0.9677 -0.0496 -0.2470
vn -0.9992 -0.0354 -0.0178
vn -0.9782 -0.0316 -0.2052
vn -0.9994 0.0315 0.0169
vn -0.9929 0.0713 -0.0948
vn -0.9957 0.0925 0.0107
vn -0.9892 0.1318 -0.0640
vn -0.9953 0.0962 -0.0119
vn -0.9916 0.0920 -0.0904
vn -0.9867 0.1620 0.0107
vn -0.9842 0.1654 -0.0640
vn -0.7469 0.6646 -0.0228
vn -0.7482 0.6604 0.0635
vn -0.6283 0.7731 0.0865
vn -0.6099 0.7925 0.0047
vn -0.9196 0.3893 -0.0527
vn -0.9208 0.3897 0.0167
vn -0.9735 0.2285 0.0082
vn -0.9666 0.2514 -0.0492
vn -0.6265 -0.6267 0.4635
vn -0.7759 -0.5878 0.2290
vn -0.6265 -0.6267 0.4634
vn -0.9661 -0.2423 0.0890
vn -0.9097 -0.4047 0.0932
vn -0.9693 -0.2271 0.0943
vn -0.9883 -0.0493 0.1443
vn -0.9888 -0.0478 0.1411
vn -0.9913 -0.0242 0.1290
vn -0.9911 0.0294 0.1299
vn -0.9871 0.0857 0.1355
vn -0.9894 0.1076 0.0978
vn -0.7378 0.6369 0.2235
vn -0.6635 0.7075 0.2433
vn -0.8992 0.4142 0.1414
vn -0.9817 0.1787 0.0663
vn -0.4788 -0.6418 -0.5990
vn -0.9965 -0.0785 0.0283
vn -0.9963 -0.0747 0.0433
vn -0.9964 -0.0703 0.0477
vn -0.5398 -0.4910 0.6838
vn 0.0152 0.9999 -0.0074
vn 0.0149 0.9999 -0.0065
vn -0.9967 -0.0804 -0.0068
vn -0.9967 -0.0804 -0.0067
vn -0.5690 -0.7218 -0.3941
vn -0.6863 -0.7205 -0.0996
vn -0.5689 -0.7218 -0.3942
vn 0.0133 0.9999 -0.0074
vn 0.0134 0.9999 -0.0073
vn -0.9948 -0.0922 -0.0435
vn -0.6337 -0.7142 -0.2971
vn -0.6338 -0.7142 -0.2971
vn 0.0121 0.9999 -0.0090
vn -0.9919 -0.1053 -0.0709
vn -0.5860 -0.6878 -0.4285
vn -0.9356 -0.3257 0.1362
vn -0.8769 -0.4474 0.1759
vn -0.9776 -0.1812 0.1075
vn -0.9938 -0.0513 0.0986
vn -0.9921 -0.0576 0.1119
vn -0.9907 -0.0399 0.1301
vn -0.9847 0.0063 0.1742
vn -0.9765 0.0712 0.2036
vn -0.9923 0.0569 0.1104
vn -0.7274 0.6189 0.2964
vn -0.6796 0.6615 0.3171
vn -0.8771 0.4385 0.1957
vn -0.9861 0.1522 0.0669
vn -0.7017 -0.5510 0.4517
vn -0.9977 -0.0607 0.0302
vn -0.3551 -0.6279 -0.6925
vn -0.9329 -0.3561 0.0542
vn -0.9726 -0.2224 0.0672
vn -0.4277 -0.6162 0.6614
vn 0.1785 0.9652 -0.1910
vn -0.0066 -0.0554 0.9984
vn 0.3715 0.4365 -0.8194
vn -0.7999 -0.5996 0.0253
vt 0.541667 0.500000
vt 0.520833 0.500000
vt 0.500000 0.500000
vt 0.541667 0.535714
vt 0.500000 0.535714
vt 0.583333 0.500000
vt 0.583333 0.535714
vt 0.625000 0.500000
vt 0.625000 0.535714
vt 0.541667 0.571429
vt 0.500000 0.571429
vt 0.583333 0.571429
vt 0.625000 0.571429
vt 0.541667 0.607143
vt 0.500000 0.607143
vt 0.583333 0.607143
vt 0.625000 0.607143
vt 0.541667 0.642857
vt 0.500000 0.642857
vt 0.583333 0.642857
vt 0.625000 0.642857
vt 0.541667 0.678571
vt 0.500000 0.678571
vt 0.583333 0.678571
vt 0.625000 0.678571
vt 0.541667 0.714286
vt 0.500000 0.714286
vt 0.583333 0.714286
vt 0.625000 0.714286
vt 0.541667 0.750000
vt 0.500000 0.750000
vt 0.583333 0.750000
vt 0.625000 0.750000
s 1
usemtl lambert1
f 1005/837/910 1008/838/911 1009/838/912 1006/837/913
f 1006/837/914 1009/838/915 1007/839/916
f 1005/837/910 1011/838/917 1012/838/918 1008/838/911
f 994/839/919 1061/837/920 1062/840/921 995/841/922
f 1061/837/920 1063/842/923 1064/843/924 1062/840/921
f 1063/842/923 1065/844/925 1066/845/926 1064/843/924
f 995/841/922 1062/840/921 1067/846/927 996/847/928
f 1062/840/921 1064/843/924 1068/848/929 1067/846/927
f 1064/843/924 1066/845/926 1069/849/930 1068/848/929
f 996/847/928 1067/846/927 1070/850/931 997/851/932
f 1067/846/927 1068/848/929 1071/852/933 1070/850/931
f 1068/848/929 1069/849/930 1072/853/934 1071/852/933
f 997/851/932 1070/850/931 1073/854/935 998/855/936
f 1070/850/931 1071/852/933 1074/856/937 1073/854/935
f 1071/852/933 1072/853/934 1075/857/938 1074/856/937
f 998/855/936 1073/854/935 1076/858/939 999/859/940
f 1073/854/935 1074/856/937 1077/860/941 1076/858/939
f 1074/856/937 1075/857/938 1078/861/942 1077/860/941
f 999/859/940 1076/858/939 1079/862/943 1000/863/944
f 1076/858/939 1077/860/941 1080/864/945 1079/862/943
f 1077/860/941 1078/861/942 1081/865/946 1080/864/945
f 1000/863/944 1079/862/943 1082/866/947 1001/867/948
f 1079/862/943 1080/864/945 1083/868/949 1082/866/947
f 1080/864/945 1081/865/946 1084/869/950 1083/868/949
f 1014/837/951 1015/842/952 1027/842/953 1026/837/954
f 1015/842/952 1016/844/955 1028/844/956 1027/842/953
f 1016/844/955 1017/845/957 1029/845/958 1028/844/956
f 1017/845/957 1018/849/959 1030/849/960 1029/845/958
f 1018/849/959 1019/853/961 1031/853/962 1030/849/960
f 1019/853/961 1020/857/963 1032/857/964 1031/853/962
f 1020/857/963 1021/861/965 1033/861/966 1032/857/964
f 1021/861/965 1022/865/967 1034/865/968 1033/861/966
f 1023/866/969 984/867/970 985/867/971 1035/866/972
f 1024/868/973 1023/866/969 1035/866/972 1036/868/974
f 1022/865/967 1025/869/975 1037/869/976 1034/865/968
f 1025/869/975 1024/868/973 1036/868/974 1037/869/976
f 988/839/977 1051/837/978 1052/837/979 989/839/979
f 1026/837/954 1027/842/953 1039/842/980 1038/837/981
f 1027/842/953 1028/844/956 1040/844/982 1039/842/980
f 1028/844/956 1029/845/958 1041/845/983 1040/844/982
f 1029/845/958 1030/849/960 1042/849/984 1041/845/983
f 1030/849/960 1031/853/962 1043/853/985 1042/849/984
f 1031/853/962 1032/857/964 1044/857/986 1043/853/985
f 1032/857/964 1033/861/966 1045/861/987 1044/857/986
f 1033/861/966 1034/865/968 1046/865/988 1045/861/987
f 1035/866/972 985/867/971 986/867/989 1047/866/990
f 1036/868/974 1035/866/972 1047/866/990 1048/868/991
f 1034/865/968 1037/869/976 1049/869/992 1046/865/988
f 1037/869/976 1036/868/974 1048/868/991 1049/869/992
f 992/839/993 1059/837/993 1060/837/993 993/839/993
f 1014/837/951 1026/837/954 1051/837/994 1050/837/995
f 1026/837/954 1038/837/981 1052/837/996 1051/837/994
f 1061/837/920 994/839/919 1002/839/997 1085/837/997
f 1013/839/998 1014/837/998 1054/837/999 1053/839/1000
f 1014/837/951 1050/837/995 1055/837/1001 1054/837/1002
f 1050/837/1003 987/839/1004 990/839/1005 1055/837/1005
f 1053/839/1000 1054/837/999 1057/837/1006 1056/839/1007
f 1054/837/1002 1055/837/1001 1058/837/1008 1057/837/1008
f 1055/837/1005 990/839/1005 991/839/1009 1058/837/1010
f 1056/839/1007 1057/837/1006 1059/837/1011 992/839/1011
f 1057/837/1008 1058/837/1008 1060/837/1012 1059/837/1012
f 1058/837/1010 991/839/1009 993/839/1013 1060/837/1013
f 1038/837/981 1039/842/980 1063/842/1014 1061/837/1015
f 1039/842/980 1040/844/982 1065/844/1016 1063/842/1014
f 1040/844/982 1041/845/983 1066/845/1017 1065/844/1016
f 1041/845/983 1042/849/984 1069/849/1018 1066/845/1017
f 1042/849/984 1043/853/985 1072/853/1019 1069/849/1018
f 1043/853/985 1044/857/986 1075/857/1020 1072/853/1019
f 1044/857/986 1045/861/987 1078/861/1021 1075/857/1020
f 1045/861/987 1046/865/988 1081/865/1022 1078/861/1021
f 1047/866/990 986/867/989 1001/867/1023 1082/866/1024
f 1048/868/991 1047/866/990 1082/866/1024 1083/868/1025
f 1046/865/988 1049/869/992 1084/869/1026 1081/865/1022
f 1049/869/992 1048/868/991 1083/868/1025 1084/869/1026
f 989/839/1027 1052/837/1027 1085/837/1027 1002/839/1027
f 1052/837/1028 1038/837/981 1061/837/1015 1085/837/1028
f 987/839/1004 1050/837/1003 1086/837/1029 1003/839/1029
f 1050/837/995 1051/837/994 1087/837/1030 1086/837/1031
f 1051/837/978 988/839/977 1004/839/1032 1087/837/1032
f 1010/839/1033 1090/837/1033 1011/838/1033
f 1086/837/1031 1087/837/1030 1089/837/1034 1088/837/1035
f 1087/837/1036 1004/839/1036 1007/839/1037 1089/837/1037
f 1088/837/1035 1089/837/1034 1009/838/1038 1008/838/1039
f 1003/839/1040 1086/837/1040 1090/837/1040 1010/839/1040
f 1086/837/1031 1088/837/1035 1011/838/1041 1090/837/1042
f 1088/837/1035 1008/838/1039 1012/838/1043 1011/838/1041
f 1089/837/1037 1007/839/1037 1009/838/1044
f 994/839/1045 995/841/1046 1140/840/1047 1139/837/1048
f 1139/837/1048 1140/840/1047 1142/843/1049 1141/842/1050
f 1141/842/1050 1142/843/1049 1144/845/1051 1143/844/1052
f 995/841/1046 996/847/1053 1145/846/1054 1140/840/1047
f 1140/840/1047 1145/846/1054 1146/848/1055 1142/843/1049
f 1142/843/1049 1146/848/1055 1147/849/1056 1144/845/1051
f 996/847/1053 997/851/1057 1148/850/1058 1145/846/1054
f 1145/846/1054 1148/850/1058 1149/852/1059 1146/848/1055
f 1146/848/1055 1149/852/1059 1150/853/1060 1147/849/1056
f 997/851/1057 998/855/1061 1151/854/1062 1148/850/1058
f 1148/850/1058 1151/854/1062 1152/856/1063 1149/852/1059
f 1149/852/1059 1152/856/1063 1153/857/1064 1150/853/1060
f 998/855/1061 999/859/1065 1154/858/1066 1151/854/1062
f 1151/854/1062 1154/858/1066 1155/860/1067 1152/856/1063
f 1152/856/1063 1155/860/1067 1156/861/1068 1153/857/1064
f 999/859/1065 1000/863/1069 1157/862/1070 1154/858/1066
f 1154/858/1066 1157/862/1070 1158/864/1071 1155/860/1067
f 1155/860/1067 1158/864/1071 1159/865/1072 1156/861/1068
f 1000/863/1069 1001/867/1073 1160/866/1074 1157/862/1070
f 1157/862/1070 1160/866/1074 1161/868/1075 1158/864/1071
f 1158/864/1071 1161/868/1075 1162/869/1076 1159/865/1072
f 1092/837/1077 1104/837/1078 1105/842/1079 1093/842/1080
f 1093/842/1080 1105/842/1079 1106/844/1081 1094/844/1082
f 1094/844/1082 1106/844/1081 1107/845/1083 1095/845/1084
f 1095/845/1084 1107/845/1083 1108/849/1085 1096/849/1086
f 1096/849/1086 1108/849/1085 1109/853/1087 1097/853/1088
f 1097/853/1088 1109/853/1087 1110/857/1089 1098/857/1090
f 1098/857/1090 1110/857/1089 1111/861/1091 1099/861/1092
f 1099/861/1092 1111/861/1091 1112/865/1093 1100/865/1094
f 1101/866/1095 1113/866/1096 985/867/1097 984/867/1098
f 1102/868/1099 1114/868/1100 1113/866/1096 1101/866/1095
f 1100/865/1094 1112/865/1093 1115/869/1101 1103/869/1102
f 1103/869/1102 1115/869/1101 1114/868/1100 1102/868/1099
f 988/839/1103 989/839/1104 1130/837/1104 1129/837/1105
f 1104/837/1078 1116/837/1106 1117/842/1107 1105/842/1079
f 1105/842/1079 1117/842/1107 1118/844/1108 1106/844/1081
f 1106/844/1081 1118/844/1108 1119/845/1109 1107/845/1083
f 1107/845/1083 1119/845/1109 1120/849/1110 1108/849/1085
f 1108/849/1085 1120/849/1110 1121/853/1111 1109/853/1087
f 1109/853/1087 1121/853/1111 1122/857/1112 1110/857/1089
f 1110/857/1089 1122/857/1112 1123/861/1113 1111/861/1091
f 1111/861/1091 1123/861/1113 1124/865/1114 1112/865/1093
f 1113/866/1096 1125/866/1115 986/867/1116 985/867/1097
f 1114/868/1100 1126/868/1117 1125/866/1115 1113/866/1096
f 1112/865/1093 1124/865/1114 1127/869/1118 1115/869/1101
f 1115/869/1101 1127/869/1118 1126/868/1117 1114/868/1100
f 992/839/1119 993/839/1119 1138/837/1119 1137/837/1119
f 1092/837/1077 1128/837/1120 1129/837/1121 1104/837/1078
f 1104/837/1078 1129/837/1121 1130/837/1122 1116/837/1106
f 1139/837/1048 1163/837/1123 1002/839/1123 994/839/1045
f 1091/839/1124 1131/839/1125 1132/837/1125 1092/837/1124
f 1092/837/1077 1132/837/1126 1133/837/1127 1128/837/1120
f 1128/837/1128 1133/837/1129 990/839/1129 987/839/1130
f 1131/839/1125 1134/839/1131 1135/837/1132 1132/837/1125
f 1132/837/1126 1135/837/1133 1136/837/1133 1133/837/1127
f 1133/837/1129 1136/837/1134 991/839/1135 990/839/1129
f 1134/839/1131 992/839/1136 1137/837/1136 1135/837/1132
f 1135/837/1133 1137/837/1137 1138/837/1137 1136/837/1133
f 1136/837/1134 1138/837/1138 993/839/1138 991/839/1135
f 1116/837/1106 1139/837/1139 1141/842/1140 1117/842/1107
f 1117/842/1107 1141/842/1140 1143/844/1141 1118/844/1108
f 1118/844/1108 1143/844/1141 1144/845/1142 1119/845/1109
f 1119/845/1109 1144/845/1142 1147/849/1143 1120/849/1110
f 1120/849/1110 1147/849/1143 1150/853/1144 1121/853/1111
f 1121/853/1111 1150/853/1144 1153/857/1145 1122/857/1112
f 1122/857/1112 1153/857/1145 1156/861/1146 1123/861/1113
f 1123/861/1113 1156/861/1146 1159/865/1147 1124/865/1114
f 1125/866/1115 1160/866/1148 1001/867/1149 986/867/1116
f 1126/868/1117 1161/868/1150 1160/866/1148 1125/866/1115
f 1124/865/1114 1159/865/1147 1162/869/1151 1127/869/1118
f 1127/869/1118 1162/869/1151 1161/868/1150 1126/868/1117
f 989/839/1152 1002/839/1152 1163/837/1152 1130/837/1152
f 1130/837/1153 1163/837/1153 1139/837/1139 1116/837/1106
f 987/839/1130 1003/839/1154 1164/837/1154 1128/837/1128
f 1128/837/1120 1164/837/1155 1165/837/1156 1129/837/1121
f 1129/837/1105 1165/837/1157 1004/839/1157 988/839/1103
f 1010/839/1158 1011/838/1158 1166/837/1158
f 1164/837/1155 1005/837/910 1006/837/913 1165/837/1156
f 1165/837/1159 1006/837/914 1007/839/916 1004/839/1159
f 1003/839/1160 1010/839/1160 1166/837/1160 1164/837/1160
f 1164/837/1155 1166/837/1161 1011/838/917 1005/837/910
o polySurface25
v 0.006533 0.044461 0.078476
v 0.006335 0.045147 0.079465
v 0.006214 0.045941 0.079465
v 0.006134 0.046490 0.079465
v 0.006174 0.046246 0.079465
v 0.006244 0.046490 0.078476
v 0.006548 0.046510 0.075670
v 0.006471 0.046490 0.076427
v 0.006749 0.046490 0.070465
v 0.006715 0.046490 0.071273
v 0.006703 0.046490 0.071599
v 0.007271 0.046490 0.062368
v 0.006938 0.046490 0.066774
v 0.006862 0.046490 0.067826
v 0.007340 0.046490 0.061465
v 0.007399 0.045926 0.061465
v 0.007480 0.045147 0.061465
v 0.007486 0.044461 0.062368
v 0.007482 0.044677 0.062084
v 0.006991 0.044461 0.070465
v 0.007057 0.044461 0.068686
v 0.007094 0.044461 0.067826
v 0.006949 0.044461 0.071599
v 0.006668 0.044461 0.077036
v 0.006813 0.044461 0.075697
v 0.006906 0.044461 0.072760
v 0.006672 0.046746 0.071599
v 0.006134 0.046213 0.079880
v 0.006920 0.043637 0.075697
v 0.006816 0.046897 0.067826
v -0.001580 0.067833 -0.002592
v -0.001474 0.067843 -0.003610
v -0.001606 0.067027 -0.002595
v -0.001501 0.067361 -0.003613
v -0.001250 0.067027 -0.002660
v -0.001303 0.067361 -0.003668
v -0.000920 0.067833 -0.002592
v -0.000894 0.067027 -0.002595
v -0.001026 0.067843 -0.003610
v -0.000999 0.067361 -0.003613
v -0.001250 0.066805 -0.001746
v -0.000783 0.066805 -0.001686
v -0.000811 0.067827 -0.001682
v -0.001250 0.067827 -0.001739
v -0.001250 0.069708 -0.001872
v -0.001250 0.064049 -0.002008
v -0.000864 0.069708 -0.001589
v -0.000658 0.064049 -0.001712
v -0.001250 0.064098 -0.000775
v -0.001250 0.069741 -0.000952
v -0.001303 0.067843 -0.003662
v -0.000658 0.064098 -0.001138
v -0.000864 0.069741 -0.001274
v -0.001250 0.059486 -0.000652
v -0.001250 0.059420 -0.002270
v -0.000391 0.059486 -0.001031
v -0.001250 0.056313 -0.000576
v -0.001250 0.056227 -0.002366
v -0.000233 0.056227 -0.001826
v -0.000391 0.059420 -0.001847
v -0.000233 0.056312 -0.000963
v -0.001250 0.055830 -0.006002
v 0.000686 0.055826 -0.006014
v 0.000686 0.055916 0.003049
v -0.001600 0.037125 -0.067757
v -0.001588 0.036670 -0.063631
v -0.001557 0.064522 -0.069055
v -0.001557 0.054561 -0.063631
v -0.001250 0.064532 -0.069055
v -0.001250 0.054572 -0.063631
v -0.001250 0.036279 -0.063631
v -0.001250 0.035727 -0.059995
v -0.001250 0.052523 -0.059995
v -0.001250 0.035311 -0.056418
v -0.001250 0.052034 -0.056418
v -0.001250 0.035052 -0.054477
v -0.001250 0.034315 -0.047792
v -0.001250 0.050916 0.082912
v -0.001250 0.050057 0.085323
v -0.001250 0.034891 0.082912
v -0.001250 0.037283 0.085323
v -0.001250 0.051499 0.079873
v -0.001250 0.033032 -0.038243
v -0.001250 0.031562 -0.028045
v -0.001250 0.030411 -0.017981
v -0.001250 0.028805 -0.006002
v -0.001250 0.055920 0.003059
v -0.001250 0.027516 0.011544
v -0.001250 0.027071 0.021469
v -0.001250 0.052318 0.028918
v -0.001250 0.052455 0.031923
v -0.001250 0.067592 -0.076874
v -0.001557 0.067581 -0.076874
v 0.019438 0.049537 -0.069607
v 0.029022 0.049503 -0.069746
v 0.019407 0.049047 -0.072883
v 0.025341 0.049053 -0.072896
v 0.019722 0.048121 -0.069607
v 0.019692 0.048228 -0.072883
v 0.029307 0.048434 -0.069746
v 0.025626 0.048446 -0.072896
v 0.031279 0.049752 -0.067791
v 0.019633 0.049686 -0.064429
v 0.031558 0.048662 -0.067791
v 0.019913 0.048251 -0.064429
v 0.029237 0.049688 -0.065252
v 0.019701 0.049887 -0.062127
v 0.029479 0.048575 -0.065252
v 0.019944 0.048226 -0.062127
v 0.025678 0.049595 -0.062696
v 0.020073 0.049509 -0.060125
v 0.025923 0.048802 -0.062696
v 0.020319 0.048715 -0.060125
v 0.013233 0.049052 -0.072920
v 0.013214 0.049482 -0.069432
v 0.013518 0.048005 -0.072920
v 0.013499 0.047696 -0.069432
v 0.013384 0.049793 -0.063532
v 0.013554 0.049771 -0.061088
v 0.013796 0.048064 -0.061088
v 0.013663 0.047851 -0.063532
v 0.014006 0.049464 -0.058377
v 0.014251 0.048671 -0.058377
v 0.006248 0.049500 -0.069230
v 0.006270 0.048962 -0.072994
v 0.006555 0.047868 -0.072994
v 0.006533 0.047227 -0.069230
v 0.006614 0.049702 -0.063254
v 0.006965 0.049671 -0.060367
v 0.007043 0.047415 -0.063254
v 0.007536 0.047674 -0.060367
v 0.008217 0.049246 -0.057245
v 0.008439 0.048311 -0.057245
v 0.000511 0.049314 -0.073098
v 0.000511 0.049628 -0.069081
v 0.000796 0.047514 -0.073098
v 0.000796 0.046530 -0.069081
v 0.000978 0.049695 -0.063655
v 0.001584 0.049411 -0.060020
v 0.001407 0.046724 -0.063655
v 0.002155 0.047148 -0.060020
v 0.002370 0.048790 -0.057003
v 0.002867 0.047781 -0.057003
v 0.000797 0.045036 -0.076902
v 0.000797 0.043905 -0.070853
v 0.000522 0.042638 -0.076902
v 0.000522 0.041956 -0.070853
v 0.001195 0.046134 -0.076902
v 0.001195 0.044620 -0.070853
v 0.001121 0.048228 -0.076902
v 0.001121 0.045641 -0.070853
v 0.000795 0.050741 -0.076902
v 0.000510 0.054834 -0.076902
v 0.000186 0.064003 -0.070853
v 0.000186 0.064685 -0.076902
v -0.000636 0.066572 -0.071237
v -0.000637 0.066551 -0.076902
v 0.000030 0.039614 -0.067845
v -0.000379 0.038139 -0.068224
v -0.000085 0.039693 -0.070853
v -0.000379 0.038399 -0.070853
v 0.000522 0.041956 -0.067790
v 0.000797 0.043722 -0.068039
v 0.001107 0.044375 -0.068011
v 0.001121 0.045243 -0.068383
v 0.000186 0.061548 -0.069081
v -0.000636 0.063492 -0.069081
v -0.000002 0.037856 -0.063655
v 0.000657 0.039433 -0.063655
v 0.001365 0.041956 -0.063655
v -0.000912 0.036670 -0.063631
v -0.000923 0.037125 -0.068888
v 0.001408 0.043276 -0.063885
v 0.001774 0.044194 -0.063655
v 0.001700 0.045220 -0.063655
v 0.000654 0.051588 -0.063655
v -0.000439 0.053531 -0.063655
v -0.000943 0.064522 -0.069055
v -0.000943 0.054561 -0.063631
v 0.000796 0.038634 -0.060020
v 0.001875 0.041405 -0.060020
v -0.000745 0.036118 -0.060020
v 0.000159 0.037381 -0.060020
v 0.002324 0.042774 -0.060020
v 0.002424 0.043942 -0.060020
v 0.002448 0.044968 -0.060020
v 0.001046 0.050844 -0.060020
v -0.000189 0.051483 -0.060020
v -0.000776 0.052512 -0.060020
v 0.001211 0.038074 -0.056441
v 0.000794 0.036985 -0.056441
v 0.002195 0.040474 -0.056441
v -0.000151 0.035663 -0.056441
v 0.002617 0.041914 -0.056441
v 0.002912 0.043111 -0.056441
v 0.003161 0.044910 -0.056441
v 0.001832 0.050206 -0.056441
v 0.000530 0.051108 -0.056441
v -0.000182 0.052031 -0.056441
v 0.001503 0.037920 -0.054499
v 0.002441 0.040215 -0.054499
v 0.000081 0.035404 -0.054499
v 0.003096 0.042104 -0.054499
v 0.003254 0.043111 -0.054499
v 0.003335 0.044170 -0.054499
v 0.003114 0.046052 -0.054499
v 0.002706 0.047990 -0.054499
v 0.001917 0.049717 -0.054499
v 0.001121 0.051191 -0.052321
v 0.000050 0.051867 -0.052321
v 0.002098 0.037183 -0.047814
v 0.003506 0.039478 -0.047814
v 0.000537 0.034668 -0.047814
v 0.004358 0.042642 -0.047814
v 0.004183 0.041367 -0.047814
v 0.004284 0.044170 -0.047814
v 0.003991 0.046052 -0.047814
v 0.003430 0.048120 -0.047814
v 0.002641 0.049848 -0.047814
v 0.001577 0.051751 -0.047814
v 0.003783 0.047577 0.085332
v 0.004668 0.048462 0.082920
v 0.002492 0.048834 0.085332
v 0.003353 0.049453 0.082920
v 0.004761 0.045748 0.085332
v 0.005271 0.047285 0.082920
v 0.001205 0.050501 0.082920
v 0.000702 0.049732 0.085331
v 0.005752 0.045912 0.082920
v 0.005096 0.044069 0.085332
v 0.006007 0.043637 0.082920
v 0.004981 0.042587 0.085332
v 0.006068 0.041312 0.082920
v 0.004759 0.041566 0.085332
v 0.005493 0.039719 0.082920
v 0.004242 0.040665 0.085332
v 0.004829 0.038432 0.082920
v 0.003645 0.039727 0.085332
v 0.002582 0.038652 0.085332
v 0.003921 0.037182 0.082920
v 0.001316 0.037974 0.085332
v 0.002721 0.036220 0.082920
v 0.000746 0.035243 0.082920
v 0.000257 0.037540 0.085332
v 0.004399 0.049754 0.079880
v 0.005300 0.048763 0.079880
v 0.001853 0.051083 0.079880
v 0.005906 0.047586 0.079880
v 0.006526 0.043637 0.079880
v 0.006398 0.040888 0.079880
v 0.005975 0.038731 0.079880
v 0.005299 0.037024 0.079880
v 0.004066 0.035381 0.079880
v 0.002721 0.034356 0.079880
v 0.000746 0.033312 0.079880
v 0.005495 0.049099 0.075697
v 0.006362 0.047922 0.075697
v 0.001853 0.051419 0.075697
v 0.004593 0.050090 0.075697
v 0.006853 0.040888 0.075697
v 0.006355 0.037823 0.075697
v 0.005562 0.035504 0.075697
v 0.004153 0.033687 0.075697
v 0.002721 0.032409 0.075697
v 0.000746 0.031453 0.075697
v 0.001853 0.051617 0.071599
v 0.004723 0.050288 0.071599
v 0.007050 0.043637 0.071599
v 0.007123 0.040888 0.071599
v 0.006698 0.037823 0.071599
v 0.005692 0.034723 0.071599
v 0.004283 0.032488 0.071599
v 0.002721 0.031211 0.071599
v 0.001853 0.051768 0.067826
v 0.004844 0.050439 0.067826
v 0.006613 0.048270 0.067826
v 0.006492 0.048119 0.071599
v 0.007171 0.043788 0.067826
v 0.007244 0.041039 0.067826
v 0.006819 0.037220 0.067826
v 0.002721 0.030265 0.067826
v 0.004404 0.031885 0.067826
v 0.005746 0.049447 0.067826
v 0.006253 0.049686 0.060399
v 0.006790 0.048508 0.060399
v 0.001853 0.052006 0.060399
v 0.005351 0.050677 0.060399
v 0.007368 0.046996 0.060399
v 0.007678 0.044026 0.060399
v 0.007751 0.039921 0.060399
v 0.004929 0.030767 0.060399
v 0.006320 0.033002 0.060399
v 0.005813 0.034120 0.067826
v 0.002721 0.029147 0.060399
v 0.001733 0.034483 -0.038262
v 0.001331 0.035905 -0.047814
v 0.002784 0.035900 -0.038262
v 0.000114 0.033384 -0.038262
v 0.004192 0.038195 -0.038262
v 0.005199 0.040436 -0.038262
v 0.005374 0.042421 -0.038262
v 0.005301 0.044170 -0.038262
v 0.004751 0.045816 -0.038262
v 0.004023 0.048132 -0.038262
v 0.003077 0.050460 -0.038262
v 0.001820 0.052748 -0.038262
v 0.000083 0.053499 -0.038262
v 0.000146 0.052427 -0.047814
v 0.001871 0.032870 -0.028063
v 0.003538 0.034430 -0.028063
v 0.000252 0.031914 -0.028063
v 0.004947 0.036725 -0.028063
v 0.005953 0.039521 -0.028063
v 0.006129 0.041959 -0.028063
v 0.006055 0.043963 -0.028063
v 0.005506 0.045996 -0.028063
v 0.004908 0.048772 -0.028063
v 0.003553 0.051001 -0.028063
v 0.001825 0.053527 -0.028063
v 0.000221 0.054368 -0.028063
v 0.000476 0.030763 -0.017996
v 0.002450 0.031719 -0.017996
v 0.005526 0.035574 -0.017996
v 0.006533 0.038532 -0.017996
v 0.006958 0.040970 -0.017996
v 0.006884 0.043830 -0.017996
v 0.006335 0.046498 -0.017996
v 0.005146 0.049014 -0.017996
v 0.004020 0.051974 -0.017996
v 0.002087 0.054006 -0.017996
v 0.000445 0.055103 -0.017996
v 0.002691 0.030113 -0.006014
v 0.004861 0.031673 -0.006014
v 0.004118 0.033279 -0.017996
v 0.000716 0.029157 -0.006014
v 0.007276 0.036926 -0.006014
v 0.007701 0.040345 -0.006014
v 0.007404 0.043964 -0.006014
v 0.006890 0.046783 -0.006014
v 0.005807 0.049390 -0.006014
v 0.004254 0.052089 -0.006014
v 0.002590 0.054750 -0.006014
v 0.002691 0.029646 0.001502
v 0.005237 0.031205 0.001502
v 0.008078 0.039677 0.001502
v 0.007652 0.036459 0.001502
v 0.007781 0.043802 0.001502
v 0.007057 0.046406 0.001502
v 0.005902 0.048863 0.001502
v 0.004220 0.051197 0.003022
v 0.002604 0.054532 0.003022
v 0.008078 0.038182 0.010562
v 0.007652 0.035744 0.010562
v 0.008004 0.041468 0.010562
v 0.007499 0.045081 0.008901
v 0.006412 0.048073 0.009080
v 0.004431 0.049658 0.007008
v 0.008004 0.041769 0.011103
v 0.008078 0.038076 0.011536
v 0.007603 0.044365 0.010494
v 0.007063 0.046590 0.010590
v 0.005293 0.049294 0.011062
v 0.005965 0.047921 0.020263
v 0.000742 0.027423 0.021463
v 0.000716 0.027868 0.011536
v 0.008103 0.038076 0.021463
v 0.007678 0.035192 0.021463
v 0.007652 0.035637 0.011536
v 0.007765 0.044476 0.021463
v 0.008030 0.041880 0.021463
v 0.007472 0.045849 0.021463
v 0.006605 0.047026 0.021463
v 0.005970 0.048027 0.022012
v 0.007678 0.034984 0.024899
v 0.008103 0.038076 0.024899
v 0.007792 0.044776 0.024899
v 0.008030 0.042180 0.024899
v 0.007472 0.046149 0.024899
v 0.007682 0.034984 0.030047
v 0.006676 0.031884 0.030047
v 0.006672 0.032026 0.024899
v 0.008108 0.039921 0.030047
v 0.006605 0.047326 0.024899
v 0.005743 0.048587 0.024899
v 0.006609 0.049172 0.030047
v 0.004044 0.049872 0.026746
v 0.007442 0.047310 0.031919
v 0.008034 0.044026 0.031919
v 0.007796 0.046622 0.030047
v 0.008034 0.044026 0.030047
v 0.007219 0.048683 0.031919
v 0.007476 0.047995 0.030047
v 0.006609 0.049860 0.031919
v 0.005708 0.050852 0.031919
v 0.001853 0.052040 0.031919
v 0.002588 0.050660 0.028923
v 0.007073 0.048683 0.034621
v 0.007442 0.047310 0.034621
v 0.006609 0.049860 0.034621
v 0.007083 0.048532 0.053955
v 0.006436 0.049709 0.053955
v 0.006926 0.048607 0.047510
v 0.006609 0.049784 0.047510
v 0.007036 0.048607 0.041065
v 0.006609 0.049784 0.041065
v 0.007270 0.047159 0.053955
v 0.007442 0.047234 0.047510
v 0.007442 0.047234 0.041065
v 0.007861 0.044026 0.053955
v 0.008034 0.044026 0.047510
v 0.008034 0.044026 0.034621
v 0.008034 0.044026 0.041065
v 0.007181 0.035782 0.053955
v 0.007935 0.039921 0.053955
v 0.007326 0.036101 0.060399
v 0.007682 0.035383 0.047510
v 0.008108 0.039921 0.047510
v 0.007682 0.034984 0.041065
v 0.008108 0.039921 0.041065
v 0.006503 0.032386 0.053955
v 0.006676 0.032060 0.047510
v 0.006676 0.031516 0.041065
v 0.006676 0.031884 0.034621
v 0.007682 0.034984 0.034621
v 0.005035 0.030229 0.053955
v 0.005039 0.030089 0.047510
v 0.005160 0.029589 0.041065
v 0.005267 0.029589 0.034621
v 0.002721 0.028828 0.053955
v 0.002721 0.028429 0.047510
v 0.002721 0.028030 0.041065
v 0.002721 0.028030 0.034621
v -0.000943 0.067581 -0.076874
v 0.005708 0.050775 0.047510
v 0.001853 0.052104 0.047510
v 0.005535 0.050700 0.053955
v 0.001853 0.052029 0.053955
v -0.001250 0.067833 -0.002654
v -0.001588 0.038068 -0.076874
v -0.001588 0.037385 -0.070827
v -0.001250 0.037677 -0.076874
v -0.001250 0.036995 -0.070827
v -0.001557 0.067602 -0.071210
v -0.001250 0.067612 -0.071210
v -0.001250 0.036734 -0.069055
v -0.001250 0.051871 -0.052298
v -0.001250 0.052431 -0.047792
v -0.001250 0.032960 0.079873
v -0.001250 0.051835 0.075691
v -0.001250 0.031101 0.075691
v -0.001250 0.052032 0.071594
v -0.001250 0.029903 0.071594
v -0.001250 0.052183 0.067822
v -0.001250 0.028957 0.067822
v -0.001250 0.052421 0.060396
v -0.001250 0.027839 0.060396
v -0.001250 0.053503 -0.038243
v -0.001250 0.054372 -0.028045
v -0.001250 0.055107 -0.017981
v -0.001250 0.028338 0.001513
v -0.001250 0.027623 0.010570
v -0.001250 0.026863 0.024904
v -0.001250 0.026722 0.030051
v -0.001250 0.026722 0.031923
v -0.001250 0.026722 0.034624
v -0.001250 0.052455 0.034624
v -0.001250 0.027520 0.053953
v -0.001250 0.027121 0.047510
v -0.001250 0.026722 0.041067
v -0.001250 0.052519 0.041067
v -0.001250 0.052519 0.047510
v -0.001250 0.052445 0.053953
v -0.001250 0.047299 0.085323
v -0.001250 0.044700 0.085323
v -0.001250 0.043192 0.085323
v -0.001250 0.042145 0.085323
v -0.001250 0.041217 0.085323
v -0.001250 0.039959 0.085323
v -0.000379 0.039081 -0.076902
v -0.000085 0.040376 -0.076902
v -0.000912 0.037385 -0.070827
v -0.000912 0.038068 -0.076874
v -0.000943 0.067602 -0.071210
v 0.000936 0.036739 -0.054499
v 0.005625 0.049296 0.071599
v 0.000746 0.030255 0.071599
v 0.000746 0.029309 0.067826
v 0.000746 0.028191 0.060399
v 0.006269 0.033968 -0.006014
v 0.006646 0.033500 0.001502
v 0.000716 0.028690 0.001502
v 0.005237 0.030490 0.010562
v 0.002691 0.028931 0.010562
v 0.006646 0.032785 0.010562
v 0.000716 0.027975 0.010562
v 0.005237 0.030384 0.011536
v 0.002691 0.028824 0.011536
v 0.006646 0.032679 0.011536
v 0.005263 0.029938 0.021463
v 0.002717 0.028379 0.021463
v 0.006672 0.032233 0.021463
v 0.005263 0.029731 0.024899
v 0.002717 0.028171 0.024899
v 0.000742 0.027215 0.024899
v 0.005267 0.029589 0.030047
v 0.002721 0.028030 0.030047
v 0.000746 0.027074 0.030047
v 0.005267 0.029589 0.031919
v 0.002721 0.028030 0.031919
v 0.006676 0.031884 0.031919
v 0.000746 0.027074 0.031919
v 0.007682 0.034984 0.031919
v 0.008108 0.039921 0.031919
v 0.000746 0.027074 0.034621
v 0.008108 0.039921 0.034621
v 0.005708 0.050852 0.034621
v 0.001853 0.052040 0.034621
v 0.000746 0.027872 0.053955
v 0.000746 0.027473 0.047510
v 0.000746 0.027074 0.041065
v 0.005708 0.050775 0.041065
v 0.001853 0.052104 0.041065
v 0.002606 0.047299 0.085332
v 0.000760 0.047299 0.085332
v 0.002606 0.044700 0.085332
v 0.000760 0.044700 0.085332
v 0.002606 0.043192 0.085332
v 0.000760 0.043192 0.085332
v 0.002606 0.042145 0.085332
v 0.000760 0.042145 0.085332
v 0.002606 0.041217 0.085332
v 0.000760 0.041217 0.085332
v 0.002721 0.039959 0.085332
v 0.000746 0.039959 0.085332
v -0.009033 0.044461 0.078476
v -0.008835 0.045147 0.079465
v -0.008714 0.045941 0.079465
v -0.008634 0.046490 0.079465
v -0.008674 0.046246 0.079465
v -0.008744 0.046490 0.078476
v -0.009048 0.046510 0.075670
v -0.008971 0.046490 0.076427
v -0.009249 0.046490 0.070465
v -0.009215 0.046490 0.071273
v -0.009203 0.046490 0.071599
v -0.009771 0.046490 0.062368
v -0.009438 0.046490 0.066774
v -0.009362 0.046490 0.067826
v -0.009840 0.046490 0.061465
v -0.009899 0.045926 0.061465
v -0.009980 0.045147 0.061465
v -0.009986 0.044461 0.062368
v -0.009982 0.044677 0.062084
v -0.009491 0.044461 0.070465
v -0.009557 0.044461 0.068686
v -0.009594 0.044461 0.067826
v -0.009449 0.044461 0.071599
v -0.009168 0.044461 0.077036
v -0.009313 0.044461 0.075697
v -0.009406 0.044461 0.072760
v -0.009172 0.046746 0.071599
v -0.008634 0.046213 0.079880
v -0.009420 0.043637 0.075697
v -0.009316 0.046897 0.067826
v -0.001197 0.067361 -0.003668
v -0.001717 0.066805 -0.001686
v -0.001689 0.067827 -0.001682
v -0.001636 0.069708 -0.001589
v -0.001842 0.064049 -0.001712
v -0.001197 0.067843 -0.003662
v -0.001842 0.064098 -0.001138
v -0.001636 0.069741 -0.001274
v -0.002109 0.059486 -0.001031
v -0.002267 0.056227 -0.001826
v -0.002109 0.059420 -0.001847
v -0.002267 0.056312 -0.000963
v -0.003186 0.055826 -0.006014
v -0.003186 0.055916 0.003049
v -0.000900 0.037125 -0.067757
v -0.021938 0.049537 -0.069607
v -0.031522 0.049503 -0.069746
v -0.021907 0.049047 -0.072883
v -0.027841 0.049053 -0.072896
v -0.022222 0.048121 -0.069607
v -0.022192 0.048228 -0.072883
v -0.031807 0.048434 -0.069746
v -0.028126 0.048446 -0.072896
v -0.033779 0.049752 -0.067791
v -0.022133 0.049686 -0.064429
v -0.034058 0.048662 -0.067791
v -0.022413 0.048251 -0.064429
v -0.031737 0.049688 -0.065252
v -0.022201 0.049887 -0.062127
v -0.031979 0.048575 -0.065252
v -0.022444 0.048226 -0.062127
v -0.028178 0.049595 -0.062696
v -0.022573 0.049509 -0.060125
v -0.028423 0.048802 -0.062696
v -0.022819 0.048715 -0.060125
v -0.015733 0.049052 -0.072920
v -0.015714 0.049482 -0.069432
v -0.016018 0.048005 -0.072920
v -0.015999 0.047696 -0.069432
v -0.015884 0.049793 -0.063532
v -0.016054 0.049771 -0.061088
v -0.016296 0.048064 -0.061088
v -0.016163 0.047851 -0.063532
v -0.016506 0.049464 -0.058377
v -0.016751 0.048671 -0.058377
v -0.008748 0.049500 -0.069230
v -0.008770 0.048962 -0.072994
v -0.009055 0.047868 -0.072994
v -0.009033 0.047227 -0.069230
v -0.009114 0.049702 -0.063254
v -0.009465 0.049671 -0.060367
v -0.009543 0.047415 -0.063254
v -0.010036 0.047674 -0.060367
v -0.010717 0.049246 -0.057245
v -0.010939 0.048311 -0.057245
v -0.003011 0.049314 -0.073098
v -0.003011 0.049628 -0.069081
v -0.003296 0.047514 -0.073098
v -0.003296 0.046530 -0.069081
v -0.003478 0.049695 -0.063655
v -0.004084 0.049411 -0.060020
v -0.003907 0.046724 -0.063655
v -0.004655 0.047148 -0.060020
v -0.004870 0.048790 -0.057003
v -0.005367 0.047781 -0.057003
v -0.003297 0.045036 -0.076902
v -0.003297 0.043905 -0.070853
v -0.003022 0.042638 -0.076902
v -0.003022 0.041956 -0.070853
v -0.003695 0.046134 -0.076902
v -0.003695 0.044620 -0.070853
v -0.003621 0.048228 -0.076902
v -0.003621 0.045641 -0.070853
v -0.003295 0.050741 -0.076902
v -0.003010 0.054834 -0.076902
v -0.002686 0.064003 -0.070853
v -0.002686 0.064685 -0.076902
v -0.001864 0.066572 -0.071237
v -0.001863 0.066551 -0.076902
v -0.002530 0.039614 -0.067845
v -0.002121 0.038139 -0.068224
v -0.002415 0.039693 -0.070853
v -0.002121 0.038399 -0.070853
v -0.003022 0.041956 -0.067790
v -0.003297 0.043722 -0.068039
v -0.003607 0.044375 -0.068011
v -0.003621 0.045243 -0.068383
v -0.002686 0.061548 -0.069081
v -0.001864 0.063492 -0.069081
v -0.002498 0.037856 -0.063655
v -0.003157 0.039433 -0.063655
v -0.003865 0.041956 -0.063655
v -0.001577 0.037125 -0.068888
v -0.003908 0.043276 -0.063885
v -0.004274 0.044194 -0.063655
v -0.004200 0.045220 -0.063655
v -0.003154 0.051588 -0.063655
v -0.002061 0.053531 -0.063655
v -0.003296 0.038634 -0.060020
v -0.004375 0.041405 -0.060020
v -0.001755 0.036118 -0.060020
v -0.002659 0.037381 -0.060020
v -0.004824 0.042774 -0.060020
v -0.004924 0.043942 -0.060020
v -0.004948 0.044968 -0.060020
v -0.003546 0.050844 -0.060020
v -0.002311 0.051483 -0.060020
v -0.001724 0.052512 -0.060020
v -0.003711 0.038074 -0.056441
v -0.003294 0.036985 -0.056441
v -0.004695 0.040474 -0.056441
v -0.002349 0.035663 -0.056441
v -0.005117 0.041914 -0.056441
v -0.005412 0.043111 -0.056441
v -0.005661 0.044910 -0.056441
v -0.004332 0.050206 -0.056441
v -0.003030 0.051108 -0.056441
v -0.002318 0.052031 -0.056441
v -0.004003 0.037920 -0.054499
v -0.004941 0.040215 -0.054499
v -0.002581 0.035404 -0.054499
v -0.005596 0.042104 -0.054499
v -0.005754 0.043111 -0.054499
v -0.005835 0.044170 -0.054499
v -0.005614 0.046052 -0.054499
v -0.005206 0.047990 -0.054499
v -0.004417 0.049717 -0.054499
v -0.003621 0.051191 -0.052321
v -0.002550 0.051867 -0.052321
v -0.004598 0.037183 -0.047814
v -0.006006 0.039478 -0.047814
v -0.003037 0.034668 -0.047814
v -0.006858 0.042642 -0.047814
v -0.006683 0.041367 -0.047814
v -0.006784 0.044170 -0.047814
v -0.006491 0.046052 -0.047814
v -0.005930 0.048120 -0.047814
v -0.005141 0.049848 -0.047814
v -0.004077 0.051751 -0.047814
v -0.006283 0.047577 0.085332
v -0.007168 0.048462 0.082920
v -0.004992 0.048834 0.085332
v -0.005853 0.049453 0.082920
v -0.007261 0.045748 0.085332
v -0.007771 0.047285 0.082920
v -0.003705 0.050501 0.082920
v -0.003202 0.049732 0.085331
v -0.008252 0.045912 0.082920
v -0.007596 0.044069 0.085332
v -0.008507 0.043637 0.082920
v -0.007481 0.042587 0.085332
v -0.008568 0.041312 0.082920
v -0.007259 0.041566 0.085332
v -0.007993 0.039719 0.082920
v -0.006742 0.040665 0.085332
v -0.007329 0.038432 0.082920
v -0.006145 0.039727 0.085332
v -0.005082 0.038652 0.085332
v -0.006421 0.037182 0.082920
v -0.003816 0.037974 0.085332
v -0.005221 0.036220 0.082920
v -0.003246 0.035243 0.082920
v -0.002757 0.037540 0.085332
v -0.006899 0.049754 0.079880
v -0.007800 0.048763 0.079880
v -0.004353 0.051083 0.079880
v -0.008406 0.047586 0.079880
v -0.009026 0.043637 0.079880
v -0.008898 0.040888 0.079880
v -0.008475 0.038731 0.079880
v -0.007799 0.037024 0.079880
v -0.006566 0.035381 0.079880
v -0.005221 0.034356 0.079880
v -0.003246 0.033312 0.079880
v -0.007995 0.049099 0.075697
v -0.008862 0.047922 0.075697
v -0.004353 0.051419 0.075697
v -0.007093 0.050090 0.075697
v -0.009353 0.040888 0.075697
v -0.008855 0.037823 0.075697
v -0.008062 0.035504 0.075697
v -0.006653 0.033687 0.075697
v -0.005221 0.032409 0.075697
v -0.003246 0.031453 0.075697
v -0.004353 0.051617 0.071599
v -0.007223 0.050288 0.071599
v -0.009550 0.043637 0.071599
v -0.009623 0.040888 0.071599
v -0.009198 0.037823 0.071599
v -0.008192 0.034723 0.071599
v -0.006783 0.032488 0.071599
v -0.005221 0.031211 0.071599
v -0.004353 0.051768 0.067826
v -0.007344 0.050439 0.067826
v -0.009113 0.048270 0.067826
v -0.008992 0.048119 0.071599
v -0.009671 0.043788 0.067826
v -0.009744 0.041039 0.067826
v -0.009319 0.037220 0.067826
v -0.005221 0.030265 0.067826
v -0.006904 0.031885 0.067826
v -0.008246 0.049447 0.067826
v -0.008753 0.049686 0.060399
v -0.009290 0.048508 0.060399
v -0.004353 0.052006 0.060399
v -0.007851 0.050677 0.060399
v -0.009868 0.046996 0.060399
v -0.010178 0.044026 0.060399
v -0.010251 0.039921 0.060399
v -0.007429 0.030767 0.060399
v -0.008820 0.033002 0.060399
v -0.008313 0.034120 0.067826
v -0.005221 0.029147 0.060399
v -0.004233 0.034483 -0.038262
v -0.003831 0.035905 -0.047814
v -0.005284 0.035900 -0.038262
v -0.002614 0.033384 -0.038262
v -0.006692 0.038195 -0.038262
v -0.007699 0.040436 -0.038262
v -0.007874 0.042421 -0.038262
v -0.007801 0.044170 -0.038262
v -0.007251 0.045816 -0.038262
v -0.006523 0.048132 -0.038262
v -0.005577 0.050460 -0.038262
v -0.004320 0.052748 -0.038262
v -0.002583 0.053499 -0.038262
v -0.002646 0.052427 -0.047814
v -0.004371 0.032870 -0.028063
v -0.006038 0.034430 -0.028063
v -0.002752 0.031914 -0.028063
v -0.007447 0.036725 -0.028063
v -0.008453 0.039521 -0.028063
v -0.008629 0.041959 -0.028063
v -0.008555 0.043963 -0.028063
v -0.008006 0.045996 -0.028063
v -0.007408 0.048772 -0.028063
v -0.006053 0.051001 -0.028063
v -0.004325 0.053527 -0.028063
v -0.002721 0.054368 -0.028063
v -0.002976 0.030763 -0.017996
v -0.004950 0.031719 -0.017996
v -0.008026 0.035574 -0.017996
v -0.009033 0.038532 -0.017996
v -0.009458 0.040970 -0.017996
v -0.009384 0.043830 -0.017996
v -0.008835 0.046498 -0.017996
v -0.007646 0.049014 -0.017996
v -0.006520 0.051974 -0.017996
v -0.004587 0.054006 -0.017996
v -0.002945 0.055103 -0.017996
v -0.005191 0.030113 -0.006014
v -0.007361 0.031673 -0.006014
v -0.006618 0.033279 -0.017996
v -0.003216 0.029157 -0.006014
v -0.009776 0.036926 -0.006014
v -0.010201 0.040345 -0.006014
v -0.009904 0.043964 -0.006014
v -0.009390 0.046783 -0.006014
v -0.008307 0.049390 -0.006014
v -0.006754 0.052089 -0.006014
v -0.005090 0.054750 -0.006014
v -0.005191 0.029646 0.001502
v -0.007737 0.031205 0.001502
v -0.010578 0.039677 0.001502
v -0.010152 0.036459 0.001502
v -0.010281 0.043802 0.001502
v -0.009557 0.046406 0.001502
v -0.008402 0.048863 0.001502
v -0.006720 0.051197 0.003022
v -0.005104 0.054532 0.003022
v -0.010578 0.038182 0.010562
v -0.010152 0.035744 0.010562
v -0.010504 0.041468 0.010562
v -0.009999 0.045081 0.008901
v -0.008912 0.048073 0.009080
v -0.006931 0.049658 0.007008
v -0.010504 0.041769 0.011103
v -0.010578 0.038076 0.011536
v -0.010103 0.044365 0.010494
v -0.009563 0.046590 0.010590
v -0.007793 0.049294 0.011062
v -0.008465 0.047921 0.020263
v -0.003242 0.027423 0.021463
v -0.003216 0.027868 0.011536
v -0.010603 0.038076 0.021463
v -0.010178 0.035192 0.021463
v -0.010152 0.035637 0.011536
v -0.010265 0.044476 0.021463
v -0.010530 0.041880 0.021463
v -0.009972 0.045849 0.021463
v -0.009105 0.047026 0.021463
v -0.008470 0.048027 0.022012
v -0.010178 0.034984 0.024899
v -0.010603 0.038076 0.024899
v -0.010292 0.044776 0.024899
v -0.010530 0.042180 0.024899
v -0.009972 0.046149 0.024899
v -0.010182 0.034984 0.030047
v -0.009176 0.031884 0.030047
v -0.009172 0.032026 0.024899
v -0.010608 0.039921 0.030047
v -0.009105 0.047326 0.024899
v -0.008243 0.048587 0.024899
v -0.009109 0.049172 0.030047
v -0.006544 0.049872 0.026746
v -0.009942 0.047310 0.031919
v -0.010534 0.044026 0.031919
v -0.010296 0.046622 0.030047
v -0.010534 0.044026 0.030047
v -0.009719 0.048683 0.031919
v -0.009976 0.047995 0.030047
v -0.009109 0.049860 0.031919
v -0.008208 0.050852 0.031919
v -0.004353 0.052040 0.031919
v -0.005088 0.050660 0.028923
v -0.009573 0.048683 0.034621
v -0.009942 0.047310 0.034621
v -0.009109 0.049860 0.034621
v -0.009583 0.048532 0.053955
v -0.008936 0.049709 0.053955
v -0.009426 0.048607 0.047510
v -0.009109 0.049784 0.047510
v -0.009536 0.048607 0.041065
v -0.009109 0.049784 0.041065
v -0.009770 0.047159 0.053955
v -0.009942 0.047234 0.047510
v -0.009942 0.047234 0.041065
v -0.010361 0.044026 0.053955
v -0.010534 0.044026 0.047510
v -0.010534 0.044026 0.034621
v -0.010534 0.044026 0.041065
v -0.009681 0.035782 0.053955
v -0.010435 0.039921 0.053955
v -0.009826 0.036101 0.060399
v -0.010182 0.035383 0.047510
v -0.010608 0.039921 0.047510
v -0.010182 0.034984 0.041065
v -0.010608 0.039921 0.041065
v -0.009003 0.032386 0.053955
v -0.009176 0.032060 0.047510
v -0.009176 0.031516 0.041065
v -0.009176 0.031884 0.034621
v -0.010182 0.034984 0.034621
v -0.007535 0.030229 0.053955
v -0.007539 0.030089 0.047510
v -0.007660 0.029589 0.041065
v -0.007767 0.029589 0.034621
v -0.005221 0.028828 0.053955
v -0.005221 0.028429 0.047510
v -0.005221 0.028030 0.041065
v -0.005221 0.028030 0.034621
v -0.008208 0.050775 0.047510
v -0.004353 0.052104 0.047510
v -0.008035 0.050700 0.053955
v -0.004353 0.052029 0.053955
v -0.002121 0.039081 -0.076902
v -0.002415 0.040376 -0.076902
v -0.003436 0.036739 -0.054499
v -0.008125 0.049296 0.071599
v -0.003246 0.030255 0.071599
v -0.003246 0.029309 0.067826
v -0.003246 0.028191 0.060399
v -0.008769 0.033968 -0.006014
v -0.009146 0.033500 0.001502
v -0.003216 0.028690 0.001502
v -0.007737 0.030490 0.010562
v -0.005191 0.028931 0.010562
v -0.009146 0.032785 0.010562
v -0.003216 0.027975 0.010562
v -0.007737 0.030384 0.011536
v -0.005191 0.028824 0.011536
v -0.009146 0.032679 0.011536
v -0.007763 0.029938 0.021463
v -0.005217 0.028379 0.021463
v -0.009172 0.032233 0.021463
v -0.007763 0.029731 0.024899
v -0.005217 0.028171 0.024899
v -0.003242 0.027215 0.024899
v -0.007767 0.029589 0.030047
v -0.005221 0.028030 0.030047
v -0.003246 0.027074 0.030047
v -0.007767 0.029589 0.031919
v -0.005221 0.028030 0.031919
v -0.009176 0.031884 0.031919
v -0.003246 0.027074 0.031919
v -0.010182 0.034984 0.031919
v -0.010608 0.039921 0.031919
v -0.003246 0.027074 0.034621
v -0.010608 0.039921 0.034621
v -0.008208 0.050852 0.034621
v -0.004353 0.052040 0.034621
v -0.003246 0.027872 0.053955
v -0.003246 0.027473 0.047510
v -0.003246 0.027074 0.041065
v -0.008208 0.050775 0.041065
v -0.004353 0.052104 0.041065
v -0.005106 0.047299 0.085332
v -0.003260 0.047299 0.085332
v -0.005106 0.044700 0.085332
v -0.003260 0.044700 0.085332
v -0.005106 0.043192 0.085332
v -0.003260 0.043192 0.085332
v -0.005106 0.042145 0.085332
v -0.003260 0.042145 0.085332
v -0.005106 0.041217 0.085332
v -0.003260 0.041217 0.085332
v -0.005221 0.039959 0.085332
v -0.003246 0.039959 0.085332
vn 0.9893 0.1318 0.0627
vn 0.9920 0.1205 0.0369
vn 0.9915 0.1245 0.0388
vn 0.9852 0.1394 0.0997
vn 0.9844 0.1371 0.1102
vn 0.9785 0.1602 0.1298
vn 0.9893 0.1282 0.0693
vn 0.9853 0.1389 0.0996
vn 0.9943 0.0747 0.0763
vn 0.9924 0.1170 0.0395
vn 0.9927 0.1133 0.0424
vn 0.9919 0.1133 0.0569
vn 0.9877 0.1460 0.0565
vn 0.9914 0.1083 0.0732
vn -0.9945 0.0410 -0.0959
vn -0.0681 -0.9469 -0.3144
vn -0.0055 -0.9486 -0.3163
vn 0.0072 -0.9536 -0.3009
vn 0.9940 0.0372 -0.1028
vn 0.9945 0.0410 -0.0959
vn 0.0539 -0.9555 -0.2902
vn 0.0577 -0.9467 -0.3170
vn 0.9574 0.0352 -0.2868
vn 0.0358 -0.9705 -0.2383
vn 0.0539 -0.9555 -0.2901
vn 0.9719 0.0392 -0.2319
vn 0.9867 0.0457 -0.1558
vn 0.3819 -0.0043 -0.9242
vn 0.3815 0.0541 -0.9228
vn 0.3179 0.0569 -0.9464
vn -0.2797 0.0170 -0.9599
vn 0.1823 0.0147 -0.9831
vn 0.5160 0.0344 0.8559
vn 0.5740 0.0332 0.8182
vn 0.4172 0.0329 0.9082
vn 0.4174 0.0329 0.9081
vn 0.4570 0.0217 -0.8892
vn 0.4503 0.0363 -0.8921
vn 0.4502 0.0365 -0.8922
vn 0.3785 0.0304 0.9251
vn 0.2120 0.9755 -0.0589
vn 0.3056 0.9509 -0.0493
vn 0.0104 0.9968 -0.0798
vn 0.0191 0.9949 -0.0991
vn 0.3267 0.9446 0.0309
vn 0.2101 0.9767 0.0432
vn -0.0163 0.4782 0.8781
vn -0.0037 0.9956 -0.0936
vn -0.0049 0.9951 -0.0987
vn 0.0004 0.9894 -0.1450
vn -0.0026 0.9902 -0.1398
vn 0.0485 -0.9988 -0.0102
vn 0.0427 -0.9978 -0.0499
vn 0.0338 -0.9987 -0.0381
vn 0.0370 -0.9993 -0.0008
vn -0.0064 0.9991 -0.0408
vn -0.0046 0.9992 -0.0399
vn 0.0366 -0.9992 0.0136
vn 0.0481 -0.9986 0.0222
vn 0.0180 0.9983 0.0550
vn 0.0297 0.9979 0.0582
vn 0.0747 -0.9909 0.1123
vn 0.0666 -0.9906 0.1196
vn 0.0405 0.9889 0.1428
vn 0.0620 0.9874 0.1453
vn 0.1151 -0.9659 0.2320
vn 0.0903 -0.9705 0.2236
vn -0.0060 0.9910 -0.1336
vn -0.0045 0.9961 -0.0880
vn 0.0467 -0.9943 -0.0955
vn -0.0067 0.9996 -0.0273
vn -0.0019 0.9982 0.0604
vn 0.0693 -0.9890 0.1304
vn 0.0641 -0.9971 0.0416
vn 0.0061 0.9911 0.1332
vn 0.0775 -0.9764 0.2014
vn 0.0098 0.9970 -0.0771
vn 0.0174 0.9926 -0.1206
vn 0.0652 -0.9839 -0.1666
vn 0.0800 -0.9942 -0.0721
vn -0.0084 1.0000 -0.0010
vn -0.0244 0.9953 0.0938
vn 0.0918 -0.9944 0.0524
vn 0.0932 -0.9869 0.1316
vn -0.0298 0.9874 0.1556
vn 0.0967 -0.9786 0.1814
vn 0.1153 0.0332 0.9928
vn 0.2323 0.0682 0.9702
vn 0.0410 0.9932 -0.1087
vn 0.0263 0.9974 -0.0671
vn 0.0883 -0.9751 -0.2034
vn 0.1051 -0.9902 -0.0916
vn -0.0067 0.9999 0.0137
vn -0.0388 0.9922 0.1185
vn 0.1148 -0.9920 0.0522
vn 0.1064 -0.9859 0.1293
vn -0.0529 0.9814 0.1847
vn 0.0411 0.0152 0.9990
vn 0.9625 -0.2659 -0.0538
vn 0.9575 -0.2866 -0.0334
vn 0.9814 -0.1912 -0.0186
vn 0.9809 -0.1928 -0.0241
vn 0.9827 -0.1815 -0.0368
vn 0.9796 -0.2001 -0.0185
vn 0.9894 0.1276 0.0693
vn 0.9894 0.1353 0.0532
vn 0.9816 0.1514 0.1161
vn 0.9783 0.1842 0.0952
vn 0.9962 0.0604 0.0629
vn 0.9978 0.0482 0.0449
vn 0.9724 0.1905 0.1345
vn 0.9817 0.1897 0.0179
vn 0.9482 0.3176 0.0094
vn 0.9233 0.3145 0.2203
vn 0.9626 -0.2561 -0.0889
vn 0.9180 -0.3900 -0.0711
vn 0.9363 -0.3489 -0.0407
vn 0.9708 -0.2384 -0.0275
vn 0.9779 -0.1861 -0.0950
vn 0.9557 -0.2792 -0.0933
vn 0.9763 -0.2021 -0.0773
vn 0.9917 0.1201 -0.0452
vn 0.9752 0.2189 -0.0323
vn 0.6321 0.1898 -0.7513
vn 0.6278 0.2134 -0.7485
vn 0.9391 0.2023 0.2778
vn 0.9992 0.0352 -0.0172
vn 0.8564 0.2976 0.4218
vn 0.8776 -0.4672 -0.1078
vn 0.9372 -0.3204 -0.1381
vn 0.9597 -0.2186 -0.1764
vn 0.7776 -0.6228 -0.0868
vn 0.8197 -0.5689 -0.0666
vn 0.9560 -0.2206 -0.1935
vn 0.9747 -0.1339 -0.1790
vn 0.9825 0.0928 -0.1614
vn 0.9722 0.1709 -0.1602
vn 0.9667 0.2395 -0.0903
vn 0.9667 0.2395 -0.0904
vn 0.9863 0.1492 -0.0704
vn 0.9192 0.3525 0.1757
vn 0.7548 0.3259 0.5692
vn 0.7987 0.4542 0.3946
vn 0.7916 0.2983 0.5333
vn 0.8429 0.3837 0.3772
vn 0.9144 -0.3752 -0.1521
vn 0.9412 -0.2925 -0.1693
vn 0.6844 -0.7131 -0.1519
vn 0.7973 -0.5813 -0.1623
vn 0.5492 -0.8244 -0.1368
vn 0.7468 -0.6602 -0.0798
vn 0.9606 -0.2101 -0.1821
vn 0.9774 -0.1064 -0.1825
vn 0.9700 0.1216 -0.2103
vn 0.9795 0.0432 -0.1967
vn 0.6756 0.1655 0.7184
vn 0.8257 0.5640 -0.0115
vn 0.9418 0.3131 -0.1221
vn 0.7571 0.6480 0.0828
vn 0.8579 0.5100 0.0617
vn 0.0263 0.9477 0.3180
vn 0.0245 0.6306 0.7758
vn 0.0245 0.6305 0.7758
vn 0.9082 -0.3841 -0.1659
vn 0.9023 -0.3988 -0.1637
vn 0.9006 -0.4089 -0.1476
vn 0.9276 -0.3338 -0.1677
vn 0.6029 -0.7798 -0.1684
vn 0.8076 -0.5623 -0.1778
vn 0.3437 -0.9280 -0.1439
vn 0.9562 -0.2395 -0.1685
vn 0.9756 -0.1423 -0.1669
vn 0.9892 -0.0040 -0.1468
vn 0.9838 0.1635 -0.0733
vn 0.5789 0.1481 0.8019
vn 0.8023 0.5957 -0.0381
vn 0.9353 0.3528 -0.0286
vn 0.6960 0.7167 -0.0431
vn 0.7540 0.6527 -0.0734
vn 0.0086 0.9962 0.0865
vn 0.8941 -0.4230 -0.1473
vn 0.9153 -0.3638 -0.1729
vn 0.2453 -0.9609 -0.1288
vn 0.5745 -0.8063 -0.1405
vn 0.9525 -0.2431 -0.1834
vn 0.9791 -0.1144 -0.1680
vn 0.9924 0.0305 -0.1195
vn 0.9793 0.1921 -0.0633
vn 0.9420 0.3332 -0.0408
vn 0.8582 0.5097 -0.0604
vn 0.6878 0.7203 -0.0900
vn 0.5728 0.8137 -0.0990
vn 0.8558 -0.4996 -0.1338
vn 0.8956 -0.4187 -0.1504
vn 0.5200 -0.8456 -0.1210
vn 0.2161 -0.9690 -0.1199
vn 0.9894 -0.0520 -0.1357
vn 0.9593 -0.2393 -0.1498
vn 0.9875 0.1026 -0.1200
vn 0.9701 0.2206 -0.1009
vn 0.9393 0.3315 -0.0880
vn 0.8845 0.4576 -0.0905
vn 0.6744 0.7298 -0.1126
vn 0.7028 0.5592 0.4398
vn 0.7398 0.5792 0.3424
vn 0.5275 0.7853 0.3240
vn 0.5059 0.7666 0.3955
vn 0.7950 0.4178 0.4397
vn 0.8364 0.4342 0.3345
vn 0.2914 0.9122 0.2879
vn 0.2871 0.8927 0.3474
vn 0.1500 0.9521 0.2663
vn 0.1551 0.9310 0.3303
vn 0.9491 0.1640 0.2690
vn 0.9271 0.2435 0.2848
vn 0.8924 0.2386 0.3830
vn 0.9198 0.1375 0.3674
vn 0.9211 -0.0042 0.3893
vn 0.9625 0.0277 0.2699
vn 0.8580 -0.1973 0.4742
vn 0.9314 -0.1679 0.3231
vn 0.7578 -0.3785 0.5315
vn 0.8487 -0.3561 0.3911
vn 0.6660 -0.4628 0.5850
vn 0.7488 -0.4741 0.4633
vn 0.5141 -0.5737 0.6376
vn 0.5905 -0.6107 0.5276
vn 0.3640 -0.6473 0.6697
vn 0.4240 -0.7022 0.5719
vn 0.2153 -0.6885 0.6925
vn 0.2462 -0.7559 0.6066
vn 0.1331 -0.7748 0.6180
vn 0.1194 -0.7057 0.6984
vn 0.7829 0.5985 0.1697
vn 0.5762 0.7995 0.1695
vn 0.2951 0.9428 0.1549
vn 0.1384 0.9804 0.1405
vn 0.9693 0.1956 0.1487
vn 0.9908 0.0584 0.1217
vn 0.9835 -0.1191 0.1362
vn 0.9375 -0.2904 0.1916
vn 0.8378 -0.4722 0.2742
vn 0.6743 -0.6500 0.3503
vn 0.4967 -0.7654 0.4091
vn 0.2831 -0.8451 0.4535
vn 0.7830 0.6173 0.0767
vn 0.8572 0.4871 0.1670
vn 0.8243 0.5604 0.0810
vn 0.2886 0.9552 0.0656
vn 0.5984 0.7981 0.0702
vn 0.9876 0.1374 0.0756
vn 0.9830 0.1447 0.1134
vn 0.9843 0.1499 0.0926
vn 0.9924 -0.0889 0.0851
vn 0.9632 -0.2444 0.1115
vn 0.8735 -0.4561 0.1704
vn 0.7098 -0.6606 0.2445
vn 0.5234 -0.7984 0.2977
vn 0.2943 -0.8966 0.3308
vn 0.2793 0.9591 0.0456
vn 0.5908 0.8052 0.0509
vn 0.9916 0.1245 0.0343
vn 0.9961 0.0796 0.0375
vn 0.9969 -0.0609 0.0488
vn 0.9721 -0.2242 0.0696
vn 0.8947 -0.4328 0.1105
vn 0.7423 -0.6489 0.1671
vn 0.5388 -0.8138 0.2176
vn 0.2664 0.9630 0.0396
vn 0.5801 0.8128 0.0532
vn 0.9788 0.1996 0.0468
vn 0.9902 0.1339 0.0390
vn 0.9919 0.1133 0.0568
vn 0.9956 0.0792 0.0501
vn 0.9920 0.1205 0.0366
vn 0.9974 -0.0463 0.0560
vn 0.9739 -0.2129 0.0787
vn 0.5418 -0.8242 0.1647
vn 0.7511 -0.6455 0.1385
vn 0.7874 0.6138 0.0571
vn 0.8316 0.5529 0.0527
vn 0.9273 0.3720 0.0408
vn 0.8130 0.5804 0.0467
vn 0.2493 0.9682 0.0217
vn 0.5660 0.8236 0.0376
vn 0.9806 0.1922 0.0389
vn 0.9918 0.1036 0.0751
vn 0.9914 0.1084 0.0732
vn 0.9955 0.0806 0.0501
vn 0.9910 0.1132 0.0713
vn 0.9974 -0.0546 0.0467
vn 0.7287 -0.6771 0.1023
vn 0.9073 -0.4118 0.0848
vn 0.9004 -0.4208 0.1108
vn 0.5169 -0.8508 0.0945
vn 0.7018 -0.7014 -0.1245
vn 0.8110 -0.5733 -0.1163
vn 0.8133 -0.5666 -0.1319
vn 0.4294 -0.8940 -0.1283
vn 0.2247 -0.9653 -0.1328
vn 0.8858 -0.4464 -0.1264
vn 0.9661 -0.2345 -0.1078
vn 0.9954 -0.0251 -0.0921
vn 0.9849 0.1512 -0.0843
vn 0.9618 0.2625 -0.0774
vn 0.9356 0.3449 -0.0752
vn 0.9039 0.4213 -0.0739
vn 0.6704 0.7377 -0.0795
vn 0.8609 0.5049 -0.0628
vn 0.2151 0.9719 -0.0958
vn 0.2261 0.9665 -0.1217
vn 0.6074 -0.7840 -0.1280
vn 0.7807 -0.6121 -0.1257
vn 0.2226 -0.9666 -0.1267
vn 0.3648 -0.9222 -0.1280
vn 0.8930 -0.4359 -0.1121
vn 0.9698 -0.2265 -0.0909
vn 0.9964 -0.0329 -0.0784
vn 0.9862 0.1462 -0.0773
vn 0.9596 0.2707 -0.0761
vn 0.9285 0.3640 -0.0734
vn 0.8952 0.4400 -0.0715
vn 0.6602 0.7479 -0.0687
vn 0.8146 0.5765 -0.0638
vn 0.2432 0.9670 -0.0767
vn 0.3266 -0.9369 -0.1244
vn 0.5549 -0.8224 -0.1255
vn 0.1978 -0.9725 -0.1229
vn 0.8992 -0.4245 -0.1058
vn 0.9694 -0.2296 -0.0868
vn 0.9964 -0.0448 -0.0721
vn 0.9898 0.1265 -0.0660
vn 0.9561 0.2863 -0.0631
vn 0.9165 0.3962 -0.0549
vn 0.8488 0.5258 -0.0552
vn 0.6615 0.7472 -0.0639
vn 0.2687 0.9608 -0.0688
vn 0.5134 -0.8528 -0.0951
vn 0.7580 -0.6408 -0.1217
vn 0.7322 -0.6738 -0.0998
vn 0.1803 -0.9788 -0.0968
vn 0.3098 -0.9460 -0.0951
vn 0.9704 -0.2291 -0.0760
vn 0.9977 -0.0344 -0.0580
vn 0.9897 0.1368 -0.0430
vn 0.9511 0.3072 -0.0311
vn 0.9141 0.4047 -0.0245
vn 0.8581 0.5134 -0.0040
vn 0.8769 0.4806 -0.0000
vn 0.7009 0.7130 -0.0201
vn 0.4861 -0.8715 -0.0649
vn 0.7115 -0.6998 -0.0639
vn 0.9988 -0.0375 -0.0314
vn 0.9721 -0.2307 -0.0427
vn 0.9905 0.1363 -0.0178
vn 0.9533 0.3020 -0.0051
vn 0.9197 0.3926 0.0017
vn 0.8200 0.5696 0.0558
vn 0.7877 0.6122 0.0683
vn 0.7317 0.6814 0.0186
vn -0.0000 0.9986 -0.0529
vn -0.0025 0.9986 -0.0529
vn 0.9980 -0.0627 -0.0104
vn 0.9700 -0.2418 -0.0244
vn 0.9949 0.1008 -0.0057
vn 0.9861 0.1657 -0.0091
vn 0.9403 0.3401 -0.0129
vn 0.9403 0.3401 -0.0128
vn 0.7359 0.6748 0.0547
vn 0.7360 0.6748 0.0546
vn 0.9971 0.0758 -0.0094
vn 0.9973 -0.0727 -0.0076
vn 0.9912 0.1312 -0.0160
vn 0.9647 0.2626 -0.0198
vn 0.7903 0.6125 0.0141
vn 0.7937 0.6081 0.0160
vn 0.1742 -0.9833 -0.0519
vn 0.1749 -0.9817 -0.0756
vn 0.3076 -0.9487 -0.0733
vn 0.3079 -0.9501 -0.0504
vn 0.9979 -0.0654 -0.0035
vn 0.9716 -0.2364 -0.0117
vn 0.9695 -0.2442 -0.0193
vn 0.9938 0.1107 -0.0112
vn 0.9979 0.0652 -0.0065
vn 0.9748 0.2219 -0.0209
vn 0.9748 0.2221 -0.0208
vn 0.8156 0.5784 -0.0165
vn 0.8164 0.5771 -0.0198
vn 0.8003 0.5993 0.0198
vn 0.8147 0.5797 -0.0133
vn 0.9750 -0.2220 -0.0027
vn 0.9986 -0.0526 0.0014
vn 0.9953 0.0937 -0.0229
vn 0.9983 0.0560 -0.0135
vn 0.9736 0.2221 -0.0524
vn 0.9787 -0.2051 0.0033
vn 0.9073 -0.4204 -0.0051
vn 0.9057 -0.4235 -0.0179
vn 0.9992 -0.0389 0.0027
vn 0.7670 0.6293 -0.1255
vn 0.7333 0.6692 -0.1201
vn 0.5083 0.8164 -0.2740
vn 0.7300 0.6486 -0.2154
vn 0.9868 0.1584 0.0339
vn 0.9959 0.0884 0.0170
vn 0.9977 0.0668 0.0068
vn 0.9932 0.1154 0.0171
vn 0.9777 0.2022 0.0575
vn 0.9776 0.2105 0.0032
vn 0.9776 0.2105 0.0033
vn 0.7996 0.5905 -0.1094
vn 0.8791 0.4733 -0.0560
vn 0.8144 0.5541 -0.1726
vn 0.4980 0.8523 -0.1599
vn 0.2531 0.9349 -0.2487
vn 0.2357 0.9637 -0.1255
vn 0.2802 0.9382 -0.2029
vn 0.2082 0.9727 -0.1023
vn 0.9493 0.3140 0.0161
vn 0.9776 0.2102 0.0084
vn 0.8438 0.5366 0.0100
vn 0.9423 0.3345 0.0157
vn 0.9099 0.4144 0.0202
vn 0.9500 0.3121 0.0065
vn 0.9403 0.3402 0.0068
vn 0.9502 0.3115 0.0073
vn 0.9448 0.3277 0.0075
vn 0.9779 0.2084 0.0145
vn 0.9724 0.2333 0.0099
vn 0.9712 0.2381 0.0038
vn 0.9955 0.0916 0.0229
vn 0.9949 0.1004 0.0136
vn 0.9950 0.0994 0.0003
vn 0.9951 0.0984 0.0003
vn 0.9803 -0.1940 0.0371
vn 0.9977 -0.0615 0.0296
vn 0.9773 -0.2045 0.0559
vn 0.9814 -0.1883 0.0361
vn 0.9987 -0.0471 0.0214
vn 0.9820 -0.1891 0.0038
vn 0.9994 -0.0349 0.0007
vn 0.9079 -0.4166 0.0471
vn 0.8931 -0.4477 0.0448
vn 0.8925 -0.4508 0.0155
vn 0.9040 -0.4276 -0.0045
vn 0.9809 -0.1945 -0.0021
vn 0.8180 -0.5730 0.0501
vn 0.7876 -0.6145 0.0455
vn 0.8002 -0.5992 0.0242
vn 0.6987 -0.7154 -0.0013
vn 0.4950 -0.8675 0.0490
vn 0.5528 -0.8320 0.0472
vn 0.4964 -0.8665 0.0526
vn 0.5553 -0.8302 0.0491
vn 0.4913 -0.8705 0.0308
vn 0.5453 -0.8376 0.0338
vn 0.4817 -0.8764 0.0011
vn 0.5515 0.8341 0.0111
vn 0.2321 0.9727 0.0068
vn 0.2377 0.9713 0.0098
vn 0.5559 0.8310 0.0193
vn 0.0023 0.9999 0.0104
vn -0.0001 1.0000 0.0097
vn 0.0002 0.9999 0.0105
vn -0.0016 1.0000 0.0092
vn -0.0019 0.9999 0.0105
vn -0.0000 1.0000 0.0066
vn -0.0006 1.0000 0.0066
vn 0.0003 1.0000 0.0088
vn 0.9989 0.0470 -0.0041
vn 0.9993 0.0366 -0.0034
vn 0.9986 0.0534 -0.0046
vn 0.9986 0.0533 -0.0046
vn 0.9988 0.0495 -0.0045
vn 0.0150 0.9948 0.1008
vn -0.7975 -0.6002 -0.0613
vn -0.8124 -0.5792 -0.0673
vn -0.7695 -0.6342 -0.0750
vn -0.0196 0.5732 0.8192
vn -0.7943 -0.6049 -0.0567
vn 0.0018 0.0004 -1.0000
vn 0.0019 0.0005 -1.0000
vn -0.0022 -0.0009 -1.0000
vn 0.3446 0.1067 0.9327
vn 0.3446 0.1067 0.9326
vn 0.4120 0.1276 0.9022
vn 0.0084 0.0023 -1.0000
vn 0.0086 0.0024 -1.0000
vn 0.0677 -0.9974 0.0243
vn 0.0144 0.0032 -0.9999
vn 0.0181 0.0036 -0.9998
vn 0.1037 -0.9791 0.1752
vn 0.9372 -0.3465 -0.0391
vn 0.9703 -0.2404 -0.0271
vn 0.8124 -0.5792 -0.0673
vn 0.8019 -0.5937 -0.0670
vn 0.9431 0.2756 0.1860
vn 0.9586 0.2849 -0.0011
vn 0.7672 -0.6375 -0.0710
vn 0.7695 -0.6342 -0.0750
vn 0.8943 0.2565 0.3666
vn 0.0196 0.5732 0.8192
vn 0.8912 -0.4341 -0.1313
vn 0.8276 -0.5452 -0.1336
vn -0.0000 0.9992 -0.0403
vn 0.0024 0.9991 -0.0420
vn -0.0000 0.9931 -0.1174
vn 0.1520 -0.8711 0.4671
vn 0.1323 0.9892 0.0634
vn 0.1623 -0.9264 0.3397
vn 0.7724 0.6330 0.0525
vn 0.8040 0.5923 0.0518
vn 0.1325 0.9902 0.0436
vn 0.2979 -0.9213 0.2500
vn 0.1671 -0.9515 0.2582
vn 0.1325 0.9905 0.0357
vn 0.3022 -0.9347 0.1871
vn 0.1700 -0.9663 0.1934
vn 0.1326 0.9910 0.0177
vn 0.3062 -0.9473 0.0945
vn 0.1727 -0.9801 0.0978
vn -0.0000 0.9950 -0.0995
vn -0.0000 0.9969 -0.0788
vn -0.0000 0.9978 -0.0665
vn 0.9013 -0.4233 -0.0920
vn 0.9039 -0.4245 -0.0526
vn 0.3079 -0.9490 -0.0670
vn 0.1755 -0.9820 -0.0694
vn 0.7053 -0.7057 -0.0664
vn 0.4781 -0.8744 -0.0823
vn 0.9044 -0.4247 -0.0399
vn 0.3074 -0.9474 -0.0891
vn 0.1751 -0.9802 -0.0924
vn 0.7058 -0.7062 -0.0553
vn 0.4783 -0.8756 -0.0680
vn 0.9046 -0.4249 -0.0339
vn 0.7063 -0.7069 -0.0381
vn 0.4789 -0.8766 -0.0468
vn 0.9048 -0.4251 -0.0236
vn 0.7064 -0.7071 -0.0314
vn 0.4790 -0.8770 -0.0387
vn 0.3073 -0.9507 -0.0419
vn 0.1737 -0.9839 -0.0432
vn 0.7982 0.5880 -0.1306
vn 0.7068 -0.7074 -0.0100
vn 0.4794 -0.8775 -0.0122
vn 0.3077 -0.9514 -0.0132
vn 0.1738 -0.9847 -0.0135
vn 0.7068 -0.7075 -0.0000
vn 0.4796 -0.8775 -0.0000
vn 0.9081 -0.4188 -0.0000
vn 0.3077 -0.9515 -0.0000
vn 0.1737 -0.9848 -0.0000
vn 0.9801 -0.1986 -0.0000
vn 0.9994 -0.0340 -0.0000
vn 0.5396 0.8419 0.0023
vn 0.2185 0.9758 -0.0022
vn 0.1326 0.9912 -0.0049
vn 0.3074 -0.9501 0.0530
vn 0.1734 -0.9833 0.0548
vn 0.3071 -0.9498 0.0588
vn 0.1734 -0.9830 0.0609
vn 0.3074 -0.9511 0.0294
vn 0.1737 -0.9843 0.0304
vn 0.5468 0.8373 0.0023
vn 0.7398 0.6728 0.0040
vn 0.2264 0.9740 -0.0023
vn 0.7398 0.6727 0.0138
vn 0.1326 0.9911 0.0057
vn 0.7396 0.6726 0.0256
vn 0.1326 0.9911 0.0076
vn -0.0000 -0.0000 1.0000
vn -0.0021 -0.0000 1.0000
vn -0.0026 -0.0000 1.0000
vn -0.0025 0.0001 1.0000
vn -0.0000 0.0002 1.0000
vn -0.0025 0.0002 1.0000
vn -0.0000 0.0005 1.0000
vn -0.9893 0.1318 0.0627
vn -0.9915 0.1245 0.0388
vn -0.9920 0.1205 0.0369
vn -0.9852 0.1395 0.0996
vn -0.9785 0.1602 0.1298
vn -0.9844 0.1371 0.1102
vn -0.9893 0.1282 0.0693
vn -0.9943 0.0747 0.0763
vn -0.9853 0.1389 0.0996
vn -0.9924 0.1169 0.0395
vn -0.9877 0.1460 0.0565
vn -0.9919 0.1133 0.0569
vn -0.9927 0.1133 0.0424
vn -0.9914 0.1083 0.0732
vn 0.0055 -0.9486 -0.3163
vn 0.0681 -0.9469 -0.3144
vn -0.0577 -0.9467 -0.3170
vn -0.9574 0.0352 -0.2868
vn -0.9927 0.0295 -0.1165
vn -0.0358 -0.9705 -0.2383
vn -0.9719 0.0392 -0.2319
vn -0.9867 0.0457 -0.1558
vn -0.3819 -0.0043 -0.9242
vn -0.3815 0.0541 -0.9228
vn -0.3179 0.0569 -0.9464
vn 0.2797 0.0170 -0.9599
vn -0.1823 0.0147 -0.9831
vn -0.5160 0.0344 0.8559
vn -0.5740 0.0332 0.8182
vn -0.4172 0.0329 0.9082
vn -0.4173 0.0329 0.9082
vn -0.4570 0.0217 -0.8892
vn -0.4503 0.0363 -0.8921
vn -0.3785 0.0304 0.9251
vn -0.2120 0.9755 -0.0589
vn -0.0191 0.9949 -0.0991
vn -0.0104 0.9968 -0.0798
vn -0.3056 0.9509 -0.0492
vn -0.3267 0.9446 0.0309
vn -0.2101 0.9767 0.0432
vn 0.0163 0.4782 0.8781
vn 0.0037 0.9956 -0.0936
vn 0.0026 0.9902 -0.1398
vn -0.0004 0.9894 -0.1450
vn 0.0049 0.9951 -0.0987
vn -0.0484 -0.9988 -0.0098
vn -0.0370 -0.9993 -0.0008
vn -0.0338 -0.9987 -0.0381
vn -0.0427 -0.9978 -0.0499
vn 0.0064 0.9991 -0.0408
vn 0.0047 0.9992 -0.0400
vn -0.0366 -0.9992 0.0137
vn -0.0481 -0.9986 0.0221
vn -0.0297 0.9979 0.0582
vn -0.0180 0.9983 0.0550
vn -0.0666 -0.9906 0.1196
vn -0.0747 -0.9909 0.1123
vn -0.0620 0.9874 0.1453
vn -0.0405 0.9889 0.1428
vn -0.0903 -0.9705 0.2236
vn -0.1151 -0.9659 0.2320
vn 0.0060 0.9910 -0.1336
vn 0.0045 0.9961 -0.0880
vn -0.0467 -0.9943 -0.0955
vn 0.0065 0.9996 -0.0276
vn 0.0019 0.9982 0.0604
vn -0.0693 -0.9890 0.1304
vn -0.0641 -0.9971 0.0416
vn -0.0063 0.9911 0.1333
vn -0.0775 -0.9764 0.2014
vn -0.0098 0.9970 -0.0771
vn -0.0174 0.9926 -0.1206
vn -0.0652 -0.9839 -0.1666
vn -0.0800 -0.9942 -0.0720
vn 0.0084 1.0000 -0.0010
vn 0.0244 0.9953 0.0938
vn -0.0918 -0.9944 0.0523
vn -0.0932 -0.9869 0.1316
vn 0.0298 0.9874 0.1556
vn -0.0966 -0.9786 0.1814
vn -0.1153 0.0332 0.9928
vn -0.2323 0.0682 0.9702
vn -0.0410 0.9932 -0.1087
vn -0.0261 0.9974 -0.0666
vn -0.0883 -0.9751 -0.2034
vn -0.1051 -0.9902 -0.0916
vn 0.0067 0.9999 0.0138
vn 0.0388 0.9922 0.1185
vn -0.1148 -0.9920 0.0522
vn -0.1064 -0.9859 0.1292
vn 0.0529 0.9814 0.1847
vn -0.0411 0.0152 0.9990
vn -0.9625 -0.2659 -0.0538
vn -0.9809 -0.1928 -0.0241
vn -0.9814 -0.1912 -0.0186
vn -0.9574 -0.2867 -0.0334
vn -0.9796 -0.2001 -0.0185
vn -0.9827 -0.1815 -0.0368
vn -0.9894 0.1353 0.0532
vn -0.9894 0.1276 0.0693
vn -0.9783 0.1842 0.0952
vn -0.9816 0.1514 0.1161
vn -0.9962 0.0604 0.0629
vn -0.9978 0.0482 0.0449
vn -0.9724 0.1905 0.1345
vn -0.9817 0.1897 0.0179
vn -0.9233 0.3145 0.2203
vn -0.9483 0.3173 0.0093
vn -0.9626 -0.2561 -0.0888
vn -0.9708 -0.2384 -0.0275
vn -0.9363 -0.3490 -0.0407
vn -0.9180 -0.3900 -0.0711
vn -0.9779 -0.1861 -0.0950
vn -0.9557 -0.2792 -0.0933
vn -0.9763 -0.2021 -0.0773
vn -0.9917 0.1201 -0.0452
vn -0.9752 0.2189 -0.0323
vn -0.6321 0.1898 -0.7513
vn -0.6278 0.2134 -0.7485
vn -0.9992 0.0352 -0.0172
vn -0.9391 0.2023 0.2778
vn -0.8564 0.2976 0.4218
vn -0.8775 -0.4672 -0.1078
vn -0.9372 -0.3204 -0.1381
vn -0.9597 -0.2186 -0.1765
vn -0.7732 -0.6271 -0.0943
vn -0.8197 -0.5689 -0.0666
vn -0.9560 -0.2206 -0.1935
vn -0.9747 -0.1339 -0.1790
vn -0.9825 0.0928 -0.1614
vn -0.9722 0.1709 -0.1602
vn -0.9667 0.2395 -0.0903
vn -0.9667 0.2395 -0.0904
vn -0.9863 0.1492 -0.0704
vn -0.9192 0.3525 0.1757
vn -0.7548 0.3259 0.5692
vn -0.7987 0.4542 0.3946
vn -0.7916 0.2983 0.5333
vn -0.8429 0.3837 0.3772
vn -0.9144 -0.3752 -0.1521
vn -0.9411 -0.2925 -0.1693
vn -0.6844 -0.7131 -0.1519
vn -0.7973 -0.5813 -0.1623
vn -0.5492 -0.8244 -0.1368
vn -0.6725 -0.7292 -0.1265
vn -0.9606 -0.2101 -0.1821
vn -0.9774 -0.1064 -0.1825
vn -0.9700 0.1216 -0.2103
vn -0.9795 0.0432 -0.1967
vn -0.6756 0.1655 0.7184
vn -0.9418 0.3131 -0.1221
vn -0.8257 0.5641 -0.0115
vn -0.7571 0.6480 0.0828
vn -0.8579 0.5100 0.0617
vn -0.0263 0.9477 0.3180
vn -0.0384 0.8702 0.4912
vn -0.9006 -0.4089 -0.1477
vn -0.9023 -0.3988 -0.1637
vn -0.9082 -0.3841 -0.1659
vn -0.9276 -0.3338 -0.1677
vn -0.6030 -0.7798 -0.1684
vn -0.8076 -0.5623 -0.1778
vn -0.3437 -0.9280 -0.1439
vn -0.9562 -0.2395 -0.1685
vn -0.9756 -0.1423 -0.1669
vn -0.9892 -0.0040 -0.1468
vn -0.9838 0.1635 -0.0733
vn -0.5789 0.1481 0.8019
vn -0.8023 0.5957 -0.0381
vn -0.9353 0.3528 -0.0286
vn -0.6960 0.7167 -0.0431
vn -0.7540 0.6527 -0.0734
vn -0.0087 0.9962 0.0866
vn -0.0086 0.9962 0.0865
vn -0.8941 -0.4230 -0.1473
vn -0.9153 -0.3638 -0.1729
vn -0.2453 -0.9608 -0.1289
vn -0.5745 -0.8063 -0.1405
vn -0.9525 -0.2432 -0.1834
vn -0.9791 -0.1144 -0.1680
vn -0.9924 0.0305 -0.1195
vn -0.9793 0.1921 -0.0633
vn -0.9420 0.3332 -0.0408
vn -0.8582 0.5097 -0.0604
vn -0.6878 0.7203 -0.0900
vn -0.5728 0.8137 -0.0990
vn -0.8558 -0.4997 -0.1339
vn -0.8956 -0.4187 -0.1504
vn -0.5200 -0.8456 -0.1210
vn -0.2161 -0.9690 -0.1196
vn -0.9894 -0.0520 -0.1357
vn -0.9593 -0.2394 -0.1498
vn -0.9875 0.1026 -0.1200
vn -0.9701 0.2206 -0.1009
vn -0.9394 0.3313 -0.0879
vn -0.8845 0.4576 -0.0905
vn -0.6744 0.7298 -0.1126
vn -0.7028 0.5591 0.4398
vn -0.5059 0.7666 0.3955
vn -0.5275 0.7853 0.3240
vn -0.7398 0.5792 0.3424
vn -0.8364 0.4342 0.3345
vn -0.7950 0.4178 0.4397
vn -0.2914 0.9122 0.2879
vn -0.2871 0.8927 0.3474
vn -0.1500 0.9521 0.2663
vn -0.1551 0.9310 0.3303
vn -0.9491 0.1640 0.2690
vn -0.9198 0.1375 0.3674
vn -0.8924 0.2386 0.3830
vn -0.9271 0.2435 0.2848
vn -0.9625 0.0277 0.2699
vn -0.9211 -0.0042 0.3893
vn -0.9313 -0.1680 0.3231
vn -0.8580 -0.1973 0.4742
vn -0.8487 -0.3560 0.3911
vn -0.7578 -0.3785 0.5315
vn -0.7488 -0.4741 0.4633
vn -0.6660 -0.4628 0.5850
vn -0.5141 -0.5737 0.6376
vn -0.5905 -0.6107 0.5276
vn -0.3640 -0.6473 0.6697
vn -0.4240 -0.7022 0.5719
vn -0.2462 -0.7559 0.6066
vn -0.2154 -0.6885 0.6925
vn -0.1331 -0.7748 0.6180
vn -0.1194 -0.7057 0.6984
vn -0.5762 0.7995 0.1695
vn -0.7829 0.5985 0.1697
vn -0.2951 0.9428 0.1549
vn -0.1384 0.9804 0.1405
vn -0.9693 0.1956 0.1487
vn -0.9909 0.0583 0.1213
vn -0.9835 -0.1191 0.1362
vn -0.9376 -0.2903 0.1916
vn -0.8377 -0.4722 0.2742
vn -0.6743 -0.6500 0.3503
vn -0.4967 -0.7654 0.4091
vn -0.2831 -0.8451 0.4535
vn -0.7831 0.6172 0.0767
vn -0.8243 0.5604 0.0810
vn -0.8572 0.4871 0.1670
vn -0.2886 0.9552 0.0656
vn -0.5984 0.7981 0.0702
vn -0.9876 0.1374 0.0755
vn -0.9830 0.1447 0.1134
vn -0.9843 0.1499 0.0926
vn -0.9924 -0.0889 0.0851
vn -0.9633 -0.2443 0.1115
vn -0.8735 -0.4561 0.1704
vn -0.7099 -0.6605 0.2445
vn -0.5234 -0.7984 0.2977
vn -0.2943 -0.8966 0.3309
vn -0.2793 0.9591 0.0456
vn -0.5911 0.8050 0.0509
vn -0.9961 0.0796 0.0375
vn -0.9916 0.1245 0.0343
vn -0.9969 -0.0609 0.0488
vn -0.9721 -0.2242 0.0696
vn -0.8947 -0.4328 0.1105
vn -0.7424 -0.6488 0.1671
vn -0.5389 -0.8138 0.2177
vn -0.2669 0.9629 0.0396
vn -0.5801 0.8128 0.0532
vn -0.9788 0.1996 0.0468
vn -0.9902 0.1339 0.0390
vn -0.9919 0.1133 0.0568
vn -0.9956 0.0792 0.0501
vn -0.9923 0.1170 0.0395
vn -0.9920 0.1205 0.0366
vn -0.9974 -0.0462 0.0560
vn -0.9739 -0.2129 0.0788
vn -0.5417 -0.8243 0.1647
vn -0.7511 -0.6455 0.1385
vn -0.7873 0.6139 0.0572
vn -0.8130 0.5804 0.0467
vn -0.9273 0.3720 0.0408
vn -0.8319 0.5525 0.0527
vn -0.2493 0.9682 0.0217
vn -0.5660 0.8236 0.0376
vn -0.9806 0.1921 0.0389
vn -0.9918 0.1036 0.0751
vn -0.9955 0.0806 0.0501
vn -0.9914 0.1084 0.0732
vn -0.9910 0.1132 0.0713
vn -0.9974 -0.0546 0.0467
vn -0.7287 -0.6772 0.1021
vn -0.9004 -0.4208 0.1108
vn -0.9074 -0.4116 0.0851
vn -0.5169 -0.8508 0.0945
vn -0.7020 -0.7012 -0.1245
vn -0.8133 -0.5667 -0.1319
vn -0.8110 -0.5733 -0.1163
vn -0.2248 -0.9653 -0.1329
vn -0.4294 -0.8940 -0.1283
vn -0.8858 -0.4465 -0.1265
vn -0.9661 -0.2345 -0.1078
vn -0.9954 -0.0251 -0.0921
vn -0.9849 0.1512 -0.0843
vn -0.9618 0.2626 -0.0774
vn -0.9356 0.3449 -0.0752
vn -0.9039 0.4213 -0.0739
vn -0.6704 0.7377 -0.0795
vn -0.8611 0.5046 -0.0629
vn -0.2151 0.9719 -0.0958
vn -0.2262 0.9665 -0.1217
vn -0.6074 -0.7840 -0.1280
vn -0.7807 -0.6121 -0.1260
vn -0.2227 -0.9666 -0.1268
vn -0.3649 -0.9222 -0.1280
vn -0.8930 -0.4359 -0.1121
vn -0.9698 -0.2265 -0.0909
vn -0.9964 -0.0329 -0.0784
vn -0.9862 0.1463 -0.0773
vn -0.9597 0.2704 -0.0761
vn -0.9285 0.3640 -0.0734
vn -0.8952 0.4400 -0.0715
vn -0.6602 0.7479 -0.0687
vn -0.8146 0.5765 -0.0638
vn -0.2433 0.9669 -0.0767
vn -0.3266 -0.9369 -0.1244
vn -0.5549 -0.8224 -0.1255
vn -0.1978 -0.9725 -0.1229
vn -0.8992 -0.4245 -0.1058
vn -0.9694 -0.2296 -0.0868
vn -0.9964 -0.0446 -0.0722
vn -0.9898 0.1265 -0.0660
vn -0.9560 0.2865 -0.0628
vn -0.9165 0.3962 -0.0549
vn -0.8488 0.5258 -0.0552
vn -0.6615 0.7472 -0.0639
vn -0.2687 0.9608 -0.0688
vn -0.5134 -0.8528 -0.0951
vn -0.7321 -0.6738 -0.0998
vn -0.7580 -0.6408 -0.1217
vn -0.1803 -0.9788 -0.0969
vn -0.3099 -0.9460 -0.0954
vn -0.9704 -0.2291 -0.0760
vn -0.9977 -0.0344 -0.0580
vn -0.9896 0.1370 -0.0430
vn -0.9511 0.3072 -0.0311
vn -0.9141 0.4047 -0.0245
vn -0.8770 0.4806 -0.0000
vn -0.8581 0.5134 -0.0040
vn -0.7009 0.7130 -0.0201
vn -0.4861 -0.8715 -0.0649
vn -0.7115 -0.6998 -0.0639
vn -0.9721 -0.2305 -0.0427
vn -0.9988 -0.0375 -0.0314
vn -0.9905 0.1363 -0.0178
vn -0.9533 0.3021 -0.0051
vn -0.9197 0.3926 0.0017
vn -0.8200 0.5696 0.0558
vn -0.7877 0.6122 0.0683
vn -0.7317 0.6814 0.0186
vn 0.0025 0.9986 -0.0529
vn -0.9700 -0.2418 -0.0244
vn -0.9980 -0.0627 -0.0104
vn -0.9949 0.1008 -0.0057
vn -0.9861 0.1657 -0.0091
vn -0.9403 0.3401 -0.0128
vn -0.9403 0.3401 -0.0129
vn -0.7359 0.6748 0.0547
vn -0.7360 0.6748 0.0546
vn -0.9971 0.0758 -0.0094
vn -0.9973 -0.0726 -0.0076
vn -0.9912 0.1312 -0.0160
vn -0.9647 0.2626 -0.0198
vn -0.7903 0.6125 0.0141
vn -0.7937 0.6081 0.0160
vn -0.1742 -0.9833 -0.0519
vn -0.3079 -0.9501 -0.0504
vn -0.3076 -0.9487 -0.0733
vn -0.1749 -0.9817 -0.0753
vn -0.9979 -0.0654 -0.0035
vn -0.9696 -0.2441 -0.0193
vn -0.9716 -0.2364 -0.0117
vn -0.9979 0.0651 -0.0064
vn -0.9937 0.1111 -0.0112
vn -0.9749 0.2218 -0.0210
vn -0.9748 0.2219 -0.0209
vn -0.8164 0.5771 -0.0198
vn -0.8156 0.5784 -0.0165
vn -0.8147 0.5797 -0.0133
vn -0.8003 0.5993 0.0198
vn -0.9750 -0.2220 -0.0027
vn -0.9986 -0.0526 0.0014
vn -0.9953 0.0937 -0.0229
vn -0.9983 0.0560 -0.0134
vn -0.9736 0.2221 -0.0524
vn -0.9787 -0.2051 0.0033
vn -0.9057 -0.4235 -0.0179
vn -0.9073 -0.4204 -0.0051
vn -0.9992 -0.0389 0.0027
vn -0.7670 0.6293 -0.1255
vn -0.7300 0.6486 -0.2154
vn -0.5083 0.8164 -0.2740
vn -0.7333 0.6692 -0.1201
vn -0.9868 0.1584 0.0339
vn -0.9932 0.1154 0.0171
vn -0.9977 0.0668 0.0068
vn -0.9959 0.0884 0.0170
vn -0.9777 0.2022 0.0575
vn -0.9777 0.2022 0.0574
vn -0.9776 0.2105 0.0033
vn -0.9776 0.2105 0.0032
vn -0.8144 0.5541 -0.1726
vn -0.8791 0.4733 -0.0560
vn -0.7996 0.5905 -0.1094
vn -0.4980 0.8523 -0.1599
vn -0.2357 0.9637 -0.1255
vn -0.2531 0.9349 -0.2487
vn -0.2082 0.9727 -0.1023
vn -0.2802 0.9382 -0.2029
vn -0.9493 0.3139 0.0161
vn -0.9776 0.2102 0.0084
vn -0.8438 0.5366 0.0100
vn -0.9423 0.3344 0.0157
vn -0.9099 0.4144 0.0202
vn -0.9403 0.3402 0.0068
vn -0.9501 0.3120 0.0065
vn -0.9502 0.3115 0.0073
vn -0.9448 0.3277 0.0075
vn -0.9779 0.2087 0.0146
vn -0.9724 0.2333 0.0099
vn -0.9712 0.2381 0.0038
vn -0.9955 0.0916 0.0229
vn -0.9949 0.1004 0.0136
vn -0.9951 0.0984 0.0003
vn -0.9950 0.0994 0.0003
vn -0.9803 -0.1940 0.0371
vn -0.9773 -0.2045 0.0559
vn -0.9977 -0.0615 0.0296
vn -0.9814 -0.1883 0.0361
vn -0.9987 -0.0471 0.0214
vn -0.9819 -0.1891 0.0038
vn -0.9994 -0.0349 0.0007
vn -0.9079 -0.4166 0.0471
vn -0.8931 -0.4477 0.0448
vn -0.8925 -0.4508 0.0155
vn -0.9809 -0.1945 -0.0021
vn -0.9040 -0.4276 -0.0045
vn -0.8180 -0.5730 0.0500
vn -0.7874 -0.6147 0.0457
vn -0.8002 -0.5993 0.0243
vn -0.6986 -0.7155 -0.0013
vn -0.5528 -0.8319 0.0475
vn -0.4952 -0.8674 0.0487
vn -0.4964 -0.8665 0.0526
vn -0.5552 -0.8303 0.0488
vn -0.4913 -0.8705 0.0308
vn -0.5453 -0.8376 0.0338
vn -0.4817 -0.8764 0.0011
vn -0.5515 0.8341 0.0111
vn -0.5564 0.8307 0.0193
vn -0.2377 0.9713 0.0098
vn -0.2321 0.9727 0.0068
vn -0.0015 1.0000 0.0091
vn -0.0023 0.9999 0.0104
vn -0.0002 0.9999 0.0105
vn -0.0001 1.0000 0.0096
vn 0.0019 0.9999 0.0105
vn 0.0006 1.0000 0.0066
vn -0.9989 0.0471 -0.0041
vn -0.9993 0.0366 -0.0034
vn -0.9986 0.0534 -0.0046
vn -0.9986 0.0533 -0.0046
vn -0.9988 0.0495 -0.0045
vn -0.0150 0.9948 0.1009
vn 0.7540 -0.6527 -0.0736
vn 0.0342 0.9994 -0.0036
vn 0.7975 -0.6002 -0.0613
vn -0.0018 0.0004 -1.0000
vn 0.0022 -0.0009 -1.0000
vn -0.0019 0.0005 -1.0000
vn -0.3446 0.1067 0.9327
vn -0.4120 0.1276 0.9022
vn -0.3446 0.1067 0.9326
vn -0.0079 0.0022 -1.0000
vn -0.0086 0.0024 -1.0000
vn -0.0677 -0.9974 0.0243
vn -0.0141 0.0032 -0.9999
vn -0.0144 0.0032 -0.9999
vn -0.0181 0.0036 -0.9998
vn -0.1037 -0.9791 0.1752
vn -0.9703 -0.2404 -0.0271
vn -0.9372 -0.3465 -0.0391
vn -0.8836 -0.4653 -0.0525
vn -0.7540 -0.6527 -0.0736
vn -0.9431 0.2756 0.1860
vn -0.9586 0.2849 -0.0011
vn -0.0342 0.9994 -0.0036
vn -0.7672 -0.6375 -0.0710
vn -0.8943 0.2565 0.3666
vn -0.7663 -0.6401 -0.0554
vn -0.8913 -0.4341 -0.1313
vn -0.8276 -0.5452 -0.1336
vn -0.0024 0.9991 -0.0420
vn -0.1520 -0.8711 0.4671
vn -0.1323 0.9892 0.0634
vn -0.1623 -0.9264 0.3397
vn -0.7724 0.6330 0.0525
vn -0.8040 0.5923 0.0518
vn -0.1325 0.9902 0.0436
vn -0.2979 -0.9212 0.2501
vn -0.1671 -0.9515 0.2583
vn -0.1325 0.9905 0.0357
vn -0.3022 -0.9347 0.1871
vn -0.1700 -0.9663 0.1934
vn -0.1326 0.9910 0.0177
vn -0.3063 -0.9472 0.0946
vn -0.1727 -0.9801 0.0978
vn -0.9013 -0.4233 -0.0920
vn -0.9039 -0.4245 -0.0526
vn -0.3083 -0.9489 -0.0670
vn -0.1755 -0.9820 -0.0694
vn -0.7054 -0.7057 -0.0664
vn -0.4781 -0.8744 -0.0823
vn -0.9045 -0.4247 -0.0399
vn -0.3076 -0.9473 -0.0891
vn -0.1751 -0.9802 -0.0919
vn -0.7058 -0.7062 -0.0553
vn -0.4785 -0.8754 -0.0680
vn -0.9046 -0.4249 -0.0339
vn -0.7063 -0.7069 -0.0381
vn -0.4789 -0.8766 -0.0468
vn -0.9048 -0.4251 -0.0236
vn -0.7064 -0.7071 -0.0314
vn -0.4790 -0.8770 -0.0387
vn -0.3073 -0.9507 -0.0419
vn -0.1737 -0.9839 -0.0432
vn -0.7982 0.5880 -0.1306
vn -0.7068 -0.7074 -0.0100
vn -0.4794 -0.8775 -0.0122
vn -0.3077 -0.9514 -0.0132
vn -0.1738 -0.9847 -0.0135
vn -0.7068 -0.7075 -0.0000
vn -0.4796 -0.8775 -0.0000
vn -0.9081 -0.4188 -0.0000
vn -0.3077 -0.9515 -0.0000
vn -0.1737 -0.9848 -0.0000
vn -0.9801 -0.1986 -0.0000
vn -0.9994 -0.0340 -0.0000
vn -0.5396 0.8419 0.0023
vn -0.2185 0.9758 -0.0022
vn -0.1326 0.9912 -0.0049
vn -0.3074 -0.9501 0.0530
vn -0.1734 -0.9833 0.0548
vn -0.3071 -0.9498 0.0588
vn -0.1734 -0.9830 0.0609
vn -0.3074 -0.9511 0.0294
vn -0.1737 -0.9843 0.0304
vn -0.5468 0.8373 0.0023
vn -0.7398 0.6728 0.0040
vn -0.2264 0.9740 -0.0023
vn -0.7398 0.6727 0.0138
vn -0.1326 0.9911 0.0057
vn -0.7396 0.6726 0.0256
vn -0.1326 0.9911 0.0076
vn 0.0021 -0.0000 1.0000
vn 0.0026 -0.0000 1.0000
vn 0.0025 0.0001 1.0000
vn 0.0025 0.0002 1.0000
vt 0.625000 0.177997
vt 0.625000 0.175633
vt 0.625000 0.178571
vt 0.625000 0.175025
vt 0.625000 0.178571
vt 0.625000 0.152971
vt 0.625000 0.154289
vt 0.625000 0.142857
vt 0.625000 0.175483
vt 0.625000 0.175112
vt 0.625000 0.173899
vt 0.625000 0.173512
vt 0.625000 0.175483
vt 0.541667 0.500000
vt 0.500000 0.500000
vt 0.625000 0.535714
vt 0.625000 0.571429
vt 0.625000 0.678571
vt 0.625000 0.714286
vt 0.625000 0.642857
vt 0.625000 0.607143
vt 0.625000 0.500000
vt 0.583333 0.500000
vt 0.625000 0.750000
vt 0.583333 0.750000
vt 0.541667 0.750000
vt 0.500000 0.750000
vt 0.625000 0.250000
vt 0.583333 0.250000
vt 0.625000 0.214286
vt 0.541667 0.250000
vt 0.500000 0.250000
vt 0.625000 0.107143
vt 0.625000 0.071429
vt 0.625000 0.035714
vt 0.625000 0.000000
vt 0.583333 0.000000
vt 0.541667 0.000000
vt 0.500000 0.000000
vt 0.625000 0.178571
vt 0.625000 0.184918
vt 0.625000 0.182853
vt 0.625000 0.178571
vt 0.625000 0.163787
vt 0.625000 0.174805
vt 0.625000 0.152329
vt 0.625000 0.152971
vt 0.625000 0.152971
vt 0.625000 0.150596
vt 0.625000 0.150990
vt 0.625000 0.150990
vt 0.625000 0.151808
vt 0.625000 0.152329
vt 0.625000 0.172810
vt 0.625000 0.172666
vt 0.625000 0.165873
vt 0.625000 0.156505
vt 0.625000 0.150957
vt 0.625000 0.148585
vt 0.625000 0.150596
vt 0.625000 0.150957
vt 0.687500 0.214286
vt 0.687500 0.250000
vt 0.750000 0.214286
vt 0.750000 0.250000
vt 0.812500 0.214286
vt 0.812500 0.250000
vt 0.875000 0.214286
vt 0.875000 0.250000
vt 0.687500 0.178571
vt 0.750000 0.178571
vt 0.812500 0.178571
vt 0.875000 0.178571
vt 0.687500 0.142857
vt 0.750000 0.142857
vt 0.812500 0.142857
vt 0.875000 0.142857
vt 0.687500 0.071429
vt 0.687500 0.107143
vt 0.750000 0.071429
vt 0.750000 0.107143
vt 0.812500 0.071429
vt 0.812500 0.107143
vt 0.687500 0.035714
vt 0.750000 0.035714
vt 0.812500 0.035714
vt 0.875000 0.035714
vt 0.875000 0.071429
vt 0.687500 0.000000
vt 0.750000 0.000000
vt 0.812500 0.000000
vt 0.875000 0.000000
vt 0.625000 1.000000
vt 0.583333 1.000000
vt 0.583333 0.937500
vt 0.625000 0.937500
vt 0.583333 0.875000
vt 0.625000 0.875000
vt 0.583333 0.812500
vt 0.625000 0.812500
vt 0.583333 0.375000
vt 0.541667 0.375000
vt 0.541667 0.312500
vt 0.583333 0.312500
vt 0.875000 0.107143
vt 0.541667 0.937500
vt 0.541667 1.000000
vt 0.500000 0.937500
vt 0.500000 1.000000
vt 0.541667 0.875000
vt 0.500000 0.875000
vt 0.541667 0.812500
vt 0.500000 0.812500
vt 0.583333 0.437500
vt 0.625000 0.437500
vt 0.541667 0.437500
vt 0.500000 0.437500
vt 0.625000 0.375000
vt 0.500000 0.375000
vt 0.625000 0.312500
vt 0.500000 0.312500
vt 0.583333 0.214286
vt 0.541667 0.214286
vt 0.500000 0.214286
vt 0.583333 0.178571
vt 0.541667 0.178571
vt 0.500000 0.178571
vt 0.583333 0.142857
vt 0.541667 0.142857
vt 0.500000 0.142857
vt 0.583333 0.107143
vt 0.541667 0.107143
vt 0.500000 0.107143
vt 0.583333 0.071429
vt 0.541667 0.071429
vt 0.500000 0.071429
vt 0.583333 0.035714
vt 0.541667 0.035714
vt 0.500000 0.035714
s 1
usemtl lambert1
f 1173/870/1162 1177/871/1163 1193/872/1164
f 1169/873/1165 1171/874/1166 1194/872/1167
f 1191/875/1168 1190/876/1169 1195/877/1170
f 1176/878/1171 1175/879/1172 1180/880/1173 1196/872/1174 1193/872/1164
f 1180/880/1173 1179/881/1175 1196/872/1174
f 1177/871/1163 1176/882/1171 1193/872/1164
f 1197/883/1176 1198/883/1176 1200/883/1176 1199/883/1176
f 1199/883/1177 1200/883/1177 1202/884/1178 1201/884/1179
f 1203/883/1180 1204/883/1180 1206/883/1181 1205/883/1181
f 1204/883/1182 1201/884/1179 1202/884/1178 1206/883/1183
f 1208/883/1184 1204/883/1180 1203/883/1180 1209/883/1184
f 1208/883/1185 1207/884/1185 1201/884/1179 1204/883/1186
f 1213/883/1187 1214/883/1188 1208/883/1184 1209/883/1184
f 1209/883/1189 1210/884/1189 1211/884/1189 1213/883/1189
f 1214/883/1190 1212/884/1190 1207/884/1191 1208/883/1191
f 1202/884/1192 1200/883/1192 1198/883/1192 1217/884/1192
f 1202/884/1193 1217/884/1193 1205/883/1193 1206/883/1193
f 1215/884/1194 1218/883/1194 1219/883/1195 1216/884/1195
f 1220/884/1196 1222/883/1197 1218/883/1194 1215/884/1194
f 1225/883/1198 1224/884/1198 1221/884/1199 1226/883/1200
f 1227/883/1201 1222/883/1197 1220/884/1196 1223/884/1201
f 1225/883/1202 1229/883/1203 1228/884/1204 1224/884/1205
f 1230/883/1206 1229/883/1203 1225/883/1202 1227/883/1207
f 1235/884/1208 1233/883/1208 1234/883/1208 1236/884/1208
f 1260/885/1209 1261/885/1210 1263/885/1211 1262/885/1212
f 1264/886/1213 1265/886/1214 1267/886/1215 1266/886/1216
f 1268/885/1217 1261/885/1210 1260/885/1209 1269/885/1218
f 1270/886/1219 1271/886/1220 1264/886/1213 1266/886/1216
f 1268/885/1217 1269/885/1218 1273/885/1221 1272/885/1222
f 1270/886/1219 1274/886/1223 1275/886/1224 1271/886/1220
f 1272/885/1222 1273/885/1221 1277/885/1225 1276/885/1226
f 1274/886/1223 1278/886/1227 1279/886/1228 1275/886/1224
f 1280/885/1229 1281/885/1230 1260/885/1209 1262/885/1212
f 1282/886/1231 1265/886/1214 1264/886/1213 1283/886/1231
f 1284/885/1232 1269/885/1218 1260/885/1209 1281/885/1230
f 1285/885/1233 1273/885/1221 1269/885/1218 1284/885/1232
f 1286/886/1234 1287/886/1235 1271/886/1220 1275/886/1224
f 1288/885/1236 1277/885/1225 1273/885/1221 1285/885/1233
f 1286/886/1234 1275/886/1224 1279/886/1228 1289/886/1237
f 1290/885/1238 1281/885/1230 1280/885/1229 1291/885/1239
f 1292/886/1240 1282/886/1231 1283/886/1231 1293/886/1241
f 1290/885/1238 1294/885/1242 1284/885/1232 1281/885/1230
f 1294/885/1242 1295/885/1243 1285/885/1233 1284/885/1232
f 1296/886/1244 1287/886/1235 1286/886/1234 1297/886/1245
f 1285/885/1233 1295/885/1243 1298/885/1246 1288/885/1236
f 1297/886/1245 1286/886/1234 1289/886/1237 1299/886/1247
f 1299/886/1248 1289/886/1249 1288/885/1249 1298/885/1248
f 1300/885/1250 1301/885/1251 1290/885/1238 1291/885/1239
f 1302/886/1252 1292/886/1240 1293/886/1241 1303/886/1253
f 1294/885/1242 1290/885/1238 1301/885/1251 1304/885/1254
f 1304/885/1254 1305/885/1255 1295/885/1243 1294/885/1242
f 1306/886/1256 1296/886/1244 1297/886/1245 1307/886/1257
f 1298/885/1246 1295/885/1243 1305/885/1255 1308/885/1258
f 1308/885/1259 1309/886/1259 1299/886/1248 1298/885/1248
f 1310/887/1260 1311/887/1261 1313/888/1262 1312/888/1263
f 1310/887/1260 1314/889/1264 1315/889/1265 1311/887/1261
f 1314/889/1264 1316/890/1266 1317/890/1267 1315/889/1265
f 1317/890/1267 1316/890/1266 1318/886/1268 1302/886/1269
f 1319/885/1270 1300/885/1271 1302/886/1269 1318/886/1268
f 1320/891/1272 1300/885/1271 1319/885/1270 1321/891/1273
f 1320/891/1272 1321/891/1273 1323/892/1274 1322/892/1275
f 1324/893/1276 1325/894/1277 1327/894/1278 1326/893/1279
f 1324/893/1276 1326/893/1279 1313/888/1262 1328/888/1280
f 1311/887/1261 1329/887/1281 1328/888/1280 1313/888/1262
f 1315/889/1265 1330/889/1282 1329/887/1281 1311/887/1261
f 1317/890/1267 1331/890/1283 1330/889/1282 1315/889/1265
f 1303/886/1284 1331/890/1283 1317/890/1267 1302/886/1269
f 1261/885/1285 1266/886/1285 1267/886/1286 1263/885/1286
f 1320/891/1272 1332/891/1287 1301/885/1288 1300/885/1271
f 1322/892/1275 1333/892/1289 1332/891/1287 1320/891/1272
f 1334/894/1290 1325/894/1277 1324/893/1276 1335/893/1291
f 1328/888/1280 1336/888/1292 1335/893/1291 1324/893/1276
f 1337/895/1293 1338/895/1294 1325/894/1277 1334/894/1290
f 1329/887/1281 1339/887/1295 1336/888/1292 1328/888/1280
f 1340/889/1296 1339/887/1295 1329/887/1281 1330/889/1282
f 1341/890/1297 1340/889/1296 1330/889/1282 1331/890/1283
f 1306/886/1298 1341/890/1297 1331/890/1283 1303/886/1284
f 1268/885/1299 1270/886/1300 1266/886/1285 1261/885/1285
f 1304/885/1301 1301/885/1288 1332/891/1287 1342/891/1302
f 1333/892/1303 1343/892/1304 1342/891/1302 1332/891/1287
f 1344/883/1305 1345/883/1306 1343/892/1304 1333/892/1303
f 1346/893/1307 1335/893/1291 1336/888/1292 1347/888/1308
f 1348/895/1309 1337/895/1293 1334/894/1290 1349/894/1310
f 1238/896/1311 1237/896/1312 1337/895/1293 1348/895/1309
f 1347/888/1308 1336/888/1292 1339/887/1295 1350/887/1313
f 1350/887/1313 1339/887/1295 1340/889/1296 1351/889/1314
f 1307/886/1315 1352/890/1316 1341/890/1297 1306/886/1298
f 1274/886/1317 1270/886/1300 1268/885/1299 1272/885/1317
f 1342/891/1302 1353/891/1318 1305/885/1319 1304/885/1301
f 1343/892/1304 1354/892/1320 1353/891/1318 1342/891/1302
f 1354/892/1320 1343/892/1304 1345/883/1306 1355/883/1321
f 1239/884/1322 1355/883/1322 1345/883/1323 1236/884/1324
f 1346/893/1307 1356/893/1325 1357/894/1326 1349/894/1327
f 1347/888/1308 1358/888/1328 1356/893/1325 1346/893/1307
f 1359/895/1329 1348/895/1309 1349/894/1310 1357/894/1330
f 1240/896/1331 1238/896/1311 1348/895/1309 1359/895/1329
f 1358/888/1328 1347/888/1308 1350/887/1313 1360/887/1332
f 1360/887/1332 1350/887/1313 1351/889/1314 1361/889/1333
f 1361/889/1333 1351/889/1314 1352/890/1316 1362/890/1334
f 1362/890/1334 1352/890/1316 1307/886/1315 1309/886/1335
f 1276/885/1336 1278/886/1336 1274/886/1317 1272/885/1317
f 1363/891/1337 1308/885/1338 1305/885/1319 1353/891/1318
f 1364/892/1339 1363/891/1337 1353/891/1318 1354/892/1320
f 1365/883/1340 1364/892/1339 1354/892/1320 1355/883/1321
f 1241/884/1341 1365/883/1341 1355/883/1322 1239/884/1322
f 1366/893/1342 1356/893/1325 1358/888/1328 1367/888/1343
f 1242/896/1344 1240/896/1331 1359/895/1329 1368/895/1345
f 1369/887/1346 1367/888/1343 1358/888/1328 1360/887/1332
f 1360/887/1332 1361/889/1333 1370/889/1347 1369/887/1346
f 1361/889/1333 1362/890/1334 1371/890/1348 1370/889/1347
f 1309/886/1335 1372/886/1349 1371/890/1348 1362/890/1334
f 1373/885/1350 1372/886/1349 1309/886/1335 1308/885/1338
f 1308/885/1338 1363/891/1337 1374/891/1351 1373/885/1350
f 1374/891/1351 1363/891/1337 1364/892/1339 1375/892/1352
f 1364/892/1339 1365/883/1340 1376/883/1353 1375/892/1352
f 1377/893/1354 1366/893/1342 1367/888/1343 1378/888/1355
f 1379/895/1356 1243/896/1357 1242/896/1344 1368/895/1345
f 1380/889/1358 1381/887/1359 1369/887/1346 1370/889/1347
f 1382/890/1360 1380/889/1358 1370/889/1347 1371/890/1348
f 1383/886/1361 1372/886/1349 1373/885/1350 1384/885/1362
f 1385/891/1363 1374/891/1351 1375/892/1352 1386/892/1364
f 1387/897/1365 1388/897/1366 1390/898/1367 1389/898/1368
f 1387/897/1365 1391/899/1369 1392/899/1370 1388/897/1366
f 1393/900/1371 1394/900/1372 1389/898/1368 1390/898/1367
f 1244/901/1373 1245/901/1374 1394/900/1372 1393/900/1371
f 1395/872/1375 1392/899/1376 1391/899/1377 1396/872/1378
f 1395/872/1375 1396/872/1378 1398/877/1379 1397/877/1380
f 1397/877/1380 1398/877/1379 1400/902/1381 1399/902/1382
f 1399/902/1382 1400/902/1381 1402/903/1383 1401/903/1384
f 1401/903/1384 1402/903/1383 1404/904/1385 1403/904/1386
f 1405/905/1387 1406/905/1388 1403/904/1386 1404/904/1385
f 1407/906/1389 1408/906/1390 1406/905/1388 1405/905/1387
f 1408/906/1390 1407/906/1389 1410/907/1391 1409/907/1392
f 1246/908/1393 1409/907/1392 1410/907/1391 1247/908/1394
f 1390/898/1367 1388/897/1366 1412/897/1395 1411/898/1396
f 1411/898/1396 1413/900/1397 1393/900/1371 1390/898/1367
f 1413/900/1397 1248/901/1398 1244/901/1373 1393/900/1371
f 1392/899/1376 1395/872/1375 1194/872/1167 1414/899/1399
f 1194/872/1167 1395/872/1375 1397/877/1380 1415/877/1400
f 1415/877/1400 1397/877/1380 1399/902/1382 1416/902/1401
f 1416/902/1401 1399/902/1382 1401/903/1384 1417/903/1402
f 1417/903/1402 1401/903/1384 1403/904/1386 1418/904/1403
f 1418/904/1403 1403/904/1386 1406/905/1388 1419/905/1404
f 1419/905/1404 1406/905/1388 1408/906/1390 1420/906/1405
f 1420/906/1405 1408/906/1390 1409/907/1392 1421/907/1406
f 1422/897/1407 1412/897/1395 1414/899/1408 1423/899/1409
f 1424/900/1410 1413/900/1397 1411/898/1396 1425/898/1411
f 1423/899/1412 1414/899/1399 1194/872/1167 1171/909/1166 1170/910/1413 1172/911/1413 1174/912/1413 1173/870/1162
f 1168/913/1414 1169/914/1165 1194/872/1167 1415/877/1400 1195/877/1170 1190/876/1169 1167/876/1414
f 1195/877/1170 1415/877/1400 1416/902/1401 1426/902/1415
f 1426/902/1415 1416/902/1401 1417/903/1402 1427/903/1416
f 1427/903/1416 1417/903/1402 1418/904/1403 1428/904/1417
f 1428/904/1417 1418/904/1403 1419/905/1404 1429/905/1418
f 1429/905/1418 1419/905/1404 1420/906/1405 1430/906/1419
f 1420/906/1405 1421/907/1406 1431/907/1420 1430/906/1419
f 1432/900/1421 1424/900/1410 1425/898/1411 1433/898/1422
f 1189/915/1163 1192/875/1423 1434/877/1424
f 1192/916/1423 1191/917/1168 1195/877/1170 1434/877/1424
f 1435/902/1425 1434/877/1424 1195/877/1170 1426/902/1415
f 1435/902/1425 1426/902/1415 1427/903/1416 1436/903/1426
f 1436/903/1426 1427/903/1416 1428/904/1417 1437/904/1427
f 1437/904/1427 1428/904/1417 1429/905/1418 1438/905/1428
f 1438/905/1428 1429/905/1418 1430/906/1419 1439/906/1429
f 1440/900/1430 1432/900/1421 1433/898/1422 1441/898/1431
f 1442/899/1432 1443/899/1433 1193/872/1164 1196/872/1174
f 1188/918/1434 1187/919/1171 1444/877/1435
f 1187/920/1171 1186/921/1436 1189/922/1163 1434/877/1424 1444/877/1435
f 1445/902/1437 1435/902/1425 1436/903/1426 1446/903/1438
f 1447/906/1439 1448/905/1440 1438/905/1428 1439/906/1429
f 1449/897/1441 1442/899/1442 1451/899/1443 1450/897/1444
f 1452/900/1445 1440/900/1430 1441/898/1431 1453/898/1446
f 1454/872/1447 1451/899/1443 1442/899/1432 1196/872/1174
f 1178/923/1448 1181/924/1448 1182/925/1448 1183/926/1448 1185/927/1449 1455/877/1450 1454/872/1447 1196/872/1174 1179/881/1175
f 1184/928/1451 1188/929/1434 1444/877/1435 1455/877/1450 1185/930/1449
f 1456/902/1452 1455/877/1450 1444/877/1435 1445/902/1437
f 1457/905/1453 1458/904/1454 1459/904/1455 1448/905/1440
f 1460/906/1456 1457/905/1453 1448/905/1440 1447/906/1439
f 1461/894/1457 1462/894/1458 1377/893/1354 1463/893/1459
f 1379/895/1356 1464/895/1460 1249/896/1461 1243/896/1357
f 1465/888/1462 1378/888/1355 1381/887/1359 1466/887/1463
f 1466/887/1463 1381/887/1359 1380/889/1358 1467/889/1464
f 1468/890/1465 1467/889/1464 1380/889/1358 1382/890/1360
f 1468/890/1465 1382/890/1360 1383/886/1361 1469/886/1466
f 1469/886/1466 1383/886/1361 1384/885/1362 1470/885/1467
f 1471/891/1468 1470/885/1467 1384/885/1362 1385/891/1363
f 1472/892/1469 1471/891/1470 1385/891/1363 1386/892/1364
f 1473/883/1471 1472/892/1469 1386/892/1364 1474/883/1472
f 1475/894/1473 1461/894/1457 1463/893/1459 1476/893/1474
f 1250/896/1475 1249/896/1461 1464/895/1460 1477/895/1476
f 1478/888/1477 1465/888/1462 1466/887/1463 1479/887/1478
f 1479/887/1478 1466/887/1463 1467/889/1464 1480/889/1479
f 1480/889/1479 1467/889/1464 1468/890/1465 1481/890/1480
f 1481/890/1480 1468/890/1465 1469/886/1466 1482/886/1481
f 1483/885/1482 1482/886/1481 1469/886/1466 1470/885/1467
f 1484/891/1483 1483/885/1482 1470/885/1467 1471/891/1468
f 1485/892/1484 1484/891/1485 1471/891/1470 1472/892/1469
f 1473/883/1471 1486/883/1486 1485/892/1484 1472/892/1469
f 1487/895/1487 1477/895/1476 1475/894/1473 1488/894/1488
f 1251/896/1489 1250/896/1475 1477/895/1476 1487/895/1487
f 1489/888/1490 1478/888/1477 1479/887/1478 1490/887/1491
f 1490/887/1491 1479/887/1478 1480/889/1479 1491/889/1492
f 1491/889/1492 1480/889/1479 1481/890/1480 1492/890/1493
f 1493/886/1494 1492/890/1493 1481/890/1480 1482/886/1481
f 1494/885/1495 1493/886/1494 1482/886/1481 1483/885/1482
f 1495/891/1496 1494/885/1495 1483/885/1482 1484/891/1483
f 1484/891/1485 1485/892/1484 1496/892/1497 1495/891/1496
f 1496/892/1497 1485/892/1484 1486/883/1486 1497/883/1498
f 1498/894/1499 1488/894/1488 1500/893/1500 1499/893/1501
f 1252/896/1502 1251/896/1489 1487/895/1487 1501/895/1503
f 1502/887/1504 1490/887/1491 1491/889/1492 1503/889/1505
f 1503/889/1505 1491/889/1492 1492/890/1493 1504/890/1506
f 1505/886/1507 1504/890/1506 1492/890/1493 1493/886/1494
f 1506/885/1508 1505/886/1507 1493/886/1494 1494/885/1495
f 1494/885/1495 1495/891/1496 1507/891/1509 1506/885/1510
f 1507/891/1509 1495/891/1496 1496/892/1497 1508/892/1511
f 1508/892/1511 1496/892/1497 1497/883/1498 1229/883/1203
f 1509/894/1512 1498/894/1499 1499/893/1501 1510/893/1513
f 1503/889/1505 1511/889/1514 1512/887/1515 1502/887/1504
f 1513/890/1516 1511/889/1514 1503/889/1505 1504/890/1506
f 1504/890/1506 1505/886/1507 1514/886/1517 1513/890/1516
f 1505/886/1507 1506/885/1508 1515/885/1518 1514/886/1517
f 1516/891/1519 1515/885/1520 1506/885/1510 1507/891/1509
f 1516/891/1519 1507/891/1509 1508/892/1511 1517/892/1521
f 1517/892/1521 1508/892/1511 1229/883/1203 1230/883/1206
f 1216/884/1522 1219/883/1523 1213/883/1523 1211/884/1522
f 1511/889/1514 1518/889/1524 1519/887/1525 1512/887/1515
f 1513/890/1516 1520/890/1526 1518/889/1524 1511/889/1514
f 1520/890/1526 1513/890/1516 1514/886/1517 1521/886/1527
f 1515/885/1518 1522/885/1528 1521/886/1529 1514/886/1517
f 1523/891/1530 1522/885/1531 1515/885/1520 1516/891/1519
f 1524/890/1532 1525/889/1533 1518/889/1524 1520/890/1526
f 1521/886/1527 1526/886/1534 1524/890/1532 1520/890/1526
f 1522/885/1528 1527/885/1535 1526/886/1535 1521/886/1529
f 1527/885/1536 1522/885/1531 1523/891/1530 1528/891/1537
f 1255/896/1538 1254/896/1539 1531/895/1540 1530/895/1541
f 1532/889/1542 1533/887/1543 1534/887/1544 1525/889/1533
f 1526/886/1534 1535/886/1545 1536/890/1546 1524/890/1532
f 1527/885/1535 1537/885/1547 1535/886/1548 1526/886/1535
f 1527/885/1536 1528/891/1537 1538/891/1549 1537/885/1550
f 1538/891/1549 1528/891/1537 1529/892/1551 1539/892/1552
f 1540/887/1553 1533/887/1543 1532/889/1542 1541/889/1554
f 1542/886/1555 1543/890/1556 1536/890/1546 1535/886/1545
f 1542/886/1557 1535/886/1548 1537/885/1547 1544/885/1557
f 1545/887/1558 1546/888/1559 1547/888/1560 1540/887/1553
f 1548/889/1561 1545/887/1558 1540/887/1553 1541/889/1554
f 1549/891/1562 1550/892/1563 1552/892/1564 1551/891/1565
f 1553/886/1566 1554/890/1567 1556/890/1568 1555/886/1569
f 1553/886/1570 1555/886/1571 1558/885/1572 1557/885/1570
f 1551/891/1565 1559/891/1573 1557/885/1574 1558/885/1575
f 1559/891/1573 1551/891/1565 1552/892/1564 1560/892/1576
f 1560/892/1576 1552/892/1564 1562/883/1577 1561/883/1578
f 1562/883/1577 1256/884/1579 1257/884/1580 1561/883/1578
f 1563/885/1581 1564/886/1582 1553/886/1570 1557/885/1570
f 1563/885/1581 1557/885/1574 1559/891/1573 1565/891/1583
f 1566/931/1584 1567/932/1585 1450/897/1444 1451/899/1443
f 1566/931/1584 1568/933/1586 1569/934/1587 1567/932/1585
f 1570/935/1588 1571/936/1589 1569/934/1587 1568/933/1586
f 1570/935/1588 1563/937/1581 1565/938/1583 1571/936/1589
f 1451/899/1443 1454/872/1447 1572/939/1590 1566/931/1584
f 1572/939/1590 1573/940/1591 1568/933/1586 1566/931/1584
f 1568/933/1586 1573/940/1591 1574/941/1592 1570/935/1588
f 1574/941/1592 1564/942/1582 1563/937/1581 1570/935/1588
f 1575/943/1593 1572/939/1590 1454/872/1447 1455/877/1450
f 1576/944/1594 1573/940/1591 1572/939/1590 1575/943/1593
f 1564/942/1582 1574/941/1592 1578/945/1595 1577/946/1596
f 1579/947/1597 1580/948/1598 1456/902/1452 1581/903/1599
f 1582/949/1600 1583/950/1601 1580/948/1598 1579/947/1597
f 1584/951/1602 1585/952/1603 1583/950/1601 1582/949/1600
f 1586/953/1604 1579/947/1597 1581/903/1599 1458/904/1454
f 1587/954/1605 1582/949/1600 1579/947/1597 1586/953/1604
f 1588/955/1606 1584/951/1602 1582/949/1600 1587/954/1605
f 1588/955/1606 1589/956/1607 1590/957/1608 1584/951/1602
f 1458/904/1454 1457/905/1453 1591/958/1609 1586/953/1604
f 1592/959/1610 1587/954/1605 1586/953/1604 1591/958/1609
f 1587/954/1605 1592/959/1610 1593/960/1611 1588/955/1606
f 1589/956/1607 1588/955/1606 1593/960/1611 1594/961/1612
f 1457/962/1453 1460/963/1456 1595/964/1613 1591/965/1614
f 1596/966/1615 1592/967/1616 1591/965/1614 1595/964/1613
f 1597/968/1617 1593/969/1618 1592/967/1616 1596/966/1615
f 1594/893/1612 1593/969/1618 1597/968/1617 1598/894/1619
f 1600/970/1620 1601/971/1621 1603/972/1622 1602/973/1623
f 1603/972/1622 1452/900/1445 1453/898/1446 1602/973/1623
f 1197/883/1624 1604/884/1625 1217/884/1626 1198/883/1624
f 1604/884/1625 1203/883/1627 1205/883/1628 1217/884/1626
f 1210/884/1629 1209/883/1630 1203/883/1627 1604/884/1631
f 1218/883/1632 1214/883/1188 1213/883/1187 1219/883/1633
f 1226/883/1200 1221/884/1199 1212/884/1190 1214/883/1190
f 1222/883/1634 1226/883/1635 1214/883/1188 1218/883/1632
f 1227/883/1636 1225/883/1636 1226/883/1635 1222/883/1634
f 1253/884/1637 1230/883/1206 1227/883/1207 1223/884/1637
f 1231/895/1638 1606/895/1639 1608/896/1640 1611/896/1638
f 1235/884/1641 1610/884/1641 1609/883/1641 1233/883/1641
f 1232/895/1642 1231/895/1638 1611/896/1638 1237/896/1642
f 1265/886/1643 1262/885/1644 1263/885/1645 1267/886/1645
f 1277/885/1646 1279/886/1647 1278/886/1648 1276/885/1648
f 1282/886/1649 1280/885/1650 1262/885/1644 1265/886/1643
f 1287/886/1235 1283/886/1651 1264/886/1213 1271/886/1220
f 1288/885/1249 1289/886/1249 1279/886/1647 1277/885/1646
f 1292/886/1652 1291/885/1652 1280/885/1650 1282/886/1649
f 1296/886/1244 1293/886/1241 1283/886/1651 1287/886/1235
f 1302/886/1653 1300/885/1653 1291/885/1652 1292/886/1652
f 1306/886/1256 1303/886/1253 1293/886/1241 1296/886/1244
f 1309/886/1654 1307/886/1257 1297/886/1245 1299/886/1247
f 1326/893/1279 1327/894/1278 1645/894/1655 1646/893/1656
f 1313/888/1262 1326/893/1279 1646/893/1656 1312/888/1263
f 1327/894/1278 1647/895/1657 1648/895/1658 1645/894/1655
f 1649/883/1659 1322/892/1275 1323/892/1274 1599/883/1660
f 1325/894/1277 1338/895/1294 1647/895/1657 1327/894/1278
f 1338/895/1294 1611/896/1661 1608/896/1662 1647/895/1657
f 1344/883/1663 1333/892/1289 1322/892/1275 1649/883/1659
f 1235/884/1664 1344/883/1664 1649/883/1664 1610/884/1664
f 1337/895/1293 1237/896/1312 1611/896/1661 1338/895/1294
f 1346/893/1307 1349/894/1327 1334/894/1290 1335/893/1291
f 1352/890/1316 1351/889/1314 1340/889/1296 1341/890/1297
f 1366/893/1342 1650/894/1665 1357/894/1326 1356/893/1325
f 1650/894/1666 1368/895/1345 1359/895/1329 1357/894/1330
f 1612/884/1667 1376/883/1668 1365/883/1341 1241/884/1341
f 1377/893/1354 1462/894/1458 1650/894/1665 1366/893/1342
f 1462/894/1458 1379/895/1356 1368/895/1345 1650/894/1666
f 1381/887/1359 1378/888/1355 1367/888/1343 1369/887/1346
f 1383/886/1361 1382/890/1360 1371/890/1348 1372/886/1349
f 1385/891/1363 1384/885/1362 1373/885/1350 1374/891/1351
f 1474/883/1472 1386/892/1364 1375/892/1352 1376/883/1353
f 1613/884/1669 1474/883/1472 1376/883/1668 1612/884/1667
f 1414/899/1408 1412/897/1395 1388/897/1366 1392/899/1370
f 1614/908/1670 1421/907/1406 1409/907/1392 1246/908/1393
f 1422/897/1407 1425/898/1411 1411/898/1396 1412/897/1395
f 1424/900/1410 1615/901/1671 1248/901/1398 1413/900/1397
f 1616/908/1672 1431/907/1420 1421/907/1406 1614/908/1670
f 1651/897/1673 1433/898/1422 1425/898/1411 1422/897/1407
f 1443/899/1674 1651/897/1673 1422/897/1407 1423/899/1409
f 1432/900/1421 1617/901/1675 1615/901/1671 1424/900/1410
f 1193/872/1164 1443/899/1433 1423/899/1412 1173/870/1162
f 1652/907/1676 1439/906/1429 1430/906/1419 1431/907/1420
f 1618/908/1677 1652/907/1676 1431/907/1420 1616/908/1672
f 1449/897/1441 1441/898/1431 1433/898/1422 1651/897/1673
f 1442/899/1442 1449/897/1441 1651/897/1673 1443/899/1674
f 1440/900/1430 1619/901/1678 1617/901/1675 1432/900/1421
f 1445/902/1437 1444/877/1435 1434/877/1424 1435/902/1425
f 1459/904/1455 1446/903/1438 1436/903/1426 1437/904/1427
f 1448/905/1440 1459/904/1455 1437/904/1427 1438/905/1428
f 1653/907/1679 1447/906/1439 1439/906/1429 1652/907/1676
f 1620/908/1680 1653/907/1679 1652/907/1676 1618/908/1677
f 1450/897/1444 1453/898/1446 1441/898/1431 1449/897/1441
f 1452/900/1445 1621/901/1681 1619/901/1678 1440/900/1430
f 1581/903/1599 1456/902/1452 1445/902/1437 1446/903/1438
f 1458/904/1454 1581/903/1599 1446/903/1438 1459/904/1455
f 1654/907/1682 1460/906/1456 1447/906/1439 1653/907/1679
f 1622/908/1683 1654/907/1682 1653/907/1679 1620/908/1680
f 1465/888/1462 1463/893/1459 1377/893/1354 1378/888/1355
f 1461/894/1457 1464/895/1460 1379/895/1356 1462/894/1458
f 1623/884/1684 1473/883/1471 1474/883/1472 1613/884/1669
f 1478/888/1477 1476/893/1474 1463/893/1459 1465/888/1462
f 1475/894/1473 1477/895/1476 1464/895/1460 1461/894/1457
f 1624/884/1685 1486/883/1486 1473/883/1471 1623/884/1684
f 1500/893/1500 1488/894/1488 1475/894/1473 1476/893/1474
f 1489/888/1490 1500/893/1500 1476/893/1474 1478/888/1477
f 1625/884/1686 1497/883/1498 1486/883/1486 1624/884/1685
f 1655/888/1687 1499/893/1501 1500/893/1500 1489/888/1490
f 1498/894/1499 1501/895/1503 1487/895/1487 1488/894/1488
f 1502/887/1504 1655/888/1687 1489/888/1490 1490/887/1491
f 1228/884/1204 1229/883/1203 1497/883/1498 1625/884/1686
f 1656/888/1688 1510/893/1513 1499/893/1501 1655/888/1687
f 1509/894/1512 1657/895/1689 1501/895/1503 1498/894/1499
f 1657/895/1689 1626/896/1690 1252/896/1502 1501/895/1503
f 1512/887/1515 1656/888/1688 1655/888/1687 1502/887/1504
f 1658/893/1691 1659/894/1692 1509/894/1512 1510/893/1513
f 1660/888/1693 1658/893/1691 1510/893/1513 1656/888/1688
f 1659/894/1692 1661/895/1694 1657/895/1689 1509/894/1512
f 1661/895/1694 1627/896/1695 1626/896/1690 1657/895/1689
f 1519/887/1525 1660/888/1693 1656/888/1688 1512/887/1515
f 1662/893/1696 1663/894/1697 1659/894/1692 1658/893/1691
f 1664/888/1698 1662/893/1696 1658/893/1691 1660/888/1693
f 1663/894/1697 1531/895/1540 1661/895/1694 1659/894/1692
f 1531/895/1540 1254/896/1539 1627/896/1695 1661/895/1694
f 1534/887/1544 1664/888/1698 1660/888/1693 1519/887/1525
f 1525/889/1533 1534/887/1544 1519/887/1525 1518/889/1524
f 1665/893/1699 1666/894/1700 1663/894/1697 1662/893/1696
f 1667/888/1701 1665/893/1699 1662/893/1696 1664/888/1698
f 1666/894/1700 1530/895/1541 1531/895/1540 1663/894/1697
f 1533/887/1543 1667/888/1701 1664/888/1698 1534/887/1544
f 1536/890/1546 1532/889/1542 1525/889/1533 1524/890/1532
f 1668/893/1702 1669/894/1703 1666/894/1700 1665/893/1699
f 1547/888/1560 1668/893/1702 1665/893/1699 1667/888/1701
f 1669/894/1703 1670/895/1704 1530/895/1541 1666/894/1700
f 1670/895/1704 1628/896/1705 1255/896/1538 1530/895/1541
f 1540/887/1553 1547/888/1560 1667/888/1701 1533/887/1543
f 1543/890/1556 1541/889/1554 1532/889/1542 1536/890/1546
f 1549/891/1562 1544/885/1706 1537/885/1550 1538/891/1549
f 1550/892/1563 1549/891/1562 1538/891/1549 1539/892/1552
f 1671/893/1707 1672/894/1708 1669/894/1703 1668/893/1702
f 1546/888/1559 1671/893/1707 1668/893/1702 1547/888/1560
f 1672/894/1708 1673/895/1709 1670/895/1704 1669/894/1703
f 1673/895/1709 1629/896/1710 1628/896/1705 1670/895/1704
f 1556/890/1568 1548/889/1561 1541/889/1554 1543/890/1556
f 1555/886/1569 1556/890/1568 1543/890/1556 1542/886/1555
f 1558/885/1572 1555/886/1571 1542/886/1557 1544/885/1557
f 1551/891/1565 1558/885/1575 1544/885/1706 1549/891/1562
f 1674/893/1711 1675/894/1712 1672/894/1708 1671/893/1707
f 1676/888/1713 1674/893/1711 1671/893/1707 1546/888/1559
f 1675/894/1712 1677/895/1714 1673/895/1709 1672/894/1708
f 1677/895/1714 1630/896/1715 1629/896/1710 1673/895/1709
f 1678/887/1716 1676/888/1713 1546/888/1559 1545/887/1558
f 1679/889/1717 1678/887/1716 1545/887/1558 1548/889/1561
f 1554/890/1567 1679/889/1717 1548/889/1561 1556/890/1568
f 1594/893/1612 1598/894/1619 1675/894/1712 1674/893/1711
f 1589/888/1607 1594/893/1612 1674/893/1711 1676/888/1713
f 1598/894/1619 1680/895/1714 1677/895/1714 1675/894/1712
f 1680/895/1714 1631/896/1715 1630/896/1715 1677/895/1714
f 1590/887/1608 1589/888/1607 1676/888/1713 1678/887/1716
f 1681/889/1717 1590/887/1608 1678/887/1716 1679/889/1717
f 1577/890/1596 1681/889/1717 1679/889/1717 1554/890/1567
f 1564/886/1582 1577/890/1596 1554/890/1567 1553/886/1566
f 1682/892/1718 1565/891/1583 1559/891/1573 1560/892/1576
f 1683/883/1719 1682/892/1718 1560/892/1576 1561/883/1578
f 1632/884/1720 1683/883/1719 1561/883/1578 1257/884/1580
f 1576/944/1594 1578/945/1595 1574/941/1592 1573/940/1591
f 1456/902/1452 1580/948/1598 1575/943/1593 1455/877/1450
f 1580/948/1598 1583/950/1601 1576/944/1594 1575/943/1593
f 1583/950/1601 1585/952/1603 1578/945/1595 1576/944/1594
f 1585/952/1603 1681/974/1717 1577/946/1596 1578/945/1595
f 1584/951/1602 1590/957/1608 1681/974/1717 1585/952/1603
f 1684/975/1721 1595/964/1613 1460/963/1456 1654/976/1682
f 1633/977/1722 1684/975/1721 1654/976/1682 1622/978/1683
f 1685/979/1723 1596/966/1615 1595/964/1613 1684/975/1721
f 1634/980/1724 1685/979/1723 1684/975/1721 1633/977/1722
f 1686/981/1725 1597/968/1617 1596/966/1615 1685/979/1723
f 1635/982/1726 1686/981/1725 1685/979/1723 1634/980/1724
f 1680/895/1714 1598/894/1619 1597/968/1617 1686/981/1725
f 1631/896/1715 1680/895/1714 1686/981/1725 1635/982/1726
f 1687/983/1727 1571/984/1728 1565/891/1583 1682/892/1718
f 1688/985/1729 1687/983/1727 1682/892/1718 1683/883/1719
f 1636/986/1720 1688/985/1729 1683/883/1719 1632/884/1720
f 1600/970/1620 1569/987/1730 1571/984/1728 1687/983/1727
f 1601/971/1621 1600/970/1620 1687/983/1727 1688/985/1729
f 1637/988/1731 1601/971/1621 1688/985/1729 1636/986/1720
f 1602/973/1623 1567/989/1732 1569/987/1730 1600/970/1620
f 1638/990/1733 1603/972/1622 1601/971/1621 1637/988/1731
f 1453/898/1446 1450/897/1444 1567/989/1732 1602/973/1623
f 1621/901/1681 1452/900/1445 1603/972/1622 1638/990/1733
f 1689/991/1734 1391/899/1734 1387/897/1734 1389/898/1734
f 1690/992/1735 1689/991/1734 1389/898/1734 1394/900/1736
f 1639/993/1734 1690/992/1735 1394/900/1736 1245/901/1734
f 1691/994/1734 1396/872/1734 1391/899/1734 1689/991/1734
f 1692/995/1735 1691/994/1734 1689/991/1734 1690/992/1735
f 1640/996/1734 1692/995/1735 1690/992/1735 1639/993/1734
f 1693/997/1734 1398/877/1734 1396/872/1734 1691/994/1734
f 1694/998/1735 1693/997/1734 1691/994/1734 1692/995/1735
f 1641/999/1734 1694/998/1735 1692/995/1735 1640/996/1734
f 1695/1000/1734 1400/902/1734 1398/877/1734 1693/997/1734
f 1696/1001/1735 1695/1000/1734 1693/997/1734 1694/998/1735
f 1642/1002/1734 1696/1001/1735 1694/998/1735 1641/999/1734
f 1697/1003/1734 1402/903/1734 1400/902/1734 1695/1000/1734
f 1698/1004/1735 1697/1003/1734 1695/1000/1734 1696/1001/1735
f 1643/1005/1734 1698/1004/1735 1696/1001/1735 1642/1002/1734
f 1699/1006/1734 1404/904/1734 1402/903/1734 1697/1003/1734
f 1700/1007/1737 1699/1006/1734 1697/1003/1734 1698/1004/1735
f 1644/1008/1738 1700/1007/1737 1698/1004/1735 1643/1005/1734
f 1407/906/1734 1405/905/1734 1404/904/1734 1699/1006/1734
f 1410/907/1739 1407/906/1734 1699/1006/1734 1700/1007/1737
f 1247/908/1740 1410/907/1739 1700/1007/1737 1644/1008/1738
f 1707/870/1741 1727/872/1742 1711/871/1743
f 1703/873/1744 1728/872/1745 1705/874/1746
f 1725/875/1747 1729/877/1748 1724/876/1749
f 1710/878/1750 1727/872/1742 1730/872/1751 1714/880/1752 1709/879/1753
f 1714/880/1752 1730/872/1751 1713/881/1754
f 1711/871/1743 1727/872/1742 1710/882/1750
f 1204/883/1186 1201/884/1179 1731/884/1755 1206/883/1756
f 1199/883/1757 1200/883/1757 1731/884/1755 1201/884/1179
f 1732/883/1758 1733/883/1758 1197/883/1759 1199/883/1759
f 1732/883/1760 1199/883/1760 1201/884/1760 1207/884/1760
f 1734/883/1761 1733/883/1758 1732/883/1758 1735/883/1762
f 1733/883/1763 1734/883/1763 1211/884/1763 1210/884/1763
f 1735/883/1764 1732/883/1765 1207/884/1765 1212/884/1764
f 1731/884/1766 1736/884/1766 1205/883/1766 1206/883/1766
f 1731/884/1767 1200/883/1767 1198/883/1767 1736/884/1767
f 1215/884/1768 1216/884/1769 1738/883/1769 1737/883/1768
f 1220/884/1770 1215/884/1768 1737/883/1768 1739/883/1771
f 1740/883/1772 1741/883/1773 1221/884/1773 1224/884/1772
f 1742/883/1774 1223/884/1774 1220/884/1770 1739/883/1771
f 1740/883/1775 1224/884/1776 1228/884/1777 1743/883/1778
f 1744/883/1779 1742/883/1780 1740/883/1775 1743/883/1778
f 1235/884/1781 1236/884/1324 1345/883/1323 1344/883/1781
f 1746/885/1782 1748/885/1783 1749/885/1784 1747/885/1785
f 1750/886/1786 1752/886/1787 1753/886/1788 1751/886/1789
f 1754/885/1790 1755/885/1791 1746/885/1782 1747/885/1785
f 1756/886/1792 1752/886/1787 1750/886/1786 1757/886/1793
f 1754/885/1790 1758/885/1794 1759/885/1795 1755/885/1791
f 1756/886/1792 1757/886/1793 1761/886/1796 1760/886/1797
f 1758/885/1794 1762/885/1798 1763/885/1799 1759/885/1795
f 1760/886/1797 1761/886/1796 1765/886/1800 1764/886/1801
f 1766/885/1802 1748/885/1783 1746/885/1782 1767/885/1803
f 1768/886/1804 1769/886/1804 1750/886/1786 1751/886/1789
f 1770/885/1805 1767/885/1803 1746/885/1782 1755/885/1791
f 1771/885/1806 1770/885/1805 1755/885/1791 1759/885/1795
f 1772/886/1807 1761/886/1796 1757/886/1793 1773/886/1808
f 1774/885/1809 1771/885/1806 1759/885/1795 1763/885/1799
f 1772/886/1807 1775/886/1810 1765/886/1800 1761/886/1796
f 1776/885/1811 1777/885/1812 1766/885/1802 1767/885/1803
f 1778/886/1813 1779/886/1814 1769/886/1804 1768/886/1804
f 1776/885/1811 1767/885/1803 1770/885/1805 1780/885/1815
f 1780/885/1815 1770/885/1805 1771/885/1806 1781/885/1816
f 1782/886/1817 1783/886/1818 1772/886/1807 1773/886/1808
f 1771/885/1806 1774/885/1809 1784/885/1819 1781/885/1816
f 1783/886/1818 1785/886/1820 1775/886/1810 1772/886/1807
f 1785/886/1821 1784/885/1821 1774/885/1822 1775/886/1822
f 1786/885/1823 1777/885/1812 1776/885/1811 1787/885/1824
f 1788/886/1825 1789/886/1826 1779/886/1814 1778/886/1813
f 1780/885/1815 1790/885/1827 1787/885/1824 1776/885/1811
f 1790/885/1827 1780/885/1815 1781/885/1816 1791/885/1828
f 1792/886/1829 1793/886/1830 1783/886/1818 1782/886/1817
f 1784/885/1819 1794/885/1831 1791/885/1828 1781/885/1816
f 1794/885/1832 1784/885/1821 1785/886/1821 1795/886/1832
f 1796/887/1833 1798/888/1834 1799/888/1835 1797/887/1836
f 1796/887/1833 1797/887/1836 1801/889/1837 1800/889/1838
f 1800/889/1838 1801/889/1837 1803/890/1839 1802/890/1840
f 1803/890/1839 1788/886/1841 1804/886/1842 1802/890/1840
f 1805/885/1843 1804/886/1842 1788/886/1841 1786/885/1844
f 1806/891/1845 1807/891/1846 1805/885/1843 1786/885/1844
f 1806/891/1845 1808/892/1847 1809/892/1848 1807/891/1846
f 1810/893/1849 1812/893/1850 1813/894/1851 1811/894/1852
f 1810/893/1849 1814/888/1853 1799/888/1835 1812/893/1850
f 1797/887/1836 1799/888/1835 1814/888/1853 1815/887/1854
f 1801/889/1837 1797/887/1836 1815/887/1854 1816/889/1855
f 1803/890/1839 1801/889/1837 1816/889/1855 1817/890/1856
f 1789/886/1857 1788/886/1841 1803/890/1839 1817/890/1856
f 1747/885/1858 1749/885/1859 1753/886/1859 1752/886/1858
f 1806/891/1845 1786/885/1844 1787/885/1860 1818/891/1861
f 1808/892/1847 1806/891/1845 1818/891/1861 1819/892/1862
f 1820/894/1863 1821/893/1864 1810/893/1849 1811/894/1852
f 1814/888/1853 1810/893/1849 1821/893/1864 1822/888/1865
f 1232/895/1866 1820/894/1863 1811/894/1852 1823/895/1867
f 1815/887/1854 1814/888/1853 1822/888/1865 1824/887/1868
f 1825/889/1869 1816/889/1855 1815/887/1854 1824/887/1868
f 1826/890/1870 1817/890/1856 1816/889/1855 1825/889/1869
f 1792/886/1871 1789/886/1857 1817/890/1856 1826/890/1870
f 1754/885/1872 1747/885/1858 1752/886/1858 1756/886/1873
f 1790/885/1874 1827/891/1875 1818/891/1861 1787/885/1860
f 1819/892/1876 1818/891/1861 1827/891/1875 1828/892/1877
f 1233/883/1878 1819/892/1876 1828/892/1877 1234/883/1879
f 1829/893/1880 1830/888/1881 1822/888/1865 1821/893/1864
f 1831/895/1882 1832/894/1883 1820/894/1863 1232/895/1866
f 1238/896/1884 1831/895/1882 1232/895/1866 1237/896/1885
f 1830/888/1881 1833/887/1886 1824/887/1868 1822/888/1865
f 1833/887/1886 1834/889/1887 1825/889/1869 1824/887/1868
f 1793/886/1888 1792/886/1871 1826/890/1870 1835/890/1889
f 1760/886/1890 1758/885/1890 1754/885/1872 1756/886/1873
f 1827/891/1875 1790/885/1874 1791/885/1891 1836/891/1892
f 1828/892/1877 1827/891/1875 1836/891/1892 1837/892/1893
f 1837/892/1893 1838/883/1894 1234/883/1879 1828/892/1877
f 1239/884/1895 1236/884/1896 1234/883/1896 1838/883/1895
f 1829/893/1880 1832/894/1897 1840/894/1898 1839/893/1899
f 1830/888/1881 1829/893/1880 1839/893/1899 1841/888/1900
f 1842/895/1901 1840/894/1902 1832/894/1883 1831/895/1882
f 1240/896/1903 1842/895/1901 1831/895/1882 1238/896/1884
f 1841/888/1900 1843/887/1904 1833/887/1886 1830/888/1881
f 1843/887/1904 1844/889/1905 1834/889/1887 1833/887/1886
f 1844/889/1905 1845/890/1906 1835/890/1889 1834/889/1887
f 1845/890/1906 1795/886/1907 1793/886/1888 1835/890/1889
f 1762/885/1908 1758/885/1890 1760/886/1890 1764/886/1908
f 1846/891/1909 1836/891/1892 1791/885/1891 1794/885/1910
f 1847/892/1911 1837/892/1893 1836/891/1892 1846/891/1909
f 1848/883/1912 1838/883/1894 1837/892/1893 1847/892/1911
f 1241/884/1913 1239/884/1895 1838/883/1895 1848/883/1914
f 1849/893/1915 1850/888/1916 1841/888/1900 1839/893/1899
f 1242/896/1917 1851/895/1918 1842/895/1901 1240/896/1903
f 1852/887/1919 1843/887/1904 1841/888/1900 1850/888/1916
f 1843/887/1904 1852/887/1919 1853/889/1920 1844/889/1905
f 1844/889/1905 1853/889/1920 1854/890/1921 1845/890/1906
f 1795/886/1907 1845/890/1906 1854/890/1921 1855/886/1922
f 1856/885/1923 1794/885/1910 1795/886/1907 1855/886/1922
f 1794/885/1910 1856/885/1923 1857/891/1924 1846/891/1909
f 1857/891/1924 1858/892/1925 1847/892/1911 1846/891/1909
f 1847/892/1911 1858/892/1925 1859/883/1926 1848/883/1912
f 1860/893/1927 1861/888/1928 1850/888/1916 1849/893/1915
f 1862/895/1929 1851/895/1918 1242/896/1917 1243/896/1930
f 1863/889/1931 1853/889/1920 1852/887/1919 1864/887/1932
f 1865/890/1933 1854/890/1921 1853/889/1920 1863/889/1931
f 1866/886/1934 1867/885/1935 1856/885/1923 1855/886/1922
f 1868/891/1936 1869/892/1937 1858/892/1925 1857/891/1924
f 1870/897/1938 1872/898/1939 1873/898/1940 1871/897/1941
f 1870/897/1938 1871/897/1941 1875/899/1942 1874/899/1943
f 1876/900/1944 1873/898/1940 1872/898/1939 1877/900/1945
f 1244/901/1946 1876/900/1944 1877/900/1945 1245/901/1947
f 1878/872/1948 1879/872/1949 1874/899/1950 1875/899/1951
f 1878/872/1948 1880/877/1952 1881/877/1953 1879/872/1949
f 1880/877/1952 1882/902/1954 1883/902/1955 1881/877/1953
f 1882/902/1954 1884/903/1956 1885/903/1957 1883/902/1955
f 1884/903/1956 1886/904/1958 1887/904/1959 1885/903/1957
f 1888/905/1960 1887/904/1959 1886/904/1958 1889/905/1961
f 1890/906/1962 1888/905/1960 1889/905/1961 1891/906/1963
f 1891/906/1963 1892/907/1964 1893/907/1965 1890/906/1962
f 1246/908/1966 1247/908/1967 1893/907/1965 1892/907/1964
f 1873/898/1940 1894/898/1968 1895/897/1969 1871/897/1941
f 1894/898/1968 1873/898/1940 1876/900/1944 1896/900/1970
f 1896/900/1970 1876/900/1944 1244/901/1946 1248/901/1971
f 1875/899/1951 1897/899/1972 1728/872/1745 1878/872/1948
f 1728/872/1745 1898/877/1973 1880/877/1952 1878/872/1948
f 1898/877/1973 1899/902/1974 1882/902/1954 1880/877/1952
f 1899/902/1974 1900/903/1975 1884/903/1956 1882/902/1954
f 1900/903/1975 1901/904/1976 1886/904/1958 1884/903/1956
f 1901/904/1976 1902/905/1977 1889/905/1961 1886/904/1958
f 1902/905/1977 1903/906/1978 1891/906/1963 1889/905/1961
f 1903/906/1978 1904/907/1979 1892/907/1964 1891/906/1963
f 1905/897/1980 1906/899/1981 1897/899/1982 1895/897/1969
f 1907/900/1983 1908/898/1984 1894/898/1968 1896/900/1970
f 1906/899/1985 1707/870/1741 1708/912/1986 1706/911/1986 1704/910/1986 1705/909/1746 1728/872/1745 1897/899/1972
f 1702/913/1987 1701/876/1987 1724/876/1749 1729/877/1748 1898/877/1973 1728/872/1745 1703/914/1744
f 1729/877/1748 1909/902/1988 1899/902/1974 1898/877/1973
f 1909/902/1988 1910/903/1989 1900/903/1975 1899/902/1974
f 1910/903/1989 1911/904/1990 1901/904/1976 1900/903/1975
f 1911/904/1990 1912/905/1991 1902/905/1977 1901/904/1976
f 1912/905/1991 1913/906/1992 1903/906/1978 1902/905/1977
f 1903/906/1978 1913/906/1992 1914/907/1993 1904/907/1979
f 1915/900/1994 1916/898/1995 1908/898/1984 1907/900/1983
f 1723/915/1743 1917/877/1996 1726/875/1997
f 1726/916/1997 1917/877/1996 1729/877/1748 1725/917/1747
f 1918/902/1998 1909/902/1988 1729/877/1748 1917/877/1996
f 1918/902/1998 1919/903/1999 1910/903/1989 1909/902/1988
f 1919/903/1999 1920/904/2000 1911/904/1990 1910/903/1989
f 1920/904/2000 1921/905/2001 1912/905/1991 1911/904/1990
f 1921/905/2001 1922/906/2002 1913/906/1992 1912/905/1991
f 1923/900/2003 1924/898/2004 1916/898/1995 1915/900/1994
f 1925/899/2005 1730/872/1751 1727/872/1742 1926/899/2006
f 1722/918/2007 1927/877/2008 1721/919/2009
f 1721/920/2009 1927/877/2008 1917/877/1996 1723/922/1743 1720/921/2010
f 1928/902/2011 1929/903/2012 1919/903/1999 1918/902/1998
f 1930/906/2013 1922/906/2002 1921/905/2001 1931/905/2014
f 1932/897/2015 1933/897/2016 1934/899/2017 1925/899/2018
f 1935/900/2019 1936/898/2020 1924/898/2004 1923/900/2003
f 1937/872/2021 1730/872/1751 1925/899/2005 1934/899/2017
f 1712/923/2022 1713/881/1754 1730/872/1751 1937/872/2021 1938/877/2023 1719/927/2024 1717/926/2022 1716/925/2022 1715/924/2022
f 1718/928/2025 1719/930/2024 1938/877/2023 1927/877/2008 1722/929/2007
f 1939/902/2026 1928/902/2011 1927/877/2008 1938/877/2023
f 1940/905/2027 1931/905/2014 1942/904/2028 1941/904/2029
f 1943/906/2030 1930/906/2013 1931/905/2014 1940/905/2027
f 1944/894/2031 1946/893/2032 1860/893/1927 1945/894/2033
f 1862/895/1929 1243/896/1930 1249/896/2034 1947/895/2035
f 1948/888/2036 1949/887/2037 1864/887/1932 1861/888/1928
f 1949/887/2037 1950/889/2038 1863/889/1931 1864/887/1932
f 1951/890/2039 1865/890/1933 1863/889/1931 1950/889/2038
f 1951/890/2039 1952/886/2040 1866/886/1934 1865/890/1933
f 1952/886/2040 1953/885/2041 1867/885/1935 1866/886/1934
f 1954/891/2042 1868/891/1936 1867/885/1935 1953/885/2041
f 1955/892/2043 1869/892/1937 1868/891/1936 1954/891/2044
f 1956/883/2045 1957/883/2046 1869/892/1937 1955/892/2043
f 1958/894/2047 1959/893/2048 1946/893/2032 1944/894/2031
f 1250/896/2049 1960/895/2050 1947/895/2035 1249/896/2034
f 1961/888/2051 1962/887/2052 1949/887/2037 1948/888/2036
f 1962/887/2052 1963/889/2053 1950/889/2038 1949/887/2037
f 1963/889/2053 1964/890/2054 1951/890/2039 1950/889/2038
f 1964/890/2054 1965/886/2055 1952/886/2040 1951/890/2039
f 1966/885/2056 1953/885/2041 1952/886/2040 1965/886/2055
f 1967/891/2057 1954/891/2042 1953/885/2041 1966/885/2056
f 1968/892/2058 1955/892/2043 1954/891/2044 1967/891/2059
f 1956/883/2045 1955/892/2043 1968/892/2058 1969/883/2060
f 1970/895/2061 1971/894/2062 1958/894/2047 1960/895/2050
f 1251/896/2063 1970/895/2061 1960/895/2050 1250/896/2049
f 1972/888/2064 1973/887/2065 1962/887/2052 1961/888/2051
f 1973/887/2065 1974/889/2066 1963/889/2053 1962/887/2052
f 1974/889/2066 1975/890/2067 1964/890/2054 1963/889/2053
f 1976/886/2068 1965/886/2055 1964/890/2054 1975/890/2067
f 1977/885/2069 1966/885/2056 1965/886/2055 1976/886/2068
f 1978/891/2070 1967/891/2057 1966/885/2056 1977/885/2069
f 1967/891/2059 1978/891/2070 1979/892/2071 1968/892/2058
f 1979/892/2071 1980/883/2072 1969/883/2060 1968/892/2058
f 1981/894/2073 1982/893/2074 1983/893/2075 1971/894/2062
f 1252/896/2076 1984/895/2077 1970/895/2061 1251/896/2063
f 1985/887/2078 1986/889/2079 1974/889/2066 1973/887/2065
f 1986/889/2079 1987/890/2080 1975/890/2067 1974/889/2066
f 1988/886/2081 1976/886/2068 1975/890/2067 1987/890/2080
f 1989/885/2082 1977/885/2069 1976/886/2068 1988/886/2081
f 1977/885/2069 1989/885/2083 1990/891/2084 1978/891/2070
f 1990/891/2084 1991/892/2085 1979/892/2071 1978/891/2070
f 1991/892/2085 1743/883/1778 1980/883/2072 1979/892/2071
f 1992/894/2086 1993/893/2087 1982/893/2074 1981/894/2073
f 1986/889/2079 1985/887/2078 1995/887/2088 1994/889/2089
f 1996/890/2090 1987/890/2080 1986/889/2079 1994/889/2089
f 1987/890/2080 1996/890/2090 1997/886/2091 1988/886/2081
f 1988/886/2081 1997/886/2091 1998/885/2092 1989/885/2082
f 1999/891/2093 1990/891/2084 1989/885/2083 1998/885/2094
f 1999/891/2093 2000/892/2095 1991/892/2085 1990/891/2084
f 2000/892/2095 1744/883/1779 1743/883/1778 1991/892/2085
f 1216/884/1522 1211/884/1522 1734/883/2096 1738/883/2096
f 1994/889/2089 1995/887/2088 2002/887/2097 2001/889/2098
f 1996/890/2090 1994/889/2089 2001/889/2098 2003/890/2099
f 2003/890/2099 2004/886/2100 1997/886/2091 1996/890/2090
f 1998/885/2092 1997/886/2091 2004/886/2101 2005/885/2102
f 2006/891/2103 1999/891/2093 1998/885/2094 2005/885/2104
f 2007/890/2105 2003/890/2099 2001/889/2098 2008/889/2106
f 2004/886/2100 2003/890/2099 2007/890/2105 2009/886/2107
f 2005/885/2102 2004/886/2101 2009/886/2108 2010/885/2108
f 2010/885/2109 2011/891/2110 2006/891/2103 2005/885/2104
f 1255/896/2111 2013/895/2112 2014/895/2113 1254/896/2114
f 2015/889/2115 2008/889/2106 2017/887/2116 2016/887/2117
f 2009/886/2107 2007/890/2105 2019/890/2118 2018/886/2119
f 2010/885/2108 2009/886/2108 2018/886/2120 2020/885/2121
f 2010/885/2109 2020/885/2122 2021/891/2123 2011/891/2110
f 2021/891/2123 2022/892/2124 2012/892/2125 2011/891/2110
f 2023/887/2126 2024/889/2127 2015/889/2115 2016/887/2117
f 2025/886/2128 2018/886/2119 2019/890/2118 2026/890/2129
f 2025/886/2130 2027/885/2130 2020/885/2121 2018/886/2120
f 2028/887/2131 2023/887/2126 2030/888/2132 2029/888/2133
f 2031/889/2134 2024/889/2127 2023/887/2126 2028/887/2131
f 2032/891/2135 2034/891/2136 2035/892/2137 2033/892/2138
f 2036/886/2139 2038/886/2140 2039/890/2141 2037/890/2142
f 2036/886/2143 2040/885/2144 2041/885/2145 2038/886/2146
f 2034/891/2136 2041/885/2147 2040/885/2148 2042/891/2149
f 2042/891/2149 2043/892/2150 2035/892/2137 2034/891/2136
f 2043/892/2150 2044/883/2151 2045/883/2152 2035/892/2137
f 2045/883/2152 2044/883/2151 1257/884/2153 1256/884/2154
f 2046/885/2155 2040/885/2144 2036/886/2143 2047/886/2156
f 2046/885/2155 2048/891/2157 2042/891/2149 2040/885/2148
f 2049/931/2158 1934/899/2017 1933/897/2016 2050/932/2159
f 2049/931/2158 2050/932/2159 2052/934/2160 2051/933/2161
f 2053/935/2162 2051/933/2161 2052/934/2160 2054/936/2163
f 2053/935/2162 2054/936/2163 2048/938/2157 2046/937/2155
f 1934/899/2017 2049/931/2158 2055/939/2164 1937/872/2021
f 2055/939/2164 2049/931/2158 2051/933/2161 2056/940/2165
f 2051/933/2161 2053/935/2162 2057/941/2166 2056/940/2165
f 2057/941/2166 2053/935/2162 2046/937/2155 2047/942/2156
f 2058/943/2167 1938/877/2023 1937/872/2021 2055/939/2164
f 2059/944/2168 2058/943/2167 2055/939/2164 2056/940/2165
f 2047/942/2156 2060/946/2169 2061/945/2170 2057/941/2166
f 2062/947/2171 2064/903/2172 1939/902/2026 2063/948/2173
f 2065/949/2174 2062/947/2171 2063/948/2173 2066/950/2175
f 2067/951/2176 2065/949/2174 2066/950/2175 2068/952/2177
f 2069/953/2178 1941/904/2029 2064/903/2172 2062/947/2171
f 2070/954/2179 2069/953/2178 2062/947/2171 2065/949/2174
f 2071/955/2180 2070/954/2179 2065/949/2174 2067/951/2176
f 2071/955/2180 2067/951/2176 2073/957/2181 2072/956/2182
f 1941/904/2029 2069/953/2178 2074/958/2183 1940/905/2027
f 2075/959/2184 2074/958/2183 2069/953/2178 2070/954/2179
f 2070/954/2179 2071/955/2180 2076/960/2185 2075/959/2184
f 2072/956/2182 2077/961/2186 2076/960/2185 2071/955/2180
f 1940/962/2027 2074/965/2187 2078/964/2188 1943/963/2030
f 2079/966/2189 2078/964/2188 2074/965/2187 2075/967/2190
f 2080/968/2191 2079/966/2189 2075/967/2190 2076/969/2192
f 2077/893/2186 2081/894/2193 2080/968/2191 2076/969/2192
f 2082/970/2194 2084/973/2195 2085/972/2196 2083/971/2197
f 2085/972/2196 2084/973/2195 1936/898/2020 1935/900/2019
f 1203/883/2198 1205/883/2199 1736/884/2200 1604/884/2201
f 1604/884/2201 1736/884/2200 1198/883/2202 1197/883/2202
f 1210/884/1629 1604/884/1631 1197/883/2203 1733/883/2203
f 1737/883/2204 1738/883/2205 1734/883/1761 1735/883/1762
f 1741/883/1773 1735/883/1764 1212/884/1764 1221/884/1773
f 1739/883/2206 1737/883/2204 1735/883/1762 1741/883/2207
f 1742/883/2208 1739/883/2206 1741/883/2207 1740/883/2208
f 1253/884/2209 1223/884/2209 1742/883/1780 1744/883/1779
f 1647/895/1657 1608/896/1662 1607/896/2210 1648/895/1658
f 1610/884/2211 1649/883/2211 1599/883/2211 1258/884/2211
f 1745/895/2212 1611/896/2212 1608/896/1662 1647/895/1657
f 1337/895/1293 1237/896/1312 1611/896/2212 1745/895/2212
f 1751/886/2213 1753/886/2214 1749/885/2214 1748/885/2215
f 1763/885/2216 1762/885/2217 1764/886/2217 1765/886/2218
f 1768/886/2219 1751/886/2213 1748/885/2215 1766/885/2220
f 1773/886/1808 1757/886/1793 1750/886/1786 1769/886/2221
f 1774/885/1822 1763/885/2216 1765/886/2218 1775/886/1822
f 1778/886/2222 1768/886/2219 1766/885/2220 1777/885/2223
f 1782/886/1817 1773/886/1808 1769/886/2221 1779/886/1814
f 1788/886/2224 1778/886/2222 1777/885/2223 1786/885/2224
f 1792/886/1829 1782/886/1817 1779/886/1814 1789/886/1826
f 1795/886/2225 1785/886/1820 1783/886/1818 1793/886/1830
f 1812/893/1850 2087/893/2226 2086/894/2227 1813/894/1851
f 1799/888/1835 1798/888/1834 2087/893/2226 1812/893/1850
f 1813/894/1851 2086/894/2227 1605/895/2228 1606/895/1639
f 1606/895/1639 1605/895/2229 1607/896/2229 1608/896/1640
f 1609/883/2230 1259/883/2231 1809/892/1848 1808/892/1847
f 1610/884/2232 1258/884/2232 1259/883/2232 1609/883/2232
f 1811/894/1852 1813/894/1851 1606/895/1639 1823/895/1867
f 1823/895/1867 1606/895/1639 1608/896/1640 1611/896/2233
f 1233/883/2234 1609/883/2230 1808/892/1847 1819/892/1862
f 1232/895/1866 1823/895/1867 1611/896/2233 1237/896/2235
f 1829/893/1880 1821/893/1864 1820/894/1863 1832/894/1897
f 1835/890/1889 1826/890/1870 1825/889/1869 1834/889/1887
f 1849/893/1915 1839/893/1899 1840/894/1898 2088/894/2236
f 2088/894/2237 1840/894/1902 1842/895/1901 1851/895/1918
f 1612/884/1667 1241/884/1913 1848/883/1914 1859/883/2238
f 1860/893/1927 1849/893/1915 2088/894/2236 1945/894/2033
f 1945/894/2033 2088/894/2237 1851/895/1918 1862/895/1929
f 1864/887/1932 1852/887/1919 1850/888/1916 1861/888/1928
f 1866/886/1934 1855/886/1922 1854/890/1921 1865/890/1933
f 1868/891/1936 1857/891/1924 1856/885/1923 1867/885/1935
f 1957/883/2046 1859/883/1926 1858/892/1925 1869/892/1937
f 1613/884/1669 1612/884/1667 1859/883/2238 1957/883/2046
f 1897/899/1982 1875/899/1942 1871/897/1941 1895/897/1969
f 1614/908/2239 1246/908/1966 1892/907/1964 1904/907/1979
f 1905/897/1980 1895/897/1969 1894/898/1968 1908/898/1984
f 1907/900/1983 1896/900/1970 1248/901/1971 1615/901/2240
f 1616/908/2241 1614/908/2239 1904/907/1979 1914/907/1993
f 2089/897/2242 1905/897/1980 1908/898/1984 1916/898/1995
f 1926/899/2243 1906/899/1981 1905/897/1980 2089/897/2242
f 1915/900/1994 1907/900/1983 1615/901/2240 1617/901/2244
f 1727/872/1742 1707/870/1741 1906/899/1985 1926/899/2006
f 2090/907/2245 1914/907/1993 1913/906/1992 1922/906/2002
f 1618/908/2246 1616/908/2241 1914/907/1993 2090/907/2245
f 1932/897/2015 2089/897/2242 1916/898/1995 1924/898/2004
f 1925/899/2018 1926/899/2243 2089/897/2242 1932/897/2015
f 1923/900/2003 1915/900/1994 1617/901/2244 1619/901/2247
f 1928/902/2011 1918/902/1998 1917/877/1996 1927/877/2008
f 1942/904/2028 1920/904/2000 1919/903/1999 1929/903/2012
f 1931/905/2014 1921/905/2001 1920/904/2000 1942/904/2028
f 2091/907/2248 2090/907/2245 1922/906/2002 1930/906/2013
f 1620/908/2249 1618/908/2246 2090/907/2245 2091/907/2248
f 1933/897/2016 1932/897/2015 1924/898/2004 1936/898/2020
f 1935/900/2019 1923/900/2003 1619/901/2247 1621/901/2250
f 2064/903/2172 1929/903/2012 1928/902/2011 1939/902/2026
f 1941/904/2029 1942/904/2028 1929/903/2012 2064/903/2172
f 2092/907/2251 2091/907/2248 1930/906/2013 1943/906/2030
f 1622/908/2252 1620/908/2249 2091/907/2248 2092/907/2251
f 1948/888/2036 1861/888/1928 1860/893/1927 1946/893/2032
f 1944/894/2031 1945/894/2033 1862/895/1929 1947/895/2035
f 1623/884/1684 1613/884/1669 1957/883/2046 1956/883/2045
f 1961/888/2051 1948/888/2036 1946/893/2032 1959/893/2048
f 1958/894/2047 1944/894/2031 1947/895/2035 1960/895/2050
f 1624/884/1685 1623/884/1684 1956/883/2045 1969/883/2060
f 1983/893/2075 1959/893/2048 1958/894/2047 1971/894/2062
f 1972/888/2064 1961/888/2051 1959/893/2048 1983/893/2075
f 1625/884/1686 1624/884/1685 1969/883/2060 1980/883/2072
f 2093/888/2253 1972/888/2064 1983/893/2075 1982/893/2074
f 1981/894/2073 1971/894/2062 1970/895/2061 1984/895/2077
f 1985/887/2078 1973/887/2065 1972/888/2064 2093/888/2253
f 1228/884/1777 1625/884/1686 1980/883/2072 1743/883/1778
f 2094/888/2254 2093/888/2253 1982/893/2074 1993/893/2087
f 1992/894/2086 1981/894/2073 1984/895/2077 2095/895/2255
f 2095/895/2255 1984/895/2077 1252/896/2076 1626/896/2256
f 1995/887/2088 1985/887/2078 2093/888/2253 2094/888/2254
f 2096/893/2257 1993/893/2087 1992/894/2086 2097/894/2258
f 2098/888/2259 2094/888/2254 1993/893/2087 2096/893/2257
f 2097/894/2258 1992/894/2086 2095/895/2255 2099/895/2260
f 2099/895/2260 2095/895/2255 1626/896/2256 1627/896/2261
f 2002/887/2097 1995/887/2088 2094/888/2254 2098/888/2259
f 2100/893/2262 2096/893/2257 2097/894/2258 2101/894/2263
f 2102/888/2264 2098/888/2259 2096/893/2257 2100/893/2262
f 2101/894/2263 2097/894/2258 2099/895/2260 2014/895/2113
f 2014/895/2113 2099/895/2260 1627/896/2261 1254/896/2114
f 2017/887/2116 2002/887/2097 2098/888/2259 2102/888/2264
f 2008/889/2106 2001/889/2098 2002/887/2097 2017/887/2116
f 2103/893/2265 2100/893/2262 2101/894/2263 2104/894/2266
f 2105/888/2267 2102/888/2264 2100/893/2262 2103/893/2265
f 2104/894/2266 2101/894/2263 2014/895/2113 2013/895/2112
f 2016/887/2117 2017/887/2116 2102/888/2264 2105/888/2267
f 2019/890/2118 2007/890/2105 2008/889/2106 2015/889/2115
f 2106/893/2268 2103/893/2265 2104/894/2266 2107/894/2269
f 2030/888/2132 2105/888/2267 2103/893/2265 2106/893/2268
f 2107/894/2269 2104/894/2266 2013/895/2112 2108/895/2270
f 2108/895/2270 2013/895/2112 1255/896/2111 1628/896/2271
f 2023/887/2126 2016/887/2117 2105/888/2267 2030/888/2132
f 2026/890/2129 2019/890/2118 2015/889/2115 2024/889/2127
f 2032/891/2135 2021/891/2123 2020/885/2122 2027/885/2272
f 2033/892/2138 2022/892/2124 2021/891/2123 2032/891/2135
f 2109/893/2273 2106/893/2268 2107/894/2269 2110/894/2274
f 2029/888/2133 2030/888/2132 2106/893/2268 2109/893/2273
f 2110/894/2274 2107/894/2269 2108/895/2270 2111/895/2275
f 2111/895/2275 2108/895/2270 1628/896/2271 1629/896/2276
f 2039/890/2141 2026/890/2129 2024/889/2127 2031/889/2134
f 2038/886/2140 2025/886/2128 2026/890/2129 2039/890/2141
f 2041/885/2145 2027/885/2130 2025/886/2130 2038/886/2146
f 2034/891/2136 2032/891/2135 2027/885/2272 2041/885/2147
f 2112/893/2277 2109/893/2273 2110/894/2274 2113/894/2278
f 2114/888/2279 2029/888/2133 2109/893/2273 2112/893/2277
f 2113/894/2278 2110/894/2274 2111/895/2275 2115/895/2280
f 2115/895/2280 2111/895/2275 1629/896/2276 1630/896/2281
f 2116/887/2282 2028/887/2131 2029/888/2133 2114/888/2279
f 2117/889/2283 2031/889/2134 2028/887/2131 2116/887/2282
f 2037/890/2142 2039/890/2141 2031/889/2134 2117/889/2283
f 2077/893/2186 2112/893/2277 2113/894/2278 2081/894/2193
f 2072/888/2182 2114/888/2279 2112/893/2277 2077/893/2186
f 2081/894/2193 2113/894/2278 2115/895/2280 2118/895/2280
f 2118/895/2280 2115/895/2280 1630/896/2281 1631/896/2281
f 2073/887/2181 2116/887/2282 2114/888/2279 2072/888/2182
f 2119/889/2283 2117/889/2283 2116/887/2282 2073/887/2181
f 2060/890/2169 2037/890/2142 2117/889/2283 2119/889/2283
f 2047/886/2156 2036/886/2139 2037/890/2142 2060/890/2169
f 2120/892/2284 2043/892/2150 2042/891/2149 2048/891/2157
f 2121/883/2285 2044/883/2151 2043/892/2150 2120/892/2284
f 1632/884/2286 1257/884/2153 2044/883/2151 2121/883/2285
f 2059/944/2168 2056/940/2165 2057/941/2166 2061/945/2170
f 1939/902/2026 1938/877/2023 2058/943/2167 2063/948/2173
f 2063/948/2173 2058/943/2167 2059/944/2168 2066/950/2175
f 2066/950/2175 2059/944/2168 2061/945/2170 2068/952/2177
f 2068/952/2177 2061/945/2170 2060/946/2169 2119/974/2283
f 2067/951/2176 2068/952/2177 2119/974/2283 2073/957/2181
f 2122/975/2287 2092/976/2251 1943/963/2030 2078/964/2188
f 1633/977/2288 1622/978/2252 2092/976/2251 2122/975/2287
f 2123/979/2289 2122/975/2287 2078/964/2188 2079/966/2189
f 1634/980/2290 1633/977/2288 2122/975/2287 2123/979/2289
f 2124/981/2291 2123/979/2289 2079/966/2189 2080/968/2191
f 1635/982/2292 1634/980/2290 2123/979/2289 2124/981/2291
f 2118/895/2280 2124/981/2291 2080/968/2191 2081/894/2193
f 1631/896/2281 1635/982/2292 2124/981/2291 2118/895/2280
f 2125/983/2293 2120/892/2284 2048/891/2157 2054/984/2294
f 2126/985/2295 2121/883/2285 2120/892/2284 2125/983/2293
f 1636/986/2286 1632/884/2286 2121/883/2285 2126/985/2295
f 2082/970/2194 2125/983/2293 2054/984/2294 2052/987/2296
f 2083/971/2197 2126/985/2295 2125/983/2293 2082/970/2194
f 1637/988/2297 1636/986/2286 2126/985/2295 2083/971/2197
f 2084/973/2195 2082/970/2194 2052/987/2296 2050/989/2298
f 1638/990/2299 1637/988/2297 2083/971/2197 2085/972/2196
f 1936/898/2020 2084/973/2195 2050/989/2298 1933/897/2016
f 1621/901/2250 1638/990/2299 2085/972/2196 1935/900/2019
f 2127/991/1734 1872/898/1734 1870/897/1734 1874/899/1734
f 2128/992/2300 1877/900/2301 1872/898/1734 2127/991/1734
f 1639/993/1734 1245/901/1734 1877/900/2301 2128/992/2300
f 2129/994/1734 2127/991/1734 1874/899/1734 1879/872/1734
f 2130/995/2300 2128/992/2300 2127/991/1734 2129/994/1734
f 1640/996/1734 1639/993/1734 2128/992/2300 2130/995/2300
f 2131/997/1734 2129/994/1734 1879/872/1734 1881/877/1734
f 2132/998/2300 2130/995/2300 2129/994/1734 2131/997/1734
f 1641/999/1734 1640/996/1734 2130/995/2300 2132/998/2300
f 2133/1000/1734 2131/997/1734 1881/877/1734 1883/902/1734
f 2134/1001/2300 2132/998/2300 2131/997/1734 2133/1000/1734
f 1642/1002/1734 1641/999/1734 2132/998/2300 2134/1001/2300
f 2135/1003/1734 2133/1000/1734 1883/902/1734 1885/903/1734
f 2136/1004/2300 2134/1001/2300 2133/1000/1734 2135/1003/1734
f 1643/1005/1734 1642/1002/1734 2134/1001/2300 2136/1004/2300
f 2137/1006/1734 2135/1003/1734 1885/903/1734 1887/904/1734
f 2138/1007/2302 2136/1004/2300 2135/1003/1734 2137/1006/1734
f 1644/1008/1738 1643/1005/1734 2136/1004/2300 2138/1007/2302
f 1890/906/1734 2137/1006/1734 1887/904/1734 1888/905/1734
f 1893/907/2303 2138/1007/2302 2137/1006/1734 1890/906/1734
f 1247/908/1740 1644/1008/1738 2138/1007/2302 1893/907/2303
o polySurface20
v -0.032105 0.049070 -0.067688
v -0.032077 0.049084 -0.067688
v -0.032055 0.049106 -0.067688
v -0.032041 0.049134 -0.067688
v -0.032036 0.049165 -0.067688
v -0.032041 0.049196 -0.067688
v -0.032055 0.049224 -0.067688
v -0.032077 0.049246 -0.067688
v -0.032105 0.049260 -0.067688
v -0.032136 0.049265 -0.067688
v -0.032167 0.049260 -0.067688
v -0.032195 0.049246 -0.067688
v -0.032217 0.049224 -0.067688
v -0.032231 0.049196 -0.067688
v -0.032236 0.049165 -0.067688
v -0.032231 0.049134 -0.067688
v -0.032217 0.049106 -0.067688
v -0.032195 0.049084 -0.067688
v -0.032167 0.049070 -0.067688
v -0.032136 0.049065 -0.067688
v -0.005790 0.044623 0.004295
v -0.005762 0.044637 0.004295
v -0.005740 0.044659 0.004295
v -0.005726 0.044687 0.004295
v -0.005721 0.044718 0.004295
v -0.005726 0.044749 0.004295
v -0.005740 0.044777 0.004295
v -0.005762 0.044799 0.004295
v -0.005790 0.044813 0.004295
v -0.005821 0.044818 0.004295
v -0.005852 0.044813 0.004295
v -0.005880 0.044799 0.004295
v -0.005902 0.044777 0.004295
v -0.005916 0.044749 0.004295
v -0.005921 0.044718 0.004295
v -0.005916 0.044687 0.004295
v -0.005902 0.044659 0.004295
v -0.005880 0.044637 0.004295
v -0.005852 0.044623 0.004295
v -0.005821 0.044618 0.004295
v -0.032136 0.049165 -0.067688
v -0.005821 0.044718 0.004295
v 0.029515 0.049260 -0.067688
v 0.029487 0.049245 -0.067688
v 0.029465 0.049223 -0.067688
v 0.029451 0.049195 -0.067688
v 0.029446 0.049164 -0.067688
v 0.029451 0.049134 -0.067688
v 0.029465 0.049106 -0.067688
v 0.029487 0.049084 -0.067688
v 0.029515 0.049069 -0.067688
v 0.029546 0.049064 -0.067688
v 0.029577 0.049069 -0.067688
v 0.029605 0.049084 -0.067688
v 0.029627 0.049106 -0.067688
v 0.029641 0.049134 -0.067688
v 0.029646 0.049164 -0.067688
v 0.029641 0.049195 -0.067688
v 0.029627 0.049223 -0.067688
v 0.029605 0.049245 -0.067688
v 0.029577 0.049260 -0.067688
v 0.029546 0.049264 -0.067688
v 0.003200 0.044814 0.004295
v 0.003172 0.044800 0.004295
v 0.003150 0.044778 0.004295
v 0.003136 0.044750 0.004295
v 0.003131 0.044719 0.004295
v 0.003136 0.044688 0.004295
v 0.003150 0.044660 0.004295
v 0.003172 0.044638 0.004295
v 0.003200 0.044624 0.004295
v 0.003231 0.044619 0.004295
v 0.003262 0.044624 0.004295
v 0.003290 0.044638 0.004295
v 0.003312 0.044660 0.004295
v 0.003326 0.044688 0.004295
v 0.003331 0.044719 0.004295
v 0.003326 0.044750 0.004295
v 0.003312 0.044778 0.004295
v 0.003290 0.044800 0.004295
v 0.003262 0.044814 0.004295
v 0.003231 0.044819 0.004295
v 0.029546 0.049164 -0.067688
v 0.003231 0.044719 0.004295
vn 0.3033 -0.9378 -0.1689
vn 0.5670 -0.7830 -0.2557
vn 0.7672 -0.5588 -0.3150
vn 0.8928 -0.2905 -0.3443
vn 0.9392 0.0005 -0.3433
vn 0.9392 0.0004 -0.3433
vn 0.9032 0.2947 -0.3119
vn 0.9032 0.2947 -0.3120
vn 0.7823 0.5702 -0.2508
vn 0.5789 0.7991 -0.1623
vn 0.5790 0.7990 -0.1623
vn 0.3081 0.9498 -0.0540
vn 0.0006 0.9981 0.0615
vn -0.3034 0.9378 0.1689
vn -0.3033 0.9378 0.1688
vn -0.5670 0.7830 0.2557
vn -0.7672 0.5588 0.3150
vn -0.8928 0.2905 0.3443
vn -0.8928 0.2906 0.3443
vn -0.9392 -0.0004 0.3433
vn -0.9392 -0.0005 0.3433
vn -0.9032 -0.2947 0.3120
vn -0.7823 -0.5702 0.2507
vn -0.7823 -0.5703 0.2507
vn -0.5790 -0.7990 0.1623
vn -0.5789 -0.7991 0.1623
vn -0.3081 -0.9498 0.0540
vn -0.0006 -0.9981 -0.0615
vn -0.0005 -0.9981 -0.0615
vn -0.0000 -0.0000 -1.0000
vn -0.0001 -0.0000 -1.0000
vn 0.0001 -0.0000 -1.0000
vn -0.0000 -0.0000 1.0000
vn -0.3081 0.9498 -0.0540
vn -0.5789 0.7991 -0.1623
vn -0.3082 0.9498 -0.0540
vn -0.7823 0.5703 -0.2507
vn -0.7823 0.5702 -0.2507
vn -0.9032 0.2947 -0.3120
vn -0.9392 0.0005 -0.3433
vn -0.8928 -0.2905 -0.3443
vn -0.7672 -0.5588 -0.3150
vn -0.5670 -0.7830 -0.2556
vn -0.3034 -0.9378 -0.1688
vn 0.0006 -0.9981 -0.0615
vn 0.0005 -0.9981 -0.0615
vn 0.3082 -0.9498 0.0540
vn 0.3081 -0.9498 0.0540
vn 0.5789 -0.7990 0.1623
vn 0.5789 -0.7991 0.1623
vn 0.7823 -0.5702 0.2507
vn 0.9032 -0.2947 0.3120
vn 0.9392 -0.0005 0.3433
vn 0.8928 0.2905 0.3443
vn 0.7672 0.5588 0.3150
vn 0.7672 0.5588 0.3149
vn 0.5670 0.7830 0.2556
vn 0.3034 0.9378 0.1688
vn -0.0005 0.9981 0.0614
vn -0.0006 0.9981 0.0614
vt 0.375000 0.312500
vt 0.387500 0.312500
vt 0.387500 0.688440
vt 0.375000 0.688440
vt 0.400000 0.312500
vt 0.400000 0.688440
vt 0.412500 0.312500
vt 0.412500 0.688440
vt 0.425000 0.312500
vt 0.425000 0.688440
vt 0.437500 0.312500
vt 0.437500 0.688440
vt 0.450000 0.312500
vt 0.450000 0.688440
vt 0.462500 0.312500
vt 0.462500 0.688440
vt 0.475000 0.312500
vt 0.475000 0.688440
vt 0.487500 0.312500
vt 0.487500 0.688440
vt 0.500000 0.312500
vt 0.500000 0.688440
vt 0.512500 0.312500
vt 0.512500 0.688440
vt 0.525000 0.312500
vt 0.525000 0.688440
vt 0.537500 0.312500
vt 0.537500 0.688440
vt 0.550000 0.312500
vt 0.550000 0.688440
vt 0.562500 0.312500
vt 0.562500 0.688440
vt 0.575000 0.312500
vt 0.575000 0.688440
vt 0.587500 0.312500
vt 0.587500 0.688440
vt 0.600000 0.312500
vt 0.600000 0.688440
vt 0.612500 0.312500
vt 0.612500 0.688440
vt 0.625000 0.312500
vt 0.625000 0.688440
vt 0.626409 0.064408
vt 0.648603 0.107966
vt 0.500000 0.150000
vt 0.591842 0.029841
vt 0.548284 0.007647
vt 0.500000 -0.000000
vt 0.451716 0.007647
vt 0.408159 0.029841
vt 0.373591 0.064409
vt 0.351397 0.107966
vt 0.343750 0.156250
vt 0.351397 0.204534
vt 0.373591 0.248091
vt 0.408159 0.282659
vt 0.451716 0.304853
vt 0.500000 0.312500
vt 0.548284 0.304853
vt 0.591841 0.282659
vt 0.626409 0.248091
vt 0.648603 0.204534
vt 0.656250 0.156250
vt 0.648603 0.892034
vt 0.626409 0.935591
vt 0.500000 0.837500
vt 0.591841 0.970159
vt 0.548284 0.992353
vt 0.500000 1.000000
vt 0.451716 0.992353
vt 0.408159 0.970159
vt 0.373591 0.935591
vt 0.351397 0.892034
vt 0.343750 0.843750
vt 0.351397 0.795466
vt 0.373591 0.751909
vt 0.408159 0.717341
vt 0.451716 0.695147
vt 0.500000 0.687500
vt 0.548284 0.695147
vt 0.591842 0.717341
vt 0.626409 0.751908
vt 0.648603 0.795466
vt 0.656250 0.843750
s 1
usemtl lambert1
f 2139/1009/2304 2140/1010/2305 2160/1011/2305 2159/1012/2304
f 2140/1010/2305 2141/1013/2306 2161/1014/2306 2160/1011/2305
f 2141/1013/2306 2142/1015/2307 2162/1016/2307 2161/1014/2306
f 2142/1015/2307 2143/1017/2308 2163/1018/2309 2162/1016/2307
f 2143/1017/2308 2144/1019/2310 2164/1020/2311 2163/1018/2309
f 2144/1019/2310 2145/1021/2312 2165/1022/2312 2164/1020/2311
f 2145/1021/2312 2146/1023/2313 2166/1024/2314 2165/1022/2312
f 2146/1023/2313 2147/1025/2315 2167/1026/2315 2166/1024/2314
f 2147/1025/2315 2148/1027/2316 2168/1028/2316 2167/1026/2315
f 2148/1027/2316 2149/1029/2317 2169/1030/2318 2168/1028/2316
f 2149/1029/2317 2150/1031/2319 2170/1032/2319 2169/1030/2318
f 2150/1031/2319 2151/1033/2320 2171/1034/2320 2170/1032/2319
f 2151/1033/2320 2152/1035/2321 2172/1036/2322 2171/1034/2320
f 2152/1035/2321 2153/1037/2323 2173/1038/2324 2172/1036/2322
f 2153/1037/2323 2154/1039/2325 2174/1040/2325 2173/1038/2324
f 2154/1039/2325 2155/1041/2326 2175/1042/2327 2174/1040/2325
f 2155/1041/2326 2156/1043/2328 2176/1044/2329 2175/1042/2327
f 2156/1043/2328 2157/1045/2330 2177/1046/2330 2176/1044/2329
f 2157/1045/2330 2158/1047/2331 2178/1048/2332 2177/1046/2330
f 2158/1047/2331 2139/1049/2304 2159/1050/2304 2178/1048/2332
f 2140/1051/2333 2139/1052/2333 2179/1053/2333
f 2141/1054/2333 2140/1051/2333 2179/1053/2333
f 2142/1055/2333 2141/1054/2333 2179/1053/2333
f 2143/1056/2333 2142/1055/2333 2179/1053/2333
f 2144/1057/2333 2143/1056/2333 2179/1053/2333
f 2145/1058/2333 2144/1057/2333 2179/1053/2333
f 2146/1059/2334 2145/1058/2333 2179/1053/2333
f 2147/1060/2334 2146/1059/2334 2179/1053/2333
f 2148/1061/2333 2147/1060/2334 2179/1053/2333
f 2149/1062/2333 2148/1061/2333 2179/1053/2333
f 2150/1063/2333 2149/1062/2333 2179/1053/2333
f 2151/1064/2333 2150/1063/2333 2179/1053/2333
f 2152/1065/2333 2151/1064/2333 2179/1053/2333
f 2153/1066/2333 2152/1065/2333 2179/1053/2333
f 2154/1067/2333 2153/1066/2333 2179/1053/2333
f 2155/1068/2333 2154/1067/2333 2179/1053/2333
f 2156/1069/2335 2155/1068/2333 2179/1053/2333
f 2157/1070/2335 2156/1069/2335 2179/1053/2333
f 2158/1071/2333 2157/1070/2335 2179/1053/2333
f 2139/1052/2333 2158/1071/2333 2179/1053/2333
f 2159/1072/2336 2160/1073/2336 2180/1074/2336
f 2160/1073/2336 2161/1075/2336 2180/1074/2336
f 2161/1075/2336 2162/1076/2336 2180/1074/2336
f 2162/1076/2336 2163/1077/2336 2180/1074/2336
f 2163/1077/2336 2164/1078/2336 2180/1074/2336
f 2164/1078/2336 2165/1079/2336 2180/1074/2336
f 2165/1079/2336 2166/1080/2336 2180/1074/2336
f 2166/1080/2336 2167/1081/2336 2180/1074/2336
f 2167/1081/2336 2168/1082/2336 2180/1074/2336
f 2168/1082/2336 2169/1083/2336 2180/1074/2336
f 2169/1083/2336 2170/1084/2336 2180/1074/2336
f 2170/1084/2336 2171/1085/2336 2180/1074/2336
f 2171/1085/2336 2172/1086/2336 2180/1074/2336
f 2172/1086/2336 2173/1087/2336 2180/1074/2336
f 2173/1087/2336 2174/1088/2336 2180/1074/2336
f 2174/1088/2336 2175/1089/2336 2180/1074/2336
f 2175/1089/2336 2176/1090/2336 2180/1074/2336
f 2176/1090/2336 2177/1091/2336 2180/1074/2336
f 2177/1091/2336 2178/1092/2336 2180/1074/2336
f 2178/1092/2336 2159/1072/2336 2180/1074/2336
f 2181/1009/2337 2182/1010/2338 2202/1011/2338 2201/1012/2339
f 2182/1010/2338 2183/1013/2340 2203/1014/2341 2202/1011/2338
f 2183/1013/2340 2184/1015/2342 2204/1016/2342 2203/1014/2341
f 2184/1015/2342 2185/1017/2343 2205/1018/2343 2204/1016/2342
f 2185/1017/2343 2186/1019/2344 2206/1020/2344 2205/1018/2343
f 2186/1019/2344 2187/1021/2345 2207/1022/2345 2206/1020/2344
f 2187/1021/2345 2188/1023/2346 2208/1024/2346 2207/1022/2345
f 2188/1023/2346 2189/1025/2347 2209/1026/2347 2208/1024/2346
f 2189/1025/2347 2190/1027/2348 2210/1028/2349 2209/1026/2347
f 2190/1027/2348 2191/1029/2350 2211/1030/2351 2210/1028/2349
f 2191/1029/2350 2192/1031/2352 2212/1032/2353 2211/1030/2351
f 2192/1031/2352 2193/1033/2354 2213/1034/2354 2212/1032/2353
f 2193/1033/2354 2194/1035/2355 2214/1036/2355 2213/1034/2354
f 2194/1035/2355 2195/1037/2356 2215/1038/2356 2214/1036/2355
f 2195/1037/2356 2196/1039/2357 2216/1040/2357 2215/1038/2356
f 2196/1039/2357 2197/1041/2358 2217/1042/2359 2216/1040/2357
f 2197/1041/2358 2198/1043/2360 2218/1044/2360 2217/1042/2359
f 2198/1043/2360 2199/1045/2361 2219/1046/2361 2218/1044/2360
f 2199/1045/2361 2200/1047/2362 2220/1048/2363 2219/1046/2361
f 2200/1047/2362 2181/1049/2337 2201/1050/2339 2220/1048/2363
f 2182/1051/2333 2181/1052/2333 2221/1053/2333
f 2183/1054/2333 2182/1051/2333 2221/1053/2333
f 2184/1055/2333 2183/1054/2333 2221/1053/2333
f 2185/1056/2333 2184/1055/2333 2221/1053/2333
f 2186/1057/2333 2185/1056/2333 2221/1053/2333
f 2187/1058/2333 2186/1057/2333 2221/1053/2333
f 2188/1059/2335 2187/1058/2333 2221/1053/2333
f 2189/1060/2335 2188/1059/2335 2221/1053/2333
f 2190/1061/2333 2189/1060/2335 2221/1053/2333
f 2191/1062/2333 2190/1061/2333 2221/1053/2333
f 2192/1063/2333 2191/1062/2333 2221/1053/2333
f 2193/1064/2333 2192/1063/2333 2221/1053/2333
f 2194/1065/2333 2193/1064/2333 2221/1053/2333
f 2195/1066/2333 2194/1065/2333 2221/1053/2333
f 2196/1067/2333 2195/1066/2333 2221/1053/2333
f 2197/1068/2333 2196/1067/2333 2221/1053/2333
f 2198/1069/2334 2197/1068/2333 2221/1053/2333
f 2199/1070/2334 2198/1069/2334 2221/1053/2333
f 2200/1071/2333 2199/1070/2334 2221/1053/2333
f 2181/1052/2333 2200/1071/2333 2221/1053/2333
f 2201/1072/2336 2202/1073/2336 2222/1074/2336
f 2202/1073/2336 2203/1075/2336 2222/1074/2336
f 2203/1075/2336 2204/1076/2336 2222/1074/2336
f 2204/1076/2336 2205/1077/2336 2222/1074/2336
f 2205/1077/2336 2206/1078/2336 2222/1074/2336
f 2206/1078/2336 2207/1079/2336 2222/1074/2336
f 2207/1079/2336 2208/1080/2336 2222/1074/2336
f 2208/1080/2336 2209/1081/2336 2222/1074/2336
f 2209/1081/2336 2210/1082/2336 2222/1074/2336
f 2210/1082/2336 2211/1083/2336 2222/1074/2336
f 2211/1083/2336 2212/1084/2336 2222/1074/2336
f 2212/1084/2336 2213/1085/2336 2222/1074/2336
f 2213/1085/2336 2214/1086/2336 2222/1074/2336
f 2214/1086/2336 2215/1087/2336 2222/1074/2336
f 2215/1087/2336 2216/1088/2336 2222/1074/2336
f 2216/1088/2336 2217/1089/2336 2222/1074/2336
f 2217/1089/2336 2218/1090/2336 2222/1074/2336
f 2218/1090/2336 2219/1091/2336 2222/1074/2336
f 2219/1091/2336 2220/1092/2336 2222/1074/2336
f 2220/1092/2336 2201/1072/2336 2222/1074/2336
o polySurface15
v -0.001260 0.025552 0.053223
v 0.000021 0.025552 0.053223
v -0.001260 0.027737 0.053147
v 0.000021 0.027737 0.053147
v -0.001260 0.028853 0.053565
v 0.000021 0.028853 0.053565
v -0.001260 0.025379 0.046640
v -0.000242 0.025379 0.046640
v -0.001260 0.025402 0.049934
v 0.000021 0.025402 0.049934
v 0.000021 0.028340 0.049831
v 0.000501 0.025914 0.046621
v 0.000764 0.025938 0.049915
v 0.000501 0.027648 0.046561
v 0.000764 0.027972 0.049844
v 0.000764 0.026087 0.053204
v 0.000764 0.027420 0.053158
v -0.001260 0.025675 0.054131
v -0.001260 0.027531 0.054067
v -0.000060 0.025675 0.054131
v -0.000060 0.027531 0.054067
v 0.000552 0.026089 0.054117
v 0.000552 0.027118 0.054081
v -0.001260 0.025780 0.054858
v -0.001260 0.027478 0.054799
v -0.000109 0.025780 0.054858
v -0.000109 0.027478 0.054799
v 0.000451 0.026158 0.054845
v 0.000451 0.027100 0.054812
v -0.001260 0.026006 0.054850
v -0.001260 0.027252 0.054807
v -0.000214 0.026006 0.054850
v -0.000214 0.027252 0.054807
v 0.000247 0.026284 0.054840
v 0.000247 0.026974 0.054816
v -0.001260 0.025840 0.050096
v -0.001260 0.027086 0.050052
v -0.000214 0.025840 0.050096
v -0.000214 0.027086 0.050052
v 0.000247 0.026117 0.050086
v 0.000247 0.026808 0.050062
v -0.001260 0.025512 0.043891
v -0.000609 0.025512 0.043891
v 0.000134 0.027552 0.043820
v 0.000134 0.026048 0.043873
v -0.001260 0.025693 0.041397
v -0.000800 0.025693 0.041397
v -0.000219 0.026909 0.041355
v -0.000219 0.026228 0.041378
v -0.000961 0.025928 0.038847
v -0.001260 0.025928 0.038847
v -0.000560 0.027018 0.038809
v -0.000560 0.026464 0.038828
v -0.001056 0.026288 0.037286
v -0.001260 0.026288 0.037286
v -0.000775 0.027090 0.037258
v -0.000775 0.026751 0.037270
v -0.001260 0.027567 0.035588
v -0.001203 0.027567 0.035588
v -0.001203 0.026752 0.035616
v -0.001260 0.026752 0.035616
v -0.001057 0.027089 0.035604
v -0.001260 0.025552 0.053223
v -0.002541 0.025552 0.053223
v -0.001260 0.027737 0.053147
v -0.002541 0.027737 0.053147
v -0.001260 0.028853 0.053565
v -0.002541 0.028853 0.053565
v -0.001260 0.025379 0.046640
v -0.002278 0.025379 0.046640
v -0.001260 0.025402 0.049934
v -0.002541 0.025402 0.049934
v -0.002541 0.028340 0.049831
v -0.003021 0.025914 0.046621
v -0.003284 0.025938 0.049915
v -0.003021 0.027648 0.046561
v -0.003284 0.027972 0.049844
v -0.003284 0.026087 0.053204
v -0.003284 0.027420 0.053158
v -0.002460 0.025675 0.054131
v -0.002460 0.027531 0.054067
v -0.003072 0.026089 0.054117
v -0.003072 0.027118 0.054081
v -0.002411 0.025780 0.054858
v -0.002411 0.027478 0.054799
v -0.002971 0.026158 0.054845
v -0.002971 0.027100 0.054812
v -0.002306 0.026006 0.054850
v -0.002306 0.027252 0.054807
v -0.002767 0.026284 0.054840
v -0.002767 0.026974 0.054816
v -0.002306 0.025840 0.050096
v -0.002306 0.027086 0.050052
v -0.002767 0.026117 0.050086
v -0.002767 0.026808 0.050062
v -0.001260 0.025512 0.043891
v -0.001911 0.025512 0.043891
v -0.002654 0.027552 0.043820
v -0.002654 0.026048 0.043873
v -0.001260 0.025693 0.041397
v -0.001720 0.025693 0.041397
v -0.002301 0.026909 0.041355
v -0.002301 0.026228 0.041378
v -0.001559 0.025928 0.038847
v -0.001260 0.025928 0.038847
v -0.001960 0.027018 0.038809
v -0.001960 0.026464 0.038828
v -0.001464 0.026288 0.037286
v -0.001260 0.026288 0.037286
v -0.001745 0.027090 0.037258
v -0.001745 0.026751 0.037270
v -0.001260 0.027567 0.035588
v -0.001317 0.027567 0.035588
v -0.001317 0.026752 0.035616
v -0.001260 0.026752 0.035616
v -0.001463 0.027089 0.035604
vn -0.0000 -0.3513 0.9363
vn -0.0000 -0.0349 -0.9994
vn -0.0000 -0.9998 -0.0207
vn 0.3054 -0.9508 -0.0522
vn 0.3071 -0.9516 0.0128
vn -0.0000 -0.9997 0.0263
vn 0.3033 -0.9481 0.0956
vn -0.0000 -0.9959 0.0901
vn 0.9992 -0.0014 -0.0397
vn 0.9943 -0.0037 -0.1061
vn 0.9935 0.0040 0.1137
vn 0.9992 -0.0014 -0.0398
vn 0.9935 0.0040 0.1136
vn 0.5814 -0.8098 -0.0787
vn 0.5845 -0.8114 -0.0019
vn 0.5781 -0.8108 0.0921
vn 0.4120 0.8977 0.1564
vn 0.4314 0.8722 0.2304
vn 0.4314 0.8723 0.2304
vn -0.0000 -0.9904 0.1382
vn -0.0000 -0.9904 0.1383
vn -0.0000 0.9758 0.2186
vn -0.0000 0.9893 0.1460
vn 0.5625 -0.8129 0.1509
vn 0.9833 0.0064 0.1819
vn 0.9833 0.0064 0.1820
vn 0.5051 0.8392 0.2015
vn -0.0000 -0.9899 0.1420
vn -0.0000 0.9974 0.0726
vn 0.5555 -0.8170 0.1547
vn 0.9904 0.0048 0.1378
vn 0.5554 0.8258 0.0973
vn -0.0000 0.0349 0.9994
vn -0.0000 0.9994 -0.0349
vn -0.0000 -0.9994 0.0349
vn -0.5158 0.8562 -0.0299
vn -1.0000 -0.0000 -0.0000
vn -0.5158 -0.8562 0.0299
vn -0.0000 -0.9982 -0.0605
vn 0.9907 -0.0048 -0.1363
vn 0.9907 -0.0048 -0.1362
vn 0.6004 -0.7906 -0.1202
vn 0.6005 -0.7906 -0.1203
vn -0.0000 -0.9966 -0.0820
vn 0.9906 -0.0048 -0.1366
vn 0.9906 -0.0048 -0.1365
vn 0.6766 -0.7250 -0.1291
vn 0.6765 -0.7251 -0.1291
vn -0.0000 -0.9874 -0.1585
vn 0.9908 -0.0047 -0.1352
vn 0.9908 -0.0047 -0.1356
vn 0.7694 -0.6171 -0.1653
vn 0.7693 -0.6171 -0.1653
vn -0.0000 -0.9692 -0.2461
vn -0.0000 -0.9693 -0.2461
vn 0.9904 -0.0048 -0.1379
vn 0.8330 -0.5122 -0.2092
vn -0.0000 -0.9635 -0.2677
vn 0.8570 -0.4651 -0.2219
vn -0.3071 -0.9516 0.0128
vn -0.3054 -0.9508 -0.0522
vn -0.3033 -0.9481 0.0956
vn -0.9992 -0.0014 -0.0395
vn -0.9992 -0.0014 -0.0398
vn -0.9943 -0.0037 -0.1061
vn -0.9935 0.0040 0.1136
vn -0.5845 -0.8114 -0.0018
vn -0.5815 -0.8098 -0.0787
vn -0.5781 -0.8108 0.0921
vn -0.4120 0.8977 0.1564
vn -0.4315 0.8721 0.2308
vn -0.4314 0.8722 0.2304
vn -0.0000 -0.9904 0.1385
vn -0.5625 -0.8129 0.1509
vn -0.5625 -0.8129 0.1510
vn -0.9833 0.0064 0.1820
vn -0.5051 0.8392 0.2015
vn -0.5555 -0.8170 0.1547
vn -0.9904 0.0048 0.1378
vn -0.5555 0.8258 0.0973
vn 0.5158 0.8562 -0.0299
vn 1.0000 -0.0000 -0.0000
vn 0.5158 -0.8562 0.0299
vn -0.0000 -0.9982 -0.0604
vn -0.9906 -0.0048 -0.1366
vn -0.6003 -0.7907 -0.1202
vn -0.6005 -0.7906 -0.1203
vn -0.0000 -0.9967 -0.0816
vn -0.9906 -0.0048 -0.1365
vn -0.6766 -0.7250 -0.1291
vn -0.0000 -0.9874 -0.1584
vn -0.9908 -0.0047 -0.1356
vn -0.9908 -0.0047 -0.1352
vn -0.7694 -0.6170 -0.1653
vn -0.7694 -0.6171 -0.1653
vn -0.0000 -0.9692 -0.2462
vn -0.9904 -0.0048 -0.1379
vn -0.8330 -0.5122 -0.2092
vn -0.8570 -0.4651 -0.2219
vt 0.500000 0.125000
vt 0.625000 0.125000
vt 0.625000 0.250000
vt 0.500000 0.250000
vt 0.500000 0.625000
vt 0.625000 0.625000
vt 0.625000 0.750000
vt 0.500000 0.750000
vt 0.625000 0.875000
vt 0.500000 0.875000
vt 0.625000 1.000000
vt 0.500000 1.000000
vt 0.750000 0.000000
vt 0.875000 0.000000
vt 0.875000 0.125000
vt 0.750000 0.125000
vt 0.625000 0.000000
vt 0.500000 0.000000
s 1
usemtl lambert1
f 2225/1093/2364 2226/1094/2364 2228/1095/2364 2227/1096/2364
f 2280/1097/2365 2281/1098/2365 2282/1099/2365 2283/1100/2365
f 2229/1100/2366 2230/1099/2367 2232/1101/2368 2231/1102/2369
f 2231/1102/2369 2232/1101/2368 2224/1103/2370 2223/1104/2371
f 2235/1105/2372 2234/1106/2373 2236/1107/2373 2237/1108/2372
f 2238/1109/2374 2235/1105/2375 2237/1108/2375 2239/1094/2376
f 2232/1105/2368 2230/1106/2367 2234/1106/2377 2235/1105/2378
f 2224/1109/2370 2232/1105/2368 2235/1105/2378 2238/1109/2379
f 2233/1108/2380 2226/1094/2381 2239/1094/2382 2237/1108/2380
f 2223/1110/2371 2224/1109/2370 2242/1109/2383 2240/1110/2384
f 2226/1094/2385 2225/1093/2385 2241/1093/2386 2243/1094/2386
f 2224/1109/2370 2238/1109/2379 2244/1109/2387 2242/1109/2387
f 2238/1109/2374 2239/1094/2376 2245/1094/2388 2244/1109/2389
f 2239/1094/2381 2226/1094/2381 2243/1094/2390 2245/1094/2390
f 2240/1110/2384 2242/1109/2383 2248/1109/2391 2246/1110/2391
f 2243/1094/2386 2241/1093/2386 2247/1093/2392 2249/1094/2392
f 2242/1109/2387 2244/1109/2387 2250/1109/2393 2248/1109/2393
f 2244/1109/2389 2245/1094/2388 2251/1094/2394 2250/1109/2394
f 2245/1094/2390 2243/1094/2390 2249/1094/2395 2251/1094/2395
f 2246/1110/2396 2248/1109/2396 2254/1109/2396 2252/1110/2396
f 2249/1094/2396 2247/1093/2396 2253/1093/2396 2255/1094/2396
f 2248/1109/2396 2250/1109/2396 2256/1109/2396 2254/1109/2396
f 2250/1109/2396 2251/1094/2396 2257/1094/2396 2256/1109/2396
f 2251/1094/2396 2249/1094/2396 2255/1094/2396 2257/1094/2396
f 2252/1110/2397 2254/1109/2397 2260/1109/2397 2258/1110/2397
f 2255/1094/2398 2253/1093/2398 2259/1093/2398 2261/1094/2398
f 2254/1109/2399 2256/1109/2399 2262/1109/2399 2260/1109/2399
f 2256/1109/2400 2257/1094/2400 2263/1094/2400 2262/1109/2400
f 2257/1094/2401 2255/1094/2401 2261/1094/2401 2263/1094/2401
f 2230/1099/2367 2229/1100/2366 2264/1100/2402 2265/1099/2402
f 2236/1107/2373 2234/1106/2373 2267/1106/2403 2266/1107/2404
f 2234/1106/2377 2230/1106/2367 2265/1106/2405 2267/1106/2406
f 2265/1099/2402 2264/1100/2402 2268/1100/2407 2269/1099/2407
f 2266/1107/2404 2267/1106/2403 2271/1106/2408 2270/1107/2409
f 2267/1106/2406 2265/1106/2405 2269/1106/2410 2271/1106/2411
f 2269/1099/2407 2268/1100/2407 2273/1100/2412 2272/1099/2412
f 2270/1107/2409 2271/1106/2408 2275/1106/2413 2274/1107/2414
f 2271/1106/2411 2269/1106/2410 2272/1106/2415 2275/1106/2416
f 2272/1099/2412 2273/1100/2412 2277/1100/2417 2276/1099/2418
f 2274/1107/2414 2275/1106/2413 2279/1106/2419 2278/1107/2419
f 2275/1106/2416 2272/1106/2415 2276/1106/2420 2279/1106/2420
f 2276/1099/2418 2277/1100/2417 2283/1100/2421 2282/1099/2421
f 2279/1106/2420 2276/1106/2420 2282/1106/2422 2284/1106/2422
f 2287/1093/2364 2289/1096/2364 2290/1095/2364 2288/1094/2364
f 2334/1097/2365 2337/1100/2365 2336/1099/2365 2335/1098/2365
f 2291/1100/2366 2293/1102/2369 2294/1101/2423 2292/1099/2424
f 2293/1102/2369 2285/1104/2371 2286/1103/2425 2294/1101/2423
f 2297/1105/2426 2299/1108/2427 2298/1107/2428 2296/1106/2428
f 2300/1109/2429 2301/1094/2429 2299/1108/2427 2297/1105/2426
f 2294/1105/2423 2297/1105/2430 2296/1106/2431 2292/1106/2424
f 2286/1109/2425 2300/1109/2432 2297/1105/2430 2294/1105/2423
f 2295/1108/2433 2299/1108/2433 2301/1094/2434 2288/1094/2435
f 2285/1110/2371 2240/1110/2384 2302/1109/2436 2286/1109/2425
f 2288/1094/2385 2303/1094/2386 2241/1093/2386 2287/1093/2385
f 2286/1109/2425 2302/1109/2437 2304/1109/2438 2300/1109/2432
f 2300/1109/2429 2304/1109/2439 2305/1094/2439 2301/1094/2429
f 2301/1094/2434 2305/1094/2440 2303/1094/2440 2288/1094/2435
f 2240/1110/2384 2246/1110/2391 2306/1109/2391 2302/1109/2436
f 2303/1094/2386 2307/1094/2392 2247/1093/2392 2241/1093/2386
f 2302/1109/2437 2306/1109/2441 2308/1109/2441 2304/1109/2438
f 2304/1109/2439 2308/1109/2442 2309/1094/2442 2305/1094/2439
f 2305/1094/2440 2309/1094/2443 2307/1094/2443 2303/1094/2440
f 2246/1110/2396 2252/1110/2396 2310/1109/2396 2306/1109/2396
f 2307/1094/2396 2311/1094/2396 2253/1093/2396 2247/1093/2396
f 2306/1109/2396 2310/1109/2396 2312/1109/2396 2308/1109/2396
f 2308/1109/2396 2312/1109/2396 2313/1094/2396 2309/1094/2396
f 2309/1094/2396 2313/1094/2396 2311/1094/2396 2307/1094/2396
f 2252/1110/2397 2258/1110/2397 2314/1109/2397 2310/1109/2397
f 2311/1094/2398 2315/1094/2398 2259/1093/2398 2253/1093/2398
f 2310/1109/2444 2314/1109/2444 2316/1109/2444 2312/1109/2444
f 2312/1109/2445 2316/1109/2445 2317/1094/2445 2313/1094/2445
f 2313/1094/2446 2317/1094/2446 2315/1094/2446 2311/1094/2446
f 2292/1099/2424 2319/1099/2447 2318/1100/2402 2291/1100/2366
f 2298/1107/2428 2320/1107/2448 2321/1106/2448 2296/1106/2428
f 2296/1106/2431 2321/1106/2449 2319/1106/2450 2292/1106/2424
f 2319/1099/2447 2323/1099/2451 2322/1100/2407 2318/1100/2402
f 2320/1107/2448 2324/1107/2452 2325/1106/2448 2321/1106/2448
f 2321/1106/2449 2325/1106/2453 2323/1106/2453 2319/1106/2450
f 2323/1099/2451 2326/1099/2454 2327/1100/2412 2322/1100/2407
f 2324/1107/2452 2328/1107/2455 2329/1106/2456 2325/1106/2448
f 2325/1106/2453 2329/1106/2457 2326/1106/2458 2323/1106/2453
f 2326/1099/2454 2330/1099/2459 2331/1100/2417 2327/1100/2412
f 2328/1107/2455 2332/1107/2460 2333/1106/2460 2329/1106/2456
f 2329/1106/2457 2333/1106/2461 2330/1106/2461 2326/1106/2458
f 2330/1099/2459 2336/1099/2421 2337/1100/2421 2331/1100/2417
f 2333/1106/2461 2338/1106/2462 2336/1106/2462 2330/1106/2461
o pCube4
v 0.058681 0.033115 0.017545
v 0.073067 0.035264 0.020525
v 0.087453 0.036857 0.023640
v 0.101839 0.038474 0.026719
v 0.058681 0.034098 0.017545
v 0.073067 0.035907 0.020525
v 0.087453 0.037456 0.023640
v 0.101839 0.038787 0.026719
v 0.058681 0.034311 0.017545
v 0.073067 0.036092 0.020525
v 0.087453 0.037605 0.023640
v 0.101839 0.038936 0.026719
v 0.058681 0.035466 0.017545
v 0.073067 0.037082 0.020525
v 0.087453 0.038367 0.023640
v 0.101839 0.039240 0.026719
v 0.058681 0.034938 0.013038
v 0.074149 0.036767 0.017079
v 0.087453 0.038039 0.021008
v 0.101839 0.039077 0.025282
v 0.058681 0.034458 0.009518
v 0.073067 0.036204 0.012649
v 0.087453 0.037688 0.017365
v 0.101839 0.038936 0.024037
v 0.058681 0.034098 0.009518
v 0.073067 0.035907 0.012649
v 0.087453 0.037456 0.017365
v 0.101839 0.038787 0.024037
v 0.058681 0.033474 0.013038
v 0.074149 0.035669 0.017079
v 0.087453 0.036984 0.021008
v 0.101839 0.038619 0.025282
v 0.065979 0.036036 0.016939
v 0.065874 0.036274 0.019035
v 0.073608 0.036925 0.018802
v 0.066415 0.035853 0.015059
v 0.058681 0.035202 0.015292
v 0.080331 0.037550 0.020551
v 0.080260 0.037725 0.022083
v 0.087453 0.038203 0.022324
v 0.080801 0.037403 0.019044
v 0.094390 0.038663 0.024088
v 0.094646 0.038803 0.025180
v 0.101839 0.039158 0.026001
v 0.094646 0.038558 0.023145
v 0.066352 0.035624 0.013183
v 0.073608 0.036485 0.014864
v 0.065874 0.035331 0.011083
v 0.058681 0.034698 0.011278
v 0.080348 0.037149 0.016902
v 0.087453 0.037863 0.019187
v 0.080260 0.036946 0.015007
v 0.094163 0.038394 0.021710
v 0.101839 0.039007 0.024660
v 0.094646 0.038312 0.020701
v 0.066343 0.034805 0.013183
v 0.065874 0.035002 0.011083
v 0.073608 0.035788 0.014864
v 0.066415 0.034572 0.015059
v 0.058681 0.033786 0.011278
v 0.080356 0.036493 0.016904
v 0.080260 0.036681 0.015007
v 0.087453 0.037220 0.019187
v 0.080801 0.036326 0.019044
v 0.094162 0.037915 0.021711
v 0.094646 0.038122 0.020701
v 0.101839 0.038703 0.024660
v 0.094646 0.037801 0.023145
v 0.065984 0.034362 0.016942
v 0.073608 0.035466 0.018802
v 0.065874 0.034190 0.019035
v 0.058681 0.033295 0.015292
v 0.080326 0.036169 0.020551
v 0.087453 0.036920 0.022324
v 0.080260 0.036061 0.022083
v 0.094394 0.037706 0.024089
v 0.101839 0.038547 0.026001
v 0.094646 0.037666 0.025180
vn -0.2029 -0.0000 0.9792
vn -0.2072 -0.0000 0.9783
vn -0.2116 -0.0000 0.9774
vn -0.2105 -0.0000 0.9776
vn -0.2093 -0.0000 0.9779
vn -0.2071 -0.0000 0.9783
vn -0.2104 -0.0000 0.9776
vn -0.0868 0.9894 -0.1163
vn -0.0870 0.9894 -0.1163
vn -0.0868 0.9894 -0.1168
vn -0.0867 0.9894 -0.1167
vn -0.0747 0.9905 -0.1151
vn -0.0753 0.9905 -0.1152
vn -0.0633 0.9915 -0.1135
vn -0.0612 0.9910 -0.1190
vn -0.0481 0.9916 -0.1205
vn -0.0482 0.9915 -0.1205
vn -0.0346 0.9920 -0.1211
vn -0.0360 0.9925 -0.1169
vn -0.0863 0.9883 -0.1259
vn -0.0860 0.9883 -0.1260
vn -0.0898 0.9880 -0.1254
vn -0.0801 0.9909 -0.1083
vn -0.0776 0.9907 -0.1121
vn -0.0637 0.9920 -0.1090
vn -0.0674 0.9927 -0.0999
vn -0.0546 0.9936 -0.0987
vn -0.0544 0.9936 -0.0988
vn -0.0421 0.9942 -0.0990
vn -0.0397 0.9938 -0.1035
vn 0.0824 0.6651 -0.7422
vn 0.0121 0.8525 -0.5226
vn 0.1236 0.6735 -0.7288
vn 0.2693 -0.6538 -0.7072
vn 0.2216 -0.8251 -0.5196
vn 0.2433 -0.6354 -0.7329
vn 0.0766 0.8614 -0.5022
vn 0.2127 0.6793 -0.7024
vn 0.3352 -0.6433 -0.6883
vn 0.2487 -0.8344 -0.4918
vn 0.1480 0.8637 -0.4818
vn 0.2602 0.6768 -0.6886
vn 0.3717 -0.6378 -0.6746
vn 0.3015 -0.8197 -0.4869
vn 0.1713 -0.9738 -0.1495
vn 0.1622 -0.9755 -0.1484
vn 0.1441 -0.9844 -0.1012
vn 0.1339 -0.9865 -0.0945
vn 0.1451 -0.9819 -0.1218
vn 0.1502 -0.9801 -0.1294
vn 0.1617 -0.9839 -0.0756
vn 0.1602 -0.9842 -0.0758
vn 0.1595 -0.9845 -0.0728
vn 0.1598 -0.9847 -0.0696
vn 0.1410 -0.9875 -0.0708
vn 0.1399 -0.9876 -0.0710
vn 0.1208 -0.9900 -0.0722
vn 0.1223 -0.9899 -0.0719
vn 0.1223 -0.9909 -0.0564
vn 0.1223 -0.9909 -0.0565
vn 0.1276 -0.9903 -0.0554
vn 0.1274 -0.9903 -0.0554
vn 1.0000 -0.0000 -0.0000
vn -1.0000 -0.0000 -0.0000
vn -0.0863 0.9893 -0.1173
vn -0.0867 0.9894 -0.1163
vn -0.0478 0.9916 -0.1204
vn -0.0357 0.9925 -0.1166
vn -0.0360 0.9925 -0.1166
vn -0.0398 0.9937 -0.1051
vn -0.0351 0.9919 -0.1217
vn -0.0905 0.9898 -0.1102
vn -0.0665 0.9928 -0.1000
vn -0.0389 0.9938 -0.1041
vn 0.1619 -0.9808 -0.1088
vn 0.1456 -0.9841 -0.1013
vn 0.1629 -0.9806 -0.1089
vn 0.1720 -0.9737 -0.1495
vn 0.1354 -0.9841 -0.1153
vn 0.1422 -0.9824 -0.1215
vn 0.1347 -0.9842 -0.1152
vn 0.1284 -0.9873 -0.0938
vn 0.1503 -0.9801 -0.1296
vn 0.1501 -0.9801 -0.1296
vn 0.1496 -0.9804 -0.1280
vn 0.1422 -0.9873 -0.0706
vn 0.1617 -0.9840 -0.0754
vn 0.1618 -0.9839 -0.0756
vn 0.1170 -0.9915 -0.0576
vn 0.1186 -0.9913 -0.0574
vn 0.1228 -0.9908 -0.0562
vn 0.1204 -0.9911 -0.0571
vn 0.1237 -0.9897 -0.0716
vn 0.1340 -0.9878 -0.0796
vn 0.1336 -0.9878 -0.0796
vn 0.1305 -0.9883 -0.0795
vn 0.1301 -0.9883 -0.0795
vn 0.1247 -0.9906 -0.0555
vt 0.375000 0.000000
vt 0.416667 0.000000
vt 0.458333 0.000000
vt 0.458333 0.083333
vt 0.375000 0.083333
vt 0.500000 0.000000
vt 0.541667 0.000000
vt 0.541667 0.083333
vt 0.583333 0.000000
vt 0.625000 0.000000
vt 0.625000 0.083333
vt 0.458333 0.166667
vt 0.375000 0.166667
vt 0.541667 0.166667
vt 0.625000 0.166667
vt 0.458333 0.250000
vt 0.416667 0.250000
vt 0.375000 0.250000
vt 0.541667 0.250000
vt 0.500000 0.250000
vt 0.625000 0.250000
vt 0.583333 0.250000
vt 0.375000 0.375000
vt 0.415693 0.379199
vt 0.458333 0.375000
vt 0.498841 0.371981
vt 0.541667 0.375000
vt 0.581851 0.376127
vt 0.375000 0.541667
vt 0.375000 0.500000
vt 0.416667 0.500000
vt 0.417779 0.540317
vt 0.458333 0.541667
vt 0.458333 0.500000
vt 0.500000 0.500000
vt 0.498958 0.543094
vt 0.541667 0.541667
vt 0.541667 0.500000
vt 0.583333 0.500000
vt 0.580536 0.542671
vt 0.375000 0.583333
vt 0.416667 0.583333
vt 0.458333 0.583333
vt 0.458333 0.666667
vt 0.416667 0.666667
vt 0.375000 0.666667
vt 0.500000 0.583333
vt 0.541667 0.583333
vt 0.541667 0.666667
vt 0.500000 0.666667
vt 0.583333 0.583333
vt 0.625000 0.583333
vt 0.625000 0.666667
vt 0.583333 0.666667
vt 0.375000 0.708333
vt 0.417724 0.709722
vt 0.458333 0.708333
vt 0.499005 0.706903
vt 0.541667 0.708333
vt 0.580530 0.707385
vt 0.375000 0.875000
vt 0.375000 0.750000
vt 0.416667 0.750000
vt 0.415723 0.870882
vt 0.458333 0.875000
vt 0.458333 0.750000
vt 0.500000 0.750000
vt 0.498810 0.878110
vt 0.541667 0.875000
vt 0.541667 0.750000
vt 0.583333 0.750000
vt 0.581874 0.873912
vt 0.750000 0.000000
vt 0.875000 0.000000
vt 0.875000 0.041667
vt 0.875000 0.083333
vt 0.875000 0.166667
vt 0.875000 0.208333
vt 0.875000 0.250000
vt 0.750000 0.250000
vt 0.125000 0.000000
vt 0.250000 0.000000
vt 0.125000 0.083333
vt 0.125000 0.041667
vt 0.125000 0.166667
vt 0.250000 0.250000
vt 0.125000 0.250000
vt 0.125000 0.208333
vt 0.625000 0.375000
vt 0.625000 0.500000
vt 0.625000 0.541667
vt 0.625000 0.708333
vt 0.625000 0.750000
vt 0.458333 1.000000
vt 0.416667 1.000000
vt 0.375000 1.000000
vt 0.541667 1.000000
vt 0.500000 1.000000
vt 0.625000 0.875000
vt 0.625000 1.000000
vt 0.583333 1.000000
s 1
usemtl lambert1
f 2339/1111/2463 2409/1112/2463 2340/1113/2464 2344/1114/2464 2343/1115/2463
f 2340/1113/2464 2413/1116/2465 2341/1117/2466 2345/1118/2466 2344/1114/2464
f 2341/1117/2466 2416/1119/2467 2342/1120/2467 2346/1121/2467 2345/1118/2466
f 2343/1115/2463 2344/1114/2464 2348/1122/2464 2347/1123/2463
f 2344/1114/2464 2345/1118/2466 2349/1124/2466 2348/1122/2464
f 2345/1118/2466 2346/1121/2467 2350/1125/2467 2349/1124/2466
f 2347/1123/2463 2348/1122/2464 2352/1126/2468 2372/1127/2463 2351/1128/2463
f 2348/1122/2464 2349/1124/2466 2353/1129/2469 2377/1130/2465 2352/1126/2468
f 2349/1124/2466 2350/1125/2467 2354/1131/2467 2381/1132/2467 2353/1129/2469
f 2375/1133/2470 2351/1128/2471 2372/1127/2472 2371/1134/2473
f 2373/1135/2474 2352/1126/2475 2377/1130/2476 2376/1136/2477
f 2378/1137/2478 2353/1129/2479 2381/1132/2480 2380/1138/2481
f 2387/1139/2482 2355/1140/2483 2374/1141/2483 2384/1142/2484
f 2385/1143/2485 2356/1144/2486 2379/1145/2487 2388/1146/2488
f 2389/1147/2489 2357/1148/2490 2383/1149/2491 2391/1150/2492
f 2359/1151/2493 2386/1152/2494 2360/1153/2495 2364/1154/2496 2395/1155/2497 2363/1156/2498
f 2360/1153/2495 2390/1157/2499 2361/1158/2500 2365/1159/2501 2400/1160/2502 2364/1154/2496
f 2361/1158/2500 2393/1161/2503 2362/1162/2504 2366/1163/2505 2404/1164/2506 2365/1159/2501
f 2398/1165/2507 2363/1156/2498 2395/1155/2497 2394/1166/2508
f 2396/1167/2509 2364/1154/2496 2400/1160/2502 2399/1168/2510
f 2401/1169/2511 2365/1159/2501 2404/1164/2506 2403/1170/2512
f 2410/1171/2513 2367/1172/2514 2397/1173/2515 2407/1174/2516
f 2408/1175/2517 2368/1176/2518 2402/1177/2519 2411/1178/2520
f 2412/1179/2521 2369/1180/2522 2406/1181/2523 2414/1182/2524
f 2342/1120/2525 2415/1183/2525 2370/1184/2525 2405/1185/2525 2366/1186/2525 2346/1121/2525
f 2346/1121/2525 2366/1186/2525 2362/1187/2525 2350/1125/2525
f 2350/1125/2525 2362/1187/2525 2392/1188/2525 2358/1189/2525 2382/1190/2525 2354/1131/2525
f 2367/1191/2526 2410/1192/2526 2339/1111/2526 2343/1115/2526 2363/1193/2526 2398/1194/2526
f 2363/1193/2526 2343/1115/2526 2347/1123/2526 2359/1195/2526
f 2359/1195/2526 2347/1123/2526 2351/1128/2526 2375/1196/2526 2355/1197/2526 2387/1198/2526
f 2372/1127/2472 2352/1126/2475 2373/1135/2474 2371/1134/2473
f 2373/1135/2474 2356/1144/2486 2374/1141/2527 2371/1134/2473
f 2374/1141/2527 2355/1140/2528 2375/1133/2470 2371/1134/2473
f 2377/1130/2476 2353/1129/2479 2378/1137/2478 2376/1136/2477
f 2378/1137/2478 2357/1148/2529 2379/1145/2487 2376/1136/2477
f 2379/1145/2487 2356/1144/2486 2373/1135/2474 2376/1136/2477
f 2381/1132/2480 2354/1131/2530 2382/1199/2531 2380/1138/2481
f 2382/1199/2531 2358/1200/2532 2383/1149/2491 2380/1138/2481
f 2383/1149/2533 2357/1148/2529 2378/1137/2478 2380/1138/2481
f 2374/1141/2527 2356/1144/2486 2385/1143/2485 2384/1142/2534
f 2385/1143/2485 2360/1153/2495 2386/1152/2494 2384/1142/2534
f 2386/1152/2494 2359/1151/2493 2387/1139/2482 2384/1142/2484
f 2379/1145/2535 2357/1148/2490 2389/1147/2489 2388/1146/2488
f 2389/1147/2489 2361/1158/2500 2390/1157/2499 2388/1146/2488
f 2390/1157/2499 2360/1153/2495 2385/1143/2485 2388/1146/2488
f 2383/1149/2491 2358/1200/2532 2392/1201/2536 2391/1150/2492
f 2392/1201/2536 2362/1162/2504 2393/1161/2503 2391/1150/2492
f 2393/1161/2503 2361/1158/2500 2389/1147/2489 2391/1150/2492
f 2395/1155/2497 2364/1154/2496 2396/1167/2509 2394/1166/2537
f 2396/1167/2509 2368/1176/2538 2397/1173/2539 2394/1166/2537
f 2397/1173/2540 2367/1172/2540 2398/1165/2507 2394/1166/2508
f 2400/1160/2502 2365/1159/2501 2401/1169/2511 2399/1168/2541
f 2401/1169/2511 2369/1180/2542 2402/1177/2543 2399/1168/2541
f 2402/1177/2544 2368/1176/2538 2396/1167/2509 2399/1168/2510
f 2404/1164/2506 2366/1163/2505 2405/1202/2545 2403/1170/2512
f 2405/1202/2545 2370/1203/2546 2406/1181/2547 2403/1170/2512
f 2406/1181/2547 2369/1180/2542 2401/1169/2511 2403/1170/2512
f 2397/1173/2515 2368/1176/2518 2408/1175/2517 2407/1174/2516
f 2408/1175/2517 2340/1204/2548 2409/1205/2549 2407/1174/2516
f 2409/1205/2549 2339/1206/2550 2410/1171/2513 2407/1174/2516
f 2402/1177/2551 2369/1180/2522 2412/1179/2521 2411/1178/2552
f 2412/1179/2521 2341/1207/2553 2413/1208/2554 2411/1178/2552
f 2413/1208/2555 2340/1204/2548 2408/1175/2517 2411/1178/2520
f 2406/1181/2556 2370/1203/2556 2415/1209/2557 2414/1182/2558
f 2415/1209/2557 2342/1210/2559 2416/1211/2559 2414/1182/2558
f 2416/1211/2560 2341/1207/2553 2412/1179/2521 2414/1182/2524
o pCylinder1
v 0.004682 0.045644 0.084503
v 0.003784 0.047406 0.084503
v 0.002386 0.048804 0.084503
v 0.000624 0.049702 0.084503
v -0.001329 0.050011 0.084503
v -0.003282 0.049702 0.084503
v -0.005044 0.048804 0.084503
v -0.006443 0.047406 0.084503
v -0.007340 0.045644 0.084503
v -0.007650 0.043691 0.084503
v -0.007340 0.041738 0.084503
v -0.006443 0.039976 0.084503
v -0.005044 0.038577 0.084503
v -0.003282 0.037680 0.084503
v -0.001329 0.037370 0.084503
v 0.000624 0.037680 0.084503
v 0.002386 0.038577 0.084503
v 0.003784 0.039976 0.084503
v 0.004682 0.041738 0.084503
v 0.004991 0.043691 0.084503
v 0.004227 0.045496 0.088305
v 0.003397 0.047124 0.088305
v 0.002104 0.048417 0.088305
v 0.000476 0.049247 0.088305
v -0.001329 0.049533 0.088305
v -0.003134 0.049247 0.088305
v -0.004763 0.048417 0.088305
v -0.006055 0.047124 0.088305
v -0.006885 0.045496 0.088305
v -0.007171 0.043691 0.088305
v -0.006885 0.041886 0.088305
v -0.006055 0.040257 0.088305
v -0.004763 0.038965 0.088305
v -0.003134 0.038135 0.088305
v -0.001329 0.037849 0.088305
v 0.000476 0.038135 0.088305
v 0.002104 0.038965 0.088305
v 0.003397 0.040257 0.088305
v 0.004227 0.041886 0.088305
v 0.004513 0.043691 0.088305
v 0.003772 0.045348 0.090219
v 0.003010 0.046844 0.090219
v 0.001824 0.048030 0.090219
v 0.000328 0.048792 0.090219
v -0.001329 0.049055 0.090219
v -0.002987 0.048792 0.090219
v -0.004482 0.048030 0.090219
v -0.005669 0.046844 0.090219
v -0.006431 0.045348 0.090219
v -0.006693 0.043691 0.090219
v -0.006431 0.042033 0.090219
v -0.005669 0.040538 0.090219
v -0.004482 0.039351 0.090219
v -0.002987 0.038589 0.090219
v -0.001329 0.038327 0.090219
v 0.000328 0.038589 0.090219
v 0.001824 0.039351 0.090219
v 0.003010 0.040538 0.090219
v 0.003772 0.042033 0.090219
v 0.004035 0.043691 0.090219
v 0.003328 0.045204 0.091231
v 0.002633 0.046569 0.091231
v 0.001549 0.047653 0.091231
v 0.000184 0.048348 0.091231
v -0.001329 0.048588 0.091231
v -0.002843 0.048348 0.091231
v -0.004208 0.047653 0.091231
v -0.005291 0.046569 0.091231
v -0.005987 0.045204 0.091231
v -0.006226 0.043691 0.091231
v -0.005987 0.042177 0.091231
v -0.005291 0.040812 0.091231
v -0.004208 0.039729 0.091231
v -0.002843 0.039033 0.091231
v -0.001329 0.038794 0.091231
v 0.000184 0.039033 0.091231
v 0.001549 0.039729 0.091231
v 0.002633 0.040812 0.091231
v 0.003328 0.042177 0.091231
v 0.003568 0.043691 0.091231
v 0.002705 0.045001 0.092314
v 0.002102 0.046184 0.092314
v 0.001164 0.047122 0.092314
v -0.000019 0.047725 0.092314
v -0.001329 0.047932 0.092314
v -0.002640 0.047725 0.092314
v -0.003822 0.047122 0.092314
v -0.004761 0.046184 0.092314
v -0.005363 0.045001 0.092314
v -0.005571 0.043691 0.092314
v -0.005363 0.042380 0.092314
v -0.004761 0.041198 0.092314
v -0.003822 0.040259 0.092314
v -0.002640 0.039657 0.092314
v -0.001329 0.039449 0.092314
v -0.000019 0.039657 0.092314
v 0.001164 0.040259 0.092314
v 0.002102 0.041198 0.092314
v 0.002705 0.042380 0.092314
v 0.002912 0.043691 0.092314
v 0.001958 0.044759 0.093526
v 0.001467 0.045722 0.093526
v 0.000702 0.046487 0.093526
v -0.000261 0.046978 0.093526
v -0.001329 0.047147 0.093526
v -0.002397 0.046978 0.093526
v -0.003361 0.046487 0.093526
v -0.004125 0.045722 0.093526
v -0.004616 0.044759 0.093526
v -0.004785 0.043691 0.093526
v -0.004616 0.042623 0.093526
v -0.004125 0.041659 0.093526
v -0.003361 0.040895 0.093526
v -0.002397 0.040404 0.093526
v -0.001329 0.040235 0.093526
v -0.000261 0.040404 0.093526
v 0.000702 0.040895 0.093526
v 0.001467 0.041659 0.093526
v 0.001958 0.042623 0.093526
v 0.002127 0.043691 0.093526
v 0.000953 0.044432 0.094729
v 0.000612 0.045101 0.094729
v 0.000081 0.045632 0.094729
v -0.000588 0.045973 0.094729
v -0.001329 0.046090 0.094729
v -0.002071 0.045973 0.094729
v -0.002740 0.045632 0.094729
v -0.003270 0.045101 0.094729
v -0.003611 0.044432 0.094729
v -0.003729 0.043691 0.094729
v -0.003611 0.042949 0.094729
v -0.003270 0.042280 0.094729
v -0.002740 0.041750 0.094729
v -0.002071 0.041409 0.094729
v -0.001329 0.041291 0.094729
v -0.000588 0.041409 0.094729
v 0.000081 0.041749 0.094729
v 0.000612 0.042280 0.094729
v 0.000953 0.042949 0.094729
v 0.001070 0.043691 0.094729
v 0.000110 0.044158 0.095414
v -0.000105 0.044580 0.095414
v -0.000440 0.044915 0.095414
v -0.000862 0.045130 0.095414
v -0.001329 0.045204 0.095414
v -0.001797 0.045130 0.095414
v -0.002219 0.044915 0.095414
v -0.002553 0.044580 0.095414
v -0.002768 0.044158 0.095414
v -0.002842 0.043691 0.095414
v -0.002768 0.043223 0.095414
v -0.002553 0.042801 0.095414
v -0.002219 0.042467 0.095414
v -0.001797 0.042252 0.095414
v -0.001329 0.042178 0.095414
v -0.000862 0.042252 0.095414
v -0.000440 0.042467 0.095414
v -0.000105 0.042801 0.095414
v 0.000110 0.043223 0.095414
v 0.000184 0.043691 0.095414
v -0.000671 0.043904 0.095922
v -0.000770 0.044097 0.095922
v -0.000923 0.044250 0.095922
v -0.001115 0.044349 0.095922
v -0.001329 0.044382 0.095922
v -0.001543 0.044349 0.095922
v -0.001736 0.044250 0.095922
v -0.001889 0.044097 0.095922
v -0.001987 0.043904 0.095922
v -0.002021 0.043691 0.095922
v -0.001987 0.043477 0.095922
v -0.001889 0.043284 0.095922
v -0.001736 0.043131 0.095922
v -0.001543 0.043033 0.095922
v -0.001329 0.042999 0.095922
v -0.001116 0.043033 0.095922
v -0.000923 0.043131 0.095922
v -0.000770 0.043284 0.095922
v -0.000671 0.043477 0.095922
v -0.000638 0.043691 0.095922
v -0.001210 0.043730 0.096105
v -0.001227 0.043765 0.096105
v -0.001329 0.043691 0.096105
v -0.001255 0.043793 0.096105
v -0.001290 0.043810 0.096105
v -0.001329 0.043817 0.096105
v -0.001368 0.043810 0.096105
v -0.001403 0.043793 0.096105
v -0.001431 0.043765 0.096105
v -0.001449 0.043730 0.096105
v -0.001455 0.043691 0.096105
v -0.001449 0.043652 0.096105
v -0.001431 0.043617 0.096105
v -0.001403 0.043589 0.096105
v -0.001368 0.043571 0.096105
v -0.001329 0.043565 0.096105
v -0.001290 0.043571 0.096105
v -0.001255 0.043589 0.096105
v -0.001227 0.043617 0.096105
v -0.001210 0.043652 0.096105
v -0.001203 0.043691 0.096105
vn 0.1469 0.0473 0.9880
vn 0.1248 0.0906 0.9880
vn -0.0000 -0.0001 1.0000
vn 0.0906 0.1250 0.9880
vn 0.0477 0.1468 0.9880
vn 0.0001 0.1543 0.9880
vn -0.0475 0.1467 0.9880
vn -0.0907 0.1247 0.9880
vn -0.1249 0.0906 0.9880
vn -0.1467 0.0478 0.9880
vn -0.1542 -0.0000 0.9880
vn -0.1467 -0.0478 0.9880
vn -0.1248 -0.0907 0.9880
vn -0.0906 -0.1249 0.9880
vn -0.0476 -0.1468 0.9880
vn -0.0001 -0.1544 0.9880
vn 0.0476 -0.1468 0.9880
vn 0.0907 -0.1248 0.9880
vn 0.1249 -0.0907 0.9880
vn 0.1469 -0.0475 0.9880
vn 0.1544 -0.0001 0.9880
vn 0.9436 0.3066 0.1249
vn 0.8027 0.5832 0.1249
vn 0.7952 0.5777 0.1841
vn 0.9348 0.3037 0.1841
vn 0.5832 0.8027 0.1249
vn 0.5778 0.7952 0.1840
vn 0.3066 0.9436 0.1249
vn 0.3037 0.9348 0.1841
vn -0.0000 0.9922 0.1249
vn -0.0000 0.9829 0.1841
vn -0.3066 0.9436 0.1249
vn -0.3037 0.9348 0.1839
vn -0.5832 0.8027 0.1249
vn -0.5777 0.7952 0.1841
vn -0.8027 0.5832 0.1249
vn -0.7952 0.5777 0.1841
vn -0.9436 0.3066 0.1249
vn -0.9348 0.3037 0.1841
vn -0.9922 -0.0000 0.1249
vn -0.9829 -0.0000 0.1840
vn -0.9436 -0.3066 0.1249
vn -0.9348 -0.3037 0.1841
vn -0.8027 -0.5832 0.1249
vn -0.7952 -0.5777 0.1841
vn -0.5832 -0.8027 0.1249
vn -0.5778 -0.7952 0.1839
vn -0.3066 -0.9436 0.1249
vn -0.3037 -0.9348 0.1840
vn -0.0000 -0.9922 0.1249
vn -0.0000 -0.9829 0.1841
vn 0.3066 -0.9436 0.1249
vn 0.3037 -0.9348 0.1841
vn 0.5832 -0.8027 0.1249
vn 0.5777 -0.7952 0.1841
vn 0.8027 -0.5832 0.1249
vn 0.7952 -0.5777 0.1841
vn 0.9436 -0.3066 0.1249
vn 0.9348 -0.3037 0.1841
vn 0.9922 -0.0000 0.1249
vn 0.9829 -0.0000 0.1841
vn 0.7630 0.5543 0.3325
vn 0.8970 0.2914 0.3325
vn 0.5543 0.7630 0.3325
vn 0.2914 0.8969 0.3325
vn -0.0000 0.9431 0.3325
vn -0.2914 0.8969 0.3325
vn -0.5543 0.7630 0.3325
vn -0.7630 0.5543 0.3325
vn -0.8969 0.2914 0.3325
vn -0.9431 -0.0000 0.3325
vn -0.8969 -0.2914 0.3325
vn -0.7630 -0.5543 0.3325
vn -0.5543 -0.7630 0.3325
vn -0.2914 -0.8969 0.3326
vn -0.0000 -0.9431 0.3326
vn 0.2914 -0.8969 0.3326
vn 0.5543 -0.7630 0.3325
vn 0.7630 -0.5544 0.3325
vn 0.8969 -0.2914 0.3326
vn 0.9431 -0.0000 0.3325
vn 0.7144 0.5190 0.4694
vn 0.8398 0.2729 0.4694
vn 0.5190 0.7144 0.4694
vn 0.2729 0.8398 0.4693
vn -0.0000 0.8830 0.4694
vn -0.2729 0.8398 0.4694
vn -0.5190 0.7143 0.4694
vn -0.7143 0.5190 0.4694
vn -0.8398 0.2729 0.4694
vn -0.8830 -0.0000 0.4694
vn -0.8398 -0.2729 0.4694
vn -0.7144 -0.5190 0.4694
vn -0.5190 -0.7144 0.4694
vn -0.2729 -0.8398 0.4694
vn -0.0000 -0.8830 0.4694
vn 0.2729 -0.8398 0.4694
vn 0.5190 -0.7144 0.4694
vn 0.7144 -0.5190 0.4694
vn 0.8398 -0.2729 0.4694
vn 0.8830 -0.0000 0.4694
vn 0.6856 0.4981 0.5310
vn 0.8060 0.2619 0.5308
vn 0.4981 0.6856 0.5309
vn 0.2619 0.8059 0.5310
vn -0.0000 0.8474 0.5310
vn -0.2619 0.8059 0.5310
vn -0.4981 0.6855 0.5310
vn -0.6856 0.4981 0.5310
vn -0.8059 0.2619 0.5310
vn -0.8474 -0.0000 0.5310
vn -0.8060 -0.2619 0.5308
vn -0.6856 -0.4981 0.5310
vn -0.4981 -0.6856 0.5310
vn -0.2619 -0.8059 0.5310
vn -0.0000 -0.8474 0.5310
vn 0.2619 -0.8059 0.5310
vn 0.4981 -0.6856 0.5310
vn 0.6856 -0.4981 0.5310
vn 0.8059 -0.2618 0.5310
vn 0.8475 -0.0000 0.5308
vn 0.6448 0.4685 0.6039
vn 0.7581 0.2463 0.6039
vn 0.4685 0.6448 0.6039
vn 0.2463 0.7580 0.6039
vn -0.0000 0.7970 0.6039
vn -0.2463 0.7581 0.6039
vn -0.4685 0.6448 0.6039
vn -0.6448 0.4685 0.6039
vn -0.7581 0.2463 0.6039
vn -0.7970 -0.0000 0.6039
vn -0.7581 -0.2463 0.6039
vn -0.6448 -0.4685 0.6039
vn -0.4685 -0.6448 0.6039
vn -0.2463 -0.7580 0.6039
vn -0.0000 -0.7970 0.6039
vn 0.2463 -0.7580 0.6039
vn 0.4685 -0.6448 0.6039
vn 0.6448 -0.4685 0.6039
vn 0.7581 -0.2463 0.6039
vn 0.7971 -0.0000 0.6039
vn 0.6079 0.4416 0.6599
vn 0.7146 0.2322 0.6599
vn 0.4416 0.6079 0.6599
vn 0.2322 0.7146 0.6599
vn -0.0000 0.7514 0.6599
vn -0.2322 0.7146 0.6599
vn -0.4416 0.6079 0.6599
vn -0.6079 0.4416 0.6599
vn -0.7146 0.2322 0.6599
vn -0.7514 -0.0000 0.6599
vn -0.7146 -0.2322 0.6599
vn -0.6079 -0.4416 0.6599
vn -0.4416 -0.6079 0.6599
vn -0.2322 -0.7146 0.6599
vn -0.0000 -0.7514 0.6599
vn 0.2322 -0.7146 0.6599
vn 0.4416 -0.6079 0.6599
vn 0.6079 -0.4417 0.6599
vn 0.7146 -0.2322 0.6599
vn 0.7514 -0.0000 0.6599
vn 0.5814 0.1889 0.7914
vn 0.4945 0.3593 0.7914
vn 0.4605 0.3345 0.8222
vn 0.5413 0.1759 0.8222
vn 0.3593 0.4945 0.7914
vn 0.3345 0.4605 0.8222
vn 0.1889 0.5813 0.7914
vn 0.1759 0.5413 0.8222
vn -0.0000 0.6113 0.7914
vn -0.0000 0.5692 0.8222
vn -0.1889 0.5813 0.7914
vn -0.1759 0.5413 0.8222
vn -0.3593 0.4945 0.7914
vn -0.3346 0.4605 0.8222
vn -0.4945 0.3593 0.7914
vn -0.4605 0.3346 0.8222
vn -0.5813 0.1889 0.7914
vn -0.5413 0.1759 0.8222
vn -0.6113 -0.0000 0.7914
vn -0.5692 -0.0000 0.8222
vn -0.5813 -0.1889 0.7914
vn -0.5413 -0.1759 0.8222
vn -0.4945 -0.3593 0.7914
vn -0.4605 -0.3346 0.8222
vn -0.3593 -0.4945 0.7914
vn -0.3345 -0.4605 0.8222
vn -0.1889 -0.5814 0.7914
vn -0.1759 -0.5413 0.8222
vn -0.0000 -0.6113 0.7914
vn -0.0000 -0.5692 0.8222
vn 0.1889 -0.5814 0.7914
vn 0.1759 -0.5413 0.8222
vn 0.3593 -0.4945 0.7914
vn 0.3345 -0.4605 0.8222
vn 0.4945 -0.3593 0.7914
vn 0.4605 -0.3346 0.8222
vn 0.5813 -0.1889 0.7914
vn 0.5413 -0.1759 0.8222
vn 0.6113 -0.0000 0.7914
vn 0.5692 -0.0000 0.8222
vn 0.3384 0.2458 0.9083
vn 0.3978 0.1292 0.9083
vn 0.2458 0.3384 0.9083
vn 0.1292 0.3978 0.9083
vn -0.0000 0.4182 0.9083
vn -0.1292 0.3978 0.9083
vn -0.2458 0.3384 0.9083
vn -0.3384 0.2458 0.9083
vn -0.3978 0.1292 0.9083
vn -0.4182 -0.0000 0.9083
vn -0.3977 -0.1292 0.9084
vn -0.3383 -0.2458 0.9084
vn -0.2458 -0.3384 0.9083
vn -0.1292 -0.3977 0.9084
vn -0.0000 -0.4182 0.9083
vn 0.1292 -0.3978 0.9083
vn 0.2458 -0.3384 0.9083
vn 0.3383 -0.2458 0.9083
vn 0.3978 -0.1292 0.9083
vn 0.4182 -0.0000 0.9083
vt 0.648603 0.892034
vt 0.626409 0.935591
vt 0.500000 0.837500
vt 0.591841 0.970159
vt 0.548284 0.992353
vt 0.500000 1.000000
vt 0.451716 0.992353
vt 0.408159 0.970159
vt 0.373591 0.935591
vt 0.351397 0.892034
vt 0.343750 0.843750
vt 0.351397 0.795466
vt 0.373591 0.751909
vt 0.408159 0.717341
vt 0.451716 0.695147
vt 0.500000 0.687500
vt 0.548284 0.695147
vt 0.591842 0.717341
vt 0.626409 0.751908
vt 0.648603 0.795466
vt 0.656250 0.843750
s 1
usemtl lambert1
f 2597/1212/2561 2598/1213/2562 2599/1214/2563
f 2598/1213/2562 2600/1215/2564 2599/1214/2563
f 2600/1215/2564 2601/1216/2565 2599/1214/2563
f 2601/1216/2565 2602/1217/2566 2599/1214/2563
f 2602/1217/2566 2603/1218/2567 2599/1214/2563
f 2603/1218/2567 2604/1219/2568 2599/1214/2563
f 2604/1219/2568 2605/1220/2569 2599/1214/2563
f 2605/1220/2569 2606/1221/2570 2599/1214/2563
f 2606/1221/2570 2607/1222/2571 2599/1214/2563
f 2607/1222/2571 2608/1223/2572 2599/1214/2563
f 2608/1223/2572 2609/1224/2573 2599/1214/2563
f 2609/1224/2573 2610/1225/2574 2599/1214/2563
f 2610/1225/2574 2611/1226/2575 2599/1214/2563
f 2611/1226/2575 2612/1227/2576 2599/1214/2563
f 2612/1227/2576 2613/1228/2577 2599/1214/2563
f 2613/1228/2577 2614/1229/2578 2599/1214/2563
f 2614/1229/2578 2615/1230/2579 2599/1214/2563
f 2615/1230/2579 2616/1231/2580 2599/1214/2563
f 2616/1231/2580 2617/1232/2581 2599/1214/2563
f 2617/1232/2581 2597/1212/2561 2599/1214/2563
f 2417/1212/2582 2418/1213/2583 2438/1213/2584 2437/1212/2585
f 2418/1213/2583 2419/1215/2586 2439/1215/2587 2438/1213/2584
f 2419/1215/2586 2420/1216/2588 2440/1216/2589 2439/1215/2587
f 2420/1216/2588 2421/1217/2590 2441/1217/2591 2440/1216/2589
f 2421/1217/2590 2422/1218/2592 2442/1218/2593 2441/1217/2591
f 2422/1218/2592 2423/1219/2594 2443/1219/2595 2442/1218/2593
f 2423/1219/2594 2424/1220/2596 2444/1220/2597 2443/1219/2595
f 2424/1220/2596 2425/1221/2598 2445/1221/2599 2444/1220/2597
f 2425/1221/2598 2426/1222/2600 2446/1222/2601 2445/1221/2599
f 2426/1222/2600 2427/1223/2602 2447/1223/2603 2446/1222/2601
f 2427/1223/2602 2428/1224/2604 2448/1224/2605 2447/1223/2603
f 2428/1224/2604 2429/1225/2606 2449/1225/2607 2448/1224/2605
f 2429/1225/2606 2430/1226/2608 2450/1226/2609 2449/1225/2607
f 2430/1226/2608 2431/1227/2610 2451/1227/2611 2450/1226/2609
f 2431/1227/2610 2432/1228/2612 2452/1228/2613 2451/1227/2611
f 2432/1228/2612 2433/1229/2614 2453/1229/2615 2452/1228/2613
f 2433/1229/2614 2434/1230/2616 2454/1230/2617 2453/1229/2615
f 2434/1230/2616 2435/1231/2618 2455/1231/2619 2454/1230/2617
f 2435/1231/2618 2436/1232/2620 2456/1232/2621 2455/1231/2619
f 2436/1232/2620 2417/1212/2582 2437/1212/2585 2456/1232/2621
f 2437/1212/2585 2438/1213/2584 2458/1213/2622 2457/1212/2623
f 2438/1213/2584 2439/1215/2587 2459/1215/2624 2458/1213/2622
f 2439/1215/2587 2440/1216/2589 2460/1216/2625 2459/1215/2624
f 2440/1216/2589 2441/1217/2591 2461/1217/2626 2460/1216/2625
f 2441/1217/2591 2442/1218/2593 2462/1218/2627 2461/1217/2626
f 2442/1218/2593 2443/1219/2595 2463/1219/2628 2462/1218/2627
f 2443/1219/2595 2444/1220/2597 2464/1220/2629 2463/1219/2628
f 2444/1220/2597 2445/1221/2599 2465/1221/2630 2464/1220/2629
f 2445/1221/2599 2446/1222/2601 2466/1222/2631 2465/1221/2630
f 2446/1222/2601 2447/1223/2603 2467/1223/2632 2466/1222/2631
f 2447/1223/2603 2448/1224/2605 2468/1224/2633 2467/1223/2632
f 2448/1224/2605 2449/1225/2607 2469/1225/2634 2468/1224/2633
f 2449/1225/2607 2450/1226/2609 2470/1226/2635 2469/1225/2634
f 2450/1226/2609 2451/1227/2611 2471/1227/2636 2470/1226/2635
f 2451/1227/2611 2452/1228/2613 2472/1228/2637 2471/1227/2636
f 2452/1228/2613 2453/1229/2615 2473/1229/2638 2472/1228/2637
f 2453/1229/2615 2454/1230/2617 2474/1230/2639 2473/1229/2638
f 2454/1230/2617 2455/1231/2619 2475/1231/2640 2474/1230/2639
f 2455/1231/2619 2456/1232/2621 2476/1232/2641 2475/1231/2640
f 2456/1232/2621 2437/1212/2585 2457/1212/2623 2476/1232/2641
f 2457/1212/2623 2458/1213/2622 2478/1213/2642 2477/1212/2643
f 2458/1213/2622 2459/1215/2624 2479/1215/2644 2478/1213/2642
f 2459/1215/2624 2460/1216/2625 2480/1216/2645 2479/1215/2644
f 2460/1216/2625 2461/1217/2626 2481/1217/2646 2480/1216/2645
f 2461/1217/2626 2462/1218/2627 2482/1218/2647 2481/1217/2646
f 2462/1218/2627 2463/1219/2628 2483/1219/2648 2482/1218/2647
f 2463/1219/2628 2464/1220/2629 2484/1220/2649 2483/1219/2648
f 2464/1220/2629 2465/1221/2630 2485/1221/2650 2484/1220/2649
f 2465/1221/2630 2466/1222/2631 2486/1222/2651 2485/1221/2650
f 2466/1222/2631 2467/1223/2632 2487/1223/2652 2486/1222/2651
f 2467/1223/2632 2468/1224/2633 2488/1224/2653 2487/1223/2652
f 2468/1224/2633 2469/1225/2634 2489/1225/2654 2488/1224/2653
f 2469/1225/2634 2470/1226/2635 2490/1226/2655 2489/1225/2654
f 2470/1226/2635 2471/1227/2636 2491/1227/2656 2490/1226/2655
f 2471/1227/2636 2472/1228/2637 2492/1228/2657 2491/1227/2656
f 2472/1228/2637 2473/1229/2638 2493/1229/2658 2492/1228/2657
f 2473/1229/2638 2474/1230/2639 2494/1230/2659 2493/1229/2658
f 2474/1230/2639 2475/1231/2640 2495/1231/2660 2494/1230/2659
f 2475/1231/2640 2476/1232/2641 2496/1232/2661 2495/1231/2660
f 2476/1232/2641 2457/1212/2623 2477/1212/2643 2496/1232/2661
f 2477/1212/2643 2478/1213/2642 2498/1213/2662 2497/1212/2663
f 2478/1213/2642 2479/1215/2644 2499/1215/2664 2498/1213/2662
f 2479/1215/2644 2480/1216/2645 2500/1216/2665 2499/1215/2664
f 2480/1216/2645 2481/1217/2646 2501/1217/2666 2500/1216/2665
f 2481/1217/2646 2482/1218/2647 2502/1218/2667 2501/1217/2666
f 2482/1218/2647 2483/1219/2648 2503/1219/2668 2502/1218/2667
f 2483/1219/2648 2484/1220/2649 2504/1220/2669 2503/1219/2668
f 2484/1220/2649 2485/1221/2650 2505/1221/2670 2504/1220/2669
f 2485/1221/2650 2486/1222/2651 2506/1222/2671 2505/1221/2670
f 2486/1222/2651 2487/1223/2652 2507/1223/2672 2506/1222/2671
f 2487/1223/2652 2488/1224/2653 2508/1224/2673 2507/1223/2672
f 2488/1224/2653 2489/1225/2654 2509/1225/2674 2508/1224/2673
f 2489/1225/2654 2490/1226/2655 2510/1226/2675 2509/1225/2674
f 2490/1226/2655 2491/1227/2656 2511/1227/2676 2510/1226/2675
f 2491/1227/2656 2492/1228/2657 2512/1228/2677 2511/1227/2676
f 2492/1228/2657 2493/1229/2658 2513/1229/2678 2512/1228/2677
f 2493/1229/2658 2494/1230/2659 2514/1230/2679 2513/1229/2678
f 2494/1230/2659 2495/1231/2660 2515/1231/2680 2514/1230/2679
f 2495/1231/2660 2496/1232/2661 2516/1232/2681 2515/1231/2680
f 2496/1232/2661 2477/1212/2643 2497/1212/2663 2516/1232/2681
f 2497/1212/2663 2498/1213/2662 2518/1213/2682 2517/1212/2683
f 2498/1213/2662 2499/1215/2664 2519/1215/2684 2518/1213/2682
f 2499/1215/2664 2500/1216/2665 2520/1216/2685 2519/1215/2684
f 2500/1216/2665 2501/1217/2666 2521/1217/2686 2520/1216/2685
f 2501/1217/2666 2502/1218/2667 2522/1218/2687 2521/1217/2686
f 2502/1218/2667 2503/1219/2668 2523/1219/2688 2522/1218/2687
f 2503/1219/2668 2504/1220/2669 2524/1220/2689 2523/1219/2688
f 2504/1220/2669 2505/1221/2670 2525/1221/2690 2524/1220/2689
f 2505/1221/2670 2506/1222/2671 2526/1222/2691 2525/1221/2690
f 2506/1222/2671 2507/1223/2672 2527/1223/2692 2526/1222/2691
f 2507/1223/2672 2508/1224/2673 2528/1224/2693 2527/1223/2692
f 2508/1224/2673 2509/1225/2674 2529/1225/2694 2528/1224/2693
f 2509/1225/2674 2510/1226/2675 2530/1226/2695 2529/1225/2694
f 2510/1226/2675 2511/1227/2676 2531/1227/2696 2530/1226/2695
f 2511/1227/2676 2512/1228/2677 2532/1228/2697 2531/1227/2696
f 2512/1228/2677 2513/1229/2678 2533/1229/2698 2532/1228/2697
f 2513/1229/2678 2514/1230/2679 2534/1230/2699 2533/1229/2698
f 2514/1230/2679 2515/1231/2680 2535/1231/2700 2534/1230/2699
f 2515/1231/2680 2516/1232/2681 2536/1232/2701 2535/1231/2700
f 2516/1232/2681 2497/1212/2663 2517/1212/2683 2536/1232/2701
f 2517/1212/2683 2518/1213/2682 2538/1213/2702 2537/1212/2703
f 2518/1213/2682 2519/1215/2684 2539/1215/2704 2538/1213/2702
f 2519/1215/2684 2520/1216/2685 2540/1216/2705 2539/1215/2704
f 2520/1216/2685 2521/1217/2686 2541/1217/2706 2540/1216/2705
f 2521/1217/2686 2522/1218/2687 2542/1218/2707 2541/1217/2706
f 2522/1218/2687 2523/1219/2688 2543/1219/2708 2542/1218/2707
f 2523/1219/2688 2524/1220/2689 2544/1220/2709 2543/1219/2708
f 2524/1220/2689 2525/1221/2690 2545/1221/2710 2544/1220/2709
f 2525/1221/2690 2526/1222/2691 2546/1222/2711 2545/1221/2710
f 2526/1222/2691 2527/1223/2692 2547/1223/2712 2546/1222/2711
f 2527/1223/2692 2528/1224/2693 2548/1224/2713 2547/1223/2712
f 2528/1224/2693 2529/1225/2694 2549/1225/2714 2548/1224/2713
f 2529/1225/2694 2530/1226/2695 2550/1226/2715 2549/1225/2714
f 2530/1226/2695 2531/1227/2696 2551/1227/2716 2550/1226/2715
f 2531/1227/2696 2532/1228/2697 2552/1228/2717 2551/1227/2716
f 2532/1228/2697 2533/1229/2698 2553/1229/2718 2552/1228/2717
f 2533/1229/2698 2534/1230/2699 2554/1230/2719 2553/1229/2718
f 2534/1230/2699 2535/1231/2700 2555/1231/2720 2554/1230/2719
f 2535/1231/2700 2536/1232/2701 2556/1232/2721 2555/1231/2720
f 2536/1232/2701 2517/1212/2683 2537/1212/2703 2556/1232/2721
f 2537/1212/2722 2538/1213/2723 2558/1213/2724 2557/1212/2725
f 2538/1213/2723 2539/1215/2726 2559/1215/2727 2558/1213/2724
f 2539/1215/2726 2540/1216/2728 2560/1216/2729 2559/1215/2727
f 2540/1216/2728 2541/1217/2730 2561/1217/2731 2560/1216/2729
f 2541/1217/2730 2542/1218/2732 2562/1218/2733 2561/1217/2731
f 2542/1218/2732 2543/1219/2734 2563/1219/2735 2562/1218/2733
f 2543/1219/2734 2544/1220/2736 2564/1220/2737 2563/1219/2735
f 2544/1220/2736 2545/1221/2738 2565/1221/2739 2564/1220/2737
f 2545/1221/2738 2546/1222/2740 2566/1222/2741 2565/1221/2739
f 2546/1222/2740 2547/1223/2742 2567/1223/2743 2566/1222/2741
f 2547/1223/2742 2548/1224/2744 2568/1224/2745 2567/1223/2743
f 2548/1224/2744 2549/1225/2746 2569/1225/2747 2568/1224/2745
f 2549/1225/2746 2550/1226/2748 2570/1226/2749 2569/1225/2747
f 2550/1226/2748 2551/1227/2750 2571/1227/2751 2570/1226/2749
f 2551/1227/2750 2552/1228/2752 2572/1228/2753 2571/1227/2751
f 2552/1228/2752 2553/1229/2754 2573/1229/2755 2572/1228/2753
f 2553/1229/2754 2554/1230/2756 2574/1230/2757 2573/1229/2755
f 2554/1230/2756 2555/1231/2758 2575/1231/2759 2574/1230/2757
f 2555/1231/2758 2556/1232/2760 2576/1232/2761 2575/1231/2759
f 2556/1232/2760 2537/1212/2722 2557/1212/2725 2576/1232/2761
f 2557/1212/2725 2558/1213/2724 2578/1213/2762 2577/1212/2763
f 2558/1213/2724 2559/1215/2727 2579/1215/2764 2578/1213/2762
f 2559/1215/2727 2560/1216/2729 2580/1216/2765 2579/1215/2764
f 2560/1216/2729 2561/1217/2731 2581/1217/2766 2580/1216/2765
f 2561/1217/2731 2562/1218/2733 2582/1218/2767 2581/1217/2766
f 2562/1218/2733 2563/1219/2735 2583/1219/2768 2582/1218/2767
f 2563/1219/2735 2564/1220/2737 2584/1220/2769 2583/1219/2768
f 2564/1220/2737 2565/1221/2739 2585/1221/2770 2584/1220/2769
f 2565/1221/2739 2566/1222/2741 2586/1222/2771 2585/1221/2770
f 2566/1222/2741 2567/1223/2743 2587/1223/2772 2586/1222/2771
f 2567/1223/2743 2568/1224/2745 2588/1224/2773 2587/1223/2772
f 2568/1224/2745 2569/1225/2747 2589/1225/2774 2588/1224/2773
f 2569/1225/2747 2570/1226/2749 2590/1226/2775 2589/1225/2774
f 2570/1226/2749 2571/1227/2751 2591/1227/2776 2590/1226/2775
f 2571/1227/2751 2572/1228/2753 2592/1228/2777 2591/1227/2776
f 2572/1228/2753 2573/1229/2755 2593/1229/2778 2592/1228/2777
f 2573/1229/2755 2574/1230/2757 2594/1230/2779 2593/1229/2778
f 2574/1230/2757 2575/1231/2759 2595/1231/2780 2594/1230/2779
f 2575/1231/2759 2576/1232/2761 2596/1232/2781 2595/1231/2780
f 2576/1232/2761 2557/1212/2725 2577/1212/2763 2596/1232/2781
f 2577/1212/2763 2578/1213/2762 2598/1213/2562 2597/1212/2561
f 2578/1213/2762 2579/1215/2764 2600/1215/2564 2598/1213/2562
f 2579/1215/2764 2580/1216/2765 2601/1216/2565 2600/1215/2564
f 2580/1216/2765 2581/1217/2766 2602/1217/2566 2601/1216/2565
f 2581/1217/2766 2582/1218/2767 2603/1218/2567 2602/1217/2566
f 2582/1218/2767 2583/1219/2768 2604/1219/2568 2603/1218/2567
f 2583/1219/2768 2584/1220/2769 2605/1220/2569 2604/1219/2568
f 2584/1220/2769 2585/1221/2770 2606/1221/2570 2605/1220/2569
f 2585/1221/2770 2586/1222/2771 2607/1222/2571 2606/1221/2570
f 2586/1222/2771 2587/1223/2772 2608/1223/2572 2607/1222/2571
f 2587/1223/2772 2588/1224/2773 2609/1224/2573 2608/1223/2572
f 2588/1224/2773 2589/1225/2774 2610/1225/2574 2609/1224/2573
f 2589/1225/2774 2590/1226/2775 2611/1226/2575 2610/1225/2574
f 2590/1226/2775 2591/1227/2776 2612/1227/2576 2611/1226/2575
f 2591/1227/2776 2592/1228/2777 2613/1228/2577 2612/1227/2576
f 2592/1228/2777 2593/1229/2778 2614/1229/2578 2613/1228/2577
f 2593/1229/2778 2594/1230/2779 2615/1230/2579 2614/1229/2578
f 2594/1230/2779 2595/1231/2780 2616/1231/2580 2615/1230/2579
f 2595/1231/2780 2596/1232/2781 2617/1232/2581 2616/1231/2580
f 2596/1232/2781 2577/1212/2763 2597/1212/2561 2617/1232/2581
o pasted__pCylinder16
v -0.006077 0.038490 0.087511
v -0.005880 0.038293 0.087369
v -0.005724 0.038136 0.087148
v -0.005623 0.038036 0.086869
v -0.005589 0.038001 0.086560
v -0.005623 0.038036 0.086251
v -0.005724 0.038136 0.085972
v -0.005880 0.038293 0.085751
v -0.006077 0.038490 0.085609
v -0.006296 0.038708 0.085560
v -0.006514 0.038927 0.085609
v -0.006711 0.039124 0.085751
v -0.006868 0.039281 0.085972
v -0.006968 0.039381 0.086251
v -0.007003 0.039416 0.086560
v -0.006968 0.039381 0.086869
v -0.006868 0.039281 0.087148
v -0.006711 0.039124 0.087369
v -0.006514 0.038927 0.087511
v -0.006296 0.038708 0.087560
v -0.003249 0.041318 0.087511
v -0.003052 0.041121 0.087369
v -0.002895 0.040965 0.087148
v -0.002795 0.040864 0.086869
v -0.002760 0.040830 0.086560
v -0.002795 0.040864 0.086251
v -0.002895 0.040965 0.085972
v -0.003052 0.041121 0.085751
v -0.003249 0.041318 0.085609
v -0.003467 0.041537 0.085560
v -0.003686 0.041755 0.085609
v -0.003883 0.041952 0.085751
v -0.004039 0.042109 0.085972
v -0.004140 0.042209 0.086251
v -0.004174 0.042244 0.086560
v -0.004140 0.042209 0.086869
v -0.004039 0.042109 0.087148
v -0.003883 0.041952 0.087369
v -0.003686 0.041755 0.087511
v -0.003467 0.041537 0.087560
v -0.006296 0.038708 0.086560
vn 0.2185 -0.2185 0.9511
vn 0.4156 -0.4156 0.8090
vn 0.5721 -0.5721 0.5878
vn 0.6725 -0.6725 0.3090
vn 0.7071 -0.7071 -0.0000
vn 0.6725 -0.6725 -0.3090
vn 0.5721 -0.5721 -0.5878
vn 0.4156 -0.4156 -0.8090
vn 0.2185 -0.2185 -0.9511
vn -0.0000 -0.0000 -1.0000
vn -0.2185 0.2185 -0.9511
vn -0.4156 0.4156 -0.8090
vn -0.5721 0.5721 -0.5878
vn -0.6725 0.6725 -0.3090
vn -0.7071 0.7071 -0.0000
vn -0.6725 0.6725 0.3090
vn -0.5721 0.5721 0.5878
vn -0.4156 0.4156 0.8090
vn -0.2185 0.2185 0.9511
vn -0.0000 -0.0000 1.0000
vn -0.7071 -0.7071 -0.0000
vt 0.375000 0.312500
vt 0.387500 0.312500
vt 0.387500 0.688440
vt 0.375000 0.688440
vt 0.400000 0.312500
vt 0.400000 0.688440
vt 0.412500 0.312500
vt 0.412500 0.688440
vt 0.425000 0.312500
vt 0.425000 0.688440
vt 0.437500 0.312500
vt 0.437500 0.688440
vt 0.450000 0.312500
vt 0.450000 0.688440
vt 0.462500 0.312500
vt 0.462500 0.688440
vt 0.475000 0.312500
vt 0.475000 0.688440
vt 0.487500 0.312500
vt 0.487500 0.688440
vt 0.500000 0.312500
vt 0.500000 0.688440
vt 0.512500 0.312500
vt 0.512500 0.688440
vt 0.525000 0.312500
vt 0.525000 0.688440
vt 0.537500 0.312500
vt 0.537500 0.688440
vt 0.550000 0.312500
vt 0.550000 0.688440
vt 0.562500 0.312500
vt 0.562500 0.688440
vt 0.575000 0.312500
vt 0.575000 0.688440
vt 0.587500 0.312500
vt 0.587500 0.688440
vt 0.600000 0.312500
vt 0.600000 0.688440
vt 0.612500 0.312500
vt 0.612500 0.688440
vt 0.625000 0.312500
vt 0.625000 0.688440
vt 0.626409 0.064408
vt 0.648603 0.107966
vt 0.500000 0.150000
vt 0.591842 0.029841
vt 0.548284 0.007647
vt 0.500000 -0.000000
vt 0.451716 0.007647
vt 0.408159 0.029841
vt 0.373591 0.064409
vt 0.351397 0.107966
vt 0.343750 0.156250
vt 0.351397 0.204534
vt 0.373591 0.248091
vt 0.408159 0.282659
vt 0.451716 0.304853
vt 0.500000 0.312500
vt 0.548284 0.304853
vt 0.591841 0.282659
vt 0.626409 0.248091
vt 0.648603 0.204534
vt 0.656250 0.156250
s 1
usemtl lambert1
f 2618/1233/2782 2619/1234/2783 2639/1235/2783 2638/1236/2782
f 2619/1234/2783 2620/1237/2784 2640/1238/2784 2639/1235/2783
f 2620/1237/2784 2621/1239/2785 2641/1240/2785 2640/1238/2784
f 2621/1239/2785 2622/1241/2786 2642/1242/2786 2641/1240/2785
f 2622/1241/2786 2623/1243/2787 2643/1244/2787 2642/1242/2786
f 2623/1243/2787 2624/1245/2788 2644/1246/2788 2643/1244/2787
f 2624/1245/2788 2625/1247/2789 2645/1248/2789 2644/1246/2788
f 2625/1247/2789 2626/1249/2790 2646/1250/2790 2645/1248/2789
f 2626/1249/2790 2627/1251/2791 2647/1252/2791 2646/1250/2790
f 2627/1251/2791 2628/1253/2792 2648/1254/2792 2647/1252/2791
f 2628/1253/2792 2629/1255/2793 2649/1256/2793 2648/1254/2792
f 2629/1255/2793 2630/1257/2794 2650/1258/2794 2649/1256/2793
f 2630/1257/2794 2631/1259/2795 2651/1260/2795 2650/1258/2794
f 2631/1259/2795 2632/1261/2796 2652/1262/2796 2651/1260/2795
f 2632/1261/2796 2633/1263/2797 2653/1264/2797 2652/1262/2796
f 2633/1263/2797 2634/1265/2798 2654/1266/2798 2653/1264/2797
f 2634/1265/2798 2635/1267/2799 2655/1268/2799 2654/1266/2798
f 2635/1267/2799 2636/1269/2800 2656/1270/2800 2655/1268/2799
f 2636/1269/2800 2637/1271/2801 2657/1272/2801 2656/1270/2800
f 2637/1271/2801 2618/1273/2782 2638/1274/2782 2657/1272/2801
f 2619/1275/2802 2618/1276/2802 2658/1277/2802
f 2620/1278/2802 2619/1275/2802 2658/1277/2802
f 2621/1279/2802 2620/1278/2802 2658/1277/2802
f 2622/1280/2802 2621/1279/2802 2658/1277/2802
f 2623/1281/2802 2622/1280/2802 2658/1277/2802
f 2624/1282/2802 2623/1281/2802 2658/1277/2802
f 2625/1283/2802 2624/1282/2802 2658/1277/2802
f 2626/1284/2802 2625/1283/2802 2658/1277/2802
f 2627/1285/2802 2626/1284/2802 2658/1277/2802
f 2628/1286/2802 2627/1285/2802 2658/1277/2802
f 2629/1287/2802 2628/1286/2802 2658/1277/2802
f 2630/1288/2802 2629/1287/2802 2658/1277/2802
f 2631/1289/2802 2630/1288/2802 2658/1277/2802
f 2632/1290/2802 2631/1289/2802 2658/1277/2802
f 2633/1291/2802 2632/1290/2802 2658/1277/2802
f 2634/1292/2802 2633/1291/2802 2658/1277/2802
f 2635/1293/2802 2634/1292/2802 2658/1277/2802
f 2636/1294/2802 2635/1293/2802 2658/1277/2802
f 2637/1295/2802 2636/1294/2802 2658/1277/2802
f 2618/1276/2802 2637/1295/2802 2658/1277/2802
o pCylinder19
v -0.007509 0.046412 0.077320
v -0.007509 0.046270 0.077041
v -0.007509 0.046049 0.076820
v -0.007509 0.045770 0.076678
v -0.007509 0.045461 0.076629
v -0.007509 0.045152 0.076678
v -0.007509 0.044873 0.076820
v -0.007509 0.044652 0.077041
v -0.007509 0.044510 0.077320
v -0.007509 0.044461 0.077629
v -0.007509 0.044510 0.077938
v -0.007509 0.044652 0.078216
v -0.007509 0.044873 0.078438
v -0.007509 0.045152 0.078580
v -0.007509 0.045461 0.078629
v -0.007509 0.045770 0.078580
v -0.007509 0.046049 0.078438
v -0.007509 0.046270 0.078216
v -0.007509 0.046412 0.077938
v -0.007509 0.046461 0.077629
v -0.011509 0.046412 0.077320
v -0.011509 0.046270 0.077041
v -0.011509 0.046049 0.076820
v -0.011509 0.045770 0.076678
v -0.011509 0.045461 0.076629
v -0.011509 0.045152 0.076678
v -0.011509 0.044873 0.076820
v -0.011509 0.044652 0.077041
v -0.011509 0.044510 0.077320
v -0.011509 0.044461 0.077629
v -0.011509 0.044510 0.077938
v -0.011509 0.044652 0.078216
v -0.011509 0.044873 0.078438
v -0.011509 0.045152 0.078580
v -0.011509 0.045461 0.078629
v -0.011509 0.045770 0.078580
v -0.011509 0.046049 0.078438
v -0.011509 0.046270 0.078216
v -0.011509 0.046412 0.077938
v -0.011509 0.046461 0.077629
v -0.007509 0.045461 0.077629
vn -0.0000 0.9511 -0.3090
vn -0.0000 0.8090 -0.5878
vn -0.0000 0.5878 -0.8090
vn -0.0000 0.3090 -0.9511
vn -0.0000 -0.0000 -1.0000
vn -0.0000 -0.3090 -0.9511
vn -0.0000 -0.5878 -0.8090
vn -0.0000 -0.8090 -0.5878
vn -0.0000 -0.9511 -0.3090
vn -0.0000 -1.0000 -0.0000
vn -0.0000 -0.9511 0.3090
vn -0.0000 -0.8090 0.5878
vn -0.0000 -0.5878 0.8090
vn -0.0000 -0.3090 0.9511
vn -0.0000 -0.0000 1.0000
vn -0.0000 0.3090 0.9511
vn -0.0000 0.5878 0.8090
vn -0.0000 0.8090 0.5878
vn -0.0000 0.9511 0.3090
vn -0.0000 1.0000 -0.0000
vn 1.0000 -0.0000 -0.0000
vt 0.375000 0.312500
vt 0.387500 0.312500
vt 0.387500 0.688440
vt 0.375000 0.688440
vt 0.400000 0.312500
vt 0.400000 0.688440
vt 0.412500 0.312500
vt 0.412500 0.688440
vt 0.425000 0.312500
vt 0.425000 0.688440
vt 0.437500 0.312500
vt 0.437500 0.688440
vt 0.450000 0.312500
vt 0.450000 0.688440
vt 0.462500 0.312500
vt 0.462500 0.688440
vt 0.475000 0.312500
vt 0.475000 0.688440
vt 0.487500 0.312500
vt 0.487500 0.688440
vt 0.500000 0.312500
vt 0.500000 0.688440
vt 0.512500 0.312500
vt 0.512500 0.688440
vt 0.525000 0.312500
vt 0.525000 0.688440
vt 0.537500 0.312500
vt 0.537500 0.688440
vt 0.550000 0.312500
vt 0.550000 0.688440
vt 0.562500 0.312500
vt 0.562500 0.688440
vt 0.575000 0.312500
vt 0.575000 0.688440
vt 0.587500 0.312500
vt 0.587500 0.688440
vt 0.600000 0.312500
vt 0.600000 0.688440
vt 0.612500 0.312500
vt 0.612500 0.688440
vt 0.625000 0.312500
vt 0.625000 0.688440
vt 0.626409 0.064408
vt 0.648603 0.107966
vt 0.500000 0.150000
vt 0.591842 0.029841
vt 0.548284 0.007647
vt 0.500000 -0.000000
vt 0.451716 0.007647
vt 0.408159 0.029841
vt 0.373591 0.064409
vt 0.351397 0.107966
vt 0.343750 0.156250
vt 0.351397 0.204534
vt 0.373591 0.248091
vt 0.408159 0.282659
vt 0.451716 0.304853
vt 0.500000 0.312500
vt 0.548284 0.304853
vt 0.591841 0.282659
vt 0.626409 0.248091
vt 0.648603 0.204534
vt 0.656250 0.156250
s 1
usemtl lambert1
f 2659/1296/2803 2660/1297/2804 2680/1298/2804 2679/1299/2803
f 2660/1297/2804 2661/1300/2805 2681/1301/2805 2680/1298/2804
f 2661/1300/2805 2662/1302/2806 2682/1303/2806 2681/1301/2805
f 2662/1302/2806 2663/1304/2807 2683/1305/2807 2682/1303/2806
f 2663/1304/2807 2664/1306/2808 2684/1307/2808 2683/1305/2807
f 2664/1306/2808 2665/1308/2809 2685/1309/2809 2684/1307/2808
f 2665/1308/2809 2666/1310/2810 2686/1311/2810 2685/1309/2809
f 2666/1310/2810 2667/1312/2811 2687/1313/2811 2686/1311/2810
f 2667/1312/2811 2668/1314/2812 2688/1315/2812 2687/1313/2811
f 2668/1314/2812 2669/1316/2813 2689/1317/2813 2688/1315/2812
f 2669/1316/2813 2670/1318/2814 2690/1319/2814 2689/1317/2813
f 2670/1318/2814 2671/1320/2815 2691/1321/2815 2690/1319/2814
f 2671/1320/2815 2672/1322/2816 2692/1323/2816 2691/1321/2815
f 2672/1322/2816 2673/1324/2817 2693/1325/2817 2692/1323/2816
f 2673/1324/2817 2674/1326/2818 2694/1327/2818 2693/1325/2817
f 2674/1326/2818 2675/1328/2819 2695/1329/2819 2694/1327/2818
f 2675/1328/2819 2676/1330/2820 2696/1331/2820 2695/1329/2819
f 2676/1330/2820 2677/1332/2821 2697/1333/2821 2696/1331/2820
f 2677/1332/2821 2678/1334/2822 2698/1335/2822 2697/1333/2821
f 2678/1334/2822 2659/1336/2803 2679/1337/2803 2698/1335/2822
f 2660/1338/2823 2659/1339/2823 2699/1340/2823
f 2661/1341/2823 2660/1338/2823 2699/1340/2823
f 2662/1342/2823 2661/1341/2823 2699/1340/2823
f 2663/1343/2823 2662/1342/2823 2699/1340/2823
f 2664/1344/2823 2663/1343/2823 2699/1340/2823
f 2665/1345/2823 2664/1344/2823 2699/1340/2823
f 2666/1346/2823 2665/1345/2823 2699/1340/2823
f 2667/1347/2823 2666/1346/2823 2699/1340/2823
f 2668/1348/2823 2667/1347/2823 2699/1340/2823
f 2669/1349/2823 2668/1348/2823 2699/1340/2823
f 2670/1350/2823 2669/1349/2823 2699/1340/2823
f 2671/1351/2823 2670/1350/2823 2699/1340/2823
f 2672/1352/2823 2671/1351/2823 2699/1340/2823
f 2673/1353/2823 2672/1352/2823 2699/1340/2823
f 2674/1354/2823 2673/1353/2823 2699/1340/2823
f 2675/1355/2823 2674/1354/2823 2699/1340/2823
f 2676/1356/2823 2675/1355/2823 2699/1340/2823
f 2677/1357/2823 2676/1356/2823 2699/1340/2823
f 2678/1358/2823 2677/1357/2823 2699/1340/2823
f 2659/1339/2823 2678/1358/2823 2699/1340/2823
o pCube10
v -0.003255 0.049044 -0.073205
v -0.003306 0.047367 -0.073205
v -0.009419 0.047720 -0.072535
v -0.009135 0.049168 -0.072535
v -0.016381 0.047857 -0.072461
v -0.016096 0.049213 -0.072461
v -0.022554 0.048013 -0.072424
v -0.022269 0.049175 -0.072424
v -0.034160 0.048590 -0.067803
v -0.033881 0.049788 -0.067803
v -0.032167 0.048219 -0.069287
v -0.031882 0.049805 -0.069287
v -0.028487 0.048231 -0.072437
v -0.028202 0.049256 -0.072437
v -0.036048 0.049459 -0.072330
v -0.036327 0.048395 -0.072330
v -0.034982 0.048408 -0.077788
v -0.034697 0.049111 -0.077788
v -0.029697 0.048120 -0.081294
v -0.029412 0.048630 -0.081294
v -0.004084 0.048769 -0.079210
v -0.004099 0.046969 -0.079210
v -0.004921 0.048413 -0.078379
v -0.005205 0.047319 -0.078379
v -0.008913 0.048494 -0.083592
v -0.009198 0.047447 -0.083592
v -0.020769 0.048471 -0.082829
v -0.021054 0.048018 -0.082829
v -0.034724 0.048362 -0.072603
v -0.033292 0.048333 -0.068310
v -0.033574 0.048313 -0.073781
v -0.036082 0.048401 -0.075302
v -0.035800 0.048421 -0.069831
v -0.034442 0.049663 -0.072600
v -0.033010 0.049815 -0.068310
v -0.035521 0.049771 -0.069831
v -0.035800 0.049115 -0.075302
v -0.033290 0.049303 -0.073781
v -0.031411 0.048246 -0.075826
v -0.030327 0.048225 -0.070862
v -0.029092 0.048175 -0.077138
v -0.032339 0.048264 -0.079784
v -0.031126 0.049035 -0.075825
v -0.030042 0.049545 -0.070862
v -0.032055 0.048871 -0.079784
v -0.028807 0.048773 -0.077138
v -0.005492 0.047129 -0.075639
v -0.006917 0.047544 -0.072587
v -0.003897 0.046951 -0.075924
v -0.005057 0.047144 -0.078795
v -0.007312 0.047302 -0.076480
v -0.009124 0.048660 -0.079178
v -0.012615 0.049191 -0.072498
v -0.011346 0.048684 -0.080276
v -0.006917 0.048453 -0.080986
v -0.007028 0.048620 -0.076480
v -0.009409 0.047380 -0.079178
v -0.012900 0.047789 -0.072498
v -0.007202 0.047383 -0.080986
v -0.011631 0.047435 -0.080276
v -0.015540 0.048686 -0.079865
v -0.019182 0.049238 -0.072443
v -0.020633 0.048758 -0.079058
v -0.014841 0.048483 -0.083410
v -0.015824 0.047536 -0.079865
v -0.019467 0.047901 -0.072443
v -0.015126 0.047549 -0.083410
v -0.020918 0.048015 -0.079058
v -0.024988 0.048747 -0.078276
v -0.025235 0.049232 -0.072431
v -0.025091 0.048550 -0.082266
v -0.025273 0.048089 -0.078276
v -0.025520 0.048122 -0.072431
v -0.025375 0.048069 -0.082266
vn -0.9212 0.3217 -0.2189
vn -0.7728 0.3029 -0.5577
vn -0.5276 0.2449 -0.8134
vn -0.6241 0.1521 -0.7664
vn 0.1028 -0.0376 -0.9940
vn 0.1029 -0.0376 -0.9940
vn 0.7749 -0.2061 -0.5976
vn 0.4001 -0.1029 -0.9107
vn -0.0579 0.0216 -0.9981
vn -0.1159 0.0618 -0.9913
vn -0.1737 0.1019 -0.9795
vn -0.8855 0.1997 0.4194
vn -0.0686 -0.9961 0.0554
vn 0.0489 0.9933 -0.1051
vn 0.0489 0.9933 -0.1052
vn 0.0698 0.9929 -0.0965
vn -0.0431 -0.9991 0.0001
vn -0.0130 -0.9999 0.0039
vn -0.0201 -0.9998 -0.0051
vn 0.0232 0.9946 -0.1014
vn 0.0232 0.9946 -0.1013
vn 0.0541 0.9923 -0.1115
vn 0.9886 -0.0794 -0.1283
vn -0.0566 0.9924 -0.1092
vn -0.0047 0.9957 -0.0929
vn 0.0187 0.9971 -0.0737
vn 0.0042 0.9974 -0.0725
vn -0.0720 -0.9955 0.0610
vn -0.0934 -0.9931 0.0710
vn 0.0474 0.9960 -0.0762
vn -0.0233 -0.9989 0.0413
vn -0.0292 -0.9987 0.0407
vn 0.0096 0.9977 -0.0664
vn 0.0095 0.9977 -0.0665
vn -0.0012 0.9975 -0.0710
vn -0.0075 0.9979 -0.0649
vn -0.0492 -0.9988 -0.0023
vn -0.0486 -0.9988 -0.0014
vn -0.0722 -0.9974 -0.0014
vn -0.0742 -0.9972 -0.0024
vn -0.0005 0.9975 -0.0701
vn -0.0034 0.9974 -0.0718
vn -0.0015 0.9974 -0.0725
vn -0.0073 0.9960 -0.0895
vn -0.0203 -0.9998 0.0089
vn -0.0195 -0.9998 0.0074
vn -0.0262 -0.9996 0.0041
vn -0.0267 -0.9996 0.0088
vn -0.0650 -0.9979 0.0069
vn -0.0376 -0.9993 -0.0042
vn -0.0378 -0.9993 -0.0041
vn -0.0219 -0.9998 0.0019
vn -0.0292 -0.9996 -0.0058
vn -0.0194 -0.9998 0.0045
vn -0.0017 0.9997 -0.0259
vn -0.1437 0.9834 -0.1106
vn -0.0106 0.9944 -0.1053
vn 0.0220 0.9963 -0.0830
vn -0.0255 -0.9996 0.0111
vn -0.0439 -0.9990 0.0003
vn -0.0376 -0.9992 0.0103
vn 0.0280 0.9931 -0.1137
vn 0.0563 0.9966 -0.0596
vn 0.0699 0.9962 -0.0523
vn 0.0369 0.9982 -0.0466
vn 0.0370 0.9982 -0.0466
vn -0.0437 -0.9897 0.1361
vn -0.1395 -0.9902 -0.0102
vn -0.1558 -0.9842 -0.0845
vn -0.0841 -0.9951 -0.0516
vn 0.0196 0.9979 -0.0619
vn 0.0209 0.9987 -0.0472
vn 0.0650 0.9973 -0.0353
vn 0.0643 0.9973 -0.0353
vn -0.0505 -0.9974 0.0509
vn -0.0128 -0.9998 -0.0169
vn -0.0115 -0.9998 -0.0180
vn -0.0178 -0.9997 -0.0143
vn -0.0176 -0.9997 -0.0144
vn -0.0024 0.9979 -0.0648
vn -0.0031 0.9978 -0.0665
vn -0.0174 -0.9990 0.0420
vn -0.0209 -0.9997 -0.0131
vn -0.0867 -0.9962 -0.0088
vn -0.0505 -0.9987 -0.0030
vn 0.0019 0.9991 -0.0428
vn -0.0015 0.9981 -0.0609
vn -0.0141 -0.9998 0.0102
vt 0.625000 0.535714
vt 0.625000 0.571429
vt 0.625000 0.571429
vt 0.625000 0.571429
vt 0.625000 0.535714
s 1
usemtl lambert1
f 2714/1359/2824 2736/1359/2824 2717/1359/2825 2716/1360/2825 2731/1360/2824 2715/1360/2824
f 2717/1359/2825 2744/1359/2826 2719/1359/2826 2718/1360/2826 2741/1360/2826 2716/1360/2825
f 2721/1360/2827 2749/1360/2827 2723/1360/2829 2722/1359/2828 2720/1359/2827
f 2723/1360/2829 2758/1360/2830 2725/1360/2831 2724/1359/2831 2754/1359/2830 2722/1359/2828
f 2725/1360/2831 2766/1360/2832 2727/1360/2833 2726/1359/2833 2763/1359/2832 2724/1359/2831
f 2727/1360/2833 2773/1360/2834 2718/1360/2834 2719/1359/2834 2770/1359/2834 2726/1359/2833
f 2709/1359/2835 2735/1359/2835 2714/1359/2835 2715/1360/2835 2732/1360/2835 2708/1360/2835
f 2732/1360/2836 2728/1361/2836 2729/1360/2836 2708/1360/2836
f 2737/1359/2837 2733/1359/2839 2734/1359/2839 2711/1359/2838
f 2730/1360/2840 2738/1360/2842 2739/1360/2841 2710/1360/2840
f 2745/1359/2843 2742/1359/2845 2743/1359/2845 2713/1359/2844
f 2701/1360/2846 2748/1360/2846 2721/1360/2846 2720/1359/2846 2700/1359/2846
f 2700/1359/2847 2720/1359/2847 2722/1359/2850 2755/1359/2849 2703/1359/2848
f 2750/1360/2851 2746/1360/2852 2747/1360/2852 2702/1360/2851
f 2755/1359/2849 2751/1359/2853 2752/1359/2853 2703/1359/2848
f 2759/1360/2854 2756/1360/2855 2757/1360/2855 2704/1360/2854
f 2753/1359/2856 2760/1359/2859 2761/1359/2858 2705/1359/2857
f 2767/1360/2860 2764/1362/2863 2765/1360/2862 2706/1360/2861
f 2762/1359/2864 2768/1363/2867 2769/1359/2866 2707/1359/2865
f 2740/1360/2868 2771/1360/2871 2772/1360/2870 2712/1360/2869
f 2729/1360/2872 2728/1361/2872 2730/1360/2840 2710/1360/2840
f 2730/1360/2873 2728/1361/2876 2731/1360/2875 2716/1360/2874
f 2731/1360/2875 2728/1361/2876 2732/1360/2877 2715/1360/2877
f 2734/1359/2878 2733/1359/2878 2735/1359/2878 2709/1359/2878
f 2735/1359/2879 2733/1359/2879 2736/1359/2879 2714/1359/2879
f 2736/1359/2880 2733/1359/2880 2737/1359/2881 2717/1359/2881
f 2739/1360/2841 2738/1360/2842 2740/1360/2868 2712/1360/2869
f 2740/1360/2868 2738/1360/2884 2741/1360/2883 2718/1360/2882
f 2741/1360/2883 2738/1360/2884 2730/1360/2873 2716/1360/2874
f 2743/1359/2885 2742/1359/2885 2737/1359/2837 2711/1359/2838
f 2737/1359/2881 2742/1359/2887 2744/1359/2886 2717/1359/2881
f 2744/1359/2886 2742/1359/2887 2745/1359/2889 2719/1359/2888
f 2747/1360/2890 2746/1360/2890 2748/1360/2890 2701/1360/2890
f 2748/1360/2891 2746/1360/2891 2749/1360/2891 2721/1360/2891
f 2749/1360/2892 2746/1360/2892 2750/1360/2893 2723/1360/2893
f 2752/1359/2894 2751/1359/2894 2753/1359/2856 2705/1359/2857
f 2753/1359/2895 2751/1359/2897 2754/1359/2896 2724/1359/2895
f 2754/1359/2896 2751/1359/2897 2755/1359/2849 2722/1359/2850
f 2757/1360/2898 2756/1360/2898 2750/1360/2851 2702/1360/2851
f 2750/1360/2893 2756/1360/2900 2758/1360/2899 2723/1360/2893
f 2758/1360/2899 2756/1360/2900 2759/1360/2902 2725/1360/2901
f 2761/1359/2858 2760/1359/2859 2762/1359/2864 2707/1359/2865
f 2762/1359/2864 2760/1359/2859 2763/1359/2904 2726/1359/2903
f 2763/1359/2904 2760/1359/2859 2753/1359/2895 2724/1359/2895
f 2765/1360/2905 2764/1362/2905 2759/1360/2854 2704/1360/2854
f 2759/1360/2902 2764/1362/2906 2766/1360/2906 2725/1360/2901
f 2766/1360/2907 2764/1362/2863 2767/1360/2860 2727/1360/2908
f 2769/1359/2866 2768/1363/2867 2745/1359/2843 2713/1359/2844
f 2745/1359/2889 2768/1363/2910 2770/1359/2909 2719/1359/2888
f 2770/1359/2909 2768/1363/2910 2762/1359/2864 2726/1359/2903
f 2772/1360/2870 2771/1360/2871 2767/1360/2860 2706/1360/2861
f 2767/1360/2860 2771/1360/2871 2773/1360/2911 2727/1360/2908
f 2773/1360/2911 2771/1360/2871 2740/1360/2868 2718/1360/2882
o polySurface28
v -0.077662 0.035944 0.049576
v -0.077711 0.035635 0.049576
v -0.076711 0.035635 0.049576
v -0.077520 0.036223 0.049576
v -0.077299 0.036444 0.049576
v -0.077020 0.036586 0.049576
v -0.076711 0.036635 0.049576
v -0.076402 0.036586 0.049576
v -0.076123 0.036444 0.049576
v -0.075902 0.036223 0.049576
v -0.075760 0.035944 0.049576
v -0.075711 0.035635 0.049576
v -0.075760 0.035326 0.049576
v -0.075902 0.035047 0.049576
v -0.076123 0.034826 0.049576
v -0.076402 0.034684 0.049576
v -0.076711 0.034635 0.049576
v -0.077020 0.034684 0.049576
v -0.077299 0.034826 0.049576
v -0.077520 0.035047 0.049576
v -0.077662 0.035326 0.049576
v -0.077711 0.035635 0.054095
v -0.077662 0.035944 0.054714
v -0.077700 0.035704 0.054258
v -0.077704 0.035676 0.054192
v -0.077562 0.036141 0.055116
v -0.077607 0.036052 0.054933
v -0.077520 0.036223 0.055120
v -0.077299 0.036444 0.055141
v -0.077020 0.036586 0.055167
v -0.077002 0.036589 0.055169
v -0.076711 0.036635 0.055027
v -0.076998 0.036589 0.055167
v -0.076402 0.036586 0.055079
v -0.076224 0.036495 0.055238
v -0.076123 0.036444 0.055250
v -0.076221 0.036494 0.055241
v -0.075902 0.036223 0.055271
v -0.075760 0.035944 0.055284
v -0.075711 0.035635 0.054794
v -0.075731 0.035764 0.055026
v -0.075754 0.035905 0.055285
v -0.075759 0.035329 0.054157
v -0.075747 0.035408 0.054342
v -0.075740 0.035449 0.054440
v -0.075760 0.035326 0.054150
v -0.075902 0.035047 0.053440
v -0.075861 0.035128 0.053660
v -0.075791 0.035264 0.053997
v -0.075786 0.035275 0.054024
v -0.076123 0.034826 0.052793
v -0.076402 0.034684 0.052319
v -0.076711 0.034635 0.052064
v -0.077020 0.034684 0.052053
v -0.077299 0.034826 0.052288
v -0.077520 0.035047 0.052745
v -0.077662 0.035326 0.053379
v -0.077703 0.035582 0.053978
v -0.077701 0.035574 0.053959
v -0.077685 0.035469 0.053728
v -0.077709 0.035622 0.054067
v -0.062289 0.033112 0.054351
v -0.062510 0.033333 0.054769
v -0.081764 0.036233 0.053880
v -0.062184 0.034783 0.056547
v -0.062177 0.034787 0.056538
v -0.081764 0.037169 0.054726
v -0.081764 0.036689 0.054726
v -0.055352 0.033490 0.056949
v -0.046690 0.032671 0.057459
v -0.055392 0.033741 0.056947
v -0.046690 0.033473 0.057459
v -0.055754 0.034240 0.056924
v -0.055534 0.034020 0.056938
v -0.089954 0.037456 0.023506
v -0.075568 0.035907 0.020391
v -0.089954 0.036928 0.023506
v -0.078503 0.035773 0.021027
v -0.078451 0.035767 0.021020
v -0.075568 0.035334 0.020391
v -0.075568 0.036591 0.020391
v -0.089954 0.038141 0.023506
v -0.075568 0.036982 0.020391
v -0.078451 0.037299 0.021020
v -0.078503 0.037303 0.021027
v -0.089954 0.038273 0.023506
v -0.102419 0.039199 0.049905
v -0.102419 0.039616 0.047737
v -0.106841 0.039744 0.048314
v -0.106803 0.040051 0.046468
v -0.111159 0.040490 0.044264
v -0.102419 0.039902 0.044094
v -0.115013 0.040700 0.042107
v -0.102419 0.039816 0.041625
v -0.116161 0.040742 0.040779
v -0.102419 0.039704 0.038777
v -0.102419 0.039545 0.036315
v -0.116481 0.040684 0.039622
v -0.115552 0.040448 0.037357
v -0.102419 0.039468 0.033026
v -0.113254 0.040097 0.034324
v -0.103656 0.039350 0.030159
v -0.110720 0.039704 0.031373
v -0.104187 0.039271 0.026875
v -0.102419 0.039037 0.050751
v -0.106939 0.039679 0.049553
v -0.106886 0.039135 0.048352
v -0.102419 0.038622 0.049905
v -0.106939 0.039409 0.049553
v -0.102419 0.038783 0.050751
v -0.102419 0.038309 0.047737
v -0.105517 0.038852 0.046012
v -0.109551 0.039135 0.043892
v -0.102419 0.038097 0.044094
v -0.113666 0.039671 0.041634
v -0.102419 0.038183 0.041625
v -0.114162 0.039688 0.040269
v -0.102419 0.038310 0.038777
v -0.102419 0.038444 0.036315
v -0.114268 0.039579 0.039212
v -0.113623 0.039186 0.036281
v -0.102419 0.038558 0.033026
v -0.111943 0.039206 0.034324
v -0.103656 0.038668 0.030159
v -0.109997 0.039115 0.032332
v -0.104187 0.038482 0.026875
v -0.104340 0.038520 0.026293
v -0.104340 0.038508 0.026585
v -0.108214 0.038795 0.028938
v -0.104187 0.038495 0.026552
v -0.092608 0.038398 0.052095
v -0.092608 0.039028 0.049544
v -0.092608 0.039261 0.045901
v -0.092608 0.039176 0.040781
v -0.092608 0.039116 0.037228
v -0.092608 0.038935 0.033604
v -0.092608 0.038806 0.030235
v -0.092608 0.038666 0.027472
v -0.092608 0.038518 0.024345
v -0.092608 0.038173 0.052941
v -0.092608 0.037747 0.052941
v -0.092608 0.037488 0.052095
v -0.092608 0.036717 0.049544
v -0.092608 0.036501 0.045901
v -0.092608 0.036587 0.040781
v -0.092608 0.036718 0.037228
v -0.092608 0.036820 0.033604
v -0.092608 0.037044 0.027472
v -0.092608 0.036934 0.030235
v -0.092608 0.037183 0.024345
v -0.081764 0.037447 0.053880
v -0.081764 0.038400 0.051328
v -0.081764 0.038633 0.047685
v -0.081764 0.038547 0.041556
v -0.081764 0.038487 0.037228
v -0.081764 0.038199 0.033604
v -0.081764 0.038017 0.029795
v -0.079498 0.037568 0.024684
v -0.081764 0.035211 0.051328
v -0.081764 0.034941 0.047685
v -0.081764 0.035027 0.041556
v -0.081764 0.035212 0.037228
v -0.081764 0.035368 0.033604
v -0.081764 0.035481 0.029795
v -0.079498 0.035592 0.024684
v -0.062177 0.035192 0.055702
v -0.062177 0.036621 0.053150
v -0.062177 0.037245 0.049507
v -0.062177 0.037159 0.043378
v -0.062177 0.036709 0.037228
v -0.062177 0.036368 0.031478
v -0.062177 0.036027 0.026303
v -0.062177 0.035666 0.021343
v -0.062177 0.032566 0.053150
v -0.062652 0.033612 0.055349
v -0.062674 0.033750 0.055655
v -0.062177 0.033055 0.054265
v -0.062177 0.032271 0.049507
v -0.062177 0.032357 0.043378
v -0.062177 0.032567 0.037228
v -0.062177 0.032749 0.031478
v -0.062177 0.032862 0.026303
v -0.062177 0.032972 0.021343
v -0.070332 0.034543 0.019306
v -0.061182 0.033164 0.017369
v -0.061073 0.033148 0.017346
v -0.061182 0.033160 0.017411
v -0.046690 0.035059 0.030704
v -0.046690 0.035400 0.037228
v -0.046690 0.034718 0.024495
v -0.046690 0.034357 0.018838
v -0.061073 0.035403 0.017346
v -0.046690 0.034094 0.014620
v -0.061073 0.034965 0.013762
v -0.046690 0.033656 0.011809
v -0.061073 0.033877 0.010823
v -0.061073 0.034135 0.009533
v -0.046690 0.031975 0.008870
v -0.046690 0.032671 0.007580
v -0.046690 0.030270 0.054061
v -0.046690 0.029736 0.050418
v -0.046690 0.029822 0.043378
v -0.046690 0.030271 0.037228
v -0.046690 0.030613 0.030704
v -0.046690 0.030726 0.024495
v -0.046690 0.030836 0.018838
v -0.046690 0.031012 0.014620
v -0.046690 0.031274 0.011809
v -0.061073 0.033410 0.013762
v -0.032451 0.034541 0.043971
v -0.032451 0.034091 0.037228
v -0.046690 0.035850 0.043378
v -0.032451 0.033750 0.030187
v -0.032451 0.033409 0.023147
v -0.032451 0.033048 0.016973
v -0.032451 0.028358 0.043971
v -0.032451 0.028808 0.037228
v -0.032451 0.029149 0.030187
v -0.032451 0.029263 0.023147
v -0.032451 0.030302 0.007006
v -0.032451 0.029811 0.009945
v -0.019054 0.032997 0.037228
v -0.019054 0.033447 0.044268
v -0.019054 0.031953 0.016107
v -0.019054 0.032315 0.023147
v -0.019054 0.030725 0.058349
v -0.032451 0.030998 0.058051
v -0.019054 0.029318 0.057503
v -0.032451 0.030325 0.057205
v -0.019054 0.026531 0.044268
v -0.019054 0.026980 0.037228
v -0.019054 0.027545 0.016107
v -0.019054 0.027435 0.023147
v -0.032451 0.029373 0.016973
v -0.019054 0.027983 0.009078
v -0.019054 0.029208 0.006139
v -0.012051 0.031691 0.010137
v -0.019054 0.031691 0.011889
v -0.012051 0.031953 0.016107
v -0.010677 0.030725 0.058918
v -0.012051 0.031891 0.058568
v -0.019054 0.031891 0.058349
v -0.011792 0.029904 0.001146
v -0.016757 0.029904 0.003280
v -0.012051 0.030729 0.001146
v -0.016757 0.030729 0.003280
v -0.010677 0.029318 0.057722
v -0.010677 0.027720 0.010137
v -0.010677 0.027260 0.016107
v -0.019054 0.027720 0.011889
v -0.010383 0.031865 0.007326
v -0.010383 0.030954 0.004387
v -0.012051 0.031253 0.007326
v -0.012051 0.030893 0.004387
v -0.012051 0.032301 0.057722
v -0.010383 0.032914 0.057722
v -0.006630 0.032826 0.059587
v -0.008282 0.030797 -0.003351
v -0.006302 0.030725 0.059371
v -0.006630 0.029318 0.057722
v -0.111542 0.040387 0.045915
v -0.115760 0.040534 0.043267
v -0.117424 0.040585 0.041159
v -0.117279 0.040328 0.038274
v -0.117893 0.040503 0.039852
v -0.115687 0.040132 0.035569
v -0.111845 0.039807 0.030798
v -0.108560 0.039320 0.028063
v -0.108118 0.039383 0.028938
v -0.112621 0.040161 0.047313
v -0.117394 0.040390 0.044019
v -0.119063 0.040454 0.041483
v -0.119446 0.040346 0.039260
v -0.119013 0.040273 0.037198
v -0.117302 0.040093 0.034592
v -0.113742 0.039822 0.030798
v -0.108560 0.039279 0.026773
v -0.112621 0.040034 0.047313
v -0.111527 0.039721 0.045911
v -0.117394 0.040234 0.044019
v -0.115913 0.039925 0.043176
v -0.119063 0.040304 0.041483
v -0.117338 0.039922 0.041483
v -0.119013 0.040061 0.037198
v -0.117304 0.039747 0.038171
v -0.119446 0.040136 0.039260
v -0.117919 0.039865 0.039852
v -0.115690 0.039543 0.035569
v -0.117302 0.039881 0.034592
v -0.111845 0.039298 0.030798
v -0.113742 0.039583 0.030798
v -0.108560 0.038977 0.026773
v -0.108560 0.038806 0.028063
v -0.003976 0.028360 -0.002129
v -0.001210 0.028072 -0.002129
v -0.003976 0.027602 0.000718
v -0.001210 0.027496 0.000718
v -0.005089 0.031947 -0.015385
v -0.006127 0.032367 -0.002222
v -0.001210 0.032540 -0.002222
v -0.001210 0.032182 -0.015385
v -0.001210 0.035731 0.051528
v -0.001210 0.035645 0.044268
v -0.006513 0.036092 0.048727
v -0.006875 0.035186 0.044268
v -0.006144 0.036916 0.052370
v -0.010383 0.034342 0.055171
v -0.005092 0.036784 0.057826
v -0.001210 0.036797 0.057722
v -0.001210 0.036655 0.055171
v -0.003976 0.033115 0.060765
v -0.001210 0.035413 0.060765
v -0.003976 0.031392 0.060765
v -0.003976 0.029318 0.057722
v -0.001210 0.030784 0.060765
v -0.001210 0.029318 0.057722
v -0.003976 0.027800 0.055171
v -0.001210 0.027953 0.055171
v -0.032451 0.034627 0.051011
v -0.019054 0.034353 0.051308
v -0.032451 0.031823 0.005715
v -0.032451 0.031987 0.007006
v -0.019054 0.030893 0.006139
v -0.032451 0.030998 0.005715
v -0.019054 0.027265 0.051308
v -0.032451 0.028273 0.051011
v -0.012051 0.034353 0.051528
v -0.012051 0.033447 0.044268
v -0.011358 0.028868 0.003278
v -0.010677 0.027265 0.051528
v -0.010677 0.026448 0.044268
v -0.010677 0.026481 0.037228
v -0.010677 0.026936 0.023147
v -0.010878 0.028097 0.006390
v -0.007945 0.029904 -0.003351
v -0.007481 0.028505 0.001298
v -0.006630 0.026531 0.044268
v -0.006630 0.027265 0.051528
v -0.006630 0.026653 0.037228
v -0.010677 0.026823 0.030187
v -0.006630 0.026739 0.030187
v -0.006630 0.026905 0.023147
v -0.006630 0.026996 0.016107
v -0.006630 0.027360 0.010137
v -0.007414 0.027864 0.002284
v -0.001210 0.026476 0.044268
v -0.001210 0.027419 0.051528
v -0.003976 0.026531 0.044268
v -0.003976 0.027265 0.051528
v -0.003976 0.026497 0.037228
v -0.001210 0.026510 0.037228
v -0.003976 0.026512 0.030187
v -0.001210 0.026514 0.030187
v -0.003964 0.026653 0.023110
v -0.001210 0.026478 0.023147
v -0.003976 0.026722 0.016107
v -0.001210 0.026628 0.016107
v -0.003976 0.027135 0.010137
v -0.001210 0.026755 0.010137
v -0.004663 0.030800 -0.015385
v -0.001210 0.030800 -0.015385
v -0.007026 0.033279 0.007326
v -0.001210 0.033451 0.007326
v -0.010383 0.032303 0.010137
v -0.007302 0.033717 0.010137
v -0.001210 0.033889 0.010137
v -0.007411 0.033979 0.016107
v -0.010383 0.032566 0.016107
v -0.007536 0.034341 0.023147
v -0.010383 0.032928 0.023147
v -0.007497 0.034682 0.030187
v -0.010383 0.033269 0.030187
v -0.007497 0.035023 0.037228
v -0.010383 0.034059 0.044268
v -0.010383 0.033610 0.037228
v -0.001210 0.035196 0.037228
v -0.010383 0.034966 0.051528
v -0.057294 0.033741 0.049576
v -0.057343 0.033432 0.049576
v -0.056343 0.033432 0.049576
v -0.057152 0.034020 0.049576
v -0.056931 0.034241 0.049576
v -0.056652 0.034383 0.049576
v -0.056343 0.034432 0.049576
v -0.056034 0.034383 0.049576
v -0.055755 0.034241 0.049576
v -0.055534 0.034020 0.049576
v -0.055392 0.033741 0.049576
v -0.055343 0.033432 0.049576
v -0.055392 0.033123 0.049576
v -0.055534 0.032844 0.049576
v -0.055755 0.032623 0.049576
v -0.056034 0.032481 0.049576
v -0.056343 0.032432 0.049576
v -0.056652 0.032481 0.049576
v -0.056931 0.032623 0.049576
v -0.057152 0.032844 0.049576
v -0.057294 0.033123 0.049576
v -0.057343 0.033432 0.056597
v -0.057294 0.033741 0.056835
v -0.057304 0.033674 0.056834
v -0.057152 0.034020 0.056843
v -0.056931 0.034241 0.056856
v -0.056652 0.034383 0.056733
v -0.056766 0.034325 0.056866
v -0.056343 0.034432 0.056596
v -0.056034 0.034383 0.056661
v -0.055343 0.033432 0.056895
v -0.055392 0.033123 0.056592
v -0.055399 0.033108 0.056576
v -0.055534 0.032844 0.056047
v -0.055521 0.032870 0.056093
v -0.055755 0.032623 0.055617
v -0.056034 0.032481 0.055304
v -0.056343 0.032432 0.055140
v -0.056652 0.032481 0.055140
v -0.056931 0.032623 0.055305
v -0.057152 0.032844 0.055619
v -0.057274 0.033085 0.055990
v -0.057294 0.033123 0.056057
v -0.057338 0.033401 0.056568
v -0.060750 0.033612 0.055976
v -0.060799 0.033516 0.055783
v -0.060703 0.033911 0.056554
v -0.046690 0.031788 0.056613
v -0.060701 0.033921 0.056563
v -0.060713 0.033996 0.056634
v -0.092608 0.037196 0.024074
v -0.097553 0.037749 0.025132
v -0.104340 0.038787 0.026585
v -0.104340 0.038520 0.026254
v -0.104340 0.038702 0.025336
v -0.104340 0.038708 0.025291
v -0.104340 0.038787 0.024104
v -0.104340 0.038790 0.024063
v -0.104340 0.038941 0.024063
v -0.104340 0.039066 0.025291
v -0.104340 0.039067 0.025336
v -0.104340 0.039120 0.026254
v -0.104340 0.039123 0.026295
v -0.104340 0.039190 0.026585
v -0.097553 0.038772 0.025132
v -0.095608 0.038664 0.024716
v -0.104187 0.039196 0.026552
v -0.092608 0.038498 0.024074
v -0.070332 0.036413 0.019306
v -0.064994 0.035832 0.018200
v -0.061182 0.035416 0.017411
v -0.061182 0.034098 0.017411
v -0.061182 0.034976 0.013770
v -0.061182 0.034618 0.010849
v -0.061182 0.034454 0.009559
v -0.061182 0.034149 0.009559
v -0.061182 0.034098 0.009811
v -0.061182 0.035415 0.017369
v -0.061182 0.035412 0.017348
v -0.061182 0.034977 0.013786
v -0.061182 0.033428 0.013770
v -0.061182 0.033427 0.013788
v -0.061182 0.033166 0.017350
v -0.061182 0.033892 0.010845
v -0.061073 0.034605 0.010823
v -0.061073 0.034441 0.009533
v -0.062658 0.034197 0.056503
v -0.062652 0.034230 0.056503
v -0.062510 0.034508 0.056517
v -0.062289 0.034730 0.056537
v -0.046690 0.035312 0.054061
v -0.046690 0.033883 0.056613
v -0.046690 0.035936 0.050418
v -0.046690 0.033296 0.008870
v -0.062010 0.034872 0.056344
v -0.061701 0.034921 0.056207
v -0.061392 0.034872 0.056272
v -0.061114 0.034730 0.056533
v -0.061073 0.034689 0.056613
v -0.046690 0.033132 0.007580
v -0.060892 0.034508 0.056623
v -0.060750 0.034230 0.056632
v -0.032451 0.034003 0.054654
v -0.032451 0.032575 0.057205
v -0.032451 0.032785 0.012756
v -0.032451 0.032347 0.009945
v -0.041761 0.033100 0.057498
v -0.041673 0.033012 0.057667
v -0.032451 0.032164 0.058051
v -0.042890 0.033124 0.057617
v -0.042658 0.033242 0.057338
v -0.042349 0.033291 0.057191
v -0.042040 0.033242 0.057247
v -0.041540 0.032879 0.057673
v -0.041398 0.032600 0.057679
v -0.041349 0.032291 0.057681
v -0.041387 0.032048 0.057679
v -0.042349 0.031291 0.056708
v -0.042658 0.031340 0.056724
v -0.042740 0.031382 0.056777
v -0.032451 0.028807 0.054654
v -0.042155 0.031322 0.056801
v -0.032451 0.029548 0.012756
v -0.019054 0.033730 0.054951
v -0.019054 0.032301 0.057503
v -0.019054 0.032656 0.030187
v -0.019054 0.031253 0.009078
v -0.019054 0.027800 0.054951
v -0.019054 0.027321 0.030187
v -0.012051 0.033730 0.055171
v -0.012051 0.032997 0.037228
v -0.012051 0.032656 0.030187
v -0.012051 0.032315 0.023147
v -0.010677 0.027800 0.055171
v -0.006630 0.027800 0.055171
v -0.001210 0.034152 0.016107
v -0.001210 0.034514 0.023147
v -0.001210 0.034855 0.030187
v -0.041398 0.031982 0.057595
v -0.041484 0.031813 0.057366
v -0.042937 0.031482 0.056845
v -0.043158 0.031704 0.057026
v -0.043300 0.031982 0.057273
v -0.043321 0.032116 0.057399
v -0.043347 0.032279 0.057598
v -0.043349 0.032291 0.057598
v -0.043300 0.032600 0.057600
v -0.043158 0.032879 0.057606
v -0.042937 0.033100 0.057615
v -0.041761 0.031482 0.057010
v -0.042040 0.031340 0.056835
v -0.041540 0.031704 0.057253
v -0.042658 0.031340 0.049576
v -0.042937 0.031482 0.049576
v -0.042349 0.031291 0.049576
v -0.042040 0.031340 0.049576
v -0.041761 0.031482 0.049576
v -0.041540 0.031704 0.049576
v -0.041398 0.031982 0.049576
v -0.041349 0.032291 0.049576
v -0.041398 0.032600 0.049576
v -0.041540 0.032879 0.049576
v -0.041761 0.033100 0.049576
v -0.042040 0.033242 0.049576
v -0.042349 0.033291 0.049576
v -0.042658 0.033242 0.049576
v -0.042937 0.033100 0.049576
v -0.043158 0.032879 0.049576
v -0.043300 0.032600 0.049576
v -0.043349 0.032291 0.049576
v -0.043300 0.031982 0.049576
v -0.043158 0.031704 0.049576
v -0.042349 0.032291 0.049576
v -0.062676 0.033762 0.055677
v -0.062701 0.033921 0.055968
v -0.060860 0.033396 0.055565
v -0.060850 0.033416 0.055601
v -0.060828 0.033459 0.055679
v -0.061114 0.033112 0.054816
v -0.061392 0.032970 0.054382
v -0.061701 0.032921 0.054148
v -0.062010 0.032970 0.054137
v -0.060892 0.033333 0.055409
v -0.061701 0.034921 0.049576
v -0.061392 0.034872 0.049576
v -0.062010 0.034872 0.049576
v -0.062289 0.034730 0.049576
v -0.062510 0.034508 0.049576
v -0.062652 0.034230 0.049576
v -0.062701 0.033921 0.049576
v -0.062652 0.033612 0.049576
v -0.062510 0.033333 0.049576
v -0.062289 0.033112 0.049576
v -0.062010 0.032970 0.049576
v -0.061701 0.032921 0.049576
v -0.061392 0.032970 0.049576
v -0.061114 0.033112 0.049576
v -0.060892 0.033333 0.049576
v -0.060750 0.033612 0.049576
v -0.060701 0.033921 0.049576
v -0.060750 0.034230 0.049576
v -0.060892 0.034508 0.049576
v -0.061114 0.034730 0.049576
v -0.061701 0.033921 0.049576
vn -0.0000 -0.0000 1.0000
vn 1.0000 -0.0000 -0.0000
vn 0.9511 -0.3090 -0.0000
vn 0.9877 -0.1564 -0.0000
vn 0.8910 -0.4540 -0.0000
vn 0.8090 -0.5878 -0.0000
vn 0.5878 -0.8090 -0.0000
vn 0.3090 -0.9511 -0.0000
vn 0.1564 -0.9877 -0.0000
vn -0.0000 -1.0000 -0.0000
vn -0.3090 -0.9511 -0.0000
vn -0.4540 -0.8910 -0.0000
vn -0.5878 -0.8090 -0.0000
vn -0.8090 -0.5878 -0.0000
vn -0.9511 -0.3090 -0.0000
vn -1.0000 -0.0000 -0.0000
vn -0.9877 -0.1565 -0.0000
vn -0.9877 0.1564 -0.0000
vn -0.9511 0.3090 -0.0000
vn -0.8090 0.5878 -0.0000
vn -0.8910 0.4540 -0.0000
vn -0.5878 0.8090 -0.0000
vn -0.3090 0.9511 -0.0000
vn -0.3090 0.9510 -0.0000
vn -0.0000 1.0000 -0.0000
vn 0.3090 0.9511 -0.0000
vn 0.5878 0.8090 -0.0000
vn 0.8090 0.5878 -0.0000
vn 0.9511 0.3090 -0.0000
vn 0.9877 0.1564 -0.0000
vn -0.1546 -0.9048 0.3969
vn -0.1546 -0.9048 0.3968
vn -0.1576 -0.9103 0.3827
vn -0.1546 -0.9047 0.3969
vn -0.1563 -0.9108 0.3821
vn 0.0717 0.9113 0.4055
vn -0.0141 0.5313 0.8471
vn -0.0142 0.5313 0.8471
vn 0.0646 0.9073 0.4156
vn -0.1452 -0.5076 0.8493
vn -0.0926 -0.0000 0.9957
vn -0.0138 0.5314 0.8470
vn -0.0172 0.6702 0.7420
vn -0.1697 -0.6172 0.7683
vn -0.1568 -0.8707 0.4661
vn -0.1567 -0.8693 0.4688
vn -0.1586 -0.8902 0.4271
vn -0.0894 -0.3699 0.9248
vn -0.0923 -0.4670 0.8794
vn 0.0042 0.5309 0.8474
vn -0.0049 0.5316 0.8470
vn -0.0587 0.0012 0.9983
vn -0.2118 -0.0010 -0.9773
vn -0.2106 -0.0005 -0.9776
vn -0.2105 -0.0002 -0.9776
vn -0.2073 -0.0003 -0.9783
vn -0.2069 -0.0004 -0.9784
vn -0.2114 0.0016 -0.9774
vn -0.2071 0.0008 -0.9783
vn -0.2072 0.0004 -0.9783
vn -0.2104 0.0004 -0.9776
vn -0.2103 0.0008 -0.9776
vn 0.0383 0.9796 0.1972
vn 0.0495 0.9897 0.1341
vn 0.0618 0.9904 0.1240
vn 0.0517 0.9827 0.1777
vn 0.0699 0.9974 0.0201
vn 0.0639 0.9977 0.0221
vn 0.0687 0.9971 -0.0328
vn 0.0658 0.9974 -0.0287
vn 0.0674 0.9964 -0.0507
vn 0.0609 0.9971 -0.0459
vn 0.0588 0.9970 -0.0493
vn 0.0652 0.9963 -0.0554
vn 0.0550 0.9972 -0.0508
vn 0.0572 0.9967 -0.0578
vn 0.0481 0.9972 -0.0574
vn 0.0444 0.9968 -0.0666
vn 0.0045 0.9903 -0.1386
vn -0.0253 0.9892 -0.1440
vn -0.1139 0.6488 0.7524
vn 0.0648 0.9837 0.1675
vn 0.0963 0.9890 0.1122
vn -0.1087 0.6718 0.7328
vn -0.1831 -0.9627 0.1994
vn -0.1711 -0.9607 0.2186
vn -0.2578 -0.6068 0.7518
vn -0.2790 -0.6114 0.7405
vn -0.1750 -0.9732 0.1495
vn -0.1709 -0.9822 0.0779
vn -0.1713 -0.9808 0.0931
vn -0.1732 -0.9780 0.1163
vn -0.1541 -0.9869 0.0482
vn -0.1597 -0.9866 0.0329
vn -0.1304 -0.9913 -0.0157
vn -0.1463 -0.9890 -0.0232
vn -0.1157 -0.9932 -0.0114
vn -0.1416 -0.9896 -0.0252
vn -0.1289 -0.9916 -0.0094
vn -0.0863 -0.9961 0.0171
vn -0.0693 -0.9976 0.0022
vn -0.1167 -0.9931 -0.0085
vn -0.0650 -0.9979 0.0017
vn -0.1024 -0.9947 0.0041
vn -0.0550 -0.9976 0.0430
vn -0.0886 -0.9959 0.0161
vn -0.0574 -0.9979 0.0308
vn -0.0524 -0.9974 0.0491
vn -0.0863 -0.9963 0.0048
vn 0.0229 0.9662 0.2566
vn 0.0358 0.9860 0.1627
vn 0.0556 0.9982 0.0243
vn 0.0607 0.9980 -0.0200
vn 0.0573 0.9975 -0.0404
vn 0.0592 0.9971 -0.0485
vn 0.0615 0.9970 -0.0462
vn 0.0621 0.9968 -0.0500
vn 0.0498 0.9944 -0.0936
vn -0.0976 0.6134 0.7837
vn 0.0364 0.9667 0.2533
vn -0.2142 -0.5720 0.7918
vn -0.1601 -0.9365 0.3120
vn -0.1754 -0.9456 0.2740
vn -0.1689 -0.9711 0.1687
vn -0.1554 -0.9876 0.0218
vn -0.1509 -0.9881 -0.0294
vn -0.1519 -0.9877 -0.0383
vn -0.1526 -0.9877 -0.0347
vn -0.1318 -0.9909 -0.0290
vn -0.1475 -0.9885 -0.0336
vn -0.1189 -0.9922 -0.0365
vn 0.0374 0.9322 0.3601
vn 0.0483 0.9726 0.2273
vn 0.0618 0.9974 0.0380
vn 0.0682 0.9974 -0.0233
vn 0.0729 0.9961 -0.0487
vn 0.0771 0.9953 -0.0582
vn 0.0808 0.9953 -0.0535
vn 0.0848 0.9951 -0.0508
vn 0.0817 0.9943 -0.0691
vn 0.0572 0.9422 0.3301
vn -0.1569 -0.9648 0.2112
vn -0.1415 -0.9895 0.0283
vn -0.1364 -0.9903 -0.0266
vn -0.1353 -0.9901 -0.0370
vn -0.1348 -0.9904 -0.0320
vn -0.1371 -0.9896 -0.0442
vn -0.1411 -0.9876 -0.0691
vn -0.1404 -0.9875 -0.0715
vn 0.0494 0.8889 0.4555
vn 0.0612 0.9510 0.3031
vn 0.0751 0.9951 0.0648
vn 0.0809 0.9960 -0.0370
vn 0.0844 0.9946 -0.0608
vn 0.0846 0.9946 -0.0600
vn 0.0843 0.9946 -0.0609
vn 0.0868 0.9947 -0.0551
vn 0.0720 0.9113 0.4053
vn 0.0746 0.9240 0.3750
vn 0.0625 0.9119 0.4056
vn -0.1579 -0.9166 0.3673
vn -0.1558 -0.9493 0.2729
vn -0.1554 -0.9046 0.3968
vn -0.1493 -0.9880 0.0407
vn -0.1454 -0.9889 -0.0293
vn -0.1410 -0.9891 -0.0420
vn -0.1380 -0.9900 -0.0306
vn -0.1410 -0.9895 -0.0302
vn -0.1522 -0.9867 -0.0576
vn -0.1668 -0.9817 -0.0918
vn -0.1609 -0.9840 -0.0768
vn -0.1662 -0.9823 -0.0869
vn 0.0851 0.9949 -0.0541
vn 0.0875 0.9942 -0.0618
vn 0.0816 0.9949 -0.0599
vn 0.0801 0.9949 -0.0610
vn 0.0750 0.9920 -0.1012
vn 0.0829 0.9927 -0.0876
vn 0.0718 0.9885 -0.1329
vn 0.0787 0.9890 -0.1250
vn -0.1635 -0.9614 -0.2212
vn -0.1633 -0.9494 -0.2684
vn -0.1595 -0.8997 -0.4064
vn -0.1544 -0.9407 -0.3022
vn -0.1357 -0.9308 0.3393
vn -0.1325 -0.9895 0.0580
vn -0.1293 -0.9909 -0.0372
vn -0.1251 -0.9907 -0.0536
vn -0.1218 -0.9920 -0.0322
vn -0.1213 -0.9924 -0.0190
vn -0.1259 -0.9914 -0.0358
vn -0.1332 -0.9887 -0.0692
vn -0.1418 -0.9798 -0.1410
vn -0.1632 -0.9786 -0.1251
vn 0.0799 0.9953 -0.0538
vn 0.0866 0.9945 -0.0581
vn 0.0884 0.9952 -0.0418
vn 0.0853 0.9951 -0.0494
vn 0.0833 0.9951 -0.0538
vn 0.0812 0.9949 -0.0597
vn -0.1109 -0.9935 -0.0251
vn -0.1182 -0.9913 -0.0579
vn -0.1191 -0.9923 -0.0326
vn -0.1196 -0.9927 -0.0171
vn -0.1332 -0.9343 -0.3307
vn -0.1276 -0.9779 -0.1655
vn 0.0408 0.9976 -0.0563
vn 0.0340 0.9961 -0.0813
vn 0.0376 0.9978 -0.0549
vn 0.0402 0.9979 -0.0506
vn -0.0423 -0.2935 0.9550
vn -0.0620 -0.3825 0.9219
vn -0.0887 -0.7016 0.7070
vn -0.0427 -0.6089 0.7921
vn -0.0706 -0.9974 0.0138
vn -0.0910 -0.9947 -0.0489
vn -0.0860 -0.9956 -0.0380
vn -0.0943 -0.9953 -0.0199
vn -0.1214 -0.9922 -0.0296
vn -0.1319 -0.9335 -0.3334
vn -0.1008 -0.9759 -0.1935
vn -0.1854 0.9776 -0.0993
vn 0.0258 0.9941 -0.1054
vn -0.1764 0.9831 -0.0488
vn -0.0734 -0.3268 0.9422
vn -0.1335 0.5224 0.8422
vn -0.0226 0.5563 0.8307
vn -0.5871 -0.1642 -0.7927
vn -0.2807 -0.0319 -0.9593
vn -0.2806 -0.0319 -0.9593
vn -0.0381 -0.6493 0.7596
vn -0.0584 -0.9956 -0.0733
vn -0.0459 -0.9978 -0.0478
vn -0.0803 -0.9941 -0.0731
vn -0.3506 0.9211 -0.1692
vn -0.3233 0.9371 -0.1315
vn -0.0756 0.9913 -0.1080
vn -0.1522 0.9756 -0.1583
vn -0.1344 0.8708 0.4730
vn -0.3412 0.3335 0.8788
vn -0.3737 0.7741 0.5111
vn -0.8116 0.4463 -0.3770
vn -0.0385 0.9980 -0.0507
vn -0.1882 -0.4479 0.8740
vn -0.0246 -0.8111 0.5844
vn 0.0523 0.9905 0.1270
vn 0.0560 0.9909 0.1227
vn 0.0228 0.9940 0.1071
vn 0.0139 0.9931 0.1168
vn -0.0479 0.9944 0.0940
vn -0.0490 0.9943 0.0945
vn -0.0906 0.9954 0.0295
vn -0.1071 0.9934 0.0408
vn -0.1300 0.9776 -0.1657
vn -0.0690 0.9906 -0.1181
vn -0.0992 0.9924 -0.0724
vn -0.1415 0.9858 -0.0907
vn -0.0407 0.9920 -0.1192
vn -0.0150 0.9958 -0.0908
vn 0.0535 0.9963 -0.0671
vn 0.0414 0.9966 -0.0715
vn 0.0820 0.9947 -0.0620
vn 0.0652 0.9949 -0.0765
vn -0.3116 0.6678 0.6760
vn -0.2141 0.6663 0.7143
vn -0.5111 0.6757 0.5312
vn -0.6789 0.6865 0.2605
vn -0.7208 0.6913 -0.0499
vn -0.6419 0.6997 -0.3136
vn -0.5388 0.6966 -0.4737
vn -0.4467 0.6933 -0.5655
vn -0.3914 0.6890 -0.6100
vn -0.3523 -0.6295 0.6925
vn -0.4032 -0.6366 0.6574
vn -0.1452 -0.9835 0.1079
vn -0.1612 -0.9804 0.1136
vn -0.5585 -0.6401 0.5277
vn -0.1272 -0.9878 0.0901
vn -0.7154 -0.6285 0.3054
vn -0.1303 -0.9878 0.0857
vn -0.7141 -0.6496 -0.2609
vn -0.1458 -0.9893 -0.0040
vn -0.1337 -0.9886 0.0686
vn -0.7696 -0.6380 0.0246
vn -0.6218 -0.6473 -0.4409
vn -0.1414 -0.9886 -0.0510
vn -0.1386 -0.9897 -0.0357
vn -0.5516 -0.6438 -0.5304
vn -0.5220 -0.6400 -0.5639
vn -0.1539 -0.9879 -0.0213
vn -0.1377 -0.9871 0.0817
vn -0.1440 -0.9858 0.0862
vn -0.1006 -0.9932 0.0583
vn -0.0623 -0.9964 0.0575
vn -0.0701 -0.9942 0.0812
vn -0.1166 -0.9931 0.0100
vn -0.1194 -0.9917 -0.0476
vn -0.1063 -0.9943 0.0012
vn -0.1214 -0.9921 0.0310
vn -0.1787 -0.9560 -0.2327
vn -0.0572 -0.9763 -0.2087
vn -0.0692 -0.9713 -0.2276
vn -0.1789 -0.9438 -0.2780
vn -0.5896 0.5871 -0.5547
vn -0.2815 0.9541 -0.1017
vn -0.0392 0.9972 -0.0640
vn -0.0322 0.6952 -0.7181
vn 0.1011 0.9815 -0.1625
vn -0.0200 0.9978 -0.0630
vn -0.1892 0.9793 -0.0721
vn -0.1431 0.9825 -0.1193
vn -0.2466 0.9620 0.1170
vn -0.3979 0.8916 0.2161
vn -0.3011 0.8383 0.4545
vn -0.1137 0.9298 0.3500
vn 0.0297 0.9995 -0.0052
vn -0.2914 0.3072 0.9059
vn -0.1320 0.3956 0.9089
vn -0.1702 -0.4974 0.8506
vn -0.0327 -0.8495 0.5265
vn -0.0353 -0.8670 0.4971
vn -0.0546 -0.4967 0.8662
vn 0.0119 -0.8650 0.5017
vn 0.0241 -0.8704 0.4917
vn 0.0614 0.9961 0.0641
vn 0.0165 0.9992 0.0356
vn 0.0725 0.9939 -0.0829
vn 0.0733 0.9921 -0.1021
vn 0.0232 0.9960 -0.0861
vn 0.0251 0.9984 -0.0507
vn -0.1377 -0.8968 -0.4205
vn -0.1430 -0.9156 -0.3758
vn -0.0484 -0.9926 0.1111
vn -0.0983 -0.9919 0.0809
vn -0.1760 0.9841 0.0218
vn -0.1739 0.9804 -0.0929
vn -0.2212 -0.9236 -0.3130
vn -0.2308 -0.9132 -0.3360
vn -0.0000 -0.9920 0.1263
vn 0.0002 -0.9991 0.0423
vn -0.0129 -0.9994 -0.0310
vn -0.0392 -0.9989 -0.0240
vn -0.1401 -0.9723 -0.1868
vn -0.6237 -0.6819 -0.3821
vn -0.2958 -0.9170 -0.2677
vn 0.0031 -0.9989 0.0475
vn 0.0026 -0.9922 0.1244
vn -0.0148 -0.9998 -0.0137
vn -0.0306 -0.9991 -0.0287
vn -0.0413 -0.9989 -0.0198
vn -0.0597 -0.9980 -0.0206
vn -0.0763 -0.9961 -0.0435
vn -0.0944 -0.9936 -0.0627
vn -0.2013 -0.9626 -0.1813
vn 0.0050 -0.9983 0.0574
vn 0.0362 -0.9909 0.1300
vn 0.0180 -0.9918 0.1264
vn -0.0048 -0.9986 0.0524
vn -0.0266 -0.9996 -0.0037
vn -0.0023 -1.0000 -0.0007
vn -0.0476 -0.9988 -0.0094
vn -0.0143 -0.9999 -0.0044
vn -0.0671 -0.9976 -0.0140
vn -0.0399 -0.9991 -0.0114
vn -0.0815 -0.9961 -0.0341
vn -0.0670 -0.9973 -0.0303
vn -0.0897 -0.9944 -0.0563
vn -0.0863 -0.9948 -0.0544
vn -0.0900 -0.9943 -0.0578
vn -0.0873 -0.9941 -0.0638
vn -0.4104 -0.7369 -0.5371
vn -0.0295 -0.6357 -0.7714
vn -0.2541 0.9581 -0.1320
vn -0.0320 0.9948 -0.0965
vn -0.3772 0.9210 -0.0978
vn -0.2238 0.9692 -0.1030
vn -0.2166 0.9630 -0.1607
vn -0.0284 0.9946 -0.0998
vn -0.0286 0.9875 -0.1553
vn -0.2339 0.9711 -0.0484
vn -0.3873 0.9208 -0.0458
vn -0.2387 0.9699 -0.0491
vn -0.3923 0.9187 -0.0465
vn -0.2395 0.9698 -0.0467
vn -0.3931 0.9184 -0.0442
vn -0.2263 0.9732 -0.0400
vn -0.3745 0.9262 -0.0432
vn -0.3481 0.9337 -0.0837
vn -0.0401 0.9982 -0.0447
vn -0.3616 0.9320 -0.0241
vn -0.1211 0.9844 -0.1278
vn 0.1881 0.9529 -0.2380
vn 0.3090 -0.9510 -0.0000
vn 0.4540 -0.8910 -0.0000
vn -0.3093 -0.9510 -0.0000
vn -0.5880 -0.8088 -0.0000
vn -0.5881 -0.8088 -0.0000
vn -0.9510 -0.3090 -0.0000
vn -0.9877 -0.1564 -0.0000
vn 0.3090 0.9510 -0.0000
vn 0.8910 0.4540 -0.0000
vn -0.1345 -0.8750 0.4650
vn -0.1224 -0.7913 0.5990
vn -0.1224 -0.7914 0.5990
vn -0.1072 -0.6877 0.7180
vn -0.1154 -0.7588 0.6410
vn -0.1072 -0.6878 0.7180
vn -0.0894 -0.3705 0.9245
vn -0.2093 -0.0000 -0.9779
vn -0.2029 -0.0000 -0.9792
vn 0.0848 0.9903 -0.1099
vn 0.0928 0.9928 -0.0755
vn 0.0311 0.9985 -0.0444
vn 0.0252 0.9981 -0.0560
vn 0.0182 0.9975 -0.0681
vn -0.0383 0.9876 -0.1521
vn 0.0146 0.9947 -0.1013
vn 0.0269 0.9974 -0.0666
vn -0.0864 -0.9941 -0.0660
vn -0.0975 -0.9904 -0.0983
vn -0.1286 -0.9784 -0.1618
vn -0.1069 -0.9888 -0.1041
vn -0.1061 -0.9902 -0.0908
vn -0.0378 0.9737 -0.2248
vn 0.0266 0.9881 -0.1513
vn 0.0389 0.9963 -0.0765
vn 0.0534 0.9957 -0.0762
vn -0.1206 -0.9917 -0.0439
vn -0.1159 -0.9921 -0.0481
vn 0.0678 0.9948 -0.0758
vn 0.0846 0.9891 -0.1208
vn 0.0893 0.9886 -0.1210
vn 0.0810 0.9890 -0.1235
vn 0.0888 0.9884 -0.1230
vn -0.1707 -0.9663 -0.1927
vn -0.1677 -0.9704 -0.1738
vn -0.1646 -0.9741 -0.1547
vn -0.1653 -0.9836 -0.0721
vn -0.1655 -0.9828 -0.0819
vn -0.0897 0.9705 -0.2237
vn -0.5403 -0.0000 -0.8415
vn 0.0805 0.9888 -0.1258
vn 0.0881 0.9881 -0.1257
vn -0.2307 -0.0000 -0.9730
vn -0.1828 -0.0000 -0.9831
vn 0.0663 0.9406 0.3329
vn 0.0523 0.8713 0.4880
vn 0.0836 0.9934 0.0783
vn 0.0740 0.9896 -0.1235
vn 0.0503 0.8987 0.4357
vn -0.0050 0.5311 0.8473
vn -0.0049 0.5311 0.8473
vn 0.0570 0.8983 0.4356
vn 0.0738 0.9893 -0.1258
vn -0.0587 -0.0000 0.9983
vn -0.1320 -0.0000 -0.9912
vn -0.1323 -0.0000 -0.9912
vn 0.0422 0.9419 0.3333
vn 0.0333 0.8720 0.4883
vn 0.0755 0.9913 -0.1079
vn 0.0723 0.9879 -0.1373
vn 0.0644 0.8979 0.4354
vn 0.0135 0.5306 0.8475
vn 0.0028 0.5307 0.8475
vn 0.0366 0.8992 0.4360
vn -0.0416 -0.0000 0.9991
vn -0.0881 -0.4313 0.8979
vn -0.1415 -0.0000 -0.9899
vn -0.1416 -0.0000 -0.9899
vn -0.1089 -0.8543 0.5082
vn -0.1217 -0.8530 0.5075
vn -0.0941 -0.9382 0.3332
vn -0.0925 -0.8557 0.5091
vn -0.1249 -0.9899 -0.0668
vn 0.0007 0.9428 0.3334
vn -0.0044 0.8725 0.4886
vn 0.0407 0.9980 -0.0484
vn 0.0187 0.9903 -0.1378
vn -0.0023 0.8998 0.4363
vn -0.0446 -0.8586 0.5108
vn -0.0434 -0.9415 0.3343
vn -0.0974 -0.9947 -0.0321
vn -0.1711 0.9287 0.3290
vn -0.1620 0.8610 0.4822
vn -0.1747 0.9831 -0.0552
vn -0.1749 0.9834 -0.0476
vn -0.1749 0.9834 -0.0491
vn -0.0067 -0.8594 0.5113
vn -0.0044 -0.9424 0.3346
vn -0.0000 -0.9424 0.3346
vn 0.0274 -0.9890 0.1451
vn 0.0547 -0.9879 0.1449
vn -0.0278 0.9985 -0.0479
vn -0.0274 0.9984 -0.0499
vn -0.0274 0.9985 -0.0483
vn -0.1105 -0.9927 -0.0478
vn 0.1006 0.9941 -0.0407
vn -0.1171 -0.7771 0.6184
vn -0.1091 -0.7343 0.6700
vn -0.1006 -0.6882 0.7185
vn -0.0881 -0.4314 0.8979
vn 0.4540 0.8910 -0.0000
vn -0.1564 0.9877 -0.0000
vn -0.9510 -0.3091 -0.0000
vn -0.7071 -0.7071 -0.0000
vn -0.3090 -0.9510 -0.0000
vn 0.9510 -0.3090 -0.0000
vn -0.1568 -0.8706 0.4664
vn -0.1568 -0.8708 0.4660
vn -0.1569 -0.8721 0.4634
vn -0.1421 -0.8707 0.4708
vn -0.1341 -0.8516 0.5067
vn -0.1574 -0.9043 0.3968
vn 1.0000 -0.0001 -0.0000
vn 0.8090 0.5877 -0.0000
vt 0.351397 0.107966
vt 0.343750 0.156250
vt 0.500000 0.150000
vt 0.373591 0.064409
vt 0.408159 0.029841
vt 0.451716 0.007647
vt 0.500000 -0.000000
vt 0.548284 0.007647
vt 0.591842 0.029841
vt 0.626409 0.064408
vt 0.648603 0.107966
vt 0.656250 0.156250
vt 0.648603 0.204534
vt 0.626409 0.248091
vt 0.591841 0.282659
vt 0.548284 0.304853
vt 0.500000 0.312500
vt 0.451716 0.304853
vt 0.408159 0.282659
vt 0.373591 0.248091
vt 0.351397 0.204534
vt 0.487500 0.397434
vt 0.487500 0.312500
vt 0.475000 0.312500
vt 0.475000 0.409080
vt 0.484687 0.400495
vt 0.485825 0.399257
vt 0.466153 0.416639
vt 0.470164 0.413184
vt 0.462500 0.312500
vt 0.462500 0.416711
vt 0.462500 0.416711
vt 0.450000 0.312500
vt 0.450000 0.417098
vt 0.437500 0.312500
vt 0.437500 0.417586
vt 0.436770 0.417617
vt 0.437500 0.417586
vt 0.425000 0.312500
vt 0.425000 0.414965
vt 0.436615 0.417582
vt 0.425000 0.414965
vt 0.412500 0.312500
vt 0.412500 0.415943
vt 0.404518 0.418929
vt 0.412500 0.415943
vt 0.400000 0.312500
vt 0.400000 0.419154
vt 0.404373 0.418983
vt 0.387500 0.312500
vt 0.387500 0.419541
vt 0.387500 0.419541
vt 0.375000 0.312500
vt 0.375000 0.419789
vt 0.625000 0.419789
vt 0.625000 0.312500
vt 0.612500 0.312500
vt 0.612500 0.410568
vt 0.617724 0.414941
vt 0.623443 0.419800
vt 0.600112 0.398603
vt 0.603314 0.402086
vt 0.605001 0.403922
vt 0.600000 0.312500
vt 0.600000 0.398480
vt 0.600000 0.398480
vt 0.587500 0.312500
vt 0.587500 0.385135
vt 0.591121 0.389256
vt 0.597223 0.395595
vt 0.597716 0.396108
vt 0.575000 0.312500
vt 0.575000 0.372970
vt 0.562500 0.312500
vt 0.562500 0.364055
vt 0.550000 0.312500
vt 0.550000 0.359262
vt 0.537500 0.312500
vt 0.537500 0.359060
vt 0.525000 0.312500
vt 0.525000 0.363469
vt 0.525000 0.363469
vt 0.512500 0.312500
vt 0.512500 0.372058
vt 0.500000 0.312500
vt 0.500000 0.383986
vt 0.489633 0.395236
vt 0.489969 0.394889
vt 0.494195 0.390533
vt 0.487500 0.397434
vt 0.488009 0.396910
vt 0.625000 0.044363
vt 0.625000 0.041937
vt 0.625000 0.023733
vt 0.625000 0.032331
vt 0.625000 0.044490
vt 0.625000 0.046279
vt 0.625000 0.046829
vt 0.625000 0.048717
vt 0.625000 0.050000
vt 0.625000 0.048717
vt 0.625000 0.050000
vt 0.625000 0.039586
vt 0.625000 0.044158
vt 0.625000 0.150152
vt 0.625000 0.150000
vt 0.625000 0.150000
vt 0.625000 0.150539
vt 0.624999 0.109606
vt 0.625000 0.109055
vt 0.625000 0.135120
vt 0.625000 0.149604
vt 0.625000 0.150000
vt 0.625000 0.150000
vt 0.625000 0.100000
vt 0.625000 0.089388
vt 0.625000 0.100000
vt 0.625000 0.076786
vt 0.624999 0.089387
vt 0.625000 0.050000
vt 0.625000 0.044158
vt 0.625000 0.044522
vt 0.625000 0.094754
vt 0.625000 0.150000
vt 0.625000 0.134495
vt 0.625000 0.115441
vt 0.475339 0.050397
vt 0.541667 0.030919
vt 0.541667 0.083333
vt 0.458333 0.083333
vt 0.458333 0.050648
vt 0.475033 0.050567
vt 0.475036 0.189307
vt 0.458333 0.188982
vt 0.458333 0.166667
vt 0.541667 0.166667
vt 0.541667 0.181111
vt 0.475339 0.189256
vt 0.625000 0.200000
vt 0.625000 0.250000
vt 0.656250 0.250000
vt 0.687500 0.250000
vt 0.718750 0.250000
vt 0.750000 0.250000
vt 0.781250 0.250000
vt 0.812500 0.250000
vt 0.843750 0.250000
vt 0.625000 0.000000
vt 0.656250 0.000000
vt 0.687500 0.000000
vt 0.718750 0.000000
vt 0.750000 0.000000
vt 0.781250 0.000000
vt 0.812500 0.000000
vt 0.843750 0.000000
vt 0.875000 0.000000
vt 0.861711 0.000000
vt 0.858448 0.000000
vt 0.843807 0.250000
vt 0.843813 0.000000
vt 0.625000 0.150131
vt 0.625000 0.159940
vt 0.625000 0.158564
vt 0.625000 0.150000
vt 0.625000 0.150131
vt 0.625000 0.018430
vt 0.625000 0.009643
vt 0.625000 0.005209
vt 0.625000 0.005562
vt 0.625000 0.010667
vt 0.625000 0.020025
vt 0.625000 0.032719
vt 0.625000 0.039586
vt 0.625000 0.034930
vt 0.625000 0.030709
vt 0.625000 0.050000
vt 0.625000 0.048098
vt 0.625000 0.043961
vt 0.625000 0.050000
vt 0.625000 0.048099
vt 0.625000 0.044490
vt 0.625000 0.041412
vt 0.625000 0.034930
vt 0.625000 0.021837
vt 0.625000 0.041412
vt 0.625000 0.044522
vt 0.625000 0.046279
vt 0.843408 0.000000
vt 0.843750 0.000000
vt 0.875000 0.250000
vt 0.875000 0.050000
vt 0.875000 0.100000
vt 0.875000 0.150000
vt 0.875000 0.200000
vt 0.656250 0.200000
vt 0.687500 0.200000
vt 0.718750 0.200000
vt 0.781250 0.200000
vt 0.750000 0.200000
vt 0.812500 0.200000
vt 0.843750 0.200000
vt 0.656250 0.150000
vt 0.687500 0.150000
vt 0.718750 0.150000
vt 0.750000 0.150000
vt 0.781250 0.150000
vt 0.812500 0.150000
vt 0.843750 0.150000
vt 0.656250 0.100000
vt 0.656250 0.050000
vt 0.687500 0.100000
vt 0.687500 0.050000
vt 0.718750 0.100000
vt 0.718750 0.050000
vt 0.781250 0.100000
vt 0.781250 0.050000
vt 0.750000 0.050000
vt 0.750000 0.100000
vt 0.812500 0.100000
vt 0.812500 0.050000
vt 0.843750 0.050000
vt 0.843750 0.100000
vt 0.500000 0.700000
vt 0.375000 0.700000
vt 0.375000 0.750000
vt 0.500000 0.750000
vt 0.500000 0.600000
vt 0.625000 0.600000
vt 0.625000 0.550000
vt 0.500000 0.550000
vt 0.375000 0.550000
vt 0.375000 0.600000
vt 0.375000 0.281250
vt 0.500000 0.281250
vt 0.500000 0.250000
vt 0.500000 0.200000
vt 0.375000 0.200000
vt 0.375000 0.250000
vt 0.375000 0.150000
vt 0.500000 0.100000
vt 0.500000 0.050000
vt 0.375000 0.050000
vt 0.375000 0.100000
vt 0.500000 0.000000
vt 0.375000 0.000000
vt 0.375000 0.937500
vt 0.375000 0.968750
vt 0.500000 0.968750
vt 0.500000 0.937500
vt 0.625000 0.906250
vt 0.500000 0.906250
vt 0.625000 0.937500
vt 0.375000 0.906250
vt 0.625000 0.875000
vt 0.500000 0.875000
vt 0.375000 0.875000
vt 0.500000 0.843750
vt 0.625000 0.843750
vt 0.375000 0.843750
vt 0.625000 0.812500
vt 0.500000 0.812500
vt 0.375000 0.812500
vt 0.625000 0.781250
vt 0.500000 0.781250
vt 0.375000 0.781250
vt 0.625000 0.750000
vt 0.625000 0.700000
vt 0.500000 0.650000
vt 0.625000 0.650000
vt 0.375000 0.650000
vt 0.500000 0.500000
vt 0.625000 0.500000
vt 0.375000 0.500000
vt 0.625000 0.468750
vt 0.500000 0.468750
vt 0.375000 0.468750
vt 0.500000 0.437500
vt 0.625000 0.437500
vt 0.500000 0.406250
vt 0.625000 0.406250
vt 0.500000 0.375000
vt 0.625000 0.375000
vt 0.500000 0.343750
vt 0.625000 0.343750
vt 0.625000 0.312500
vt 0.375000 0.343750
vt 0.625000 0.281250
vt 0.487500 0.444461
vt 0.475000 0.448939
vt 0.477708 0.448927
vt 0.462500 0.449096
vt 0.462500 0.449096
vt 0.450000 0.449341
vt 0.450000 0.449341
vt 0.437500 0.447015
vt 0.442628 0.449522
vt 0.437500 0.447015
vt 0.425000 0.444447
vt 0.412500 0.445674
vt 0.412500 0.445674
vt 0.400000 0.450575
vt 0.399948 0.450609
vt 0.387500 0.450885
vt 0.387500 0.450885
vt 0.375000 0.451042
vt 0.614830 0.451086
vt 0.625000 0.451042
vt 0.612500 0.450074
vt 0.600000 0.444373
vt 0.599311 0.444074
vt 0.587500 0.434129
vt 0.588641 0.434998
vt 0.575000 0.426039
vt 0.562500 0.420164
vt 0.562500 0.420164
vt 0.550000 0.417080
vt 0.537500 0.417089
vt 0.537500 0.417089
vt 0.525000 0.420190
vt 0.512500 0.426079
vt 0.501730 0.433059
vt 0.500000 0.434317
vt 0.500000 0.434317
vt 0.488743 0.443921
vt 0.625000 0.061279
vt 0.625000 0.050000
vt 0.625000 0.050000
vt 0.625000 0.054023
vt 0.625000 0.084376
vt 0.625000 0.095240
vt 0.625000 0.096787
vt 0.625000 0.079030
vt 0.625000 0.078118
vt 0.625000 0.100000
vt 0.625000 0.095786
vt 0.625000 0.095240
vt 0.625000 0.084376
vt 0.625000 0.086090
vt 0.625000 0.100000
vt 0.625000 0.100000
vt 0.625000 0.078118
vt 0.625000 0.050000
vt 0.541667 0.030919
vt 0.557043 0.027581
vt 0.585686 0.026666
vt 0.624114 0.039981
vt 0.625000 0.039914
vt 0.625000 0.083333
vt 0.625000 0.039914
vt 0.649403 0.041726
vt 0.652652 0.041650
vt 0.729311 0.070111
vt 0.733082 0.071043
vt 0.832281 0.083333
vt 0.835667 0.083661
vt 0.835667 0.102053
vt 0.733082 0.117270
vt 0.729310 0.117446
vt 0.652651 0.123818
vt 0.649189 0.124219
vt 0.625000 0.132364
vt 0.585687 0.157912
vt 0.574419 0.166667
vt 0.625000 0.132364
vt 0.624114 0.134889
vt 0.557043 0.178794
vt 0.541667 0.181111
vt 0.574419 0.166667
vt 0.428002 0.177981
vt 0.397086 0.166667
vt 0.458333 0.188982
vt 0.397086 0.154943
vt 0.375000 0.158585
vt 0.375000 0.083333
vt 0.262298 0.133428
vt 0.171890 0.113025
vt 0.131949 0.103652
vt 0.131949 0.086209
vt 0.139764 0.083333
vt 0.373726 0.158496
vt 0.373051 0.158358
vt 0.262797 0.133510
vt 0.262298 0.045041
vt 0.262869 0.044996
vt 0.373116 0.030090
vt 0.373726 0.029996
vt 0.375000 0.029783
vt 0.171765 0.071567
vt 0.428002 0.043060
vt 0.843959 0.250000
vt 0.875000 0.200000
vt 0.875000 0.248251
vt 0.875000 0.248251
vt 0.875000 0.250000
vt 0.875000 0.150000
vt 0.875000 0.198251
vt 0.875000 0.098407
vt 0.875000 0.051749
vt 0.875000 0.100000
vt 0.875000 0.050000
vt 0.875000 0.051749
vt 0.875000 0.001749
vt 0.875000 0.050000
vt 0.875000 0.001749
vt 0.858448 0.250000
vt 0.857096 0.250000
vt 0.853032 0.250000
vt 0.857096 0.250000
vt 0.846765 0.250000
vt 0.857096 0.000000
vt 0.858448 0.000000
vt 0.846765 0.000000
vt 0.857096 0.000000
vt 0.846160 0.250000
vt 0.846765 0.250000
vt 0.843867 0.250000
vt 0.843944 0.250000
vt 0.875000 0.249686
vt 0.875000 0.200000
vt 0.875000 0.090216
vt 0.875000 0.050314
vt 0.875000 0.050000
vt 0.875000 0.000314
vt 0.843946 0.000000
vt 0.843984 0.000000
vt 0.861828 0.250000
vt 0.875000 0.124985
vt 0.875000 0.150000
vt 0.875000 0.200000
vt 0.875000 0.150000
vt 0.625000 0.150000
vt 0.625000 0.147049
vt 0.625000 0.131051
vt 0.625000 0.103928
vt 0.624999 0.108392
vt 0.625000 0.100000
vt 0.625000 0.102561
vt 0.625000 0.125511
vt 0.625000 0.144817
vt 0.625000 0.150000
vt 0.875000 0.150000
vt 0.875000 0.100000
vt 0.625000 0.162628
vt 0.625000 0.171777
vt 0.625000 0.168995
vt 0.625000 0.154553
vt 0.625000 0.150000
vt 0.625000 0.158281
vt 0.625000 0.167430
vt 0.625000 0.164648
vt 0.625000 0.150103
vt 0.625000 0.137969
vt 0.625000 0.117457
vt 0.625000 0.100000
vt 0.625000 0.100000
vt 0.625000 0.104236
vt 0.625000 0.123939
vt 0.625000 0.142460
vt 0.625000 0.150000
vt 0.625000 0.150000
vt 0.625000 0.159780
vt 0.625000 0.150000
vt 0.625000 0.150000
vt 0.625000 0.167045
vt 0.625000 0.176474
vt 0.625000 0.173970
vt 0.625000 0.139884
vt 0.625000 0.142477
vt 0.625000 0.125908
vt 0.625000 0.110617
vt 0.625000 0.100000
vt 0.625000 0.048329
vt 0.625000 0.048895
vt 0.625000 0.050000
vt 0.625000 0.050000
vt 0.500000 1.000000
vt 0.625000 1.000000
vt 0.625000 0.968750
vt 0.375000 1.000000
vt 0.375000 0.437500
vt 0.375000 0.406250
vt 0.375000 0.375000
vt 0.846160 0.000000
vt 0.843867 0.000000
vt 0.843750 0.250000
vt 0.843408 0.250000
vt 0.843551 0.250000
vt 0.625000 0.100000
vt 0.625000 0.095014
vt 0.625000 0.081719
vt 0.625000 0.050000
vt 0.625000 0.054521
vt 0.625000 0.065759
vt 0.625000 0.080715
vt 0.625000 0.088171
vt 0.625000 0.100000
vt 0.625000 0.100541
vt 0.625000 0.115005
vt 0.625000 0.133202
vt 0.625000 0.148265
vt 0.625000 0.138548
vt 0.625000 0.061361
vt 0.625000 0.051697
vt 0.625000 0.050000
vt 0.625000 0.081719
vt 0.625000 0.075173
vt 0.625000 0.088171
vt 0.625000 0.100000
vt 0.537500 0.446857
vt 0.525000 0.449136
vt 0.533803 0.447852
vt 0.550000 0.446555
vt 0.557857 0.448310
vt 0.562500 0.448940
vt 0.575000 0.452231
vt 0.587500 0.456797
vt 0.600000 0.463218
vt 0.587500 0.456797
vt 0.592427 0.458922
vt 0.602666 0.464812
vt 0.612500 0.464842
vt 0.600000 0.463218
vt 0.625000 0.464804
vt 0.387500 0.464693
vt 0.375000 0.464804
vt 0.400000 0.461409
vt 0.395007 0.464589
vt 0.412500 0.456678
vt 0.425000 0.455640
vt 0.412500 0.456678
vt 0.437500 0.458397
vt 0.447925 0.463636
vt 0.450000 0.463600
vt 0.437500 0.458397
vt 0.462500 0.463427
vt 0.475000 0.463316
vt 0.487500 0.463277
vt 0.494584 0.459537
vt 0.500000 0.457182
vt 0.488020 0.463279
vt 0.512500 0.452537
vt 0.512500 0.452537
vt 0.625000 0.084600
vt 0.625000 0.070736
vt 0.625000 0.050000
vt 0.625000 0.050000
vt 0.625000 0.051273
vt 0.625000 0.100000
vt 0.625000 0.084600
vt 0.625000 0.051273
vt 0.625000 0.068608
vt 0.625000 0.045804
vt 0.625000 0.050000
vt 0.625000 0.049109
vt 0.625000 0.040930
vt 0.625000 0.035126
vt 0.625000 0.032268
vt 0.625000 0.032633
vt 0.625000 0.046505
vt 0.625000 0.045857
vt 0.625000 0.036187
vt 0.625000 0.048008
vt 0.625000 0.046505
vt 0.625000 0.042582
vt 0.625000 0.048008
vt 0.625000 0.050000
vt 0.625000 0.031428
vt 0.625000 0.023235
vt 0.625000 0.019002
vt 0.625000 0.019142
vt 0.625000 0.021837
vt 0.625000 0.045750
vt 0.625000 0.042777
vt 0.425000 0.437140
vt 0.412500 0.438366
vt 0.437500 0.439708
vt 0.425000 0.437140
vt 0.445300 0.443527
vt 0.450000 0.443344
vt 0.444986 0.443368
vt 0.462500 0.442957
vt 0.475000 0.442708
vt 0.462500 0.442957
vt 0.476314 0.442699
vt 0.487500 0.432639
vt 0.493937 0.427170
vt 0.494417 0.426769
vt 0.500000 0.421014
vt 0.512500 0.410108
vt 0.525000 0.402247
vt 0.512500 0.410108
vt 0.530014 0.400624
vt 0.537500 0.398224
vt 0.525000 0.402247
vt 0.550000 0.398431
vt 0.562500 0.402833
vt 0.575000 0.410999
vt 0.562500 0.402833
vt 0.587500 0.422130
vt 0.575000 0.410999
vt 0.591242 0.425753
vt 0.593168 0.427219
vt 0.595720 0.429162
vt 0.600000 0.432802
vt 0.590343 0.425069
vt 0.612116 0.443655
vt 0.612500 0.443831
vt 0.600000 0.432803
vt 0.615557 0.445158
vt 0.625000 0.445117
vt 0.612500 0.443831
vt 0.387500 0.444960
vt 0.375000 0.445117
vt 0.400000 0.443267
vt 0.397694 0.444760
vt 0.412500 0.438366
s 1
usemtl lambert1
f 2774/1364/2912 2775/1365/2912 2776/1366/2912
f 2777/1367/2912 2774/1364/2912 2776/1366/2912
f 2778/1368/2912 2777/1367/2912 2776/1366/2912
f 2779/1369/2912 2778/1368/2912 2776/1366/2912
f 2780/1370/2912 2779/1369/2912 2776/1366/2912
f 2781/1371/2912 2780/1370/2912 2776/1366/2912
f 2782/1372/2912 2781/1371/2912 2776/1366/2912
f 2783/1373/2912 2782/1372/2912 2776/1366/2912
f 2784/1374/2912 2783/1373/2912 2776/1366/2912
f 2785/1375/2912 2784/1374/2912 2776/1366/2912
f 2786/1376/2912 2785/1375/2912 2776/1366/2912
f 2787/1377/2912 2786/1376/2912 2776/1366/2912
f 2788/1378/2912 2787/1377/2912 2776/1366/2912
f 2789/1379/2912 2788/1378/2912 2776/1366/2912
f 2790/1380/2912 2789/1379/2912 2776/1366/2912
f 2791/1381/2912 2790/1380/2912 2776/1366/2912
f 2792/1382/2912 2791/1381/2912 2776/1366/2912
f 2793/1383/2912 2792/1382/2912 2776/1366/2912
f 2794/1384/2912 2793/1383/2912 2776/1366/2912
f 2775/1365/2912 2794/1384/2912 2776/1366/2912
f 2795/1385/2913 2775/1386/2913 2774/1387/2914 2796/1388/2914 2797/1389/2915 2798/1390/2915
f 2799/1391/2916 2800/1392/2916 2796/1388/2914 2774/1387/2914 2777/1393/2917 2801/1394/2917
f 2801/1395/2917 2777/1393/2917 2778/1396/2918 2802/1397/2918
f 2802/1397/2918 2778/1396/2918 2779/1398/2919 2803/1399/2919
f 2804/1400/2920 2803/1401/2919 2779/1398/2919 2780/1402/2921 2805/1403/2921 2806/1404/2920
f 2805/1405/2921 2780/1402/2921 2781/1406/2922 2807/1407/2922
f 2808/1408/2923 2807/1409/2922 2781/1406/2922 2782/1410/2924 2809/1411/2924 2810/1412/2923
f 2809/1411/2924 2782/1410/2924 2783/1413/2925 2811/1414/2925
f 2811/1415/2925 2783/1413/2925 2784/1416/2926 2812/1417/2926
f 2812/1418/2926 2784/1419/2926 2785/1420/2927 2813/1421/2927 2814/1422/2928 2815/1423/2928
f 2816/1424/2929 2817/1425/2929 2818/1426/2929 2813/1421/2927 2785/1420/2927 2786/1427/2930 2819/1428/2930
f 2819/1429/2930 2786/1427/2930 2787/1430/2931 2820/1431/2931 2821/1432/2932 2822/1433/2932 2823/1434/2932
f 2820/1431/2931 2787/1430/2931 2788/1435/2933 2824/1436/2933
f 2824/1436/2933 2788/1435/2933 2789/1437/2934 2825/1438/2935
f 2825/1438/2935 2789/1437/2934 2790/1439/2936 2826/1440/2936
f 2826/1440/2936 2790/1439/2936 2791/1441/2937 2827/1442/2937
f 2827/1442/2937 2791/1441/2937 2792/1443/2938 2828/1444/2938
f 2828/1445/2938 2792/1443/2938 2793/1446/2939 2829/1447/2939
f 2829/1447/2939 2793/1446/2939 2794/1448/2940 2830/1449/2940
f 2831/1450/2941 2832/1451/2941 2833/1452/2941 2830/1449/2940 2794/1448/2940 2775/1386/2913 2795/1453/2913 2834/1454/2941
f 2819/1455/2942 2823/1456/2943 2835/1457/2943 2836/1458/2942 2816/1459/2942
f 2834/1460/2943 2795/1461/2943 2798/1462/2942 2837/1463/2944
f 2798/1464/2942 2797/1465/2945 2837/1463/2944
f 2833/1466/2946 2832/1467/2943 2837/1463/2944
f 2808/1468/2947 2810/1469/2948 2838/1470/2949 2839/1471/2950
f 2799/1472/2951 2801/1473/2952 2802/1474/2952 2803/1475/2952 2804/1476/2953 2840/1477/2954 2841/1478/2955
f 2800/1479/2956 2799/1480/2951 2841/1478/2955
f 2796/1481/2957 2800/1482/2956 2841/1478/2955 2837/1463/2958 2797/1483/2957
f 2832/1484/2943 2831/1485/2943 2837/1463/2944
f 2842/1486/2959 2843/1478/2960 2845/1477/2961 2846/1487/2962 2847/1488/2963 2844/1489/2963
f 2851/1490/2964 2850/1491/2965 2848/1492/2966 2849/1493/2967 2853/1494/2968 2852/1495/2964
f 2857/1496/2969 2856/1497/2970 2854/1498/2971 2855/1499/2972 2859/1500/2973 2858/1501/2969
f 2860/1502/2974 2861/1503/2975 2863/1503/2976 2862/1502/2977
f 2864/1504/2978 2863/1503/2976 2861/1503/2975 2865/1504/2979
f 2866/1505/2980 2864/1504/2978 2865/1504/2979 2867/1505/2981
f 2868/1506/2982 2866/1505/2980 2867/1505/2981 2869/1506/2983
f 2870/1507/2984 2871/1507/2985 2868/1506/2982 2869/1506/2983
f 2871/1507/2985 2870/1507/2984 2873/1508/2986 2872/1508/2987
f 2872/1508/2987 2873/1508/2986 2875/1509/2988 2874/1509/2989
f 2874/1509/2989 2875/1509/2988 2877/1510/2990 2876/1510/2991
f 2878/1477/2992 2860/1502/2993 2862/1502/2994 2879/1477/2995
f 2880/1463/2996 2881/1463/2997 2883/1478/2998 2882/1478/2999
f 2881/1463/3000 2880/1463/3001 2885/1511/3002 2884/1511/3003
f 2886/1512/3004 2887/1512/3005 2884/1511/3003 2885/1511/3002
f 2888/1513/3006 2889/1513/3007 2887/1512/3005 2886/1512/3004
f 2890/1514/3008 2891/1514/3009 2889/1513/3007 2888/1513/3006
f 2892/1515/3010 2891/1514/3009 2890/1514/3008 2893/1515/3011
f 2893/1515/3011 2894/1516/3012 2895/1516/3013 2892/1515/3010
f 2894/1516/3012 2896/1517/3014 2897/1517/3015 2895/1516/3013
f 2896/1517/3014 2898/1518/3016 2899/1518/3017 2897/1517/3015
f 2899/1518/3017 2898/1518/3016 2902/1519/3018 2900/1519/3018 2901/1520/3019 2903/1521/3020
f 2904/1502/3021 2905/1503/3022 2861/1503/2975 2860/1502/2974
f 2905/1503/3022 2906/1504/3023 2865/1504/2979 2861/1503/2975
f 2906/1504/3023 2907/1505/3024 2867/1505/2981 2865/1504/2979
f 2908/1506/3025 2869/1506/2983 2867/1505/2981 2907/1505/3024
f 2909/1507/3026 2870/1507/2984 2869/1506/2983 2908/1506/3025
f 2910/1508/3027 2873/1508/2986 2870/1507/2984 2909/1507/3026
f 2911/1509/3028 2875/1509/2988 2873/1508/2986 2910/1508/3027
f 2912/1510/3029 2877/1510/2990 2875/1509/2988 2911/1509/3028
f 2913/1477/3030 2904/1502/3031 2860/1502/2993 2878/1477/2992
f 2914/1478/3032 2883/1478/2998 2881/1463/2997 2915/1463/3033
f 2915/1463/3034 2881/1463/3000 2884/1511/3003 2916/1511/3035
f 2917/1512/3036 2887/1512/3005 2889/1513/3007 2918/1513/3037
f 2919/1514/3038 2918/1513/3037 2889/1513/3007 2891/1514/3009
f 2920/1515/3039 2919/1514/3038 2891/1514/3009 2892/1515/3010
f 2921/1517/3040 2922/1516/3041 2895/1516/3013 2897/1517/3015
f 2923/1518/3042 2921/1517/3040 2897/1517/3015 2899/1518/3017
f 2924/1502/3043 2925/1503/3044 2905/1503/3022 2904/1502/3021
f 2926/1504/3045 2927/1505/3046 2907/1505/3024 2906/1504/3023
f 2927/1505/3046 2928/1506/3047 2908/1506/3025 2907/1505/3024
f 2929/1507/3048 2909/1507/3026 2908/1506/3025 2928/1506/3047
f 2930/1508/3049 2910/1508/3027 2909/1507/3026 2929/1507/3048
f 2931/1509/3050 2911/1509/3028 2910/1508/3027 2930/1508/3049
f 2857/1522/3051 2912/1510/3029 2911/1509/3028 2931/1509/3050
f 2840/1477/2954 2924/1502/3052 2904/1502/3031 2913/1477/3030
f 2915/1463/3033 2837/1463/2958 2841/1478/2955 2914/1478/3032
f 2837/1463/2944 2915/1463/3034 2916/1511/3035 2932/1511/3053
f 2932/1511/3053 2916/1511/3035 2917/1512/3036 2933/1512/3054
f 2933/1512/3054 2917/1512/3036 2918/1513/3037 2934/1513/3055
f 2934/1513/3055 2918/1513/3037 2919/1514/3038 2935/1514/3056
f 2935/1514/3056 2919/1514/3038 2920/1515/3039 2936/1515/3057
f 2937/1516/3058 2936/1515/3057 2920/1515/3039 2922/1516/3041
f 2938/1517/3059 2937/1516/3058 2922/1516/3041 2921/1517/3040
f 2852/1523/3060 2938/1517/3059 2921/1517/3040 2923/1518/3042
f 2939/1502/3061 2940/1503/3062 2925/1503/3044 2924/1502/3043
f 2940/1503/3062 2941/1504/3063 2926/1504/3045 2925/1503/3044
f 2942/1505/3064 2943/1506/3065 2928/1506/3047 2927/1505/3046
f 2944/1507/3066 2929/1507/3048 2928/1506/3047 2943/1506/3065
f 2945/1508/3067 2930/1508/3049 2929/1507/3048 2944/1507/3066
f 2930/1508/3049 2945/1508/3067 2946/1509/3068 2931/1509/3050
f 2924/1502/3052 2840/1477/2954 2806/1524/3069 2805/1525/3070 2807/1526/3070 2808/1468/2947 2839/1471/2950 2939/1502/3071
f 2804/1527/2953 2806/1528/3069 2840/1477/2954
f 2824/1529/3072 2825/1530/3072 2826/1531/3072 2827/1532/3072 2828/1533/3072 2829/1534/3072 2830/1535/3072 2833/1536/2946 2837/1463/2944 2932/1511/3053 2947/1511/3073 2821/1537/2946 2820/1538/3072
f 2818/1539/2943 2817/1540/2943 2948/1541/2943 2949/1542/2943
f 2817/1543/2943 2816/1544/2942 2836/1458/2942 2948/1541/2943
f 2822/1545/2943 2821/1546/2946 2947/1511/3073 2950/1547/3074
f 2823/1456/2943 2822/1548/2943 2950/1547/3074 2835/1457/2943
f 2831/1549/2943 2834/1550/2943 2837/1463/2944
f 2947/1511/3073 2932/1511/3053 2933/1512/3054 2951/1512/3075
f 2952/1513/3076 2934/1513/3055 2935/1514/3056 2953/1514/3077
f 2954/1515/3078 2953/1514/3077 2935/1514/3056 2936/1515/3057
f 2955/1516/3079 2954/1515/3078 2936/1515/3057 2937/1516/3058
f 2937/1516/3058 2938/1517/3059 2956/1517/3080 2955/1516/3079
f 2960/1551/3081 2958/1552/3081 2959/1518/3082 2956/1517/3080 2938/1517/3059 2852/1523/3060 2957/1518/3083
f 2961/1507/3084 2944/1507/3066 2943/1506/3065 2962/1506/3085
f 2963/1508/3086 2945/1508/3067 2944/1507/3066 2961/1507/3084
f 2964/1509/3087 2946/1509/3068 2945/1508/3067 2963/1508/3086
f 2946/1509/3068 2964/1509/3087 2966/1510/3088 2965/1510/3089
f 2965/1510/3089 2966/1510/3088 2968/1553/3090 2967/1553/3091
f 2969/1554/3092 2970/1555/3093 2972/1555/3094 2971/1554/3095
f 2973/1511/3096 2947/1511/3073 2951/1512/3075 2974/1512/3097
f 2975/1513/3098 2952/1513/3076 2953/1514/3077 2976/1514/3099
f 2977/1515/3100 2976/1514/3099 2953/1514/3077 2954/1515/3078
f 2978/1516/3101 2977/1515/3100 2954/1515/3078 2955/1516/3079
f 2979/1517/3102 2978/1516/3101 2955/1516/3079 2956/1517/3080
f 2956/1517/3080 2959/1518/3082 2980/1518/3103 2979/1517/3102
f 2971/1554/3095 2981/1519/3104 2982/1519/3105 2969/1554/3092
f 2959/1518/3082 2982/1519/3105 2981/1519/3104 2980/1518/3103
f 2983/1505/3106 2984/1506/3107 2962/1506/3085 2985/1505/3108
f 2986/1507/3109 2961/1507/3084 2962/1506/3085 2984/1506/3107
f 2987/1508/3110 2963/1508/3086 2961/1507/3084 2986/1507/3109
f 2988/1509/3111 2964/1509/3087 2963/1508/3086 2987/1508/3110
f 2989/1513/3112 2975/1513/3098 2976/1514/3099 2990/1514/3113
f 2990/1514/3113 2976/1514/3099 2977/1515/3100 2991/1515/3114
f 2992/1516/3115 2991/1515/3114 2977/1515/3100 2978/1516/3101
f 2993/1554/3116 2994/1519/3117 2981/1519/3104 2971/1554/3095
f 2995/1506/3118 2984/1506/3107 2983/1505/3106 2996/1505/3119
f 2997/1509/3120 2988/1509/3111 2987/1508/3110 2998/1508/3121
f 2999/1478/3122 3000/1478/3123 3002/1463/3124 3001/1463/3125
f 3003/1513/3126 2989/1513/3112 2990/1514/3113 3004/1514/3127
f 3005/1517/3128 3006/1516/3129 2992/1516/3115 3007/1517/3130
f 2994/1519/3117 2993/1554/3116 3009/1554/3131 3008/1519/3132
f 3010/1510/3133 3011/1510/3134 2997/1509/3120 3012/1509/3135
f 3013/1478/3136 3014/1477/3137 3015/1477/3138 2999/1478/3122
f 3016/1555/3139 3017/1555/3140 3019/1556/3141 3018/1556/3139
f 3020/1463/3142 3013/1478/3136 2999/1478/3122 3001/1463/3125
f 3021/1518/3143 3022/1517/3144 3005/1517/3128 3023/1518/3145
f 3024/1553/3146 3025/1557/3147 3027/1557/3148 3026/1553/3149
f 3028/1502/3150 3014/1477/3137 3030/1477/3151 3029/1502/3152
f 3027/1557/3148 3025/1557/3147 3031/1556/3153 3018/1556/3154
f 3014/1477/3137 3013/1478/3136 3032/1478/3155 3030/1477/3151
f 3013/1478/3136 3020/1463/3142 3033/1463/3156 3032/1478/3155
f 2862/1502/3157 2863/1503/3158 2864/1504/3159 3034/1558/3160
f 3034/1558/3160 2864/1504/3159 2866/1505/3161 3035/1559/3162
f 3036/1560/3163 3035/1559/3162 2866/1505/3161 2868/1506/3164
f 2872/1508/3165 3037/1561/3166 3038/1562/3167 2871/1507/3168
f 2874/1509/3169 3039/1563/3170 3037/1561/3166 2872/1508/3165
f 3039/1563/3170 2874/1509/3169 2876/1510/3171 3040/1564/3172
f 3040/1564/3172 2876/1510/3171 3042/1553/3173 3041/1557/3174
f 3043/1565/3175 2879/1477/3176 2862/1502/3157 3034/1558/3160
f 3044/1566/3177 3043/1565/3175 3034/1558/3160 3035/1559/3162
f 3044/1566/3177 3035/1559/3162 3036/1560/3163 3045/1567/3178
f 3045/1567/3178 3036/1560/3163 3038/1562/3167 3046/1568/3179
f 3046/1568/3179 3038/1562/3167 3037/1561/3166 3047/1569/3180
f 3047/1569/3180 3037/1561/3166 3039/1563/3170 3048/1570/3181
f 3040/1564/3172 3049/1571/3182 3048/1570/3181 3039/1563/3170
f 3049/1571/3182 3040/1564/3172 3041/1557/3174 3050/1556/3183
f 2882/1478/3184 3051/1572/3185 3052/1573/3186 2880/1463/3187
f 3051/1572/3185 3053/1574/3188 3054/1575/3189 3052/1573/3186
f 3055/1576/3190 3056/1577/3191 3054/1575/3189 3053/1574/3188
f 3057/1578/3192 3058/1579/3193 3060/1580/3194 3059/1581/3195
f 3058/1579/3193 3057/1578/3192 3062/1582/3196 3061/1583/3197
f 3063/1584/3198 3061/1583/3197 3062/1582/3196 3064/1585/3199
f 3064/1585/3199 3065/1555/3200 3066/1554/3201 3063/1584/3198
f 3052/1573/3186 2886/1512/3202 2885/1511/3203 2880/1463/3187
f 3054/1575/3189 2888/1513/3204 2886/1512/3202 3052/1573/3186
f 3056/1577/3191 2890/1514/3205 2888/1513/3204 3054/1575/3189
f 3060/1580/3194 2893/1515/3206 2890/1514/3205 3056/1577/3191
f 2894/1516/3207 2893/1515/3206 3060/1580/3194 3058/1579/3193
f 2896/1517/3208 2894/1516/3207 3058/1579/3193 3061/1583/3197
f 3061/1583/3197 3063/1584/3198 2898/1518/3209 2896/1517/3208
f 3066/1554/3201 2902/1519/3210 2898/1518/3209 3063/1584/3198
f 3067/1586/3211 3068/1587/3212 3070/1588/3213 3069/1589/3214
f 3071/1590/3215 3031/1591/3153 3025/1592/3147 3072/1593/3216
f 3073/1594/3217 3074/1595/3218 3071/1590/3215 3072/1593/3216
f 3075/1596/3219 3076/1416/3220 3078/1380/3221 3077/1597/3222
f 3079/1598/3223 3080/1503/3224 3029/1502/3152 3081/1599/3225
f 3081/1599/3225 3082/1600/3226 3083/1601/3227 3079/1598/3223
f 3029/1502/3152 3030/1477/3151 3084/1366/3228 3081/1599/3225
f 3084/1366/3228 3085/1602/3229 3082/1600/3226 3081/1599/3225
f 3032/1478/3155 3086/1603/3230 3084/1366/3228 3030/1477/3151
f 3086/1603/3230 3032/1478/3155 3033/1463/3156 3087/1604/3231
f 3086/1603/3230 3087/1604/3231 3089/1605/3232 3088/1606/3233
f 3090/1607/3234 3091/1608/3235 3089/1605/3232 3087/1604/3231
f 2983/1505/3106 3092/1504/3236 3093/1504/3237 2996/1505/3119
f 3094/1556/3238 3095/1557/3239 3096/1557/3240 3019/1556/3241
f 3097/1555/3242 3017/1555/3243 3009/1554/3131 2993/1554/3116
f 3098/1512/3244 3099/1512/3245 2989/1513/3112 3003/1513/3126
f 3100/1504/3246 3101/1505/3247 2996/1505/3119 3093/1504/3237
f 3096/1557/3240 3027/1557/3148 3018/1556/3154 3019/1556/3241
f 3102/1554/3248 3009/1554/3131 3017/1555/3243 3016/1555/3249
f 3103/1512/3250 3098/1512/3244 3003/1513/3126 3104/1513/3251
f 3004/1514/3127 3105/1514/3252 3104/1513/3251 3003/1513/3126
f 3106/1516/3253 3006/1516/3129 3005/1517/3128 3022/1517/3144
f 3008/1519/3132 3009/1554/3131 3102/1554/3248 3107/1519/3254
f 3107/1519/3254 3021/1518/3143 3023/1518/3145 3008/1519/3132
f 3108/1555/3255 3016/1555/3139 3018/1556/3139 3031/1556/3153
f 3108/1555/3255 3109/1554/3256 3102/1554/3248 3016/1555/3249
f 3104/1513/3251 3110/1513/3257 3111/1512/3258 3103/1512/3250
f 3104/1513/3251 3105/1514/3252 3112/1514/3259 3110/1513/3257
f 3105/1514/3252 3113/1515/3260 3114/1515/3261 3112/1514/3259
f 3114/1515/3261 3113/1515/3260 3106/1516/3253 3115/1516/3262
f 3022/1517/3144 3116/1517/3263 3115/1516/3262 3106/1516/3253
f 3116/1517/3263 3022/1517/3144 3021/1518/3143 3117/1518/3264
f 3107/1519/3254 3102/1554/3248 3109/1554/3256 3118/1519/3265
f 3118/1519/3265 3117/1518/3264 3021/1518/3143 3107/1519/3254
f 3119/1609/3266 3120/1610/3267 3122/1611/3268 3121/1612/3269
f 3112/1613/3259 3123/1614/3270 3121/1612/3269 3110/1615/3257
f 3119/1609/3266 3121/1612/3269 3123/1614/3270 3124/1616/3271
f 3123/1614/3270 3112/1613/3259 3114/1617/3261 3125/1618/3272
f 3123/1614/3270 3125/1618/3272 3126/1619/3273 3124/1616/3271
f 3127/1620/3274 3125/1618/3272 3114/1617/3261 3115/1621/3262
f 3125/1618/3272 3127/1620/3274 3128/1622/3275 3126/1619/3273
f 3115/1621/3262 3116/1623/3263 3129/1624/3276 3127/1620/3274
f 3128/1622/3275 3127/1620/3274 3129/1624/3276 3130/1625/3277
f 3129/1624/3276 3116/1623/3263 3117/1626/3264 3131/1627/3278
f 3131/1627/3278 3132/1628/3279 3130/1625/3277 3129/1624/3276
f 3131/1627/3278 3117/1626/3264 3118/1629/3265 3069/1589/3280
f 3132/1628/3279 3131/1627/3278 3069/1589/3280 3070/1588/3281
f 3069/1589/3214 3118/1629/3265 3109/1630/3256 3067/1586/3211
f 3133/1631/3282 3067/1586/3211 3109/1630/3256 3108/1632/3255
f 3133/1631/3282 3134/1633/3283 3068/1587/3212 3067/1586/3211
f 3071/1590/3215 3133/1631/3282 3108/1632/3255 3031/1591/3153
f 3135/1634/3284 3072/1593/3216 3025/1592/3147 3024/1635/3146
f 3136/1636/3285 3073/1594/3217 3072/1593/3216 3135/1634/3284
f 3024/1635/3146 3137/1637/3286 3138/1638/3287 3135/1634/3288
f 3138/1638/3287 3139/1639/3289 3136/1636/3290 3135/1634/3288
f 3140/1640/3291 3138/1638/3287 3137/1637/3286 3141/1641/3292
f 3142/1642/3293 3140/1640/3291 3141/1641/3292 3143/1643/3294
f 3144/1644/3295 3142/1642/3293 3143/1643/3294 3145/1645/3296
f 3078/1380/3221 3146/1646/3297 3148/1647/3298 3147/1648/3299
f 3146/1646/3297 3078/1380/3221 3076/1416/3220 3149/1649/3300
f 3150/1650/3301 3077/1597/3222 3078/1380/3221 3147/1648/3299
f 3080/1503/3224 3079/1598/3302 3077/1597/3222 3150/1650/3301
f 3075/1596/3219 3077/1597/3222 3079/1598/3302 3083/1601/3303
f 3151/1364/2912 3152/1365/2912 3153/1366/2912
f 3154/1367/2912 3151/1364/2912 3153/1366/2912
f 3155/1368/2912 3154/1367/2912 3153/1366/2912
f 3156/1369/2912 3155/1368/2912 3153/1366/2912
f 3157/1370/2912 3156/1369/2912 3153/1366/2912
f 3158/1371/2912 3157/1370/2912 3153/1366/2912
f 3159/1372/2912 3158/1371/2912 3153/1366/2912
f 3160/1373/2912 3159/1372/2912 3153/1366/2912
f 3161/1374/2912 3160/1373/2912 3153/1366/2912
f 3162/1375/2912 3161/1374/2912 3153/1366/2912
f 3163/1376/2912 3162/1375/2912 3153/1366/2912
f 3164/1377/2912 3163/1376/2912 3153/1366/2912
f 3165/1378/2912 3164/1377/2912 3153/1366/2912
f 3166/1379/2912 3165/1378/2912 3153/1366/2912
f 3167/1380/2912 3166/1379/2912 3153/1366/2912
f 3168/1381/2912 3167/1380/2912 3153/1366/2912
f 3169/1382/2912 3168/1381/2912 3153/1366/2912
f 3170/1383/2912 3169/1382/2912 3153/1366/2912
f 3171/1384/2912 3170/1383/2912 3153/1366/2912
f 3152/1365/2912 3171/1384/2912 3153/1366/2912
f 3172/1651/2913 3152/1386/2913 3151/1387/2914 3173/1652/2914 3174/1653/2915
f 3173/1652/2914 3151/1387/2914 3154/1393/2917 3175/1654/2917
f 3175/1655/2917 3154/1393/2917 3155/1396/2918 3176/1656/2918
f 3176/1657/2918 3155/1396/2918 3156/1398/2919 3177/1658/3304 3178/1659/3305
f 3177/1660/3304 3156/1398/2919 3157/1402/2921 3179/1661/2921
f 3179/1661/2921 3157/1402/2921 3158/1406/3306 3180/1662/3306
f 3180/1663/3306 3158/1406/3306 3159/1410/3307 2846/1664/3308
f 2846/1665/3308 3159/1410/3307 3160/1413/2925 2847/1666/2925
f 2847/1667/2925 3160/1413/2925 3161/1416/2926 2844/1668/3309
f 2842/1669/3310 2844/1670/3309 3161/1419/2926 3162/1420/2927 3181/1671/2927
f 3181/1671/2927 3162/1420/2927 3163/1427/2930 3182/1672/2930
f 3183/1673/2932 3182/1672/2930 3163/1427/2930 3164/1430/2931 3184/1674/2931 3185/1675/2932
f 3184/1674/2931 3164/1430/2931 3165/1435/2933 3186/1676/2933
f 3186/1676/2933 3165/1435/2933 3166/1437/2934 3187/1677/2934
f 3187/1678/2934 3166/1437/2934 3167/1439/2936 3188/1679/2936
f 3188/1679/2936 3167/1439/2936 3168/1441/2937 3189/1680/3311
f 3189/1681/3311 3168/1441/2937 3169/1443/2938 3190/1682/2938
f 3190/1682/2938 3169/1443/2938 3170/1446/2939 3191/1683/2939
f 3192/1684/3312 3191/1683/2939 3170/1446/2939 3171/1448/2940 3193/1685/2940
f 3193/1686/2940 3171/1448/2940 3152/1386/2913 3172/1651/2913 3194/1687/2941
f 3195/1688/3313 3196/1689/3313 3192/1690/3313 3193/1691/3313 3194/1692/3314 3197/1693/3315
f 3181/1694/3316 3182/1695/3316 3183/1696/3314 3198/1463/3317 2843/1478/2960 2842/1697/2959
f 3199/1698/3318 3197/1699/3315 3194/1700/3314 3172/1701/3318 3174/1702/3319 3200/1703/3319
f 3183/1704/3314 3185/1705/3313 3198/1463/3317
f 2848/1492/2966 2855/1499/2972 2854/1498/2971 2849/1493/2967
f 2850/1706/2965 3201/1707/3320 3202/1708/3320 2903/1709/3320 2901/1710/3320 3203/1711/3320 2848/1492/2966
f 2901/1712/2913 2900/1713/2913 3204/1714/2913 3205/1715/2913 3206/1716/2913 3207/1717/2913 3203/1711/2913
f 3207/1717/2913 3208/1718/2913 3209/1719/2913 3210/1720/2913 3211/1721/2913 3212/1722/2913 3213/1723/2913 3214/1724/2913 3203/1711/2913
f 3215/1725/3320 3216/1726/3320 2855/1499/2972 2848/1492/2966 3203/1711/3320 3214/1727/3320 3217/1728/3320
f 3218/1729/3320 2859/1730/2973 2855/1499/2972 3216/1731/3320
f 3219/1732/3321 3220/1733/3321 2854/1498/2971 2856/1734/2970
f 3220/1735/3321 3221/1736/3321 3222/1737/3321 2849/1493/2967 2854/1498/2971
f 3223/1738/2927 3224/1739/2927 3225/1740/2927 3226/1741/2927 3227/1742/2927 3222/1737/2927 3221/1736/2927 3228/1743/2927 3229/1744/2927 3230/1745/2927
f 3231/1746/2927 3232/1747/2927 3233/1748/2927 2958/1749/2927 2960/1750/2927 3222/1737/2927 3227/1742/2927 3234/1751/2927
f 2960/1750/3321 2957/1752/3321 2853/1494/2968 2849/1493/2967 3222/1737/3321
f 2856/1753/3322 2857/1522/3051 3219/1510/3323
f 3211/1754/3324 3041/1557/3325 3212/1755/3326
f 3212/1756/3326 3041/1557/3325 3042/1553/3327 3213/1757/3327
f 3209/1758/3328 3050/1556/3329 3210/1759/3329
f 3210/1759/3329 3050/1556/3329 3041/1557/3325 3211/1754/3324
f 3207/1760/3330 3206/1761/3331 3065/1555/3331 3208/1762/3330
f 3205/1763/3332 3066/1554/3333 3065/1555/3331 3206/1764/3331
f 3204/1765/3334 3066/1554/3333 3205/1766/3332
f 2900/1519/3018 2902/1519/3018 3066/1554/3333 3204/1767/3334
f 3217/1768/3335 2877/1510/2990 2912/1510/3029 3215/1769/3336
f 3216/1770/3337 3215/1771/3336 2912/1510/3029 3218/1772/3338
f 3202/1773/3339 2923/1518/3042 2899/1518/3017 2903/1774/3020
f 3201/1775/3340 2923/1518/3042 3202/1776/3339
f 2859/1777/3341 3218/1778/3338 2912/1510/3029 2857/1522/3051 2858/1779/3341
f 3229/1780/3342 2965/1510/3089 2967/1553/3091 3230/1553/3342
f 3223/1781/3343 2967/1553/3091 3235/1557/3344 3224/1782/3345
f 3227/1783/3346 3226/1762/3346 2970/1555/3093 2969/1554/3092 3234/1784/3347
f 3234/1785/3347 2969/1554/3092 2982/1519/3105 3231/1786/3348
f 3232/1519/3349 2982/1519/3105 2959/1518/3082 3233/1787/3349
f 2957/1518/3083 2852/1523/3060 2853/1788/3350
f 3214/1789/3351 3213/1553/3327 3042/1553/3327 2876/1510/2991 2877/1510/2990 3217/1768/3335
f 2878/1477/2992 2879/1477/2995 2882/1478/2999 2883/1478/2998
f 3208/1790/3352 3065/1555/3352 3050/1556/3352 3209/1791/3352
f 2913/1477/3030 2878/1477/2992 2883/1478/2998 2914/1478/3032
f 2916/1511/3035 2884/1511/3003 2887/1512/3005 2917/1512/3036
f 2920/1515/3039 2892/1515/3010 2895/1516/3013 2922/1516/3041
f 2926/1504/3045 2906/1504/3023 2905/1503/3022 2925/1503/3044
f 2840/1477/2954 2913/1477/3030 2914/1478/3032 2841/1478/2955
f 2942/1505/3064 2927/1505/3046 2926/1504/3045 2941/1504/3063
f 3224/1792/3345 3235/1557/3344 3236/1556/3353 3225/1793/3354
f 2810/1794/2948 2809/1795/2952 2811/1796/2952 2812/1797/2952 2815/1798/2951 3237/1799/2951 3238/1800/2952 3239/1801/2952 3240/1802/2952 2838/1803/2949
f 3225/1804/3355 3236/1556/3356 2970/1555/3356 3226/1805/3355
f 2951/1512/3075 2933/1512/3054 2934/1513/3055 2952/1513/3076
f 3241/1503/3357 2940/1503/3062 2939/1502/3061 3242/1502/3358
f 3243/1504/3359 2941/1504/3063 2940/1503/3062 3241/1503/3357
f 2985/1505/3108 2942/1505/3064 2941/1504/3063 3243/1504/3359
f 2962/1506/3085 2943/1506/3065 2942/1505/3064 2985/1505/3108
f 3244/1557/3360 3235/1557/3344 2967/1553/3091 2968/1553/3090
f 3245/1806/3361 3246/1807/3361 3247/1808/3361 3248/1809/3361 3249/1810/3362 3178/1477/3363 3177/1811/3361 3179/1812/3361 3180/1813/3361 2846/1814/2962 2845/1477/2961 3242/1502/3364 2939/1502/3071 2839/1471/2950
f 3250/1556/3365 3236/1556/3353 3235/1557/3344 3244/1557/3360
f 3251/1815/3366 3252/1816/3366 3200/1817/3319 3174/1818/3319 3173/1819/3366 3175/1820/3366 3176/1821/3366 3178/1822/3363 3249/1823/3362
f 2972/1555/3367 2970/1555/3356 3236/1556/3356 3250/1556/3368
f 2974/1512/3097 2951/1512/3075 2952/1513/3076 2975/1513/3098
f 3253/1503/3369 3241/1503/3357 3242/1502/3358 3254/1502/3370
f 3092/1504/3236 3243/1504/3359 3241/1503/3357 3253/1503/3369
f 2983/1505/3106 2985/1505/3108 3243/1504/3359 3092/1504/3236
f 3255/1510/3371 2966/1510/3088 2964/1509/3087 2988/1509/3111
f 3256/1553/3372 2968/1553/3090 2966/1510/3088 3255/1510/3371
f 3095/1557/3239 3244/1557/3360 2968/1553/3090 3256/1553/3372
f 3257/1824/3373 3258/1825/3374 3259/1477/3375 3254/1502/3376 3242/1502/3364 2845/1477/2961 3260/1826/3374 3261/1827/3373 3262/1828/3373 3263/1829/3373
f 3094/1556/3238 3250/1556/3365 3244/1557/3360 3095/1557/3239
f 3258/1830/3374 3264/1831/3377 3265/1832/3377 3266/1833/3377 3267/1834/3378 3000/1478/3123 3259/1477/3375
f 3097/1555/3379 2972/1555/3367 3250/1556/3368 3094/1556/3380
f 2993/1554/3116 2971/1554/3095 2972/1555/3094 3097/1555/3242
f 3268/1835/3381 3269/1836/3381 3270/1837/3381 3198/1463/3382 2973/1511/3096 3271/1511/3383 3002/1463/3384 3272/1838/3381
f 3271/1511/3383 2973/1511/3096 2974/1512/3097 3099/1512/3245
f 3099/1512/3245 2974/1512/3097 2975/1513/3098 2989/1513/3112
f 2992/1516/3115 2978/1516/3101 2979/1517/3102 3007/1517/3130
f 3007/1517/3130 2979/1517/3102 2980/1518/3103 3273/1518/3385
f 3273/1518/3385 2980/1518/3103 2981/1519/3104 2994/1519/3117
f 3274/1503/3386 3253/1503/3369 3254/1502/3370 3275/1502/3387
f 3093/1504/3237 3092/1504/3236 3253/1503/3369 3274/1503/3386
f 3276/1507/3388 2986/1507/3109 2984/1506/3107 2995/1506/3118
f 2998/1508/3121 2987/1508/3110 2986/1507/3109 3276/1507/3388
f 3011/1510/3134 3255/1510/3371 2988/1509/3111 2997/1509/3120
f 3277/1553/3389 3256/1553/3372 3255/1510/3371 3011/1510/3134
f 3096/1557/3240 3095/1557/3239 3256/1553/3372 3277/1553/3389
f 3275/1502/3390 3254/1502/3376 3259/1477/3375 3015/1477/3138
f 3015/1477/3138 3259/1477/3375 3000/1478/3123 2999/1478/3122
f 3017/1555/3140 3097/1555/3379 3094/1556/3380 3019/1556/3141
f 3001/1463/3391 3002/1463/3384 3271/1511/3383 3278/1511/3392
f 3278/1511/3392 3271/1511/3383 3099/1512/3245 3098/1512/3244
f 3004/1514/3127 2990/1514/3113 2991/1515/3114 3279/1515/3393
f 3279/1515/3393 2991/1515/3114 2992/1516/3115 3006/1516/3129
f 3005/1517/3128 3007/1517/3130 3273/1518/3385 3023/1518/3145
f 3023/1518/3145 3273/1518/3385 2994/1519/3117 3008/1519/3132
f 3280/1503/3394 3274/1503/3386 3275/1502/3387 3028/1502/3395
f 3100/1504/3246 3093/1504/3237 3274/1503/3386 3280/1503/3394
f 3281/1506/3396 2995/1506/3118 2996/1505/3119 3101/1505/3247
f 3282/1507/3397 3276/1507/3388 2995/1506/3118 3281/1506/3396
f 3283/1508/3398 2998/1508/3121 3276/1507/3388 3282/1507/3397
f 3012/1509/3135 2997/1509/3120 2998/1508/3121 3283/1508/3398
f 3026/1553/3149 3277/1553/3389 3011/1510/3134 3010/1510/3133
f 3027/1557/3148 3096/1557/3240 3277/1553/3389 3026/1553/3149
f 3028/1502/3150 3275/1502/3390 3015/1477/3138 3014/1477/3137
f 3020/1463/3399 3001/1463/3391 3278/1511/3392 3284/1511/3400
f 3284/1511/3400 3278/1511/3392 3098/1512/3244 3103/1512/3250
f 3105/1514/3252 3004/1514/3127 3279/1515/3393 3113/1515/3260
f 3113/1515/3260 3279/1515/3393 3006/1516/3129 3106/1516/3253
f 3080/1503/3224 3280/1503/3394 3028/1502/3395 3029/1502/3152
f 3150/1504/3301 3100/1504/3246 3280/1503/3394 3080/1503/3224
f 3147/1505/3299 3101/1505/3247 3100/1504/3246 3150/1504/3301
f 3148/1506/3298 3281/1506/3396 3101/1505/3247 3147/1505/3299
f 3145/1507/3296 3282/1507/3397 3281/1506/3396 3148/1506/3298
f 3143/1508/3294 3283/1508/3398 3282/1507/3397 3145/1507/3296
f 3141/1509/3292 3012/1509/3135 3283/1508/3398 3143/1508/3294
f 3137/1510/3286 3010/1510/3133 3012/1509/3135 3141/1509/3292
f 3024/1553/3146 3026/1553/3149 3010/1510/3133 3137/1510/3286
f 3033/1463/3156 3020/1463/3399 3284/1511/3400 3285/1511/3401
f 3285/1511/3401 3284/1511/3400 3103/1512/3250 3111/1512/3258
f 3036/1560/3163 2868/1506/3164 2871/1507/3168 3038/1562/3167
f 2882/1478/3184 2879/1477/3176 3043/1565/3175 3051/1572/3185
f 3051/1572/3185 3043/1565/3175 3044/1566/3177 3053/1574/3188
f 3053/1574/3188 3044/1566/3177 3045/1567/3178 3055/1576/3190
f 3055/1576/3190 3045/1567/3178 3046/1568/3179 3059/1581/3195
f 3059/1581/3195 3046/1568/3179 3047/1569/3180 3057/1578/3192
f 3057/1578/3192 3047/1569/3180 3048/1570/3181 3062/1582/3196
f 3062/1582/3196 3048/1570/3181 3049/1571/3182 3064/1585/3199
f 3064/1585/3199 3049/1571/3182 3050/1556/3183 3065/1555/3200
f 3056/1577/3191 3055/1576/3190 3059/1581/3195 3060/1580/3194
f 3122/1611/3268 3090/1839/3402 3285/1840/3401 3111/1841/3258
f 3120/1610/3267 3091/1842/3403 3090/1839/3402 3122/1611/3268
f 3121/1612/3269 3122/1611/3268 3111/1841/3258 3110/1615/3257
f 3074/1595/3218 3134/1633/3283 3133/1631/3282 3071/1590/3215
f 3286/1843/3404 3139/1639/3289 3138/1638/3287 3140/1640/3291
f 3287/1844/3405 3286/1843/3404 3140/1640/3291 3142/1642/3293
f 3288/1845/3406 3287/1844/3405 3142/1642/3293 3144/1644/3295
f 3146/1646/3297 3144/1644/3295 3145/1645/3296 3148/1647/3298
f 3149/1649/3300 3288/1845/3406 3144/1644/3295 3146/1646/3297
f 3088/1606/3233 3085/1602/3229 3084/1366/3228 3086/1603/3230
f 3090/1607/3234 3087/1604/3231 3033/1463/3156 3285/1511/3401
f 3201/1775/3340 2850/1846/3407 2851/1847/3407 2852/1523/3060 2923/1518/3042
f 3219/1510/3323 2857/1522/3051 2931/1509/3050 2946/1509/3068 2965/1510/3089 3228/1848/3408 3221/1849/3408 3220/1850/3408
f 3267/1851/3378 3289/1852/3409 3290/1853/3410 3002/1463/3124 3000/1478/3123
f 3270/1854/3411 3291/1855/3411 3292/1856/3411 3293/1857/3411 3294/1858/3410 2843/1478/2960 3198/1463/3317
f 3295/1859/3412 3296/1860/3377 3297/1861/3377 3298/1862/3377 3299/1863/3377 3260/1864/3374 2845/1477/2961 2843/1478/2960
f 3300/1865/3411 3301/1866/3411 3272/1867/3411 3002/1463/3124 3290/1868/3410 3302/1869/3411
f 3294/1870/3410 3295/1871/3412 2843/1478/2960
f 3269/1872/2937 3303/1441/2937 3304/1443/2938 3291/1873/2938 3270/1874/3413
f 3268/1875/2936 3305/1439/2936 3303/1441/2937 3269/1872/2937
f 3272/1876/3414 3301/1877/2934 3306/1437/2934 3305/1439/2936 3268/1875/2936
f 3300/1878/2933 3307/1435/2933 3306/1437/2934 3301/1877/2934
f 3302/1879/2931 3308/1430/2931 3307/1435/2933 3300/1878/2933
f 3289/1880/2930 3309/1427/2930 3308/1430/2931 3302/1881/2931 3290/1882/2932
f 3267/1883/2929 3266/1884/2927 3310/1420/2927 3309/1427/2930 3289/1885/2930
f 3265/1886/3415 3311/1419/2926 3310/1420/2927 3266/1884/2927
f 3264/1887/2925 3312/1413/2925 3311/1416/2926 3265/1888/3415
f 3257/1889/2924 3313/1410/2924 3312/1413/2925 3264/1887/2925 3258/1890/3416
f 3263/1891/3417 3314/1406/2922 3313/1410/2924 3257/1889/2924
f 3262/1892/2921 3315/1402/2921 3314/1406/2922 3263/1893/3417
f 3261/1894/2919 3316/1398/2919 3315/1402/2921 3262/1892/2921
f 3260/1895/3305 3299/1896/2918 3317/1396/2918 3316/1398/2919 3261/1897/2919
f 3298/1898/2917 3318/1393/2917 3317/1396/2918 3299/1896/2918
f 3297/1899/3418 3319/1387/2914 3318/1393/2917 3298/1898/2917
f 3296/1900/2913 3320/1386/2913 3319/1387/2914 3297/1899/3418
f 3294/1901/2941 3293/1902/2940 3321/1448/2940 3320/1386/2913 3296/1900/2913 3295/1903/2941
f 3292/1904/2939 3322/1446/2939 3321/1448/2940 3293/1902/2940
f 3291/1873/2938 3304/1443/2938 3322/1446/2939 3292/1905/2939
f 3304/1382/2912 3303/1381/2912 3323/1366/2912
f 3303/1381/2912 3305/1380/2912 3323/1366/2912
f 3305/1380/2912 3306/1379/2912 3323/1366/2912
f 3306/1379/2912 3307/1378/2912 3323/1366/2912
f 3307/1378/2912 3308/1377/2912 3323/1366/2912
f 3308/1377/2912 3309/1376/2912 3323/1366/2912
f 3309/1376/2912 3310/1375/2912 3323/1366/2912
f 3310/1375/2912 3311/1374/2912 3323/1366/2912
f 3311/1374/2912 3312/1373/2912 3323/1366/2912
f 3312/1373/2912 3313/1372/2912 3323/1366/2912
f 3313/1372/2912 3314/1371/2912 3323/1366/2912
f 3314/1371/2912 3315/1370/2912 3323/1366/2912
f 3315/1370/2912 3316/1369/2912 3323/1366/2912
f 3316/1369/2912 3317/1368/2912 3323/1366/2912
f 3317/1368/2912 3318/1367/2912 3323/1366/2912
f 3318/1367/2912 3319/1364/2912 3323/1366/2912
f 3319/1364/2912 3320/1365/2912 3323/1366/2912
f 3320/1365/2912 3321/1384/2912 3323/1366/2912
f 3321/1384/2912 3322/1383/2912 3323/1366/2912
f 3322/1383/2912 3304/1382/2912 3323/1366/2912
f 2814/1906/3419 2813/1907/2957 2818/1908/2957 2949/1909/2957 3324/1910/3420
f 2815/1911/2951 2814/1912/3419 3324/1913/3420 3325/1914/3421 3237/1871/2951
f 3326/1915/3422 2973/1511/3096 3198/1463/3382 3185/1916/3423 3184/1917/3423 3186/1918/3423 3187/1919/3423 3188/1920/3423 3189/1921/3423
f 3327/1922/3423 3326/1923/3422 3189/1921/3423 3190/1924/3423
f 3328/1925/3423 3327/1926/3423 3190/1924/3423 3191/1927/3423
f 3196/1867/3423 3328/1928/3423 3191/1927/3423 3192/1929/3423
f 3329/1930/3424 3330/1931/3424 3331/1932/3424 3332/1933/3424 2950/1934/3074 2947/1511/3073 2973/1511/3096 3326/1935/3422 3333/1936/3424
f 3246/1937/2921 3334/1402/2921 3335/1406/2922 3247/1938/2922
f 3245/1939/2919 3336/1398/2919 3334/1402/2921 3246/1940/2921
f 2838/1941/3305 3240/1942/2918 3337/1396/2918 3336/1398/2919 3245/1939/2919 2839/1943/3305
f 3239/1944/2917 3338/1393/2917 3337/1396/2918 3240/1942/2918
f 3238/1945/3418 3339/1387/2914 3338/1393/2917 3239/1946/2917
f 3237/1947/2915 3325/1948/3425 3340/1386/2913 3339/1387/2914 3238/1945/3418
f 3324/1949/2941 2949/1950/2941 2948/1951/2940 3341/1448/2940 3340/1386/2913 3325/1948/3425
f 2836/1952/3426 3342/1446/2939 3341/1448/2940 2948/1951/2940
f 2835/1953/2938 3343/1443/2938 3342/1446/2939 2836/1954/3426
f 2950/1955/3413 3332/1956/2937 3344/1441/2937 3343/1443/2938 2835/1957/2938
f 3331/1958/2936 3345/1439/2936 3344/1441/2937 3332/1956/2937
f 3330/1959/2934 3346/1437/2934 3345/1439/2936 3331/1958/2936
f 3329/1960/2933 3347/1435/2933 3346/1437/2934 3330/1961/2934
f 3333/1962/2931 3348/1430/2931 3347/1435/2933 3329/1963/2933
f 3327/1964/2932 3328/1965/2932 3196/1966/2932 3195/1967/2930 3349/1427/2930 3348/1430/2931 3333/1962/2931 3326/1968/2932
f 3197/1969/2929 3199/1970/2927 3350/1420/2927 3349/1427/2930 3195/1971/2930
f 3200/1972/3310 3252/1973/2926 3351/1419/2926 3350/1420/2927 3199/1974/2927
f 3251/1975/2925 3352/1413/2925 3351/1416/2926 3252/1976/2926
f 3248/1977/2924 3353/1410/2924 3352/1413/2925 3251/1975/2925 3249/1978/3416
f 3247/1979/2922 3335/1406/2922 3353/1410/2924 3248/1977/2924
f 3335/1371/2912 3334/1370/2912 3354/1366/2912
f 3334/1370/2912 3336/1369/2912 3354/1366/2912
f 3336/1369/2912 3337/1368/2912 3354/1366/2912
f 3337/1368/2912 3338/1367/2912 3354/1366/2912
f 3338/1367/2912 3339/1364/2912 3354/1366/2912
f 3339/1364/2912 3340/1365/2912 3354/1366/2912
f 3340/1365/2912 3341/1384/2912 3354/1366/2912
f 3341/1384/2912 3342/1383/2912 3354/1366/2912
f 3342/1383/2912 3343/1382/2912 3354/1366/2912
f 3343/1382/2912 3344/1381/2912 3354/1366/2912
f 3344/1381/2912 3345/1380/2912 3354/1366/2912
f 3345/1380/2912 3346/1379/2912 3354/1366/2912
f 3346/1379/2912 3347/1378/2912 3354/1366/2912
f 3347/1378/2912 3348/1377/2912 3354/1366/2912
f 3348/1377/2912 3349/1376/2912 3354/1366/2912
f 3349/1376/2912 3350/1375/2912 3354/1366/2912
f 3350/1375/2912 3351/1374/2912 3354/1366/2912
f 3351/1374/2912 3352/1373/2912 3354/1366/2912
f 3352/1373/2912 3353/1372/2912 3354/1366/2912
f 3353/1372/2912 3335/1371/2912 3354/1366/2912
o pasted__pCylinder21
v 0.003643 0.038275 0.085609
v 0.003446 0.038078 0.085751
v 0.003289 0.037921 0.085972
v 0.003189 0.037821 0.086251
v 0.003154 0.037786 0.086560
v 0.003189 0.037821 0.086869
v 0.003289 0.037921 0.087148
v 0.003446 0.038078 0.087369
v 0.003643 0.038275 0.087511
v 0.003861 0.038493 0.087560
v 0.004080 0.038712 0.087511
v 0.004277 0.038909 0.087369
v 0.004433 0.039065 0.087148
v 0.004534 0.039166 0.086869
v 0.004569 0.039200 0.086560
v 0.004534 0.039166 0.086251
v 0.004433 0.039065 0.085972
v 0.004277 0.038909 0.085751
v 0.004080 0.038712 0.085609
v 0.003861 0.038493 0.085560
v 0.000814 0.041103 0.085609
v 0.000617 0.040906 0.085751
v 0.000461 0.040750 0.085972
v 0.000360 0.040649 0.086251
v 0.000326 0.040615 0.086560
v 0.000360 0.040649 0.086869
v 0.000461 0.040750 0.087148
v 0.000617 0.040906 0.087369
v 0.000814 0.041103 0.087511
v 0.001033 0.041322 0.087560
v 0.001252 0.041540 0.087511
v 0.001449 0.041737 0.087369
v 0.001605 0.041894 0.087148
v 0.001705 0.041994 0.086869
v 0.001740 0.042029 0.086560
v 0.001705 0.041994 0.086251
v 0.001605 0.041894 0.085972
v 0.001449 0.041737 0.085751
v 0.001252 0.041540 0.085609
v 0.001033 0.041322 0.085560
v 0.003861 0.038493 0.086560
vn -0.2185 -0.2185 -0.9511
vn -0.4156 -0.4156 -0.8090
vn -0.5721 -0.5721 -0.5878
vn -0.6725 -0.6725 -0.3090
vn -0.7071 -0.7071 -0.0000
vn -0.6725 -0.6725 0.3090
vn -0.5721 -0.5721 0.5878
vn -0.4156 -0.4156 0.8090
vn -0.2185 -0.2185 0.9511
vn -0.0000 -0.0000 1.0000
vn 0.2185 0.2185 0.9511
vn 0.4156 0.4156 0.8090
vn 0.5721 0.5721 0.5878
vn 0.6725 0.6725 0.3090
vn 0.7071 0.7071 -0.0000
vn 0.6725 0.6725 -0.3090
vn 0.5721 0.5721 -0.5878
vn 0.4156 0.4156 -0.8090
vn 0.2185 0.2185 -0.9511
vn -0.0000 -0.0000 -1.0000
vn 0.7071 -0.7071 -0.0000
vt 0.375000 0.312500
vt 0.387500 0.312500
vt 0.387500 0.688440
vt 0.375000 0.688440
vt 0.400000 0.312500
vt 0.400000 0.688440
vt 0.412500 0.312500
vt 0.412500 0.688440
vt 0.425000 0.312500
vt 0.425000 0.688440
vt 0.437500 0.312500
vt 0.437500 0.688440
vt 0.450000 0.312500
vt 0.450000 0.688440
vt 0.462500 0.312500
vt 0.462500 0.688440
vt 0.475000 0.312500
vt 0.475000 0.688440
vt 0.487500 0.312500
vt 0.487500 0.688440
vt 0.500000 0.312500
vt 0.500000 0.688440
vt 0.512500 0.312500
vt 0.512500 0.688440
vt 0.525000 0.312500
vt 0.525000 0.688440
vt 0.537500 0.312500
vt 0.537500 0.688440
vt 0.550000 0.312500
vt 0.550000 0.688440
vt 0.562500 0.312500
vt 0.562500 0.688440
vt 0.575000 0.312500
vt 0.575000 0.688440
vt 0.587500 0.312500
vt 0.587500 0.688440
vt 0.600000 0.312500
vt 0.600000 0.688440
vt 0.612500 0.312500
vt 0.612500 0.688440
vt 0.625000 0.312500
vt 0.625000 0.688440
vt 0.626409 0.064408
vt 0.648603 0.107966
vt 0.500000 0.150000
vt 0.591842 0.029841
vt 0.548284 0.007647
vt 0.500000 -0.000000
vt 0.451716 0.007647
vt 0.408159 0.029841
vt 0.373591 0.064409
vt 0.351397 0.107966
vt 0.343750 0.156250
vt 0.351397 0.204534
vt 0.373591 0.248091
vt 0.408159 0.282659
vt 0.451716 0.304853
vt 0.500000 0.312500
vt 0.548284 0.304853
vt 0.591841 0.282659
vt 0.626409 0.248091
vt 0.648603 0.204534
vt 0.656250 0.156250
s 1
usemtl lambert1
f 3355/1980/3427 3356/1981/3428 3376/1982/3428 3375/1983/3427
f 3356/1981/3428 3357/1984/3429 3377/1985/3429 3376/1982/3428
f 3357/1984/3429 3358/1986/3430 3378/1987/3430 3377/1985/3429
f 3358/1986/3430 3359/1988/3431 3379/1989/3431 3378/1987/3430
f 3359/1988/3431 3360/1990/3432 3380/1991/3432 3379/1989/3431
f 3360/1990/3432 3361/1992/3433 3381/1993/3433 3380/1991/3432
f 3361/1992/3433 3362/1994/3434 3382/1995/3434 3381/1993/3433
f 3362/1994/3434 3363/1996/3435 3383/1997/3435 3382/1995/3434
f 3363/1996/3435 3364/1998/3436 3384/1999/3436 3383/1997/3435
f 3364/1998/3436 3365/2000/3437 3385/2001/3437 3384/1999/3436
f 3365/2000/3437 3366/2002/3438 3386/2003/3438 3385/2001/3437
f 3366/2002/3438 3367/2004/3439 3387/2005/3439 3386/2003/3438
f 3367/2004/3439 3368/2006/3440 3388/2007/3440 3387/2005/3439
f 3368/2006/3440 3369/2008/3441 3389/2009/3441 3388/2007/3440
f 3369/2008/3441 3370/2010/3442 3390/2011/3442 3389/2009/3441
f 3370/2010/3442 3371/2012/3443 3391/2013/3443 3390/2011/3442
f 3371/2012/3443 3372/2014/3444 3392/2015/3444 3391/2013/3443
f 3372/2014/3444 3373/2016/3445 3393/2017/3445 3392/2015/3444
f 3373/2016/3445 3374/2018/3446 3394/2019/3446 3393/2017/3445
f 3374/2018/3446 3355/2020/3427 3375/2021/3427 3394/2019/3446
f 3356/2022/3447 3355/2023/3447 3395/2024/3447
f 3357/2025/3447 3356/2022/3447 3395/2024/3447
f 3358/2026/3447 3357/2025/3447 3395/2024/3447
f 3359/2027/3447 3358/2026/3447 3395/2024/3447
f 3360/2028/3447 3359/2027/3447 3395/2024/3447
f 3361/2029/3447 3360/2028/3447 3395/2024/3447
f 3362/2030/3447 3361/2029/3447 3395/2024/3447
f 3363/2031/3447 3362/2030/3447 3395/2024/3447
f 3364/2032/3447 3363/2031/3447 3395/2024/3447
f 3365/2033/3447 3364/2032/3447 3395/2024/3447
f 3366/2034/3447 3365/2033/3447 3395/2024/3447
f 3367/2035/3447 3366/2034/3447 3395/2024/3447
f 3368/2036/3447 3367/2035/3447 3395/2024/3447
f 3369/2037/3447 3368/2036/3447 3395/2024/3447
f 3370/2038/3447 3369/2037/3447 3395/2024/3447
f 3371/2039/3447 3370/2038/3447 3395/2024/3447
f 3372/2040/3447 3371/2039/3447 3395/2024/3447
f 3373/2041/3447 3372/2040/3447 3395/2024/3447
f 3374/2042/3447 3373/2041/3447 3395/2024/3447
f 3355/2023/3447 3374/2042/3447 3395/2024/3447
o pCylinder3
v -0.001405 0.071794 -0.078076
v -0.001419 0.071822 -0.078076
v -0.001441 0.071844 -0.078076
v -0.001469 0.071858 -0.078076
v -0.001500 0.071863 -0.078076
v -0.001531 0.071858 -0.078076
v -0.001558 0.071844 -0.078076
v -0.001581 0.071822 -0.078076
v -0.001595 0.071794 -0.078076
v -0.001600 0.071763 -0.078076
v -0.001595 0.071732 -0.078076
v -0.001581 0.071704 -0.078076
v -0.001558 0.071682 -0.078076
v -0.001531 0.071668 -0.078076
v -0.001500 0.071663 -0.078076
v -0.001469 0.071668 -0.078076
v -0.001441 0.071682 -0.078076
v -0.001419 0.071704 -0.078076
v -0.001405 0.071732 -0.078076
v -0.001400 0.071763 -0.078076
v -0.001156 0.067612 -0.003362
v -0.001170 0.067640 -0.003362
v -0.001192 0.067662 -0.003362
v -0.001220 0.067676 -0.003362
v -0.001251 0.067681 -0.003362
v -0.001282 0.067676 -0.003362
v -0.001310 0.067662 -0.003362
v -0.001332 0.067640 -0.003362
v -0.001346 0.067612 -0.003362
v -0.001351 0.067581 -0.003362
v -0.001346 0.067550 -0.003362
v -0.001332 0.067522 -0.003362
v -0.001310 0.067500 -0.003362
v -0.001282 0.067486 -0.003362
v -0.001251 0.067481 -0.003362
v -0.001220 0.067486 -0.003362
v -0.001192 0.067500 -0.003362
v -0.001170 0.067522 -0.003362
v -0.001156 0.067550 -0.003362
v -0.001151 0.067581 -0.003362
v -0.001500 0.071763 -0.078076
v -0.001251 0.067581 -0.003362
vn 0.9673 0.2534 0.0110
vn 0.8287 0.5589 0.0285
vn 0.8288 0.5589 0.0285
vn 0.6029 0.7967 0.0426
vn 0.6029 0.7966 0.0426
vn 0.3175 0.9468 0.0519
vn 0.3177 0.9468 0.0519
vn 0.0012 0.9984 0.0559
vn 0.0016 0.9984 0.0559
vn -0.3145 0.9477 0.0541
vn -0.5995 0.7990 0.0467
vn -0.8248 0.5644 0.0343
vn -0.9651 0.2612 0.0178
vn -0.9652 0.2611 0.0178
vn -0.9997 -0.0249 0.0019
vn -0.9673 -0.2534 -0.0110
vn -0.8288 -0.5588 -0.0285
vn -0.8288 -0.5589 -0.0285
vn -0.6029 -0.7966 -0.0426
vn -0.6029 -0.7967 -0.0426
vn -0.3175 -0.9468 -0.0519
vn -0.0016 -0.9984 -0.0559
vn -0.0015 -0.9984 -0.0559
vn 0.3145 -0.9477 -0.0541
vn 0.5995 -0.7990 -0.0467
vn 0.8248 -0.5644 -0.0343
vn 0.9651 -0.2611 -0.0178
vn 0.9651 -0.2612 -0.0178
vn 0.9997 0.0249 -0.0019
vn 0.9997 0.0250 -0.0019
vn -0.0000 -0.0000 -1.0000
vn -0.0000 0.0001 -1.0000
vn -0.0000 -0.0001 -1.0000
vn -0.0000 -0.0002 -1.0000
vn -0.0000 0.0002 -1.0000
vn -0.0000 -0.0000 1.0000
vt 0.375000 0.312500
vt 0.387500 0.312500
vt 0.387500 0.688440
vt 0.375000 0.688440
vt 0.400000 0.312500
vt 0.400000 0.688440
vt 0.412500 0.312500
vt 0.412500 0.688440
vt 0.425000 0.312500
vt 0.425000 0.688440
vt 0.437500 0.312500
vt 0.437500 0.688440
vt 0.450000 0.312500
vt 0.450000 0.688440
vt 0.462500 0.312500
vt 0.462500 0.688440
vt 0.475000 0.312500
vt 0.475000 0.688440
vt 0.487500 0.312500
vt 0.487500 0.688440
vt 0.500000 0.312500
vt 0.500000 0.688440
vt 0.512500 0.312500
vt 0.512500 0.688440
vt 0.525000 0.312500
vt 0.525000 0.688440
vt 0.537500 0.312500
vt 0.537500 0.688440
vt 0.550000 0.312500
vt 0.550000 0.688440
vt 0.562500 0.312500
vt 0.562500 0.688440
vt 0.575000 0.312500
vt 0.575000 0.688440
vt 0.587500 0.312500
vt 0.587500 0.688440
vt 0.600000 0.312500
vt 0.600000 0.688440
vt 0.612500 0.312500
vt 0.612500 0.688440
vt 0.625000 0.312500
vt 0.625000 0.688440
vt 0.626409 0.064408
vt 0.648603 0.107966
vt 0.500000 0.150000
vt 0.591842 0.029841
vt 0.548284 0.007647
vt 0.500000 -0.000000
vt 0.451716 0.007647
vt 0.408159 0.029841
vt 0.373591 0.064409
vt 0.351397 0.107966
vt 0.343750 0.156250
vt 0.351397 0.204534
vt 0.373591 0.248091
vt 0.408159 0.282659
vt 0.451716 0.304853
vt 0.500000 0.312500
vt 0.548284 0.304853
vt 0.591841 0.282659
vt 0.626409 0.248091
vt 0.648603 0.204534
vt 0.656250 0.156250
vt 0.648603 0.892034
vt 0.626409 0.935591
vt 0.500000 0.837500
vt 0.591841 0.970159
vt 0.548284 0.992353
vt 0.500000 1.000000
vt 0.451716 0.992353
vt 0.408159 0.970159
vt 0.373591 0.935591
vt 0.351397 0.892034
vt 0.343750 0.843750
vt 0.351397 0.795466
vt 0.373591 0.751909
vt 0.408159 0.717341
vt 0.451716 0.695147
vt 0.500000 0.687500
vt 0.548284 0.695147
vt 0.591842 0.717341
vt 0.626409 0.751908
vt 0.648603 0.795466
vt 0.656250 0.843750
s 1
usemtl lambert1
f 3396/2043/3448 3397/2044/3449 3417/2045/3450 3416/2046/3448
f 3397/2044/3449 3398/2047/3451 3418/2048/3452 3417/2045/3450
f 3398/2047/3451 3399/2049/3453 3419/2050/3454 3418/2048/3452
f 3399/2049/3453 3400/2051/3455 3420/2052/3456 3419/2050/3454
f 3400/2051/3455 3401/2053/3457 3421/2054/3457 3420/2052/3456
f 3401/2053/3457 3402/2055/3458 3422/2056/3458 3421/2054/3457
f 3402/2055/3458 3403/2057/3459 3423/2058/3459 3422/2056/3458
f 3403/2057/3459 3404/2059/3460 3424/2060/3461 3423/2058/3459
f 3404/2059/3460 3405/2061/3462 3425/2062/3462 3424/2060/3461
f 3405/2061/3462 3406/2063/3463 3426/2064/3463 3425/2062/3462
f 3406/2063/3463 3407/2065/3464 3427/2066/3465 3426/2064/3463
f 3407/2065/3464 3408/2067/3466 3428/2068/3467 3427/2066/3465
f 3408/2067/3466 3409/2069/3468 3429/2070/3468 3428/2068/3467
f 3409/2069/3468 3410/2071/3469 3430/2072/3470 3429/2070/3468
f 3410/2071/3469 3411/2073/3471 3431/2074/3471 3430/2072/3470
f 3411/2073/3471 3412/2075/3472 3432/2076/3472 3431/2074/3471
f 3412/2075/3472 3413/2077/3473 3433/2078/3473 3432/2076/3472
f 3413/2077/3473 3414/2079/3474 3434/2080/3475 3433/2078/3473
f 3414/2079/3474 3415/2081/3476 3435/2082/3477 3434/2080/3475
f 3415/2081/3476 3396/2083/3448 3416/2084/3448 3435/2082/3477
f 3397/2085/3478 3396/2086/3478 3436/2087/3478
f 3398/2088/3478 3397/2085/3478 3436/2087/3478
f 3399/2089/3478 3398/2088/3478 3436/2087/3478
f 3400/2090/3478 3399/2089/3478 3436/2087/3478
f 3401/2091/3478 3400/2090/3478 3436/2087/3478
f 3402/2092/3479 3401/2091/3478 3436/2087/3478
f 3403/2093/3480 3402/2092/3479 3436/2087/3478
f 3404/2094/3481 3403/2093/3480 3436/2087/3478
f 3405/2095/3478 3404/2094/3481 3436/2087/3478
f 3406/2096/3482 3405/2095/3478 3436/2087/3478
f 3407/2097/3482 3406/2096/3482 3436/2087/3478
f 3408/2098/3480 3407/2097/3482 3436/2087/3478
f 3409/2099/3480 3408/2098/3480 3436/2087/3478
f 3410/2100/3478 3409/2099/3480 3436/2087/3478
f 3411/2101/3478 3410/2100/3478 3436/2087/3478
f 3412/2102/3479 3411/2101/3478 3436/2087/3478
f 3413/2103/3479 3412/2102/3479 3436/2087/3478
f 3414/2104/3478 3413/2103/3479 3436/2087/3478
f 3415/2105/3478 3414/2104/3478 3436/2087/3478
f 3396/2086/3478 3415/2105/3478 3436/2087/3478
f 3416/2106/3483 3417/2107/3483 3437/2108/3483
f 3417/2107/3483 3418/2109/3483 3437/2108/3483
f 3418/2109/3483 3419/2110/3483 3437/2108/3483
f 3419/2110/3483 3420/2111/3483 3437/2108/3483
f 3420/2111/3483 3421/2112/3483 3437/2108/3483
f 3421/2112/3483 3422/2113/3483 3437/2108/3483
f 3422/2113/3483 3423/2114/3483 3437/2108/3483
f 3423/2114/3483 3424/2115/3483 3437/2108/3483
f 3424/2115/3483 3425/2116/3483 3437/2108/3483
f 3425/2116/3483 3426/2117/3483 3437/2108/3483
f 3426/2117/3483 3427/2118/3483 3437/2108/3483
f 3427/2118/3483 3428/2119/3483 3437/2108/3483
f 3428/2119/3483 3429/2120/3483 3437/2108/3483
f 3429/2120/3483 3430/2121/3483 3437/2108/3483
f 3430/2121/3483 3431/2122/3483 3437/2108/3483
f 3431/2122/3483 3432/2123/3483 3437/2108/3483
f 3432/2123/3483 3433/2124/3483 3437/2108/3483
f 3433/2124/3483 3434/2125/3483 3437/2108/3483
f 3434/2125/3483 3435/2126/3483 3437/2108/3483
f 3435/2126/3483 3416/2106/3483 3437/2108/3483
o pCylinder20
v -0.007229 0.046412 0.071766
v -0.007229 0.046270 0.071487
v -0.007229 0.046049 0.071266
v -0.007229 0.045770 0.071124
v -0.007229 0.045461 0.071075
v -0.007229 0.045152 0.071124
v -0.007229 0.044873 0.071266
v -0.007229 0.044652 0.071487
v -0.007229 0.044510 0.071766
v -0.007229 0.044461 0.072075
v -0.007229 0.044510 0.072384
v -0.007229 0.044652 0.072663
v -0.007229 0.044873 0.072884
v -0.007229 0.045152 0.073026
v -0.007229 0.045461 0.073075
v -0.007229 0.045770 0.073026
v -0.007229 0.046049 0.072884
v -0.007229 0.046270 0.072663
v -0.007229 0.046412 0.072384
v -0.007229 0.046461 0.072075
v -0.011229 0.046412 0.071766
v -0.011229 0.046270 0.071487
v -0.011229 0.046049 0.071266
v -0.011229 0.045770 0.071124
v -0.011229 0.045461 0.071075
v -0.011229 0.045152 0.071124
v -0.011229 0.044873 0.071266
v -0.011229 0.044652 0.071487
v -0.011229 0.044510 0.071766
v -0.011229 0.044461 0.072075
v -0.011229 0.044510 0.072384
v -0.011229 0.044652 0.072663
v -0.011229 0.044873 0.072884
v -0.011229 0.045152 0.073026
v -0.011229 0.045461 0.073075
v -0.011229 0.045770 0.073026
v -0.011229 0.046049 0.072884
v -0.011229 0.046270 0.072663
v -0.011229 0.046412 0.072384
v -0.011229 0.046461 0.072075
v -0.007229 0.045461 0.072075
vn -0.0000 0.9511 -0.3090
vn -0.0000 0.8090 -0.5878
vn -0.0000 0.5878 -0.8090
vn -0.0000 0.3090 -0.9511
vn -0.0000 -0.0000 -1.0000
vn -0.0000 -0.3090 -0.9511
vn -0.0000 -0.5878 -0.8090
vn -0.0000 -0.8090 -0.5878
vn -0.0000 -0.9511 -0.3090
vn -0.0000 -1.0000 -0.0000
vn -0.0000 -0.9511 0.3090
vn -0.0000 -0.8090 0.5878
vn -0.0000 -0.5878 0.8090
vn -0.0000 -0.3090 0.9511
vn -0.0000 -0.0000 1.0000
vn -0.0000 0.3090 0.9511
vn -0.0000 0.5878 0.8090
vn -0.0000 0.8090 0.5878
vn -0.0000 0.9511 0.3090
vn -0.0000 1.0000 -0.0000
vn 1.0000 -0.0000 -0.0000
vt 0.375000 0.312500
vt 0.387500 0.312500
vt 0.387500 0.688440
vt 0.375000 0.688440
vt 0.400000 0.312500
vt 0.400000 0.688440
vt 0.412500 0.312500
vt 0.412500 0.688440
vt 0.425000 0.312500
vt 0.425000 0.688440
vt 0.437500 0.312500
vt 0.437500 0.688440
vt 0.450000 0.312500
vt 0.450000 0.688440
vt 0.462500 0.312500
vt 0.462500 0.688440
vt 0.475000 0.312500
vt 0.475000 0.688440
vt 0.487500 0.312500
vt 0.487500 0.688440
vt 0.500000 0.312500
vt 0.500000 0.688440
vt 0.512500 0.312500
vt 0.512500 0.688440
vt 0.525000 0.312500
vt 0.525000 0.688440
vt 0.537500 0.312500
vt 0.537500 0.688440
vt 0.550000 0.312500
vt 0.550000 0.688440
vt 0.562500 0.312500
vt 0.562500 0.688440
vt 0.575000 0.312500
vt 0.575000 0.688440
vt 0.587500 0.312500
vt 0.587500 0.688440
vt 0.600000 0.312500
vt 0.600000 0.688440
vt 0.612500 0.312500
vt 0.612500 0.688440
vt 0.625000 0.312500
vt 0.625000 0.688440
vt 0.626409 0.064408
vt 0.648603 0.107966
vt 0.500000 0.150000
vt 0.591842 0.029841
vt 0.548284 0.007647
vt 0.500000 -0.000000
vt 0.451716 0.007647
vt 0.408159 0.029841
vt 0.373591 0.064409
vt 0.351397 0.107966
vt 0.343750 0.156250
vt 0.351397 0.204534
vt 0.373591 0.248091
vt 0.408159 0.282659
vt 0.451716 0.304853
vt 0.500000 0.312500
vt 0.548284 0.304853
vt 0.591841 0.282659
vt 0.626409 0.248091
vt 0.648603 0.204534
vt 0.656250 0.156250
s 1
usemtl lambert1
f 3438/2127/3484 3439/2128/3485 3459/2129/3485 3458/2130/3484
f 3439/2128/3485 3440/2131/3486 3460/2132/3486 3459/2129/3485
f 3440/2131/3486 3441/2133/3487 3461/2134/3487 3460/2132/3486
f 3441/2133/3487 3442/2135/3488 3462/2136/3488 3461/2134/3487
f 3442/2135/3488 3443/2137/3489 3463/2138/3489 3462/2136/3488
f 3443/2137/3489 3444/2139/3490 3464/2140/3490 3463/2138/3489
f 3444/2139/3490 3445/2141/3491 3465/2142/3491 3464/2140/3490
f 3445/2141/3491 3446/2143/3492 3466/2144/3492 3465/2142/3491
f 3446/2143/3492 3447/2145/3493 3467/2146/3493 3466/2144/3492
f 3447/2145/3493 3448/2147/3494 3468/2148/3494 3467/2146/3493
f 3448/2147/3494 3449/2149/3495 3469/2150/3495 3468/2148/3494
f 3449/2149/3495 3450/2151/3496 3470/2152/3496 3469/2150/3495
f 3450/2151/3496 3451/2153/3497 3471/2154/3497 3470/2152/3496
f 3451/2153/3497 3452/2155/3498 3472/2156/3498 3471/2154/3497
f 3452/2155/3498 3453/2157/3499 3473/2158/3499 3472/2156/3498
f 3453/2157/3499 3454/2159/3500 3474/2160/3500 3473/2158/3499
f 3454/2159/3500 3455/2161/3501 3475/2162/3501 3474/2160/3500
f 3455/2161/3501 3456/2163/3502 3476/2164/3502 3475/2162/3501
f 3456/2163/3502 3457/2165/3503 3477/2166/3503 3476/2164/3502
f 3457/2165/3503 3438/2167/3484 3458/2168/3484 3477/2166/3503
f 3439/2169/3504 3438/2170/3504 3478/2171/3504
f 3440/2172/3504 3439/2169/3504 3478/2171/3504
f 3441/2173/3504 3440/2172/3504 3478/2171/3504
f 3442/2174/3504 3441/2173/3504 3478/2171/3504
f 3443/2175/3504 3442/2174/3504 3478/2171/3504
f 3444/2176/3504 3443/2175/3504 3478/2171/3504
f 3445/2177/3504 3444/2176/3504 3478/2171/3504
f 3446/2178/3504 3445/2177/3504 3478/2171/3504
f 3447/2179/3504 3446/2178/3504 3478/2171/3504
f 3448/2180/3504 3447/2179/3504 3478/2171/3504
f 3449/2181/3504 3448/2180/3504 3478/2171/3504
f 3450/2182/3504 3449/2181/3504 3478/2171/3504
f 3451/2183/3504 3450/2182/3504 3478/2171/3504
f 3452/2184/3504 3451/2183/3504 3478/2171/3504
f 3453/2185/3504 3452/2184/3504 3478/2171/3504
f 3454/2186/3504 3453/2185/3504 3478/2171/3504
f 3455/2187/3504 3454/2186/3504 3478/2171/3504
f 3456/2188/3504 3455/2187/3504 3478/2171/3504
f 3457/2189/3504 3456/2188/3504 3478/2171/3504
f 3438/2170/3504 3457/2189/3504 3478/2171/3504
o pCylinder14
v 0.008316 0.046412 0.077320
v 0.008316 0.046270 0.077041
v 0.008316 0.046049 0.076820
v 0.008316 0.045770 0.076678
v 0.008316 0.045461 0.076629
v 0.008316 0.045152 0.076678
v 0.008316 0.044873 0.076820
v 0.008316 0.044652 0.077041
v 0.008316 0.044510 0.077320
v 0.008316 0.044461 0.077629
v 0.008316 0.044510 0.077938
v 0.008316 0.044652 0.078216
v 0.008316 0.044873 0.078438
v 0.008316 0.045152 0.078580
v 0.008316 0.045461 0.078629
v 0.008316 0.045770 0.078580
v 0.008316 0.046049 0.078438
v 0.008316 0.046270 0.078216
v 0.008316 0.046412 0.077938
v 0.008316 0.046461 0.077629
v 0.004316 0.046412 0.077320
v 0.004316 0.046270 0.077041
v 0.004316 0.046049 0.076820
v 0.004316 0.045770 0.076678
v 0.004316 0.045461 0.076629
v 0.004316 0.045152 0.076678
v 0.004316 0.044873 0.076820
v 0.004316 0.044652 0.077041
v 0.004316 0.044510 0.077320
v 0.004316 0.044461 0.077629
v 0.004316 0.044510 0.077938
v 0.004316 0.044652 0.078216
v 0.004316 0.044873 0.078438
v 0.004316 0.045152 0.078580
v 0.004316 0.045461 0.078629
v 0.004316 0.045770 0.078580
v 0.004316 0.046049 0.078438
v 0.004316 0.046270 0.078216
v 0.004316 0.046412 0.077938
v 0.004316 0.046461 0.077629
v 0.008316 0.045461 0.077629
vn -0.0000 0.9511 -0.3090
vn -0.0000 0.8090 -0.5878
vn -0.0000 0.5878 -0.8090
vn -0.0000 0.3090 -0.9511
vn -0.0000 -0.0000 -1.0000
vn -0.0000 -0.3090 -0.9511
vn -0.0000 -0.5878 -0.8090
vn -0.0000 -0.8090 -0.5878
vn -0.0000 -0.9511 -0.3090
vn -0.0000 -1.0000 -0.0000
vn -0.0000 -0.9511 0.3090
vn -0.0000 -0.8090 0.5878
vn -0.0000 -0.5878 0.8090
vn -0.0000 -0.3090 0.9511
vn -0.0000 -0.0000 1.0000
vn -0.0000 0.3090 0.9511
vn -0.0000 0.5878 0.8090
vn -0.0000 0.8090 0.5878
vn -0.0000 0.9511 0.3090
vn -0.0000 1.0000 -0.0000
vn 1.0000 -0.0000 -0.0000
vt 0.375000 0.312500
vt 0.387500 0.312500
vt 0.387500 0.688440
vt 0.375000 0.688440
vt 0.400000 0.312500
vt 0.400000 0.688440
vt 0.412500 0.312500
vt 0.412500 0.688440
vt 0.425000 0.312500
vt 0.425000 0.688440
vt 0.437500 0.312500
vt 0.437500 0.688440
vt 0.450000 0.312500
vt 0.450000 0.688440
vt 0.462500 0.312500
vt 0.462500 0.688440
vt 0.475000 0.312500
vt 0.475000 0.688440
vt 0.487500 0.312500
vt 0.487500 0.688440
vt 0.500000 0.312500
vt 0.500000 0.688440
vt 0.512500 0.312500
vt 0.512500 0.688440
vt 0.525000 0.312500
vt 0.525000 0.688440
vt 0.537500 0.312500
vt 0.537500 0.688440
vt 0.550000 0.312500
vt 0.550000 0.688440
vt 0.562500 0.312500
vt 0.562500 0.688440
vt 0.575000 0.312500
vt 0.575000 0.688440
vt 0.587500 0.312500
vt 0.587500 0.688440
vt 0.600000 0.312500
vt 0.600000 0.688440
vt 0.612500 0.312500
vt 0.612500 0.688440
vt 0.625000 0.312500
vt 0.625000 0.688440
vt 0.626409 0.064408
vt 0.648603 0.107966
vt 0.500000 0.150000
vt 0.591842 0.029841
vt 0.548284 0.007647
vt 0.500000 -0.000000
vt 0.451716 0.007647
vt 0.408159 0.029841
vt 0.373591 0.064409
vt 0.351397 0.107966
vt 0.343750 0.156250
vt 0.351397 0.204534
vt 0.373591 0.248091
vt 0.408159 0.282659
vt 0.451716 0.304853
vt 0.500000 0.312500
vt 0.548284 0.304853
vt 0.591841 0.282659
vt 0.626409 0.248091
vt 0.648603 0.204534
vt 0.656250 0.156250
s 1
usemtl lambert1
f 3479/2190/3505 3480/2191/3506 3500/2192/3506 3499/2193/3505
f 3480/2191/3506 3481/2194/3507 3501/2195/3507 3500/2192/3506
f 3481/2194/3507 3482/2196/3508 3502/2197/3508 3501/2195/3507
f 3482/2196/3508 3483/2198/3509 3503/2199/3509 3502/2197/3508
f 3483/2198/3509 3484/2200/3510 3504/2201/3510 3503/2199/3509
f 3484/2200/3510 3485/2202/3511 3505/2203/3511 3504/2201/3510
f 3485/2202/3511 3486/2204/3512 3506/2205/3512 3505/2203/3511
f 3486/2204/3512 3487/2206/3513 3507/2207/3513 3506/2205/3512
f 3487/2206/3513 3488/2208/3514 3508/2209/3514 3507/2207/3513
f 3488/2208/3514 3489/2210/3515 3509/2211/3515 3508/2209/3514
f 3489/2210/3515 3490/2212/3516 3510/2213/3516 3509/2211/3515
f 3490/2212/3516 3491/2214/3517 3511/2215/3517 3510/2213/3516
f 3491/2214/3517 3492/2216/3518 3512/2217/3518 3511/2215/3517
f 3492/2216/3518 3493/2218/3519 3513/2219/3519 3512/2217/3518
f 3493/2218/3519 3494/2220/3520 3514/2221/3520 3513/2219/3519
f 3494/2220/3520 3495/2222/3521 3515/2223/3521 3514/2221/3520
f 3495/2222/3521 3496/2224/3522 3516/2225/3522 3515/2223/3521
f 3496/2224/3522 3497/2226/3523 3517/2227/3523 3516/2225/3522
f 3497/2226/3523 3498/2228/3524 3518/2229/3524 3517/2227/3523
f 3498/2228/3524 3479/2230/3505 3499/2231/3505 3518/2229/3524
f 3480/2232/3525 3479/2233/3525 3519/2234/3525
f 3481/2235/3525 3480/2232/3525 3519/2234/3525
f 3482/2236/3525 3481/2235/3525 3519/2234/3525
f 3483/2237/3525 3482/2236/3525 3519/2234/3525
f 3484/2238/3525 3483/2237/3525 3519/2234/3525
f 3485/2239/3525 3484/2238/3525 3519/2234/3525
f 3486/2240/3525 3485/2239/3525 3519/2234/3525
f 3487/2241/3525 3486/2240/3525 3519/2234/3525
f 3488/2242/3525 3487/2241/3525 3519/2234/3525
f 3489/2243/3525 3488/2242/3525 3519/2234/3525
f 3490/2244/3525 3489/2243/3525 3519/2234/3525
f 3491/2245/3525 3490/2244/3525 3519/2234/3525
f 3492/2246/3525 3491/2245/3525 3519/2234/3525
f 3493/2247/3525 3492/2246/3525 3519/2234/3525
f 3494/2248/3525 3493/2247/3525 3519/2234/3525
f 3495/2249/3525 3494/2248/3525 3519/2234/3525
f 3496/2250/3525 3495/2249/3525 3519/2234/3525
f 3497/2251/3525 3496/2250/3525 3519/2234/3525
f 3498/2252/3525 3497/2251/3525 3519/2234/3525
f 3479/2233/3525 3498/2252/3525 3519/2234/3525
o pCube8
v -0.061171 0.033115 0.017550
v -0.075557 0.035264 0.020530
v -0.089943 0.036857 0.023645
v -0.104329 0.038474 0.026724
v -0.061171 0.034098 0.017550
v -0.075557 0.035907 0.020530
v -0.089943 0.037456 0.023645
v -0.104329 0.038787 0.026724
v -0.061171 0.034311 0.017550
v -0.075557 0.036092 0.020530
v -0.089943 0.037605 0.023645
v -0.104329 0.038936 0.026724
v -0.061171 0.035466 0.017550
v -0.075557 0.037082 0.020530
v -0.089943 0.038367 0.023645
v -0.104329 0.039240 0.026724
v -0.061171 0.034938 0.013043
v -0.076639 0.036767 0.017084
v -0.089943 0.038039 0.021013
v -0.104329 0.039077 0.025286
v -0.061171 0.034458 0.009523
v -0.075557 0.036204 0.012654
v -0.089943 0.037688 0.017370
v -0.104329 0.038936 0.024042
v -0.061171 0.034098 0.009523
v -0.075557 0.035907 0.012654
v -0.089943 0.037456 0.017370
v -0.104329 0.038787 0.024042
v -0.061171 0.033474 0.013043
v -0.076639 0.035669 0.017084
v -0.089943 0.036984 0.021013
v -0.104329 0.038619 0.025286
v -0.068469 0.036036 0.016944
v -0.068364 0.036274 0.019040
v -0.076098 0.036925 0.018807
v -0.068905 0.035853 0.015063
v -0.061171 0.035202 0.015296
v -0.082821 0.037550 0.020556
v -0.082750 0.037725 0.022088
v -0.089943 0.038203 0.022329
v -0.083291 0.037403 0.019049
v -0.096880 0.038663 0.024093
v -0.097136 0.038803 0.025185
v -0.104329 0.039158 0.026005
v -0.097136 0.038558 0.023150
v -0.068842 0.035624 0.013188
v -0.076098 0.036485 0.014869
v -0.068364 0.035331 0.011088
v -0.061171 0.034698 0.011283
v -0.082838 0.037149 0.016907
v -0.089943 0.037863 0.019191
v -0.082750 0.036946 0.015012
v -0.096653 0.038394 0.021715
v -0.104329 0.039007 0.024664
v -0.097136 0.038312 0.020706
v -0.068833 0.034805 0.013188
v -0.068364 0.035002 0.011088
v -0.076098 0.035788 0.014869
v -0.068905 0.034572 0.015063
v -0.061171 0.033786 0.011283
v -0.082846 0.036493 0.016909
v -0.082750 0.036681 0.015012
v -0.089943 0.037220 0.019191
v -0.083291 0.036326 0.019049
v -0.096652 0.037915 0.021716
v -0.097136 0.038122 0.020706
v -0.104329 0.038703 0.024664
v -0.097136 0.037801 0.023150
v -0.068474 0.034362 0.016946
v -0.076098 0.035466 0.018807
v -0.068364 0.034190 0.019040
v -0.061171 0.033295 0.015296
v -0.082816 0.036169 0.020556
v -0.089943 0.036920 0.022329
v -0.082750 0.036061 0.022088
v -0.096884 0.037706 0.024094
v -0.104329 0.038547 0.026005
v -0.097136 0.037666 0.025185
vn 0.2029 -0.0000 0.9792
vn 0.2072 -0.0000 0.9783
vn 0.2116 -0.0000 0.9774
vn 0.2105 -0.0000 0.9776
vn 0.2093 -0.0000 0.9779
vn 0.2071 -0.0000 0.9783
vn 0.2104 -0.0000 0.9776
vn 0.0868 0.9894 -0.1163
vn 0.0870 0.9894 -0.1163
vn 0.0868 0.9894 -0.1168
vn 0.0867 0.9894 -0.1167
vn 0.0747 0.9905 -0.1151
vn 0.0753 0.9905 -0.1152
vn 0.0633 0.9915 -0.1135
vn 0.0612 0.9910 -0.1190
vn 0.0481 0.9916 -0.1205
vn 0.0482 0.9915 -0.1205
vn 0.0346 0.9920 -0.1211
vn 0.0360 0.9925 -0.1169
vn 0.0863 0.9883 -0.1259
vn 0.0860 0.9883 -0.1260
vn 0.0898 0.9880 -0.1254
vn 0.0801 0.9909 -0.1083
vn 0.0776 0.9907 -0.1121
vn 0.0637 0.9920 -0.1090
vn 0.0674 0.9927 -0.0999
vn 0.0546 0.9936 -0.0987
vn 0.0544 0.9936 -0.0988
vn 0.0421 0.9942 -0.0990
vn 0.0397 0.9938 -0.1035
vn -0.0824 0.6651 -0.7422
vn -0.0121 0.8525 -0.5226
vn -0.1236 0.6735 -0.7288
vn -0.2693 -0.6538 -0.7072
vn -0.2216 -0.8251 -0.5196
vn -0.2433 -0.6354 -0.7329
vn -0.0766 0.8614 -0.5022
vn -0.2127 0.6793 -0.7024
vn -0.3352 -0.6433 -0.6883
vn -0.2487 -0.8344 -0.4918
vn -0.1480 0.8637 -0.4818
vn -0.2602 0.6768 -0.6886
vn -0.3717 -0.6378 -0.6746
vn -0.3015 -0.8197 -0.4869
vn -0.1713 -0.9738 -0.1495
vn -0.1622 -0.9755 -0.1484
vn -0.1441 -0.9844 -0.1012
vn -0.1339 -0.9865 -0.0945
vn -0.1451 -0.9819 -0.1218
vn -0.1502 -0.9801 -0.1294
vn -0.1617 -0.9839 -0.0756
vn -0.1602 -0.9842 -0.0758
vn -0.1595 -0.9845 -0.0728
vn -0.1598 -0.9847 -0.0696
vn -0.1410 -0.9875 -0.0708
vn -0.1399 -0.9876 -0.0710
vn -0.1208 -0.9900 -0.0722
vn -0.1223 -0.9899 -0.0719
vn -0.1223 -0.9909 -0.0564
vn -0.1223 -0.9909 -0.0565
vn -0.1276 -0.9903 -0.0554
vn -0.1274 -0.9903 -0.0554
vn -1.0000 -0.0000 -0.0000
vn 1.0000 -0.0000 -0.0000
vn 0.0863 0.9893 -0.1173
vn 0.0867 0.9894 -0.1163
vn 0.0478 0.9916 -0.1204
vn 0.0357 0.9925 -0.1166
vn 0.0360 0.9925 -0.1166
vn 0.0398 0.9937 -0.1051
vn 0.0351 0.9919 -0.1217
vn 0.0905 0.9898 -0.1102
vn 0.0665 0.9928 -0.1000
vn 0.0389 0.9938 -0.1041
vn -0.1619 -0.9808 -0.1088
vn -0.1456 -0.9841 -0.1013
vn -0.1629 -0.9806 -0.1089
vn -0.1720 -0.9737 -0.1495
vn -0.1354 -0.9841 -0.1153
vn -0.1422 -0.9824 -0.1215
vn -0.1347 -0.9842 -0.1152
vn -0.1284 -0.9873 -0.0938
vn -0.1503 -0.9801 -0.1296
vn -0.1501 -0.9801 -0.1296
vn -0.1496 -0.9804 -0.1280
vn -0.1422 -0.9873 -0.0706
vn -0.1617 -0.9840 -0.0754
vn -0.1618 -0.9839 -0.0756
vn -0.1170 -0.9915 -0.0576
vn -0.1186 -0.9913 -0.0574
vn -0.1228 -0.9908 -0.0562
vn -0.1204 -0.9911 -0.0571
vn -0.1237 -0.9897 -0.0716
vn -0.1340 -0.9878 -0.0796
vn -0.1336 -0.9878 -0.0796
vn -0.1305 -0.9883 -0.0795
vn -0.1301 -0.9883 -0.0795
vn -0.1247 -0.9906 -0.0555
vt 0.375000 0.000000
vt 0.416667 0.000000
vt 0.458333 0.000000
vt 0.458333 0.083333
vt 0.375000 0.083333
vt 0.500000 0.000000
vt 0.541667 0.000000
vt 0.541667 0.083333
vt 0.583333 0.000000
vt 0.625000 0.000000
vt 0.625000 0.083333
vt 0.458333 0.166667
vt 0.375000 0.166667
vt 0.541667 0.166667
vt 0.625000 0.166667
vt 0.458333 0.250000
vt 0.416667 0.250000
vt 0.375000 0.250000
vt 0.541667 0.250000
vt 0.500000 0.250000
vt 0.625000 0.250000
vt 0.583333 0.250000
vt 0.375000 0.375000
vt 0.415693 0.379199
vt 0.458333 0.375000
vt 0.498841 0.371981
vt 0.541667 0.375000
vt 0.581851 0.376127
vt 0.375000 0.541667
vt 0.375000 0.500000
vt 0.416667 0.500000
vt 0.417779 0.540317
vt 0.458333 0.541667
vt 0.458333 0.500000
vt 0.500000 0.500000
vt 0.498958 0.543094
vt 0.541667 0.541667
vt 0.541667 0.500000
vt 0.583333 0.500000
vt 0.580536 0.542671
vt 0.375000 0.583333
vt 0.416667 0.583333
vt 0.458333 0.583333
vt 0.458333 0.666667
vt 0.416667 0.666667
vt 0.375000 0.666667
vt 0.500000 0.583333
vt 0.541667 0.583333
vt 0.541667 0.666667
vt 0.500000 0.666667
vt 0.583333 0.583333
vt 0.625000 0.583333
vt 0.625000 0.666667
vt 0.583333 0.666667
vt 0.375000 0.708333
vt 0.417724 0.709722
vt 0.458333 0.708333
vt 0.499005 0.706903
vt 0.541667 0.708333
vt 0.580530 0.707385
vt 0.375000 0.875000
vt 0.375000 0.750000
vt 0.416667 0.750000
vt 0.415723 0.870882
vt 0.458333 0.875000
vt 0.458333 0.750000
vt 0.500000 0.750000
vt 0.498810 0.878110
vt 0.541667 0.875000
vt 0.541667 0.750000
vt 0.583333 0.750000
vt 0.581874 0.873912
vt 0.750000 0.000000
vt 0.875000 0.000000
vt 0.875000 0.041667
vt 0.875000 0.083333
vt 0.875000 0.166667
vt 0.875000 0.208333
vt 0.875000 0.250000
vt 0.750000 0.250000
vt 0.125000 0.000000
vt 0.250000 0.000000
vt 0.125000 0.083333
vt 0.125000 0.041667
vt 0.125000 0.166667
vt 0.250000 0.250000
vt 0.125000 0.250000
vt 0.125000 0.208333
vt 0.625000 0.375000
vt 0.625000 0.500000
vt 0.625000 0.541667
vt 0.625000 0.708333
vt 0.625000 0.750000
vt 0.458333 1.000000
vt 0.416667 1.000000
vt 0.375000 1.000000
vt 0.541667 1.000000
vt 0.500000 1.000000
vt 0.625000 0.875000
vt 0.625000 1.000000
vt 0.583333 1.000000
s 1
usemtl lambert1
f 3520/2253/3526 3524/2257/3526 3525/2256/3527 3521/2255/3527 3590/2254/3526
f 3521/2255/3527 3525/2256/3527 3526/2260/3529 3522/2259/3529 3594/2258/3528
f 3522/2259/3529 3526/2260/3529 3527/2263/3530 3523/2262/3530 3597/2261/3530
f 3524/2257/3526 3528/2265/3526 3529/2264/3527 3525/2256/3527
f 3525/2256/3527 3529/2264/3527 3530/2266/3529 3526/2260/3529
f 3526/2260/3529 3530/2266/3529 3531/2267/3530 3527/2263/3530
f 3528/2265/3526 3532/2270/3526 3553/2269/3526 3533/2268/3531 3529/2264/3527
f 3529/2264/3527 3533/2268/3531 3558/2272/3528 3534/2271/3532 3530/2266/3529
f 3530/2266/3529 3534/2271/3532 3562/2274/3530 3535/2273/3530 3531/2267/3530
f 3556/2275/3533 3552/2276/3536 3553/2269/3535 3532/2270/3534
f 3554/2277/3537 3557/2278/3540 3558/2272/3539 3533/2268/3538
f 3559/2279/3541 3561/2280/3544 3562/2274/3543 3534/2271/3542
f 3568/2281/3545 3565/2284/3547 3555/2283/3546 3536/2282/3546
f 3566/2285/3548 3569/2288/3551 3560/2287/3550 3537/2286/3549
f 3570/2289/3552 3572/2292/3555 3564/2291/3554 3538/2290/3553
f 3540/2293/3556 3544/2298/3561 3576/2297/3560 3545/2296/3559 3541/2295/3558 3567/2294/3557
f 3541/2295/3558 3545/2296/3559 3581/2302/3565 3546/2301/3564 3542/2300/3563 3571/2299/3562
f 3542/2300/3563 3546/2301/3564 3585/2306/3569 3547/2305/3568 3543/2304/3567 3574/2303/3566
f 3579/2307/3570 3575/2308/3571 3576/2297/3560 3544/2298/3561
f 3577/2309/3572 3580/2310/3573 3581/2302/3565 3545/2296/3559
f 3582/2311/3574 3584/2312/3575 3585/2306/3569 3546/2301/3564
f 3591/2313/3576 3588/2316/3579 3578/2315/3578 3548/2314/3577
f 3589/2317/3580 3592/2320/3583 3583/2319/3582 3549/2318/3581
f 3593/2321/3584 3595/2324/3587 3587/2323/3586 3550/2322/3585
f 3523/2262/3588 3527/2263/3588 3547/2328/3588 3586/2327/3588 3551/2326/3588 3596/2325/3588
f 3527/2263/3588 3531/2267/3588 3543/2329/3588 3547/2328/3588
f 3531/2267/3588 3535/2273/3588 3563/2332/3588 3539/2331/3588 3573/2330/3588 3543/2329/3588
f 3548/2333/3589 3579/2336/3589 3544/2335/3589 3524/2257/3589 3520/2253/3589 3591/2334/3589
f 3544/2335/3589 3540/2337/3589 3528/2265/3589 3524/2257/3589
f 3540/2337/3589 3568/2340/3589 3536/2339/3589 3556/2338/3589 3532/2270/3589 3528/2265/3589
f 3553/2269/3535 3552/2276/3536 3554/2277/3537 3533/2268/3538
f 3554/2277/3537 3552/2276/3536 3555/2283/3590 3537/2286/3549
f 3555/2283/3590 3552/2276/3536 3556/2275/3533 3536/2282/3591
f 3558/2272/3539 3557/2278/3540 3559/2279/3541 3534/2271/3542
f 3559/2279/3541 3557/2278/3540 3560/2287/3550 3538/2290/3592
f 3560/2287/3550 3557/2278/3540 3554/2277/3537 3537/2286/3549
f 3562/2274/3543 3561/2280/3544 3563/2341/3594 3535/2273/3593
f 3563/2341/3594 3561/2280/3544 3564/2291/3554 3539/2342/3595
f 3564/2291/3596 3561/2280/3544 3559/2279/3541 3538/2290/3592
f 3555/2283/3590 3565/2284/3597 3566/2285/3548 3537/2286/3549
f 3566/2285/3548 3565/2284/3597 3567/2294/3557 3541/2295/3558
f 3567/2294/3557 3565/2284/3547 3568/2281/3545 3540/2293/3556
f 3560/2287/3598 3569/2288/3551 3570/2289/3552 3538/2290/3553
f 3570/2289/3552 3569/2288/3551 3571/2299/3562 3542/2300/3563
f 3571/2299/3562 3569/2288/3551 3566/2285/3548 3541/2295/3558
f 3564/2291/3554 3572/2292/3555 3573/2343/3599 3539/2342/3595
f 3573/2343/3599 3572/2292/3555 3574/2303/3566 3543/2304/3567
f 3574/2303/3566 3572/2292/3555 3570/2289/3552 3542/2300/3563
f 3576/2297/3560 3575/2308/3600 3577/2309/3572 3545/2296/3559
f 3577/2309/3572 3575/2308/3600 3578/2315/3602 3549/2318/3601
f 3578/2315/3603 3575/2308/3571 3579/2307/3570 3548/2314/3603
f 3581/2302/3565 3580/2310/3604 3582/2311/3574 3546/2301/3564
f 3582/2311/3574 3580/2310/3604 3583/2319/3606 3550/2322/3605
f 3583/2319/3607 3580/2310/3573 3577/2309/3572 3549/2318/3601
f 3585/2306/3569 3584/2312/3575 3586/2344/3608 3547/2305/3568
f 3586/2344/3608 3584/2312/3575 3587/2323/3610 3551/2345/3609
f 3587/2323/3610 3584/2312/3575 3582/2311/3574 3550/2322/3605
f 3578/2315/3578 3588/2316/3579 3589/2317/3580 3549/2318/3581
f 3589/2317/3580 3588/2316/3579 3590/2347/3612 3521/2346/3611
f 3590/2347/3612 3588/2316/3579 3591/2313/3576 3520/2348/3613
f 3583/2319/3614 3592/2320/3615 3593/2321/3584 3550/2322/3585
f 3593/2321/3584 3592/2320/3615 3594/2350/3617 3522/2349/3616
f 3594/2350/3618 3592/2320/3583 3589/2317/3580 3521/2346/3611
f 3587/2323/3619 3595/2324/3621 3596/2351/3620 3551/2345/3619
f 3596/2351/3620 3595/2324/3621 3597/2353/3622 3523/2352/3622
f 3597/2353/3623 3595/2324/3587 3593/2321/3584 3522/2349/3616
o pCube18
v 0.000704 0.049044 -0.073205
v 0.000754 0.047367 -0.073205
v 0.006868 0.047720 -0.072535
v 0.006583 0.049168 -0.072535
v 0.013829 0.047857 -0.072461
v 0.013545 0.049213 -0.072461
v 0.020002 0.048013 -0.072424
v 0.019718 0.049175 -0.072424
v 0.031609 0.048590 -0.067803
v 0.031329 0.049788 -0.067803
v 0.029616 0.048219 -0.069287
v 0.029331 0.049805 -0.069287
v 0.025935 0.048231 -0.072437
v 0.025650 0.049256 -0.072437
v 0.033497 0.049459 -0.072330
v 0.033776 0.048395 -0.072330
v 0.032430 0.048408 -0.077788
v 0.032146 0.049111 -0.077788
v 0.027146 0.048120 -0.081294
v 0.026861 0.048630 -0.081294
v 0.001532 0.048769 -0.079210
v 0.001548 0.046969 -0.079210
v 0.002369 0.048413 -0.078379
v 0.002654 0.047319 -0.078379
v 0.006362 0.048494 -0.083592
v 0.006647 0.047447 -0.083592
v 0.018217 0.048471 -0.082829
v 0.018502 0.048018 -0.082829
v 0.032173 0.048362 -0.072603
v 0.030741 0.048333 -0.068310
v 0.031023 0.048313 -0.073781
v 0.033530 0.048401 -0.075302
v 0.033248 0.048421 -0.069831
v 0.031891 0.049663 -0.072600
v 0.030459 0.049815 -0.068310
v 0.032969 0.049771 -0.069831
v 0.033249 0.049115 -0.075302
v 0.030738 0.049303 -0.073781
v 0.028860 0.048246 -0.075826
v 0.027775 0.048225 -0.070862
v 0.026541 0.048175 -0.077138
v 0.029788 0.048264 -0.079784
v 0.028575 0.049035 -0.075825
v 0.027491 0.049545 -0.070862
v 0.029503 0.048871 -0.079784
v 0.026256 0.048773 -0.077138
v 0.002941 0.047129 -0.075639
v 0.004366 0.047544 -0.072587
v 0.001346 0.046951 -0.075924
v 0.002506 0.047144 -0.078795
v 0.004761 0.047302 -0.076480
v 0.006572 0.048660 -0.079178
v 0.010064 0.049191 -0.072498
v 0.008795 0.048684 -0.080276
v 0.004366 0.048453 -0.080986
v 0.004476 0.048620 -0.076480
v 0.006858 0.047380 -0.079178
v 0.010349 0.047789 -0.072498
v 0.004650 0.047383 -0.080986
v 0.009079 0.047435 -0.080276
v 0.012989 0.048686 -0.079865
v 0.016631 0.049238 -0.072443
v 0.018082 0.048758 -0.079058
v 0.012290 0.048483 -0.083410
v 0.013273 0.047536 -0.079865
v 0.016916 0.047901 -0.072443
v 0.012574 0.047549 -0.083410
v 0.018366 0.048015 -0.079058
v 0.022436 0.048747 -0.078276
v 0.022684 0.049232 -0.072431
v 0.022539 0.048550 -0.082266
v 0.022722 0.048089 -0.078276
v 0.022969 0.048122 -0.072431
v 0.022824 0.048069 -0.082266
vn 0.9212 0.3217 -0.2189
vn 0.7728 0.3029 -0.5577
vn 0.5276 0.2449 -0.8134
vn 0.6241 0.1521 -0.7664
vn -0.1028 -0.0376 -0.9940
vn -0.1029 -0.0376 -0.9940
vn -0.7749 -0.2061 -0.5976
vn -0.4001 -0.1029 -0.9107
vn 0.0579 0.0216 -0.9981
vn 0.1159 0.0618 -0.9913
vn 0.1737 0.1019 -0.9795
vn 0.8855 0.1997 0.4194
vn 0.0686 -0.9961 0.0554
vn -0.0489 0.9933 -0.1051
vn -0.0489 0.9933 -0.1052
vn -0.0698 0.9929 -0.0965
vn 0.0431 -0.9991 0.0001
vn 0.0130 -0.9999 0.0039
vn 0.0201 -0.9998 -0.0051
vn -0.0232 0.9946 -0.1014
vn -0.0232 0.9946 -0.1013
vn -0.0541 0.9923 -0.1115
vn -0.9886 -0.0794 -0.1283
vn 0.0566 0.9924 -0.1092
vn 0.0047 0.9957 -0.0929
vn -0.0187 0.9971 -0.0737
vn -0.0042 0.9974 -0.0725
vn 0.0720 -0.9955 0.0610
vn 0.0934 -0.9931 0.0710
vn -0.0474 0.9960 -0.0762
vn 0.0233 -0.9989 0.0413
vn 0.0292 -0.9987 0.0407
vn -0.0096 0.9977 -0.0664
vn -0.0096 0.9977 -0.0665
vn 0.0012 0.9975 -0.0710
vn 0.0075 0.9979 -0.0649
vn 0.0492 -0.9988 -0.0023
vn 0.0486 -0.9988 -0.0014
vn 0.0722 -0.9974 -0.0014
vn 0.0742 -0.9972 -0.0024
vn 0.0005 0.9975 -0.0701
vn 0.0034 0.9974 -0.0718
vn 0.0015 0.9974 -0.0725
vn 0.0073 0.9960 -0.0895
vn 0.0203 -0.9998 0.0089
vn 0.0194 -0.9998 0.0074
vn 0.0262 -0.9996 0.0041
vn 0.0267 -0.9996 0.0088
vn 0.0650 -0.9979 0.0069
vn 0.0376 -0.9993 -0.0042
vn 0.0378 -0.9993 -0.0041
vn 0.0219 -0.9998 0.0019
vn 0.0292 -0.9996 -0.0058
vn 0.0194 -0.9998 0.0045
vn 0.0017 0.9997 -0.0259
vn 0.1437 0.9834 -0.1106
vn 0.0106 0.9944 -0.1053
vn -0.0220 0.9963 -0.0830
vn 0.0255 -0.9996 0.0111
vn 0.0439 -0.9990 0.0003
vn 0.0376 -0.9992 0.0103
vn -0.0280 0.9931 -0.1137
vn -0.0563 0.9966 -0.0596
vn -0.0699 0.9962 -0.0523
vn -0.0369 0.9982 -0.0466
vn -0.0370 0.9982 -0.0466
vn 0.0437 -0.9897 0.1361
vn 0.1395 -0.9902 -0.0102
vn 0.1558 -0.9842 -0.0845
vn 0.0841 -0.9951 -0.0516
vn -0.0196 0.9979 -0.0619
vn -0.0209 0.9987 -0.0472
vn -0.0650 0.9973 -0.0353
vn -0.0643 0.9973 -0.0353
vn 0.0505 -0.9974 0.0509
vn 0.0128 -0.9998 -0.0169
vn 0.0115 -0.9998 -0.0180
vn 0.0178 -0.9997 -0.0143
vn 0.0177 -0.9997 -0.0144
vn 0.0024 0.9979 -0.0648
vn 0.0031 0.9978 -0.0665
vn 0.0174 -0.9990 0.0420
vn 0.0209 -0.9997 -0.0131
vn 0.0867 -0.9962 -0.0088
vn 0.0505 -0.9987 -0.0030
vn -0.0019 0.9991 -0.0428
vn 0.0015 0.9981 -0.0609
vn 0.0141 -0.9998 0.0102
vt 0.625000 0.535714
vt 0.625000 0.571429
vt 0.625000 0.571429
vt 0.625000 0.571429
vt 0.625000 0.535714
s 1
usemtl lambert1
f 3612/2354/3624 3613/2355/3624 3629/2355/3624 3614/2355/3625 3615/2354/3625 3634/2354/3624
f 3615/2354/3625 3614/2355/3625 3639/2355/3626 3616/2355/3626 3617/2354/3626 3642/2354/3626
f 3619/2355/3627 3618/2354/3627 3620/2354/3628 3621/2355/3629 3647/2355/3627
f 3621/2355/3629 3620/2354/3628 3652/2354/3630 3622/2354/3631 3623/2355/3631 3656/2355/3630
f 3623/2355/3631 3622/2354/3631 3661/2354/3632 3624/2354/3633 3625/2355/3633 3664/2355/3632
f 3625/2355/3633 3624/2354/3633 3668/2354/3634 3617/2354/3634 3616/2355/3634 3671/2355/3634
f 3607/2354/3635 3606/2355/3635 3630/2355/3635 3613/2355/3635 3612/2354/3635 3633/2354/3635
f 3630/2355/3636 3606/2355/3636 3627/2355/3636 3626/2356/3636
f 3635/2354/3637 3609/2354/3638 3632/2354/3639 3631/2354/3639
f 3628/2355/3640 3608/2355/3640 3637/2355/3641 3636/2355/3642
f 3643/2354/3643 3611/2354/3644 3641/2354/3645 3640/2354/3645
f 3599/2355/3646 3598/2354/3646 3618/2354/3646 3619/2355/3646 3646/2355/3646
f 3598/2354/3647 3601/2354/3648 3653/2354/3649 3620/2354/3650 3618/2354/3647
f 3648/2355/3651 3600/2355/3651 3645/2355/3652 3644/2355/3652
f 3653/2354/3649 3601/2354/3648 3650/2354/3653 3649/2354/3653
f 3657/2355/3654 3602/2355/3654 3655/2355/3655 3654/2355/3655
f 3651/2354/3656 3603/2354/3657 3659/2354/3658 3658/2354/3659
f 3665/2355/3660 3604/2355/3661 3663/2355/3662 3662/2357/3663
f 3660/2354/3664 3605/2354/3665 3667/2354/3666 3666/2358/3667
f 3638/2355/3668 3610/2355/3669 3670/2355/3670 3669/2355/3671
f 3627/2355/3672 3608/2355/3640 3628/2355/3640 3626/2356/3672
f 3628/2355/3673 3614/2355/3674 3629/2355/3675 3626/2356/3676
f 3629/2355/3675 3613/2355/3677 3630/2355/3677 3626/2356/3676
f 3632/2354/3678 3607/2354/3678 3633/2354/3678 3631/2354/3678
f 3633/2354/3679 3612/2354/3679 3634/2354/3679 3631/2354/3679
f 3634/2354/3680 3615/2354/3681 3635/2354/3681 3631/2354/3680
f 3637/2355/3641 3610/2355/3669 3638/2355/3668 3636/2355/3642
f 3638/2355/3668 3616/2355/3682 3639/2355/3683 3636/2355/3684
f 3639/2355/3683 3614/2355/3674 3628/2355/3673 3636/2355/3684
f 3641/2354/3685 3609/2354/3638 3635/2354/3637 3640/2354/3685
f 3635/2354/3681 3615/2354/3681 3642/2354/3686 3640/2354/3687
f 3642/2354/3686 3617/2354/3688 3643/2354/3689 3640/2354/3687
f 3645/2355/3690 3599/2355/3690 3646/2355/3690 3644/2355/3690
f 3646/2355/3691 3619/2355/3691 3647/2355/3691 3644/2355/3691
f 3647/2355/3692 3621/2355/3693 3648/2355/3693 3644/2355/3692
f 3650/2354/3694 3603/2354/3657 3651/2354/3656 3649/2354/3694
f 3651/2354/3695 3622/2354/3695 3652/2354/3696 3649/2354/3697
f 3652/2354/3696 3620/2354/3650 3653/2354/3649 3649/2354/3697
f 3655/2355/3698 3600/2355/3651 3648/2355/3651 3654/2355/3698
f 3648/2355/3693 3621/2355/3693 3656/2355/3699 3654/2355/3700
f 3656/2355/3699 3623/2355/3701 3657/2355/3702 3654/2355/3700
f 3659/2354/3658 3605/2354/3665 3660/2354/3664 3658/2354/3659
f 3660/2354/3664 3624/2354/3703 3661/2354/3704 3658/2354/3659
f 3661/2354/3704 3622/2354/3695 3651/2354/3695 3658/2354/3659
f 3663/2355/3705 3602/2355/3654 3657/2355/3654 3662/2357/3705
f 3657/2355/3702 3623/2355/3701 3664/2355/3706 3662/2357/3706
f 3664/2355/3707 3625/2355/3708 3665/2355/3660 3662/2357/3663
f 3667/2354/3666 3611/2354/3644 3643/2354/3643 3666/2358/3667
f 3643/2354/3689 3617/2354/3688 3668/2354/3709 3666/2358/3710
f 3668/2354/3709 3624/2354/3703 3660/2354/3664 3666/2358/3710
f 3670/2355/3670 3604/2355/3661 3665/2355/3660 3669/2355/3671
f 3665/2355/3660 3625/2355/3708 3671/2355/3711 3669/2355/3671
f 3671/2355/3711 3616/2355/3682 3638/2355/3668 3669/2355/3671
o pCylinder21
v -0.007091 0.044510 0.066363
v -0.007091 0.044652 0.066084
v -0.007091 0.044873 0.065863
v -0.007091 0.045152 0.065720
v -0.007091 0.045461 0.065672
v -0.007091 0.045770 0.065720
v -0.007091 0.046049 0.065863
v -0.007091 0.046270 0.066084
v -0.007091 0.046412 0.066363
v -0.007091 0.046461 0.066672
v -0.007091 0.046412 0.066981
v -0.007091 0.046270 0.067259
v -0.007091 0.046049 0.067481
v -0.007091 0.045770 0.067623
v -0.007091 0.045461 0.067672
v -0.007091 0.045152 0.067623
v -0.007091 0.044873 0.067481
v -0.007091 0.044652 0.067259
v -0.007091 0.044510 0.066981
v -0.007091 0.044461 0.066672
v -0.011091 0.044510 0.066363
v -0.011091 0.044652 0.066084
v -0.011091 0.044873 0.065863
v -0.011091 0.045152 0.065720
v -0.011091 0.045461 0.065672
v -0.011091 0.045770 0.065720
v -0.011091 0.046049 0.065863
v -0.011091 0.046270 0.066084
v -0.011091 0.046412 0.066363
v -0.011091 0.046461 0.066672
v -0.011091 0.046412 0.066981
v -0.011091 0.046270 0.067259
v -0.011091 0.046049 0.067481
v -0.011091 0.045770 0.067623
v -0.011091 0.045461 0.067672
v -0.011091 0.045152 0.067623
v -0.011091 0.044873 0.067481
v -0.011091 0.044652 0.067259
v -0.011091 0.044510 0.066981
v -0.011091 0.044461 0.066672
v -0.007091 0.045461 0.066672
vn -0.0000 -0.9511 -0.3090
vn -0.0000 -0.8090 -0.5878
vn -0.0000 -0.5878 -0.8090
vn -0.0000 -0.3090 -0.9511
vn -0.0000 -0.0000 -1.0000
vn -0.0000 0.3090 -0.9511
vn -0.0000 0.5878 -0.8090
vn -0.0000 0.8090 -0.5878
vn -0.0000 0.9511 -0.3090
vn -0.0000 1.0000 -0.0000
vn -0.0000 0.9511 0.3090
vn -0.0000 0.8090 0.5878
vn -0.0000 0.5878 0.8090
vn -0.0000 0.3090 0.9511
vn -0.0000 -0.0000 1.0000
vn -0.0000 -0.3090 0.9511
vn -0.0000 -0.5878 0.8090
vn -0.0000 -0.8090 0.5878
vn -0.0000 -0.9511 0.3090
vn -0.0000 -1.0000 -0.0000
vn 1.0000 -0.0000 -0.0000
vt 0.375000 0.312500
vt 0.387500 0.312500
vt 0.387500 0.688440
vt 0.375000 0.688440
vt 0.400000 0.312500
vt 0.400000 0.688440
vt 0.412500 0.312500
vt 0.412500 0.688440
vt 0.425000 0.312500
vt 0.425000 0.688440
vt 0.437500 0.312500
vt 0.437500 0.688440
vt 0.450000 0.312500
vt 0.450000 0.688440
vt 0.462500 0.312500
vt 0.462500 0.688440
vt 0.475000 0.312500
vt 0.475000 0.688440
vt 0.487500 0.312500
vt 0.487500 0.688440
vt 0.500000 0.312500
vt 0.500000 0.688440
vt 0.512500 0.312500
vt 0.512500 0.688440
vt 0.525000 0.312500
vt 0.525000 0.688440
vt 0.537500 0.312500
vt 0.537500 0.688440
vt 0.550000 0.312500
vt 0.550000 0.688440
vt 0.562500 0.312500
vt 0.562500 0.688440
vt 0.575000 0.312500
vt 0.575000 0.688440
vt 0.587500 0.312500
vt 0.587500 0.688440
vt 0.600000 0.312500
vt 0.600000 0.688440
vt 0.612500 0.312500
vt 0.612500 0.688440
vt 0.625000 0.312500
vt 0.625000 0.688440
vt 0.626409 0.064408
vt 0.648603 0.107966
vt 0.500000 0.150000
vt 0.591842 0.029841
vt 0.548284 0.007647
vt 0.500000 -0.000000
vt 0.451716 0.007647
vt 0.408159 0.029841
vt 0.373591 0.064409
vt 0.351397 0.107966
vt 0.343750 0.156250
vt 0.351397 0.204534
vt 0.373591 0.248091
vt 0.408159 0.282659
vt 0.451716 0.304853
vt 0.500000 0.312500
vt 0.548284 0.304853
vt 0.591841 0.282659
vt 0.626409 0.248091
vt 0.648603 0.204534
vt 0.656250 0.156250
s 1
usemtl lambert1
f 3672/2359/3712 3692/2362/3712 3693/2361/3713 3673/2360/3713
f 3673/2360/3713 3693/2361/3713 3694/2364/3714 3674/2363/3714
f 3674/2363/3714 3694/2364/3714 3695/2366/3715 3675/2365/3715
f 3675/2365/3715 3695/2366/3715 3696/2368/3716 3676/2367/3716
f 3676/2367/3716 3696/2368/3716 3697/2370/3717 3677/2369/3717
f 3677/2369/3717 3697/2370/3717 3698/2372/3718 3678/2371/3718
f 3678/2371/3718 3698/2372/3718 3699/2374/3719 3679/2373/3719
f 3679/2373/3719 3699/2374/3719 3700/2376/3720 3680/2375/3720
f 3680/2375/3720 3700/2376/3720 3701/2378/3721 3681/2377/3721
f 3681/2377/3721 3701/2378/3721 3702/2380/3722 3682/2379/3722
f 3682/2379/3722 3702/2380/3722 3703/2382/3723 3683/2381/3723
f 3683/2381/3723 3703/2382/3723 3704/2384/3724 3684/2383/3724
f 3684/2383/3724 3704/2384/3724 3705/2386/3725 3685/2385/3725
f 3685/2385/3725 3705/2386/3725 3706/2388/3726 3686/2387/3726
f 3686/2387/3726 3706/2388/3726 3707/2390/3727 3687/2389/3727
f 3687/2389/3727 3707/2390/3727 3708/2392/3728 3688/2391/3728
f 3688/2391/3728 3708/2392/3728 3709/2394/3729 3689/2393/3729
f 3689/2393/3729 3709/2394/3729 3710/2396/3730 3690/2395/3730
f 3690/2395/3730 3710/2396/3730 3711/2398/3731 3691/2397/3731
f 3691/2397/3731 3711/2398/3731 3692/2400/3712 3672/2399/3712
f 3673/2401/3732 3712/2403/3732 3672/2402/3732
f 3674/2404/3732 3712/2403/3732 3673/2401/3732
f 3675/2405/3732 3712/2403/3732 3674/2404/3732
f 3676/2406/3732 3712/2403/3732 3675/2405/3732
f 3677/2407/3732 3712/2403/3732 3676/2406/3732
f 3678/2408/3732 3712/2403/3732 3677/2407/3732
f 3679/2409/3732 3712/2403/3732 3678/2408/3732
f 3680/2410/3732 3712/2403/3732 3679/2409/3732
f 3681/2411/3732 3712/2403/3732 3680/2410/3732
f 3682/2412/3732 3712/2403/3732 3681/2411/3732
f 3683/2413/3732 3712/2403/3732 3682/2412/3732
f 3684/2414/3732 3712/2403/3732 3683/2413/3732
f 3685/2415/3732 3712/2403/3732 3684/2414/3732
f 3686/2416/3732 3712/2403/3732 3685/2415/3732
f 3687/2417/3732 3712/2403/3732 3686/2416/3732
f 3688/2418/3732 3712/2403/3732 3687/2417/3732
f 3689/2419/3732 3712/2403/3732 3688/2418/3732
f 3690/2420/3732 3712/2403/3732 3689/2419/3732
f 3691/2421/3732 3712/2403/3732 3690/2420/3732
f 3672/2402/3732 3712/2403/3732 3691/2421/3732
o pCylinder16
v 0.008596 0.046412 0.071766
v 0.008596 0.046270 0.071487
v 0.008596 0.046049 0.071266
v 0.008596 0.045770 0.071124
v 0.008596 0.045461 0.071075
v 0.008596 0.045152 0.071124
v 0.008596 0.044873 0.071266
v 0.008596 0.044652 0.071487
v 0.008596 0.044510 0.071766
v 0.008596 0.044461 0.072075
v 0.008596 0.044510 0.072384
v 0.008596 0.044652 0.072663
v 0.008596 0.044873 0.072884
v 0.008596 0.045152 0.073026
v 0.008596 0.045461 0.073075
v 0.008596 0.045770 0.073026
v 0.008596 0.046049 0.072884
v 0.008596 0.046270 0.072663
v 0.008596 0.046412 0.072384
v 0.008596 0.046461 0.072075
v 0.004596 0.046412 0.071766
v 0.004596 0.046270 0.071487
v 0.004596 0.046049 0.071266
v 0.004596 0.045770 0.071124
v 0.004596 0.045461 0.071075
v 0.004596 0.045152 0.071124
v 0.004596 0.044873 0.071266
v 0.004596 0.044652 0.071487
v 0.004596 0.044510 0.071766
v 0.004596 0.044461 0.072075
v 0.004596 0.044510 0.072384
v 0.004596 0.044652 0.072663
v 0.004596 0.044873 0.072884
v 0.004596 0.045152 0.073026
v 0.004596 0.045461 0.073075
v 0.004596 0.045770 0.073026
v 0.004596 0.046049 0.072884
v 0.004596 0.046270 0.072663
v 0.004596 0.046412 0.072384
v 0.004596 0.046461 0.072075
v 0.008596 0.045461 0.072075
vn -0.0000 0.9511 -0.3090
vn -0.0000 0.8090 -0.5878
vn -0.0000 0.5878 -0.8090
vn -0.0000 0.3090 -0.9511
vn -0.0000 -0.0000 -1.0000
vn -0.0000 -0.3090 -0.9511
vn -0.0000 -0.5878 -0.8090
vn -0.0000 -0.8090 -0.5878
vn -0.0000 -0.9511 -0.3090
vn -0.0000 -1.0000 -0.0000
vn -0.0000 -0.9511 0.3090
vn -0.0000 -0.8090 0.5878
vn -0.0000 -0.5878 0.8090
vn -0.0000 -0.3090 0.9511
vn -0.0000 -0.0000 1.0000
vn -0.0000 0.3090 0.9511
vn -0.0000 0.5878 0.8090
vn -0.0000 0.8090 0.5878
vn -0.0000 0.9511 0.3090
vn -0.0000 1.0000 -0.0000
vn 1.0000 -0.0000 -0.0000
vt 0.375000 0.312500
vt 0.387500 0.312500
vt 0.387500 0.688440
vt 0.375000 0.688440
vt 0.400000 0.312500
vt 0.400000 0.688440
vt 0.412500 0.312500
vt 0.412500 0.688440
vt 0.425000 0.312500
vt 0.425000 0.688440
vt 0.437500 0.312500
vt 0.437500 0.688440
vt 0.450000 0.312500
vt 0.450000 0.688440
vt 0.462500 0.312500
vt 0.462500 0.688440
vt 0.475000 0.312500
vt 0.475000 0.688440
vt 0.487500 0.312500
vt 0.487500 0.688440
vt 0.500000 0.312500
vt 0.500000 0.688440
vt 0.512500 0.312500
vt 0.512500 0.688440
vt 0.525000 0.312500
vt 0.525000 0.688440
vt 0.537500 0.312500
vt 0.537500 0.688440
vt 0.550000 0.312500
vt 0.550000 0.688440
vt 0.562500 0.312500
vt 0.562500 0.688440
vt 0.575000 0.312500
vt 0.575000 0.688440
vt 0.587500 0.312500
vt 0.587500 0.688440
vt 0.600000 0.312500
vt 0.600000 0.688440
vt 0.612500 0.312500
vt 0.612500 0.688440
vt 0.625000 0.312500
vt 0.625000 0.688440
vt 0.626409 0.064408
vt 0.648603 0.107966
vt 0.500000 0.150000
vt 0.591842 0.029841
vt 0.548284 0.007647
vt 0.500000 -0.000000
vt 0.451716 0.007647
vt 0.408159 0.029841
vt 0.373591 0.064409
vt 0.351397 0.107966
vt 0.343750 0.156250
vt 0.351397 0.204534
vt 0.373591 0.248091
vt 0.408159 0.282659
vt 0.451716 0.304853
vt 0.500000 0.312500
vt 0.548284 0.304853
vt 0.591841 0.282659
vt 0.626409 0.248091
vt 0.648603 0.204534
vt 0.656250 0.156250
s 1
usemtl lambert1
f 3713/2422/3733 3714/2423/3734 3734/2424/3734 3733/2425/3733
f 3714/2423/3734 3715/2426/3735 3735/2427/3735 3734/2424/3734
f 3715/2426/3735 3716/2428/3736 3736/2429/3736 3735/2427/3735
f 3716/2428/3736 3717/2430/3737 3737/2431/3737 3736/2429/3736
f 3717/2430/3737 3718/2432/3738 3738/2433/3738 3737/2431/3737
f 3718/2432/3738 3719/2434/3739 3739/2435/3739 3738/2433/3738
f 3719/2434/3739 3720/2436/3740 3740/2437/3740 3739/2435/3739
f 3720/2436/3740 3721/2438/3741 3741/2439/3741 3740/2437/3740
f 3721/2438/3741 3722/2440/3742 3742/2441/3742 3741/2439/3741
f 3722/2440/3742 3723/2442/3743 3743/2443/3743 3742/2441/3742
f 3723/2442/3743 3724/2444/3744 3744/2445/3744 3743/2443/3743
f 3724/2444/3744 3725/2446/3745 3745/2447/3745 3744/2445/3744
f 3725/2446/3745 3726/2448/3746 3746/2449/3746 3745/2447/3745
f 3726/2448/3746 3727/2450/3747 3747/2451/3747 3746/2449/3746
f 3727/2450/3747 3728/2452/3748 3748/2453/3748 3747/2451/3747
f 3728/2452/3748 3729/2454/3749 3749/2455/3749 3748/2453/3748
f 3729/2454/3749 3730/2456/3750 3750/2457/3750 3749/2455/3749
f 3730/2456/3750 3731/2458/3751 3751/2459/3751 3750/2457/3750
f 3731/2458/3751 3732/2460/3752 3752/2461/3752 3751/2459/3751
f 3732/2460/3752 3713/2462/3733 3733/2463/3733 3752/2461/3752
f 3714/2464/3753 3713/2465/3753 3753/2466/3753
f 3715/2467/3753 3714/2464/3753 3753/2466/3753
f 3716/2468/3753 3715/2467/3753 3753/2466/3753
f 3717/2469/3753 3716/2468/3753 3753/2466/3753
f 3718/2470/3753 3717/2469/3753 3753/2466/3753
f 3719/2471/3753 3718/2470/3753 3753/2466/3753
f 3720/2472/3753 3719/2471/3753 3753/2466/3753
f 3721/2473/3753 3720/2472/3753 3753/2466/3753
f 3722/2474/3753 3721/2473/3753 3753/2466/3753
f 3723/2475/3753 3722/2474/3753 3753/2466/3753
f 3724/2476/3753 3723/2475/3753 3753/2466/3753
f 3725/2477/3753 3724/2476/3753 3753/2466/3753
f 3726/2478/3753 3725/2477/3753 3753/2466/3753
f 3727/2479/3753 3726/2478/3753 3753/2466/3753
f 3728/2480/3753 3727/2479/3753 3753/2466/3753
f 3729/2481/3753 3728/2480/3753 3753/2466/3753
f 3730/2482/3753 3729/2481/3753 3753/2466/3753
f 3731/2483/3753 3730/2482/3753 3753/2466/3753
f 3732/2484/3753 3731/2483/3753 3753/2466/3753
f 3713/2465/3753 3732/2484/3753 3753/2466/3753
o pCylinder2
v -0.001156 0.047679 -0.003239
v -0.001170 0.047679 -0.003267
v -0.001192 0.047679 -0.003289
v -0.001220 0.047679 -0.003303
v -0.001251 0.047679 -0.003308
v -0.001282 0.047679 -0.003303
v -0.001310 0.047679 -0.003289
v -0.001332 0.047679 -0.003267
v -0.001346 0.047679 -0.003239
v -0.001351 0.047679 -0.003208
v -0.001346 0.047679 -0.003177
v -0.001332 0.047679 -0.003149
v -0.001310 0.047679 -0.003127
v -0.001282 0.047679 -0.003113
v -0.001251 0.047679 -0.003108
v -0.001220 0.047679 -0.003113
v -0.001192 0.047679 -0.003127
v -0.001170 0.047679 -0.003149
v -0.001156 0.047679 -0.003177
v -0.001151 0.047679 -0.003208
v -0.001156 0.067679 -0.003239
v -0.001170 0.067679 -0.003267
v -0.001192 0.067679 -0.003289
v -0.001220 0.067679 -0.003303
v -0.001251 0.067679 -0.003308
v -0.001282 0.067679 -0.003303
v -0.001310 0.067679 -0.003289
v -0.001332 0.067679 -0.003267
v -0.001346 0.067679 -0.003239
v -0.001351 0.067679 -0.003208
v -0.001346 0.067679 -0.003177
v -0.001332 0.067679 -0.003149
v -0.001310 0.067679 -0.003127
v -0.001282 0.067679 -0.003113
v -0.001251 0.067679 -0.003108
v -0.001220 0.067679 -0.003113
v -0.001192 0.067679 -0.003127
v -0.001170 0.067679 -0.003149
v -0.001156 0.067679 -0.003177
v -0.001151 0.067679 -0.003208
v -0.001251 0.047679 -0.003208
v -0.001251 0.067679 -0.003208
vn 0.9511 -0.0000 -0.3090
vn 0.8090 -0.0000 -0.5878
vn 0.5878 -0.0000 -0.8090
vn 0.3090 -0.0000 -0.9511
vn -0.0000 -0.0000 -1.0000
vn -0.3090 -0.0000 -0.9511
vn -0.5878 -0.0000 -0.8090
vn -0.8090 -0.0000 -0.5878
vn -0.9511 -0.0000 -0.3090
vn -1.0000 -0.0000 -0.0000
vn -0.9511 -0.0000 0.3090
vn -0.8090 -0.0000 0.5878
vn -0.5878 -0.0000 0.8090
vn -0.3090 -0.0000 0.9511
vn -0.0000 -0.0000 1.0000
vn 0.3090 -0.0000 0.9511
vn 0.5878 -0.0000 0.8090
vn 0.8090 -0.0000 0.5878
vn 0.9511 -0.0000 0.3090
vn 1.0000 -0.0000 -0.0000
vn -0.0000 -1.0000 -0.0000
vn -0.0000 1.0000 -0.0000
vt 0.375000 0.312500
vt 0.387500 0.312500
vt 0.387500 0.688440
vt 0.375000 0.688440
vt 0.400000 0.312500
vt 0.400000 0.688440
vt 0.412500 0.312500
vt 0.412500 0.688440
vt 0.425000 0.312500
vt 0.425000 0.688440
vt 0.437500 0.312500
vt 0.437500 0.688440
vt 0.450000 0.312500
vt 0.450000 0.688440
vt 0.462500 0.312500
vt 0.462500 0.688440
vt 0.475000 0.312500
vt 0.475000 0.688440
vt 0.487500 0.312500
vt 0.487500 0.688440
vt 0.500000 0.312500
vt 0.500000 0.688440
vt 0.512500 0.312500
vt 0.512500 0.688440
vt 0.525000 0.312500
vt 0.525000 0.688440
vt 0.537500 0.312500
vt 0.537500 0.688440
vt 0.550000 0.312500
vt 0.550000 0.688440
vt 0.562500 0.312500
vt 0.562500 0.688440
vt 0.575000 0.312500
vt 0.575000 0.688440
vt 0.587500 0.312500
vt 0.587500 0.688440
vt 0.600000 0.312500
vt 0.600000 0.688440
vt 0.612500 0.312500
vt 0.612500 0.688440
vt 0.625000 0.312500
vt 0.625000 0.688440
vt 0.626409 0.064408
vt 0.648603 0.107966
vt 0.500000 0.150000
vt 0.591842 0.029841
vt 0.548284 0.007647
vt 0.500000 -0.000000
vt 0.451716 0.007647
vt 0.408159 0.029841
vt 0.373591 0.064409
vt 0.351397 0.107966
vt 0.343750 0.156250
vt 0.351397 0.204534
vt 0.373591 0.248091
vt 0.408159 0.282659
vt 0.451716 0.304853
vt 0.500000 0.312500
vt 0.548284 0.304853
vt 0.591841 0.282659
vt 0.626409 0.248091
vt 0.648603 0.204534
vt 0.656250 0.156250
vt 0.648603 0.892034
vt 0.626409 0.935591
vt 0.500000 0.837500
vt 0.591841 0.970159
vt 0.548284 0.992353
vt 0.500000 1.000000
vt 0.451716 0.992353
vt 0.408159 0.970159
vt 0.373591 0.935591
vt 0.351397 0.892034
vt 0.343750 0.843750
vt 0.351397 0.795466
vt 0.373591 0.751909
vt 0.408159 0.717341
vt 0.451716 0.695147
vt 0.500000 0.687500
vt 0.548284 0.695147
vt 0.591842 0.717341
vt 0.626409 0.751908
vt 0.648603 0.795466
vt 0.656250 0.843750
s 1
usemtl lambert1
f 3754/2485/3754 3755/2486/3755 3775/2487/3755 3774/2488/3754
f 3755/2486/3755 3756/2489/3756 3776/2490/3756 3775/2487/3755
f 3756/2489/3756 3757/2491/3757 3777/2492/3757 3776/2490/3756
f 3757/2491/3757 3758/2493/3758 3778/2494/3758 3777/2492/3757
f 3758/2493/3758 3759/2495/3759 3779/2496/3759 3778/2494/3758
f 3759/2495/3759 3760/2497/3760 3780/2498/3760 3779/2496/3759
f 3760/2497/3760 3761/2499/3761 3781/2500/3761 3780/2498/3760
f 3761/2499/3761 3762/2501/3762 3782/2502/3762 3781/2500/3761
f 3762/2501/3762 3763/2503/3763 3783/2504/3763 3782/2502/3762
f 3763/2503/3763 3764/2505/3764 3784/2506/3764 3783/2504/3763
f 3764/2505/3764 3765/2507/3765 3785/2508/3765 3784/2506/3764
f 3765/2507/3765 3766/2509/3766 3786/2510/3766 3785/2508/3765
f 3766/2509/3766 3767/2511/3767 3787/2512/3767 3786/2510/3766
f 3767/2511/3767 3768/2513/3768 3788/2514/3768 3787/2512/3767
f 3768/2513/3768 3769/2515/3769 3789/2516/3769 3788/2514/3768
f 3769/2515/3769 3770/2517/3770 3790/2518/3770 3789/2516/3769
f 3770/2517/3770 3771/2519/3771 3791/2520/3771 3790/2518/3770
f 3771/2519/3771 3772/2521/3772 3792/2522/3772 3791/2520/3771
f 3772/2521/3772 3773/2523/3773 3793/2524/3773 3792/2522/3772
f 3773/2523/3773 3754/2525/3754 3774/2526/3754 3793/2524/3773
f 3755/2527/3774 3754/2528/3774 3794/2529/3774
f 3756/2530/3774 3755/2527/3774 3794/2529/3774
f 3757/2531/3774 3756/2530/3774 3794/2529/3774
f 3758/2532/3774 3757/2531/3774 3794/2529/3774
f 3759/2533/3774 3758/2532/3774 3794/2529/3774
f 3760/2534/3774 3759/2533/3774 3794/2529/3774
f 3761/2535/3774 3760/2534/3774 3794/2529/3774
f 3762/2536/3774 3761/2535/3774 3794/2529/3774
f 3763/2537/3774 3762/2536/3774 3794/2529/3774
f 3764/2538/3774 3763/2537/3774 3794/2529/3774
f 3765/2539/3774 3764/2538/3774 3794/2529/3774
f 3766/2540/3774 3765/2539/3774 3794/2529/3774
f 3767/2541/3774 3766/2540/3774 3794/2529/3774
f 3768/2542/3774 3767/2541/3774 3794/2529/3774
f 3769/2543/3774 3768/2542/3774 3794/2529/3774
f 3770/2544/3774 3769/2543/3774 3794/2529/3774
f 3771/2545/3774 3770/2544/3774 3794/2529/3774
f 3772/2546/3774 3771/2545/3774 3794/2529/3774
f 3773/2547/3774 3772/2546/3774 3794/2529/3774
f 3754/2528/3774 3773/2547/3774 3794/2529/3774
f 3774/2548/3775 3775/2549/3775 3795/2550/3775
f 3775/2549/3775 3776/2551/3775 3795/2550/3775
f 3776/2551/3775 3777/2552/3775 3795/2550/3775
f 3777/2552/3775 3778/2553/3775 3795/2550/3775
f 3778/2553/3775 3779/2554/3775 3795/2550/3775
f 3779/2554/3775 3780/2555/3775 3795/2550/3775
f 3780/2555/3775 3781/2556/3775 3795/2550/3775
f 3781/2556/3775 3782/2557/3775 3795/2550/3775
f 3782/2557/3775 3783/2558/3775 3795/2550/3775
f 3783/2558/3775 3784/2559/3775 3795/2550/3775
f 3784/2559/3775 3785/2560/3775 3795/2550/3775
f 3785/2560/3775 3786/2561/3775 3795/2550/3775
f 3786/2561/3775 3787/2562/3775 3795/2550/3775
f 3787/2562/3775 3788/2563/3775 3795/2550/3775
f 3788/2563/3775 3789/2564/3775 3795/2550/3775
f 3789/2564/3775 3790/2565/3775 3795/2550/3775
f 3790/2565/3775 3791/2566/3775 3795/2550/3775
f 3791/2566/3775 3792/2567/3775 3795/2550/3775
f 3792/2567/3775 3793/2568/3775 3795/2550/3775
f 3793/2568/3775 3774/2548/3775 3795/2550/3775
o pCylinder18
v 0.008734 0.046412 0.066363
v 0.008734 0.046270 0.066084
v 0.008734 0.046049 0.065863
v 0.008734 0.045770 0.065720
v 0.008734 0.045461 0.065672
v 0.008734 0.045152 0.065720
v 0.008734 0.044873 0.065863
v 0.008734 0.044652 0.066084
v 0.008734 0.044510 0.066363
v 0.008734 0.044461 0.066672
v 0.008734 0.044510 0.066981
v 0.008734 0.044652 0.067259
v 0.008734 0.044873 0.067481
v 0.008734 0.045152 0.067623
v 0.008734 0.045461 0.067672
v 0.008734 0.045770 0.067623
v 0.008734 0.046049 0.067481
v 0.008734 0.046270 0.067259
v 0.008734 0.046412 0.066981
v 0.008734 0.046461 0.066672
v 0.004734 0.046412 0.066363
v 0.004734 0.046270 0.066084
v 0.004734 0.046049 0.065863
v 0.004734 0.045770 0.065720
v 0.004734 0.045461 0.065672
v 0.004734 0.045152 0.065720
v 0.004734 0.044873 0.065863
v 0.004734 0.044652 0.066084
v 0.004734 0.044510 0.066363
v 0.004734 0.044461 0.066672
v 0.004734 0.044510 0.066981
v 0.004734 0.044652 0.067259
v 0.004734 0.044873 0.067481
v 0.004734 0.045152 0.067623
v 0.004734 0.045461 0.067672
v 0.004734 0.045770 0.067623
v 0.004734 0.046049 0.067481
v 0.004734 0.046270 0.067259
v 0.004734 0.046412 0.066981
v 0.004734 0.046461 0.066672
v 0.008734 0.045461 0.066672
vn -0.0000 0.9511 -0.3090
vn -0.0000 0.8090 -0.5878
vn -0.0000 0.5878 -0.8090
vn -0.0000 0.3090 -0.9511
vn -0.0000 -0.0000 -1.0000
vn -0.0000 -0.3090 -0.9511
vn -0.0000 -0.5878 -0.8090
vn -0.0000 -0.8090 -0.5878
vn -0.0000 -0.9511 -0.3090
vn -0.0000 -1.0000 -0.0000
vn -0.0000 -0.9511 0.3090
vn -0.0000 -0.8090 0.5878
vn -0.0000 -0.5878 0.8090
vn -0.0000 -0.3090 0.9511
vn -0.0000 -0.0000 1.0000
vn -0.0000 0.3090 0.9511
vn -0.0000 0.5878 0.8090
vn -0.0000 0.8090 0.5878
vn -0.0000 0.9511 0.3090
vn -0.0000 1.0000 -0.0000
vn 1.0000 -0.0000 -0.0000
vt 0.375000 0.312500
vt 0.387500 0.312500
vt 0.387500 0.688440
vt 0.375000 0.688440
vt 0.400000 0.312500
vt 0.400000 0.688440
vt 0.412500 0.312500
vt 0.412500 0.688440
vt 0.425000 0.312500
vt 0.425000 0.688440
vt 0.437500 0.312500
vt 0.437500 0.688440
vt 0.450000 0.312500
vt 0.450000 0.688440
vt 0.462500 0.312500
vt 0.462500 0.688440
vt 0.475000 0.312500
vt 0.475000 0.688440
vt 0.487500 0.312500
vt 0.487500 0.688440
vt 0.500000 0.312500
vt 0.500000 0.688440
vt 0.512500 0.312500
vt 0.512500 0.688440
vt 0.525000 0.312500
vt 0.525000 0.688440
vt 0.537500 0.312500
vt 0.537500 0.688440
vt 0.550000 0.312500
vt 0.550000 0.688440
vt 0.562500 0.312500
vt 0.562500 0.688440
vt 0.575000 0.312500
vt 0.575000 0.688440
vt 0.587500 0.312500
vt 0.587500 0.688440
vt 0.600000 0.312500
vt 0.600000 0.688440
vt 0.612500 0.312500
vt 0.612500 0.688440
vt 0.625000 0.312500
vt 0.625000 0.688440
vt 0.626409 0.064408
vt 0.648603 0.107966
vt 0.500000 0.150000
vt 0.591842 0.029841
vt 0.548284 0.007647
vt 0.500000 -0.000000
vt 0.451716 0.007647
vt 0.408159 0.029841
vt 0.373591 0.064409
vt 0.351397 0.107966
vt 0.343750 0.156250
vt 0.351397 0.204534
vt 0.373591 0.248091
vt 0.408159 0.282659
vt 0.451716 0.304853
vt 0.500000 0.312500
vt 0.548284 0.304853
vt 0.591841 0.282659
vt 0.626409 0.248091
vt 0.648603 0.204534
vt 0.656250 0.156250
s 1
usemtl lambert1
f 3796/2569/3776 3797/2570/3777 3817/2571/3777 3816/2572/3776
f 3797/2570/3777 3798/2573/3778 3818/2574/3778 3817/2571/3777
f 3798/2573/3778 3799/2575/3779 3819/2576/3779 3818/2574/3778
f 3799/2575/3779 3800/2577/3780 3820/2578/3780 3819/2576/3779
f 3800/2577/3780 3801/2579/3781 3821/2580/3781 3820/2578/3780
f 3801/2579/3781 3802/2581/3782 3822/2582/3782 3821/2580/3781
f 3802/2581/3782 3803/2583/3783 3823/2584/3783 3822/2582/3782
f 3803/2583/3783 3804/2585/3784 3824/2586/3784 3823/2584/3783
f 3804/2585/3784 3805/2587/3785 3825/2588/3785 3824/2586/3784
f 3805/2587/3785 3806/2589/3786 3826/2590/3786 3825/2588/3785
f 3806/2589/3786 3807/2591/3787 3827/2592/3787 3826/2590/3786
f 3807/2591/3787 3808/2593/3788 3828/2594/3788 3827/2592/3787
f 3808/2593/3788 3809/2595/3789 3829/2596/3789 3828/2594/3788
f 3809/2595/3789 3810/2597/3790 3830/2598/3790 3829/2596/3789
f 3810/2597/3790 3811/2599/3791 3831/2600/3791 3830/2598/3790
f 3811/2599/3791 3812/2601/3792 3832/2602/3792 3831/2600/3791
f 3812/2601/3792 3813/2603/3793 3833/2604/3793 3832/2602/3792
f 3813/2603/3793 3814/2605/3794 3834/2606/3794 3833/2604/3793
f 3814/2605/3794 3815/2607/3795 3835/2608/3795 3834/2606/3794
f 3815/2607/3795 3796/2609/3776 3816/2610/3776 3835/2608/3795
f 3797/2611/3796 3796/2612/3796 3836/2613/3796
f 3798/2614/3796 3797/2611/3796 3836/2613/3796
f 3799/2615/3796 3798/2614/3796 3836/2613/3796
f 3800/2616/3796 3799/2615/3796 3836/2613/3796
f 3801/2617/3796 3800/2616/3796 3836/2613/3796
f 3802/2618/3796 3801/2617/3796 3836/2613/3796
f 3803/2619/3796 3802/2618/3796 3836/2613/3796
f 3804/2620/3796 3803/2619/3796 3836/2613/3796
f 3805/2621/3796 3804/2620/3796 3836/2613/3796
f 3806/2622/3796 3805/2621/3796 3836/2613/3796
f 3807/2623/3796 3806/2622/3796 3836/2613/3796
f 3808/2624/3796 3807/2623/3796 3836/2613/3796
f 3809/2625/3796 3808/2624/3796 3836/2613/3796
f 3810/2626/3796 3809/2625/3796 3836/2613/3796
f 3811/2627/3796 3810/2626/3796 3836/2613/3796
f 3812/2628/3796 3811/2627/3796 3836/2613/3796
f 3813/2629/3796 3812/2628/3796 3836/2613/3796
f 3814/2630/3796 3813/2629/3796 3836/2613/3796
f 3815/2631/3796 3814/2630/3796 3836/2613/3796
f 3796/2612/3796 3815/2631/3796 3836/2613/3796
